ISO-10303-21;
HEADER;
/* Generated by software containing ST-Developer
 * from STEP Tools, Inc. (www.steptools.com) 
 */
/* OPTION: using custom renumber hook */
/* OPTION: strings as raw bytes, not using required /X/ escapes */

FILE_DESCRIPTION(
/* description */ ('Unknown'),
/* implementation_level */ '2;1');

FILE_NAME(
/* name */ '691311500103',
/* time_stamp */ '2026-05-27T12:00:50+02:00',
/* author */ ('Unknown'),
/* organization */ ('Unknown'),
/* preprocessor_version */ 'ST-DEVELOPER v20',
/* originating_system */ 'Solid Edge',
/* authorisation */ 'Unknown');

FILE_SCHEMA (('AUTOMOTIVE_DESIGN {1 0 10303 214 3 1 1}'));
ENDSEC;

DATA;
#10=PROPERTY_DEFINITION_REPRESENTATION(#14,#12);
#11=PROPERTY_DEFINITION_REPRESENTATION(#15,#13);
#12=REPRESENTATION('',(#16),#5120);
#13=REPRESENTATION('',(#17),#5120);
#14=PROPERTY_DEFINITION('pmi validation property','',#5129);
#15=PROPERTY_DEFINITION('pmi validation property','',#5129);
#16=VALUE_REPRESENTATION_ITEM('number of annotations',COUNT_MEASURE(0.));
#17=VALUE_REPRESENTATION_ITEM('number of views',COUNT_MEASURE(0.));
#18=CONTEXT_DEPENDENT_SHAPE_REPRESENTATION(#26,#5131);
#19=CONTEXT_DEPENDENT_SHAPE_REPRESENTATION(#27,#5133);
#20=CONTEXT_DEPENDENT_SHAPE_REPRESENTATION(#28,#5134);
#21=CONTEXT_DEPENDENT_SHAPE_REPRESENTATION(#29,#5135);
#22=NEXT_ASSEMBLY_USAGE_OCCURRENCE('691311500103','691311500103',
'691311500103',#5136,#5137,'');
#23=NEXT_ASSEMBLY_USAGE_OCCURRENCE('6913115001xx_PIN',
'6913115001xx_PIN','6913115001xx_PIN',#5136,#5138,'');
#24=NEXT_ASSEMBLY_USAGE_OCCURRENCE('6913115001xx_PIN',
'6913115001xx_PIN','6913115001xx_PIN',#5136,#5138,'');
#25=NEXT_ASSEMBLY_USAGE_OCCURRENCE('6913115001xx_PIN',
'6913115001xx_PIN','6913115001xx_PIN',#5136,#5138,'');
#26=(
REPRESENTATION_RELATIONSHIP(' ',' ',#3126,#3127)
REPRESENTATION_RELATIONSHIP_WITH_TRANSFORMATION(#30)
SHAPE_REPRESENTATION_RELATIONSHIP()
);
#27=(
REPRESENTATION_RELATIONSHIP(' ',' ',#3128,#3127)
REPRESENTATION_RELATIONSHIP_WITH_TRANSFORMATION(#31)
SHAPE_REPRESENTATION_RELATIONSHIP()
);
#28=(
REPRESENTATION_RELATIONSHIP(' ',' ',#3128,#3127)
REPRESENTATION_RELATIONSHIP_WITH_TRANSFORMATION(#32)
SHAPE_REPRESENTATION_RELATIONSHIP()
);
#29=(
REPRESENTATION_RELATIONSHIP(' ',' ',#3128,#3127)
REPRESENTATION_RELATIONSHIP_WITH_TRANSFORMATION(#33)
SHAPE_REPRESENTATION_RELATIONSHIP()
);
#30=ITEM_DEFINED_TRANSFORMATION(' ',' ',#3129,#3334);
#31=ITEM_DEFINED_TRANSFORMATION(' ',' ',#3129,#3349);
#32=ITEM_DEFINED_TRANSFORMATION(' ',' ',#3129,#3350);
#33=ITEM_DEFINED_TRANSFORMATION(' ',' ',#3129,#3351);
#34=SHAPE_REPRESENTATION_RELATIONSHIP('','',#3126,#36);
#35=SHAPE_REPRESENTATION_RELATIONSHIP('','',#3128,#37);
#36=ADVANCED_BREP_SHAPE_REPRESENTATION('',(#3121),#5121);
#37=ADVANCED_BREP_SHAPE_REPRESENTATION('',(#3122),#5122);
#38=CONICAL_SURFACE('',#3254,1.43418964670979,0.785398163397448);
#39=CONICAL_SURFACE('',#3257,1.43418964670979,0.785398163397448);
#40=CONICAL_SURFACE('',#3292,1.43418964670979,0.785398163397448);
#41=CONICAL_SURFACE('',#3294,1.43418964670979,0.785398163397448);
#42=CONICAL_SURFACE('',#3329,1.43418964670979,0.785398163397449);
#43=CONICAL_SURFACE('',#3331,1.43418964670979,0.785398163397448);
#44=TOROIDAL_SURFACE('',#3249,1.975,0.6);
#45=TOROIDAL_SURFACE('',#3252,1.975,0.6);
#46=TOROIDAL_SURFACE('',#3288,1.975,0.6);
#47=TOROIDAL_SURFACE('',#3290,1.975,0.6);
#48=TOROIDAL_SURFACE('',#3325,1.975,0.6);
#49=TOROIDAL_SURFACE('',#3327,1.975,0.6);
#50=SPHERICAL_SURFACE('',#3248,0.25);
#51=SPHERICAL_SURFACE('',#3287,0.25);
#52=SPHERICAL_SURFACE('',#3324,0.25);
#53=B_SPLINE_CURVE_WITH_KNOTS('',3,(#4768,#4769,#4770,#4771),
 .UNSPECIFIED.,.F.,.F.,(4,4),(0.,0.000959339924226828),.UNSPECIFIED.);
#54=B_SPLINE_CURVE_WITH_KNOTS('',3,(#4776,#4777,#4778,#4779),
 .UNSPECIFIED.,.F.,.F.,(4,4),(0.,0.000959254408946942),.UNSPECIFIED.);
#55=B_SPLINE_CURVE_WITH_KNOTS('',3,(#4787,#4788,#4789,#4790),
 .UNSPECIFIED.,.F.,.F.,(4,4),(0.,0.00100336006939454),.UNSPECIFIED.);
#56=B_SPLINE_CURVE_WITH_KNOTS('',3,(#4792,#4793,#4794,#4795),
 .UNSPECIFIED.,.F.,.F.,(4,4),(0.,0.00100336006939454),.UNSPECIFIED.);
#57=B_SPLINE_CURVE_WITH_KNOTS('',3,(#4797,#4798,#4799,#4800),
 .UNSPECIFIED.,.F.,.F.,(4,4),(0.,0.00100336006939454),.UNSPECIFIED.);
#58=B_SPLINE_CURVE_WITH_KNOTS('',3,(#4803,#4804,#4805,#4806),
 .UNSPECIFIED.,.F.,.F.,(4,4),(0.,0.000587994527040044),.UNSPECIFIED.);
#59=B_SPLINE_CURVE_WITH_KNOTS('',3,(#4808,#4809,#4810,#4811),
 .UNSPECIFIED.,.F.,.F.,(4,4),(0.,0.000642253058804772),.UNSPECIFIED.);
#60=B_SPLINE_CURVE_WITH_KNOTS('',3,(#4813,#4814,#4815,#4816),
 .UNSPECIFIED.,.F.,.F.,(4,4),(0.,0.000642253058804771),.UNSPECIFIED.);
#61=B_SPLINE_CURVE_WITH_KNOTS('',3,(#4818,#4819,#4820,#4821),
 .UNSPECIFIED.,.F.,.F.,(4,4),(0.,0.000642253058804771),.UNSPECIFIED.);
#62=B_SPLINE_CURVE_WITH_KNOTS('',3,(#4823,#4824,#4825,#4826),
 .UNSPECIFIED.,.F.,.F.,(4,4),(0.,0.000587994527040044),.UNSPECIFIED.);
#63=B_SPLINE_CURVE_WITH_KNOTS('',3,(#4899,#4900,#4901,#4902),
 .UNSPECIFIED.,.F.,.F.,(4,4),(0.,0.000959339924226828),.UNSPECIFIED.);
#64=B_SPLINE_CURVE_WITH_KNOTS('',3,(#4907,#4908,#4909,#4910),
 .UNSPECIFIED.,.F.,.F.,(4,4),(0.,0.000959254408946942),.UNSPECIFIED.);
#65=B_SPLINE_CURVE_WITH_KNOTS('',3,(#4918,#4919,#4920,#4921),
 .UNSPECIFIED.,.F.,.F.,(4,4),(0.,0.00100336006939454),.UNSPECIFIED.);
#66=B_SPLINE_CURVE_WITH_KNOTS('',3,(#4923,#4924,#4925,#4926),
 .UNSPECIFIED.,.F.,.F.,(4,4),(0.,0.00100336006939454),.UNSPECIFIED.);
#67=B_SPLINE_CURVE_WITH_KNOTS('',3,(#4929,#4930,#4931,#4932),
 .UNSPECIFIED.,.F.,.F.,(4,4),(0.,0.000587994527040044),.UNSPECIFIED.);
#68=B_SPLINE_CURVE_WITH_KNOTS('',3,(#4934,#4935,#4936,#4937),
 .UNSPECIFIED.,.F.,.F.,(4,4),(0.,0.000642253058804772),.UNSPECIFIED.);
#69=B_SPLINE_CURVE_WITH_KNOTS('',3,(#4939,#4940,#4941,#4942),
 .UNSPECIFIED.,.F.,.F.,(4,4),(0.,0.000642253058804771),.UNSPECIFIED.);
#70=B_SPLINE_CURVE_WITH_KNOTS('',3,(#4944,#4945,#4946,#4947),
 .UNSPECIFIED.,.F.,.F.,(4,4),(0.,0.000587994527040044),.UNSPECIFIED.);
#71=B_SPLINE_CURVE_WITH_KNOTS('',3,(#5014,#5015,#5016,#5017),
 .UNSPECIFIED.,.F.,.F.,(4,4),(0.,0.000959339924226829),.UNSPECIFIED.);
#72=B_SPLINE_CURVE_WITH_KNOTS('',3,(#5022,#5023,#5024,#5025),
 .UNSPECIFIED.,.F.,.F.,(4,4),(0.,0.000959254408946942),.UNSPECIFIED.);
#73=B_SPLINE_CURVE_WITH_KNOTS('',3,(#5033,#5034,#5035,#5036),
 .UNSPECIFIED.,.F.,.F.,(4,4),(0.,0.00100336006939454),.UNSPECIFIED.);
#74=B_SPLINE_CURVE_WITH_KNOTS('',3,(#5040,#5041,#5042,#5043),
 .UNSPECIFIED.,.F.,.F.,(4,4),(0.,0.000587994527040044),.UNSPECIFIED.);
#75=B_SPLINE_CURVE_WITH_KNOTS('',3,(#5045,#5046,#5047,#5048),
 .UNSPECIFIED.,.F.,.F.,(4,4),(0.,0.000642253058804772),.UNSPECIFIED.);
#76=B_SPLINE_CURVE_WITH_KNOTS('',3,(#5051,#5052,#5053,#5054),
 .UNSPECIFIED.,.F.,.F.,(4,4),(0.,0.000587994527040044),.UNSPECIFIED.);
#77=CYLINDRICAL_SURFACE('',#3134,1.375);
#78=CYLINDRICAL_SURFACE('',#3163,1.375);
#79=CYLINDRICAL_SURFACE('',#3182,1.375);
#80=CYLINDRICAL_SURFACE('',#3210,3.4);
#81=CYLINDRICAL_SURFACE('',#3214,1.43418964670979);
#82=CYLINDRICAL_SURFACE('',#3219,1.43418964670979);
#83=CYLINDRICAL_SURFACE('',#3250,0.6);
#84=CYLINDRICAL_SURFACE('',#3251,0.6);
#85=CYLINDRICAL_SURFACE('',#3259,0.25);
#86=CYLINDRICAL_SURFACE('',#3260,3.4);
#87=CYLINDRICAL_SURFACE('',#3263,1.43418964670979);
#88=CYLINDRICAL_SURFACE('',#3266,1.43418964670979);
#89=CYLINDRICAL_SURFACE('',#3289,0.6);
#90=CYLINDRICAL_SURFACE('',#3296,0.25);
#91=CYLINDRICAL_SURFACE('',#3297,3.4);
#92=CYLINDRICAL_SURFACE('',#3300,1.43418964670979);
#93=CYLINDRICAL_SURFACE('',#3303,1.43418964670979);
#94=CYLINDRICAL_SURFACE('',#3326,0.6);
#95=CYLINDRICAL_SURFACE('',#3333,0.25);
#96=CIRCLE('',#3132,1.975);
#97=CIRCLE('',#3133,1.975);
#98=CIRCLE('',#3135,1.375);
#99=CIRCLE('',#3136,1.375);
#100=CIRCLE('',#3137,1.375);
#101=CIRCLE('',#3138,1.375);
#102=CIRCLE('',#3139,1.375);
#103=CIRCLE('',#3150,1.975);
#104=CIRCLE('',#3154,1.83418964670979);
#105=CIRCLE('',#3156,1.83418964670979);
#106=CIRCLE('',#3157,1.83418964670979);
#107=CIRCLE('',#3159,0.6);
#108=CIRCLE('',#3161,1.975);
#109=CIRCLE('',#3162,1.975);
#110=CIRCLE('',#3164,1.375);
#111=CIRCLE('',#3165,1.375);
#112=CIRCLE('',#3166,1.375);
#113=CIRCLE('',#3167,1.375);
#114=CIRCLE('',#3168,1.375);
#115=CIRCLE('',#3178,1.83418964670979);
#116=CIRCLE('',#3179,1.83418964670979);
#117=CIRCLE('',#3181,1.975);
#118=CIRCLE('',#3183,1.375);
#119=CIRCLE('',#3184,1.375);
#120=CIRCLE('',#3185,1.375);
#121=CIRCLE('',#3186,1.375);
#122=CIRCLE('',#3187,1.375);
#123=CIRCLE('',#3190,3.4);
#124=CIRCLE('',#3191,3.4);
#125=CIRCLE('',#3192,3.4);
#126=CIRCLE('',#3200,0.6);
#127=CIRCLE('',#3202,1.83418964670979);
#128=CIRCLE('',#3211,3.4);
#129=CIRCLE('',#3215,1.43418964670979);
#130=CIRCLE('',#3216,1.43418964670979);
#131=CIRCLE('',#3220,1.43418964670979);
#132=CIRCLE('',#3221,1.43418964670979);
#133=CIRCLE('',#3224,1.43418964670979);
#134=CIRCLE('',#3225,3.4);
#135=CIRCLE('',#3226,1.43418964670979);
#136=CIRCLE('',#3227,1.43418964670979);
#137=CIRCLE('',#3228,3.4);
#138=CIRCLE('',#3229,1.43418964670979);
#139=CIRCLE('',#3234,0.25);
#140=CIRCLE('',#3244,0.25);
#141=CIRCLE('',#3246,0.25);
#142=CIRCLE('',#3264,1.43418964670979);
#143=CIRCLE('',#3267,1.43418964670979);
#144=CIRCLE('',#3273,0.25);
#145=CIRCLE('',#3283,0.25);
#146=CIRCLE('',#3285,0.25);
#147=CIRCLE('',#3301,1.43418964670979);
#148=CIRCLE('',#3304,1.43418964670979);
#149=CIRCLE('',#3310,0.25);
#150=CIRCLE('',#3320,0.25);
#151=CIRCLE('',#3322,0.25);
#152=ORIENTED_EDGE('',*,*,#1030,.F.);
#153=ORIENTED_EDGE('',*,*,#1031,.T.);
#154=ORIENTED_EDGE('',*,*,#1032,.T.);
#155=ORIENTED_EDGE('',*,*,#1033,.F.);
#156=ORIENTED_EDGE('',*,*,#1034,.T.);
#157=ORIENTED_EDGE('',*,*,#1035,.T.);
#158=ORIENTED_EDGE('',*,*,#1036,.F.);
#159=ORIENTED_EDGE('',*,*,#1037,.F.);
#160=ORIENTED_EDGE('',*,*,#1038,.F.);
#161=ORIENTED_EDGE('',*,*,#1039,.T.);
#162=ORIENTED_EDGE('',*,*,#1040,.F.);
#163=ORIENTED_EDGE('',*,*,#1041,.F.);
#164=ORIENTED_EDGE('',*,*,#1042,.F.);
#165=ORIENTED_EDGE('',*,*,#1043,.T.);
#166=ORIENTED_EDGE('',*,*,#1044,.F.);
#167=ORIENTED_EDGE('',*,*,#1045,.F.);
#168=ORIENTED_EDGE('',*,*,#1046,.F.);
#169=ORIENTED_EDGE('',*,*,#1047,.T.);
#170=ORIENTED_EDGE('',*,*,#1048,.F.);
#171=ORIENTED_EDGE('',*,*,#1049,.F.);
#172=ORIENTED_EDGE('',*,*,#1050,.F.);
#173=ORIENTED_EDGE('',*,*,#1051,.T.);
#174=ORIENTED_EDGE('',*,*,#1052,.T.);
#175=ORIENTED_EDGE('',*,*,#1053,.F.);
#176=ORIENTED_EDGE('',*,*,#1054,.F.);
#177=ORIENTED_EDGE('',*,*,#1055,.T.);
#178=ORIENTED_EDGE('',*,*,#1056,.T.);
#179=ORIENTED_EDGE('',*,*,#1057,.F.);
#180=ORIENTED_EDGE('',*,*,#1058,.T.);
#181=ORIENTED_EDGE('',*,*,#1059,.T.);
#182=ORIENTED_EDGE('',*,*,#1060,.F.);
#183=ORIENTED_EDGE('',*,*,#1057,.T.);
#184=ORIENTED_EDGE('',*,*,#1061,.F.);
#185=ORIENTED_EDGE('',*,*,#1062,.T.);
#186=ORIENTED_EDGE('',*,*,#1063,.T.);
#187=ORIENTED_EDGE('',*,*,#1064,.T.);
#188=ORIENTED_EDGE('',*,*,#1065,.T.);
#189=ORIENTED_EDGE('',*,*,#1066,.T.);
#190=ORIENTED_EDGE('',*,*,#1067,.T.);
#191=ORIENTED_EDGE('',*,*,#1068,.T.);
#192=ORIENTED_EDGE('',*,*,#1069,.T.);
#193=ORIENTED_EDGE('',*,*,#1070,.F.);
#194=ORIENTED_EDGE('',*,*,#1071,.F.);
#195=ORIENTED_EDGE('',*,*,#1072,.T.);
#196=ORIENTED_EDGE('',*,*,#1073,.T.);
#197=ORIENTED_EDGE('',*,*,#1074,.F.);
#198=ORIENTED_EDGE('',*,*,#1075,.T.);
#199=ORIENTED_EDGE('',*,*,#1076,.F.);
#200=ORIENTED_EDGE('',*,*,#1077,.T.);
#201=ORIENTED_EDGE('',*,*,#1078,.T.);
#202=ORIENTED_EDGE('',*,*,#1079,.F.);
#203=ORIENTED_EDGE('',*,*,#1039,.F.);
#204=ORIENTED_EDGE('',*,*,#1080,.T.);
#205=ORIENTED_EDGE('',*,*,#1072,.F.);
#206=ORIENTED_EDGE('',*,*,#1081,.F.);
#207=ORIENTED_EDGE('',*,*,#1082,.F.);
#208=ORIENTED_EDGE('',*,*,#1083,.T.);
#209=ORIENTED_EDGE('',*,*,#1084,.T.);
#210=ORIENTED_EDGE('',*,*,#1085,.F.);
#211=ORIENTED_EDGE('',*,*,#1086,.T.);
#212=ORIENTED_EDGE('',*,*,#1087,.F.);
#213=ORIENTED_EDGE('',*,*,#1088,.F.);
#214=ORIENTED_EDGE('',*,*,#1086,.F.);
#215=ORIENTED_EDGE('',*,*,#1089,.T.);
#216=ORIENTED_EDGE('',*,*,#1090,.T.);
#217=ORIENTED_EDGE('',*,*,#1091,.T.);
#218=ORIENTED_EDGE('',*,*,#1092,.T.);
#219=ORIENTED_EDGE('',*,*,#1093,.F.);
#220=ORIENTED_EDGE('',*,*,#1092,.F.);
#221=ORIENTED_EDGE('',*,*,#1094,.T.);
#222=ORIENTED_EDGE('',*,*,#1095,.T.);
#223=ORIENTED_EDGE('',*,*,#1096,.F.);
#224=ORIENTED_EDGE('',*,*,#1097,.T.);
#225=ORIENTED_EDGE('',*,*,#1098,.F.);
#226=ORIENTED_EDGE('',*,*,#1082,.T.);
#227=ORIENTED_EDGE('',*,*,#1099,.F.);
#228=ORIENTED_EDGE('',*,*,#1097,.F.);
#229=ORIENTED_EDGE('',*,*,#1100,.F.);
#230=ORIENTED_EDGE('',*,*,#1101,.F.);
#231=ORIENTED_EDGE('',*,*,#1102,.F.);
#232=ORIENTED_EDGE('',*,*,#1103,.F.);
#233=ORIENTED_EDGE('',*,*,#1104,.F.);
#234=ORIENTED_EDGE('',*,*,#1105,.F.);
#235=ORIENTED_EDGE('',*,*,#1106,.F.);
#236=ORIENTED_EDGE('',*,*,#1107,.F.);
#237=ORIENTED_EDGE('',*,*,#1108,.F.);
#238=ORIENTED_EDGE('',*,*,#1109,.F.);
#239=ORIENTED_EDGE('',*,*,#1110,.T.);
#240=ORIENTED_EDGE('',*,*,#1111,.T.);
#241=ORIENTED_EDGE('',*,*,#1112,.F.);
#242=ORIENTED_EDGE('',*,*,#1113,.F.);
#243=ORIENTED_EDGE('',*,*,#1114,.F.);
#244=ORIENTED_EDGE('',*,*,#1115,.F.);
#245=ORIENTED_EDGE('',*,*,#1063,.F.);
#246=ORIENTED_EDGE('',*,*,#1087,.T.);
#247=ORIENTED_EDGE('',*,*,#1088,.T.);
#248=ORIENTED_EDGE('',*,*,#1093,.T.);
#249=ORIENTED_EDGE('',*,*,#1099,.T.);
#250=ORIENTED_EDGE('',*,*,#1116,.T.);
#251=ORIENTED_EDGE('',*,*,#1117,.T.);
#252=ORIENTED_EDGE('',*,*,#1118,.T.);
#253=ORIENTED_EDGE('',*,*,#1033,.T.);
#254=ORIENTED_EDGE('',*,*,#1119,.F.);
#255=ORIENTED_EDGE('',*,*,#1120,.T.);
#256=ORIENTED_EDGE('',*,*,#1121,.T.);
#257=ORIENTED_EDGE('',*,*,#1068,.F.);
#258=ORIENTED_EDGE('',*,*,#1122,.F.);
#259=ORIENTED_EDGE('',*,*,#1066,.F.);
#260=ORIENTED_EDGE('',*,*,#1123,.T.);
#261=ORIENTED_EDGE('',*,*,#1124,.F.);
#262=ORIENTED_EDGE('',*,*,#1125,.F.);
#263=ORIENTED_EDGE('',*,*,#1126,.T.);
#264=ORIENTED_EDGE('',*,*,#1127,.T.);
#265=ORIENTED_EDGE('',*,*,#1128,.T.);
#266=ORIENTED_EDGE('',*,*,#1129,.T.);
#267=ORIENTED_EDGE('',*,*,#1130,.T.);
#268=ORIENTED_EDGE('',*,*,#1131,.T.);
#269=ORIENTED_EDGE('',*,*,#1132,.T.);
#270=ORIENTED_EDGE('',*,*,#1133,.T.);
#271=ORIENTED_EDGE('',*,*,#1134,.T.);
#272=ORIENTED_EDGE('',*,*,#1135,.T.);
#273=ORIENTED_EDGE('',*,*,#1136,.T.);
#274=ORIENTED_EDGE('',*,*,#1137,.T.);
#275=ORIENTED_EDGE('',*,*,#1138,.T.);
#276=ORIENTED_EDGE('',*,*,#1126,.F.);
#277=ORIENTED_EDGE('',*,*,#1139,.T.);
#278=ORIENTED_EDGE('',*,*,#1140,.T.);
#279=ORIENTED_EDGE('',*,*,#1034,.F.);
#280=ORIENTED_EDGE('',*,*,#1118,.F.);
#281=ORIENTED_EDGE('',*,*,#1141,.T.);
#282=ORIENTED_EDGE('',*,*,#1120,.F.);
#283=ORIENTED_EDGE('',*,*,#1142,.F.);
#284=ORIENTED_EDGE('',*,*,#1143,.T.);
#285=ORIENTED_EDGE('',*,*,#1144,.T.);
#286=ORIENTED_EDGE('',*,*,#1145,.F.);
#287=ORIENTED_EDGE('',*,*,#1053,.T.);
#288=ORIENTED_EDGE('',*,*,#1146,.F.);
#289=ORIENTED_EDGE('',*,*,#1147,.T.);
#290=ORIENTED_EDGE('',*,*,#1148,.T.);
#291=ORIENTED_EDGE('',*,*,#1149,.T.);
#292=ORIENTED_EDGE('',*,*,#1150,.T.);
#293=ORIENTED_EDGE('',*,*,#1151,.T.);
#294=ORIENTED_EDGE('',*,*,#1152,.T.);
#295=ORIENTED_EDGE('',*,*,#1124,.T.);
#296=ORIENTED_EDGE('',*,*,#1153,.T.);
#297=ORIENTED_EDGE('',*,*,#1154,.F.);
#298=ORIENTED_EDGE('',*,*,#1155,.F.);
#299=ORIENTED_EDGE('',*,*,#1156,.T.);
#300=ORIENTED_EDGE('',*,*,#1157,.T.);
#301=ORIENTED_EDGE('',*,*,#1158,.F.);
#302=ORIENTED_EDGE('',*,*,#1159,.T.);
#303=ORIENTED_EDGE('',*,*,#1043,.F.);
#304=ORIENTED_EDGE('',*,*,#1160,.T.);
#305=ORIENTED_EDGE('',*,*,#1156,.F.);
#306=ORIENTED_EDGE('',*,*,#1161,.F.);
#307=ORIENTED_EDGE('',*,*,#1162,.F.);
#308=ORIENTED_EDGE('',*,*,#1163,.T.);
#309=ORIENTED_EDGE('',*,*,#1164,.T.);
#310=ORIENTED_EDGE('',*,*,#1165,.F.);
#311=ORIENTED_EDGE('',*,*,#1166,.T.);
#312=ORIENTED_EDGE('',*,*,#1167,.F.);
#313=ORIENTED_EDGE('',*,*,#1168,.F.);
#314=ORIENTED_EDGE('',*,*,#1166,.F.);
#315=ORIENTED_EDGE('',*,*,#1169,.T.);
#316=ORIENTED_EDGE('',*,*,#1170,.T.);
#317=ORIENTED_EDGE('',*,*,#1171,.T.);
#318=ORIENTED_EDGE('',*,*,#1172,.T.);
#319=ORIENTED_EDGE('',*,*,#1173,.F.);
#320=ORIENTED_EDGE('',*,*,#1172,.F.);
#321=ORIENTED_EDGE('',*,*,#1174,.T.);
#322=ORIENTED_EDGE('',*,*,#1175,.T.);
#323=ORIENTED_EDGE('',*,*,#1176,.F.);
#324=ORIENTED_EDGE('',*,*,#1177,.T.);
#325=ORIENTED_EDGE('',*,*,#1178,.F.);
#326=ORIENTED_EDGE('',*,*,#1162,.T.);
#327=ORIENTED_EDGE('',*,*,#1179,.F.);
#328=ORIENTED_EDGE('',*,*,#1177,.F.);
#329=ORIENTED_EDGE('',*,*,#1148,.F.);
#330=ORIENTED_EDGE('',*,*,#1167,.T.);
#331=ORIENTED_EDGE('',*,*,#1168,.T.);
#332=ORIENTED_EDGE('',*,*,#1173,.T.);
#333=ORIENTED_EDGE('',*,*,#1179,.T.);
#334=ORIENTED_EDGE('',*,*,#1151,.F.);
#335=ORIENTED_EDGE('',*,*,#1180,.T.);
#336=ORIENTED_EDGE('',*,*,#1181,.F.);
#337=ORIENTED_EDGE('',*,*,#1182,.F.);
#338=ORIENTED_EDGE('',*,*,#1183,.T.);
#339=ORIENTED_EDGE('',*,*,#1184,.T.);
#340=ORIENTED_EDGE('',*,*,#1185,.T.);
#341=ORIENTED_EDGE('',*,*,#1186,.T.);
#342=ORIENTED_EDGE('',*,*,#1187,.T.);
#343=ORIENTED_EDGE('',*,*,#1188,.T.);
#344=ORIENTED_EDGE('',*,*,#1189,.T.);
#345=ORIENTED_EDGE('',*,*,#1190,.T.);
#346=ORIENTED_EDGE('',*,*,#1191,.F.);
#347=ORIENTED_EDGE('',*,*,#1049,.T.);
#348=ORIENTED_EDGE('',*,*,#1192,.T.);
#349=ORIENTED_EDGE('',*,*,#1193,.T.);
#350=ORIENTED_EDGE('',*,*,#1194,.T.);
#351=ORIENTED_EDGE('',*,*,#1195,.T.);
#352=ORIENTED_EDGE('',*,*,#1196,.T.);
#353=ORIENTED_EDGE('',*,*,#1197,.T.);
#354=ORIENTED_EDGE('',*,*,#1181,.T.);
#355=ORIENTED_EDGE('',*,*,#1198,.T.);
#356=ORIENTED_EDGE('',*,*,#1199,.F.);
#357=ORIENTED_EDGE('',*,*,#1200,.F.);
#358=ORIENTED_EDGE('',*,*,#1201,.T.);
#359=ORIENTED_EDGE('',*,*,#1202,.T.);
#360=ORIENTED_EDGE('',*,*,#1203,.F.);
#361=ORIENTED_EDGE('',*,*,#1204,.T.);
#362=ORIENTED_EDGE('',*,*,#1205,.F.);
#363=ORIENTED_EDGE('',*,*,#1206,.F.);
#364=ORIENTED_EDGE('',*,*,#1207,.F.);
#365=ORIENTED_EDGE('',*,*,#1208,.F.);
#366=ORIENTED_EDGE('',*,*,#1209,.F.);
#367=ORIENTED_EDGE('',*,*,#1210,.F.);
#368=ORIENTED_EDGE('',*,*,#1211,.F.);
#369=ORIENTED_EDGE('',*,*,#1212,.F.);
#370=ORIENTED_EDGE('',*,*,#1047,.F.);
#371=ORIENTED_EDGE('',*,*,#1213,.T.);
#372=ORIENTED_EDGE('',*,*,#1201,.F.);
#373=ORIENTED_EDGE('',*,*,#1214,.T.);
#374=ORIENTED_EDGE('',*,*,#1215,.T.);
#375=ORIENTED_EDGE('',*,*,#1216,.F.);
#376=ORIENTED_EDGE('',*,*,#1078,.F.);
#377=ORIENTED_EDGE('',*,*,#1217,.F.);
#378=ORIENTED_EDGE('',*,*,#1035,.F.);
#379=ORIENTED_EDGE('',*,*,#1140,.F.);
#380=ORIENTED_EDGE('',*,*,#1218,.F.);
#381=ORIENTED_EDGE('',*,*,#1219,.T.);
#382=ORIENTED_EDGE('',*,*,#1220,.T.);
#383=ORIENTED_EDGE('',*,*,#1221,.F.);
#384=ORIENTED_EDGE('',*,*,#1222,.T.);
#385=ORIENTED_EDGE('',*,*,#1223,.F.);
#386=ORIENTED_EDGE('',*,*,#1224,.F.);
#387=ORIENTED_EDGE('',*,*,#1222,.F.);
#388=ORIENTED_EDGE('',*,*,#1225,.T.);
#389=ORIENTED_EDGE('',*,*,#1226,.T.);
#390=ORIENTED_EDGE('',*,*,#1227,.T.);
#391=ORIENTED_EDGE('',*,*,#1228,.T.);
#392=ORIENTED_EDGE('',*,*,#1229,.F.);
#393=ORIENTED_EDGE('',*,*,#1228,.F.);
#394=ORIENTED_EDGE('',*,*,#1230,.T.);
#395=ORIENTED_EDGE('',*,*,#1231,.T.);
#396=ORIENTED_EDGE('',*,*,#1232,.F.);
#397=ORIENTED_EDGE('',*,*,#1233,.T.);
#398=ORIENTED_EDGE('',*,*,#1234,.F.);
#399=ORIENTED_EDGE('',*,*,#1218,.T.);
#400=ORIENTED_EDGE('',*,*,#1235,.F.);
#401=ORIENTED_EDGE('',*,*,#1233,.F.);
#402=ORIENTED_EDGE('',*,*,#1193,.F.);
#403=ORIENTED_EDGE('',*,*,#1223,.T.);
#404=ORIENTED_EDGE('',*,*,#1224,.T.);
#405=ORIENTED_EDGE('',*,*,#1229,.T.);
#406=ORIENTED_EDGE('',*,*,#1235,.T.);
#407=ORIENTED_EDGE('',*,*,#1196,.F.);
#408=ORIENTED_EDGE('',*,*,#1236,.T.);
#409=ORIENTED_EDGE('',*,*,#1237,.F.);
#410=ORIENTED_EDGE('',*,*,#1238,.F.);
#411=ORIENTED_EDGE('',*,*,#1239,.F.);
#412=ORIENTED_EDGE('',*,*,#1240,.T.);
#413=ORIENTED_EDGE('',*,*,#1241,.F.);
#414=ORIENTED_EDGE('',*,*,#1242,.F.);
#415=ORIENTED_EDGE('',*,*,#1237,.T.);
#416=ORIENTED_EDGE('',*,*,#1243,.T.);
#417=ORIENTED_EDGE('',*,*,#1192,.F.);
#418=ORIENTED_EDGE('',*,*,#1048,.T.);
#419=ORIENTED_EDGE('',*,*,#1212,.T.);
#420=ORIENTED_EDGE('',*,*,#1244,.F.);
#421=ORIENTED_EDGE('',*,*,#1245,.T.);
#422=ORIENTED_EDGE('',*,*,#1246,.T.);
#423=ORIENTED_EDGE('',*,*,#1247,.T.);
#424=ORIENTED_EDGE('',*,*,#1248,.T.);
#425=ORIENTED_EDGE('',*,*,#1239,.T.);
#426=ORIENTED_EDGE('',*,*,#1249,.F.);
#427=ORIENTED_EDGE('',*,*,#1215,.F.);
#428=ORIENTED_EDGE('',*,*,#1250,.T.);
#429=ORIENTED_EDGE('',*,*,#1109,.T.);
#430=ORIENTED_EDGE('',*,*,#1251,.F.);
#431=ORIENTED_EDGE('',*,*,#1252,.F.);
#432=ORIENTED_EDGE('',*,*,#1253,.T.);
#433=ORIENTED_EDGE('',*,*,#1105,.T.);
#434=ORIENTED_EDGE('',*,*,#1254,.F.);
#435=ORIENTED_EDGE('',*,*,#1255,.F.);
#436=ORIENTED_EDGE('',*,*,#1256,.T.);
#437=ORIENTED_EDGE('',*,*,#1101,.T.);
#438=ORIENTED_EDGE('',*,*,#1257,.F.);
#439=ORIENTED_EDGE('',*,*,#1258,.F.);
#440=ORIENTED_EDGE('',*,*,#1259,.T.);
#441=ORIENTED_EDGE('',*,*,#1113,.T.);
#442=ORIENTED_EDGE('',*,*,#1260,.F.);
#443=ORIENTED_EDGE('',*,*,#1111,.F.);
#444=ORIENTED_EDGE('',*,*,#1261,.T.);
#445=ORIENTED_EDGE('',*,*,#1262,.T.);
#446=ORIENTED_EDGE('',*,*,#1263,.F.);
#447=ORIENTED_EDGE('',*,*,#1262,.F.);
#448=ORIENTED_EDGE('',*,*,#1264,.T.);
#449=ORIENTED_EDGE('',*,*,#1265,.T.);
#450=ORIENTED_EDGE('',*,*,#1266,.F.);
#451=ORIENTED_EDGE('',*,*,#1265,.F.);
#452=ORIENTED_EDGE('',*,*,#1267,.T.);
#453=ORIENTED_EDGE('',*,*,#1203,.T.);
#454=ORIENTED_EDGE('',*,*,#1268,.T.);
#455=ORIENTED_EDGE('',*,*,#1158,.T.);
#456=ORIENTED_EDGE('',*,*,#1269,.T.);
#457=ORIENTED_EDGE('',*,*,#1074,.T.);
#458=ORIENTED_EDGE('',*,*,#1270,.T.);
#459=ORIENTED_EDGE('',*,*,#1076,.T.);
#460=ORIENTED_EDGE('',*,*,#1204,.F.);
#461=ORIENTED_EDGE('',*,*,#1267,.F.);
#462=ORIENTED_EDGE('',*,*,#1264,.F.);
#463=ORIENTED_EDGE('',*,*,#1261,.F.);
#464=ORIENTED_EDGE('',*,*,#1110,.F.);
#465=ORIENTED_EDGE('',*,*,#1250,.F.);
#466=ORIENTED_EDGE('',*,*,#1214,.F.);
#467=ORIENTED_EDGE('',*,*,#1079,.T.);
#468=ORIENTED_EDGE('',*,*,#1216,.T.);
#469=ORIENTED_EDGE('',*,*,#1249,.T.);
#470=ORIENTED_EDGE('',*,*,#1112,.T.);
#471=ORIENTED_EDGE('',*,*,#1260,.T.);
#472=ORIENTED_EDGE('',*,*,#1263,.T.);
#473=ORIENTED_EDGE('',*,*,#1266,.T.);
#474=ORIENTED_EDGE('',*,*,#1271,.T.);
#475=ORIENTED_EDGE('',*,*,#1272,.T.);
#476=ORIENTED_EDGE('',*,*,#1245,.F.);
#477=ORIENTED_EDGE('',*,*,#1244,.T.);
#478=ORIENTED_EDGE('',*,*,#1211,.T.);
#479=ORIENTED_EDGE('',*,*,#1273,.F.);
#480=ORIENTED_EDGE('',*,*,#1274,.F.);
#481=ORIENTED_EDGE('',*,*,#1210,.T.);
#482=ORIENTED_EDGE('',*,*,#1275,.F.);
#483=ORIENTED_EDGE('',*,*,#1276,.F.);
#484=ORIENTED_EDGE('',*,*,#1273,.T.);
#485=ORIENTED_EDGE('',*,*,#1277,.T.);
#486=ORIENTED_EDGE('',*,*,#1278,.T.);
#487=ORIENTED_EDGE('',*,*,#1183,.F.);
#488=ORIENTED_EDGE('',*,*,#1279,.T.);
#489=ORIENTED_EDGE('',*,*,#1280,.F.);
#490=ORIENTED_EDGE('',*,*,#1281,.F.);
#491=ORIENTED_EDGE('',*,*,#1275,.T.);
#492=ORIENTED_EDGE('',*,*,#1209,.T.);
#493=ORIENTED_EDGE('',*,*,#1282,.F.);
#494=ORIENTED_EDGE('',*,*,#1283,.F.);
#495=ORIENTED_EDGE('',*,*,#1280,.T.);
#496=ORIENTED_EDGE('',*,*,#1284,.T.);
#497=ORIENTED_EDGE('',*,*,#1285,.F.);
#498=ORIENTED_EDGE('',*,*,#1286,.F.);
#499=ORIENTED_EDGE('',*,*,#1285,.T.);
#500=ORIENTED_EDGE('',*,*,#1287,.T.);
#501=ORIENTED_EDGE('',*,*,#1288,.F.);
#502=ORIENTED_EDGE('',*,*,#1289,.F.);
#503=ORIENTED_EDGE('',*,*,#1290,.T.);
#504=ORIENTED_EDGE('',*,*,#1291,.F.);
#505=ORIENTED_EDGE('',*,*,#1292,.F.);
#506=ORIENTED_EDGE('',*,*,#1288,.T.);
#507=ORIENTED_EDGE('',*,*,#1241,.T.);
#508=ORIENTED_EDGE('',*,*,#1293,.T.);
#509=ORIENTED_EDGE('',*,*,#1294,.F.);
#510=ORIENTED_EDGE('',*,*,#1295,.F.);
#511=ORIENTED_EDGE('',*,*,#1294,.T.);
#512=ORIENTED_EDGE('',*,*,#1296,.T.);
#513=ORIENTED_EDGE('',*,*,#1297,.F.);
#514=ORIENTED_EDGE('',*,*,#1298,.F.);
#515=ORIENTED_EDGE('',*,*,#1297,.T.);
#516=ORIENTED_EDGE('',*,*,#1299,.T.);
#517=ORIENTED_EDGE('',*,*,#1271,.F.);
#518=ORIENTED_EDGE('',*,*,#1300,.F.);
#519=ORIENTED_EDGE('',*,*,#1067,.F.);
#520=ORIENTED_EDGE('',*,*,#1125,.T.);
#521=ORIENTED_EDGE('',*,*,#1152,.F.);
#522=ORIENTED_EDGE('',*,*,#1182,.T.);
#523=ORIENTED_EDGE('',*,*,#1197,.F.);
#524=ORIENTED_EDGE('',*,*,#1238,.T.);
#525=ORIENTED_EDGE('',*,*,#1242,.T.);
#526=ORIENTED_EDGE('',*,*,#1295,.T.);
#527=ORIENTED_EDGE('',*,*,#1298,.T.);
#528=ORIENTED_EDGE('',*,*,#1300,.T.);
#529=ORIENTED_EDGE('',*,*,#1274,.T.);
#530=ORIENTED_EDGE('',*,*,#1276,.T.);
#531=ORIENTED_EDGE('',*,*,#1281,.T.);
#532=ORIENTED_EDGE('',*,*,#1286,.T.);
#533=ORIENTED_EDGE('',*,*,#1289,.T.);
#534=ORIENTED_EDGE('',*,*,#1292,.T.);
#535=ORIENTED_EDGE('',*,*,#1301,.T.);
#536=ORIENTED_EDGE('',*,*,#1302,.T.);
#537=ORIENTED_EDGE('',*,*,#1283,.T.);
#538=ORIENTED_EDGE('',*,*,#1303,.T.);
#539=ORIENTED_EDGE('',*,*,#1304,.T.);
#540=ORIENTED_EDGE('',*,*,#1305,.T.);
#541=ORIENTED_EDGE('',*,*,#1306,.T.);
#542=ORIENTED_EDGE('',*,*,#1307,.T.);
#543=ORIENTED_EDGE('',*,*,#1308,.T.);
#544=ORIENTED_EDGE('',*,*,#1309,.T.);
#545=ORIENTED_EDGE('',*,*,#1310,.T.);
#546=ORIENTED_EDGE('',*,*,#1311,.T.);
#547=ORIENTED_EDGE('',*,*,#1312,.T.);
#548=ORIENTED_EDGE('',*,*,#1313,.T.);
#549=ORIENTED_EDGE('',*,*,#1314,.T.);
#550=ORIENTED_EDGE('',*,*,#1315,.T.);
#551=ORIENTED_EDGE('',*,*,#1142,.T.);
#552=ORIENTED_EDGE('',*,*,#1122,.T.);
#553=ORIENTED_EDGE('',*,*,#1316,.F.);
#554=ORIENTED_EDGE('',*,*,#1317,.T.);
#555=ORIENTED_EDGE('',*,*,#1251,.T.);
#556=ORIENTED_EDGE('',*,*,#1108,.T.);
#557=ORIENTED_EDGE('',*,*,#1318,.F.);
#558=ORIENTED_EDGE('',*,*,#1319,.F.);
#559=ORIENTED_EDGE('',*,*,#1107,.T.);
#560=ORIENTED_EDGE('',*,*,#1320,.F.);
#561=ORIENTED_EDGE('',*,*,#1321,.F.);
#562=ORIENTED_EDGE('',*,*,#1318,.T.);
#563=ORIENTED_EDGE('',*,*,#1253,.F.);
#564=ORIENTED_EDGE('',*,*,#1322,.T.);
#565=ORIENTED_EDGE('',*,*,#1323,.T.);
#566=ORIENTED_EDGE('',*,*,#1324,.F.);
#567=ORIENTED_EDGE('',*,*,#1320,.T.);
#568=ORIENTED_EDGE('',*,*,#1106,.T.);
#569=ORIENTED_EDGE('',*,*,#1325,.F.);
#570=ORIENTED_EDGE('',*,*,#1326,.F.);
#571=ORIENTED_EDGE('',*,*,#1226,.F.);
#572=ORIENTED_EDGE('',*,*,#1327,.T.);
#573=ORIENTED_EDGE('',*,*,#1328,.F.);
#574=ORIENTED_EDGE('',*,*,#1319,.T.);
#575=ORIENTED_EDGE('',*,*,#1321,.T.);
#576=ORIENTED_EDGE('',*,*,#1324,.T.);
#577=ORIENTED_EDGE('',*,*,#1329,.F.);
#578=ORIENTED_EDGE('',*,*,#1231,.F.);
#579=ORIENTED_EDGE('',*,*,#1330,.F.);
#580=ORIENTED_EDGE('',*,*,#1329,.T.);
#581=ORIENTED_EDGE('',*,*,#1323,.F.);
#582=ORIENTED_EDGE('',*,*,#1331,.T.);
#583=ORIENTED_EDGE('',*,*,#1316,.T.);
#584=ORIENTED_EDGE('',*,*,#1328,.T.);
#585=ORIENTED_EDGE('',*,*,#1332,.F.);
#586=ORIENTED_EDGE('',*,*,#1220,.F.);
#587=ORIENTED_EDGE('',*,*,#1333,.F.);
#588=ORIENTED_EDGE('',*,*,#1317,.F.);
#589=ORIENTED_EDGE('',*,*,#1331,.F.);
#590=ORIENTED_EDGE('',*,*,#1322,.F.);
#591=ORIENTED_EDGE('',*,*,#1252,.T.);
#592=ORIENTED_EDGE('',*,*,#1330,.T.);
#593=ORIENTED_EDGE('',*,*,#1230,.F.);
#594=ORIENTED_EDGE('',*,*,#1227,.F.);
#595=ORIENTED_EDGE('',*,*,#1326,.T.);
#596=ORIENTED_EDGE('',*,*,#1234,.T.);
#597=ORIENTED_EDGE('',*,*,#1232,.T.);
#598=ORIENTED_EDGE('',*,*,#1333,.T.);
#599=ORIENTED_EDGE('',*,*,#1219,.F.);
#600=ORIENTED_EDGE('',*,*,#1332,.T.);
#601=ORIENTED_EDGE('',*,*,#1327,.F.);
#602=ORIENTED_EDGE('',*,*,#1225,.F.);
#603=ORIENTED_EDGE('',*,*,#1221,.T.);
#604=ORIENTED_EDGE('',*,*,#1213,.F.);
#605=ORIENTED_EDGE('',*,*,#1046,.T.);
#606=ORIENTED_EDGE('',*,*,#1334,.T.);
#607=ORIENTED_EDGE('',*,*,#1202,.F.);
#608=ORIENTED_EDGE('',*,*,#1045,.T.);
#609=ORIENTED_EDGE('',*,*,#1335,.T.);
#610=ORIENTED_EDGE('',*,*,#1268,.F.);
#611=ORIENTED_EDGE('',*,*,#1334,.F.);
#612=ORIENTED_EDGE('',*,*,#1335,.F.);
#613=ORIENTED_EDGE('',*,*,#1044,.T.);
#614=ORIENTED_EDGE('',*,*,#1161,.T.);
#615=ORIENTED_EDGE('',*,*,#1159,.F.);
#616=ORIENTED_EDGE('',*,*,#1191,.T.);
#617=ORIENTED_EDGE('',*,*,#1336,.T.);
#618=ORIENTED_EDGE('',*,*,#1194,.F.);
#619=ORIENTED_EDGE('',*,*,#1337,.F.);
#620=ORIENTED_EDGE('',*,*,#1338,.T.);
#621=ORIENTED_EDGE('',*,*,#1050,.T.);
#622=ORIENTED_EDGE('',*,*,#1199,.T.);
#623=ORIENTED_EDGE('',*,*,#1339,.T.);
#624=ORIENTED_EDGE('',*,*,#1146,.T.);
#625=ORIENTED_EDGE('',*,*,#1052,.F.);
#626=ORIENTED_EDGE('',*,*,#1340,.T.);
#627=ORIENTED_EDGE('',*,*,#1341,.F.);
#628=ORIENTED_EDGE('',*,*,#1341,.T.);
#629=ORIENTED_EDGE('',*,*,#1342,.T.);
#630=ORIENTED_EDGE('',*,*,#1337,.T.);
#631=ORIENTED_EDGE('',*,*,#1200,.T.);
#632=ORIENTED_EDGE('',*,*,#1325,.T.);
#633=ORIENTED_EDGE('',*,*,#1339,.F.);
#634=ORIENTED_EDGE('',*,*,#1198,.F.);
#635=ORIENTED_EDGE('',*,*,#1343,.F.);
#636=ORIENTED_EDGE('',*,*,#1147,.F.);
#637=ORIENTED_EDGE('',*,*,#1180,.F.);
#638=ORIENTED_EDGE('',*,*,#1344,.F.);
#639=ORIENTED_EDGE('',*,*,#1143,.F.);
#640=ORIENTED_EDGE('',*,*,#1343,.T.);
#641=ORIENTED_EDGE('',*,*,#1243,.F.);
#642=ORIENTED_EDGE('',*,*,#1236,.F.);
#643=ORIENTED_EDGE('',*,*,#1345,.F.);
#644=ORIENTED_EDGE('',*,*,#1189,.F.);
#645=ORIENTED_EDGE('',*,*,#1345,.T.);
#646=ORIENTED_EDGE('',*,*,#1195,.F.);
#647=ORIENTED_EDGE('',*,*,#1336,.F.);
#648=ORIENTED_EDGE('',*,*,#1190,.F.);
#649=ORIENTED_EDGE('',*,*,#1279,.F.);
#650=ORIENTED_EDGE('',*,*,#1188,.F.);
#651=ORIENTED_EDGE('',*,*,#1346,.F.);
#652=ORIENTED_EDGE('',*,*,#1284,.F.);
#653=ORIENTED_EDGE('',*,*,#1346,.T.);
#654=ORIENTED_EDGE('',*,*,#1187,.F.);
#655=ORIENTED_EDGE('',*,*,#1347,.F.);
#656=ORIENTED_EDGE('',*,*,#1287,.F.);
#657=ORIENTED_EDGE('',*,*,#1347,.T.);
#658=ORIENTED_EDGE('',*,*,#1186,.F.);
#659=ORIENTED_EDGE('',*,*,#1348,.F.);
#660=ORIENTED_EDGE('',*,*,#1290,.F.);
#661=ORIENTED_EDGE('',*,*,#1240,.F.);
#662=ORIENTED_EDGE('',*,*,#1248,.F.);
#663=ORIENTED_EDGE('',*,*,#1349,.F.);
#664=ORIENTED_EDGE('',*,*,#1293,.F.);
#665=ORIENTED_EDGE('',*,*,#1349,.T.);
#666=ORIENTED_EDGE('',*,*,#1247,.F.);
#667=ORIENTED_EDGE('',*,*,#1350,.F.);
#668=ORIENTED_EDGE('',*,*,#1296,.F.);
#669=ORIENTED_EDGE('',*,*,#1350,.T.);
#670=ORIENTED_EDGE('',*,*,#1246,.F.);
#671=ORIENTED_EDGE('',*,*,#1272,.F.);
#672=ORIENTED_EDGE('',*,*,#1299,.F.);
#673=ORIENTED_EDGE('',*,*,#1340,.F.);
#674=ORIENTED_EDGE('',*,*,#1051,.F.);
#675=ORIENTED_EDGE('',*,*,#1338,.F.);
#676=ORIENTED_EDGE('',*,*,#1342,.F.);
#677=ORIENTED_EDGE('',*,*,#1208,.T.);
#678=ORIENTED_EDGE('',*,*,#1351,.F.);
#679=ORIENTED_EDGE('',*,*,#1303,.F.);
#680=ORIENTED_EDGE('',*,*,#1282,.T.);
#681=ORIENTED_EDGE('',*,*,#1352,.T.);
#682=ORIENTED_EDGE('',*,*,#1353,.T.);
#683=ORIENTED_EDGE('',*,*,#1131,.F.);
#684=ORIENTED_EDGE('',*,*,#1354,.T.);
#685=ORIENTED_EDGE('',*,*,#1355,.F.);
#686=ORIENTED_EDGE('',*,*,#1304,.F.);
#687=ORIENTED_EDGE('',*,*,#1351,.T.);
#688=ORIENTED_EDGE('',*,*,#1207,.T.);
#689=ORIENTED_EDGE('',*,*,#1356,.F.);
#690=ORIENTED_EDGE('',*,*,#1310,.F.);
#691=ORIENTED_EDGE('',*,*,#1355,.T.);
#692=ORIENTED_EDGE('',*,*,#1357,.T.);
#693=ORIENTED_EDGE('',*,*,#1358,.F.);
#694=ORIENTED_EDGE('',*,*,#1305,.F.);
#695=ORIENTED_EDGE('',*,*,#1358,.T.);
#696=ORIENTED_EDGE('',*,*,#1359,.T.);
#697=ORIENTED_EDGE('',*,*,#1360,.F.);
#698=ORIENTED_EDGE('',*,*,#1306,.F.);
#699=ORIENTED_EDGE('',*,*,#1361,.T.);
#700=ORIENTED_EDGE('',*,*,#1362,.F.);
#701=ORIENTED_EDGE('',*,*,#1307,.F.);
#702=ORIENTED_EDGE('',*,*,#1360,.T.);
#703=ORIENTED_EDGE('',*,*,#1291,.T.);
#704=ORIENTED_EDGE('',*,*,#1363,.T.);
#705=ORIENTED_EDGE('',*,*,#1364,.F.);
#706=ORIENTED_EDGE('',*,*,#1301,.F.);
#707=ORIENTED_EDGE('',*,*,#1364,.T.);
#708=ORIENTED_EDGE('',*,*,#1365,.T.);
#709=ORIENTED_EDGE('',*,*,#1277,.F.);
#710=ORIENTED_EDGE('',*,*,#1302,.F.);
#711=ORIENTED_EDGE('',*,*,#1366,.F.);
#712=ORIENTED_EDGE('',*,*,#1367,.T.);
#713=ORIENTED_EDGE('',*,*,#1254,.T.);
#714=ORIENTED_EDGE('',*,*,#1104,.T.);
#715=ORIENTED_EDGE('',*,*,#1368,.F.);
#716=ORIENTED_EDGE('',*,*,#1369,.F.);
#717=ORIENTED_EDGE('',*,*,#1103,.T.);
#718=ORIENTED_EDGE('',*,*,#1370,.F.);
#719=ORIENTED_EDGE('',*,*,#1371,.F.);
#720=ORIENTED_EDGE('',*,*,#1368,.T.);
#721=ORIENTED_EDGE('',*,*,#1256,.F.);
#722=ORIENTED_EDGE('',*,*,#1372,.T.);
#723=ORIENTED_EDGE('',*,*,#1373,.T.);
#724=ORIENTED_EDGE('',*,*,#1374,.F.);
#725=ORIENTED_EDGE('',*,*,#1370,.T.);
#726=ORIENTED_EDGE('',*,*,#1102,.T.);
#727=ORIENTED_EDGE('',*,*,#1375,.F.);
#728=ORIENTED_EDGE('',*,*,#1376,.F.);
#729=ORIENTED_EDGE('',*,*,#1170,.F.);
#730=ORIENTED_EDGE('',*,*,#1377,.T.);
#731=ORIENTED_EDGE('',*,*,#1378,.F.);
#732=ORIENTED_EDGE('',*,*,#1369,.T.);
#733=ORIENTED_EDGE('',*,*,#1371,.T.);
#734=ORIENTED_EDGE('',*,*,#1374,.T.);
#735=ORIENTED_EDGE('',*,*,#1379,.F.);
#736=ORIENTED_EDGE('',*,*,#1175,.F.);
#737=ORIENTED_EDGE('',*,*,#1380,.F.);
#738=ORIENTED_EDGE('',*,*,#1379,.T.);
#739=ORIENTED_EDGE('',*,*,#1373,.F.);
#740=ORIENTED_EDGE('',*,*,#1381,.T.);
#741=ORIENTED_EDGE('',*,*,#1366,.T.);
#742=ORIENTED_EDGE('',*,*,#1378,.T.);
#743=ORIENTED_EDGE('',*,*,#1382,.F.);
#744=ORIENTED_EDGE('',*,*,#1164,.F.);
#745=ORIENTED_EDGE('',*,*,#1383,.F.);
#746=ORIENTED_EDGE('',*,*,#1367,.F.);
#747=ORIENTED_EDGE('',*,*,#1381,.F.);
#748=ORIENTED_EDGE('',*,*,#1372,.F.);
#749=ORIENTED_EDGE('',*,*,#1255,.T.);
#750=ORIENTED_EDGE('',*,*,#1380,.T.);
#751=ORIENTED_EDGE('',*,*,#1174,.F.);
#752=ORIENTED_EDGE('',*,*,#1171,.F.);
#753=ORIENTED_EDGE('',*,*,#1376,.T.);
#754=ORIENTED_EDGE('',*,*,#1178,.T.);
#755=ORIENTED_EDGE('',*,*,#1176,.T.);
#756=ORIENTED_EDGE('',*,*,#1383,.T.);
#757=ORIENTED_EDGE('',*,*,#1163,.F.);
#758=ORIENTED_EDGE('',*,*,#1382,.T.);
#759=ORIENTED_EDGE('',*,*,#1377,.F.);
#760=ORIENTED_EDGE('',*,*,#1169,.F.);
#761=ORIENTED_EDGE('',*,*,#1165,.T.);
#762=ORIENTED_EDGE('',*,*,#1042,.T.);
#763=ORIENTED_EDGE('',*,*,#1384,.T.);
#764=ORIENTED_EDGE('',*,*,#1157,.F.);
#765=ORIENTED_EDGE('',*,*,#1160,.F.);
#766=ORIENTED_EDGE('',*,*,#1041,.T.);
#767=ORIENTED_EDGE('',*,*,#1385,.T.);
#768=ORIENTED_EDGE('',*,*,#1269,.F.);
#769=ORIENTED_EDGE('',*,*,#1384,.F.);
#770=ORIENTED_EDGE('',*,*,#1040,.T.);
#771=ORIENTED_EDGE('',*,*,#1081,.T.);
#772=ORIENTED_EDGE('',*,*,#1075,.F.);
#773=ORIENTED_EDGE('',*,*,#1385,.F.);
#774=ORIENTED_EDGE('',*,*,#1145,.T.);
#775=ORIENTED_EDGE('',*,*,#1386,.T.);
#776=ORIENTED_EDGE('',*,*,#1149,.F.);
#777=ORIENTED_EDGE('',*,*,#1387,.F.);
#778=ORIENTED_EDGE('',*,*,#1388,.T.);
#779=ORIENTED_EDGE('',*,*,#1054,.T.);
#780=ORIENTED_EDGE('',*,*,#1154,.T.);
#781=ORIENTED_EDGE('',*,*,#1389,.T.);
#782=ORIENTED_EDGE('',*,*,#1061,.T.);
#783=ORIENTED_EDGE('',*,*,#1056,.F.);
#784=ORIENTED_EDGE('',*,*,#1390,.T.);
#785=ORIENTED_EDGE('',*,*,#1391,.F.);
#786=ORIENTED_EDGE('',*,*,#1391,.T.);
#787=ORIENTED_EDGE('',*,*,#1392,.T.);
#788=ORIENTED_EDGE('',*,*,#1387,.T.);
#789=ORIENTED_EDGE('',*,*,#1155,.T.);
#790=ORIENTED_EDGE('',*,*,#1375,.T.);
#791=ORIENTED_EDGE('',*,*,#1389,.F.);
#792=ORIENTED_EDGE('',*,*,#1153,.F.);
#793=ORIENTED_EDGE('',*,*,#1393,.F.);
#794=ORIENTED_EDGE('',*,*,#1062,.F.);
#795=ORIENTED_EDGE('',*,*,#1123,.F.);
#796=ORIENTED_EDGE('',*,*,#1394,.F.);
#797=ORIENTED_EDGE('',*,*,#1058,.F.);
#798=ORIENTED_EDGE('',*,*,#1393,.T.);
#799=ORIENTED_EDGE('',*,*,#1344,.T.);
#800=ORIENTED_EDGE('',*,*,#1150,.F.);
#801=ORIENTED_EDGE('',*,*,#1386,.F.);
#802=ORIENTED_EDGE('',*,*,#1144,.F.);
#803=ORIENTED_EDGE('',*,*,#1354,.F.);
#804=ORIENTED_EDGE('',*,*,#1136,.F.);
#805=ORIENTED_EDGE('',*,*,#1395,.F.);
#806=ORIENTED_EDGE('',*,*,#1357,.F.);
#807=ORIENTED_EDGE('',*,*,#1395,.T.);
#808=ORIENTED_EDGE('',*,*,#1135,.F.);
#809=ORIENTED_EDGE('',*,*,#1396,.F.);
#810=ORIENTED_EDGE('',*,*,#1359,.F.);
#811=ORIENTED_EDGE('',*,*,#1396,.T.);
#812=ORIENTED_EDGE('',*,*,#1134,.F.);
#813=ORIENTED_EDGE('',*,*,#1397,.F.);
#814=ORIENTED_EDGE('',*,*,#1361,.F.);
#815=ORIENTED_EDGE('',*,*,#1348,.T.);
#816=ORIENTED_EDGE('',*,*,#1185,.F.);
#817=ORIENTED_EDGE('',*,*,#1398,.F.);
#818=ORIENTED_EDGE('',*,*,#1363,.F.);
#819=ORIENTED_EDGE('',*,*,#1398,.T.);
#820=ORIENTED_EDGE('',*,*,#1184,.F.);
#821=ORIENTED_EDGE('',*,*,#1278,.F.);
#822=ORIENTED_EDGE('',*,*,#1365,.F.);
#823=ORIENTED_EDGE('',*,*,#1390,.F.);
#824=ORIENTED_EDGE('',*,*,#1055,.F.);
#825=ORIENTED_EDGE('',*,*,#1388,.F.);
#826=ORIENTED_EDGE('',*,*,#1392,.F.);
#827=ORIENTED_EDGE('',*,*,#1206,.T.);
#828=ORIENTED_EDGE('',*,*,#1399,.F.);
#829=ORIENTED_EDGE('',*,*,#1311,.F.);
#830=ORIENTED_EDGE('',*,*,#1356,.T.);
#831=ORIENTED_EDGE('',*,*,#1130,.F.);
#832=ORIENTED_EDGE('',*,*,#1400,.T.);
#833=ORIENTED_EDGE('',*,*,#1401,.F.);
#834=ORIENTED_EDGE('',*,*,#1312,.F.);
#835=ORIENTED_EDGE('',*,*,#1399,.T.);
#836=ORIENTED_EDGE('',*,*,#1205,.T.);
#837=ORIENTED_EDGE('',*,*,#1139,.F.);
#838=ORIENTED_EDGE('',*,*,#1401,.T.);
#839=ORIENTED_EDGE('',*,*,#1402,.T.);
#840=ORIENTED_EDGE('',*,*,#1403,.F.);
#841=ORIENTED_EDGE('',*,*,#1313,.F.);
#842=ORIENTED_EDGE('',*,*,#1403,.T.);
#843=ORIENTED_EDGE('',*,*,#1404,.T.);
#844=ORIENTED_EDGE('',*,*,#1405,.F.);
#845=ORIENTED_EDGE('',*,*,#1314,.F.);
#846=ORIENTED_EDGE('',*,*,#1405,.T.);
#847=ORIENTED_EDGE('',*,*,#1406,.T.);
#848=ORIENTED_EDGE('',*,*,#1137,.F.);
#849=ORIENTED_EDGE('',*,*,#1315,.F.);
#850=ORIENTED_EDGE('',*,*,#1362,.T.);
#851=ORIENTED_EDGE('',*,*,#1407,.T.);
#852=ORIENTED_EDGE('',*,*,#1408,.F.);
#853=ORIENTED_EDGE('',*,*,#1308,.F.);
#854=ORIENTED_EDGE('',*,*,#1408,.T.);
#855=ORIENTED_EDGE('',*,*,#1409,.T.);
#856=ORIENTED_EDGE('',*,*,#1352,.F.);
#857=ORIENTED_EDGE('',*,*,#1309,.F.);
#858=ORIENTED_EDGE('',*,*,#1410,.F.);
#859=ORIENTED_EDGE('',*,*,#1411,.T.);
#860=ORIENTED_EDGE('',*,*,#1257,.T.);
#861=ORIENTED_EDGE('',*,*,#1100,.T.);
#862=ORIENTED_EDGE('',*,*,#1412,.F.);
#863=ORIENTED_EDGE('',*,*,#1413,.F.);
#864=ORIENTED_EDGE('',*,*,#1115,.T.);
#865=ORIENTED_EDGE('',*,*,#1414,.F.);
#866=ORIENTED_EDGE('',*,*,#1415,.F.);
#867=ORIENTED_EDGE('',*,*,#1412,.T.);
#868=ORIENTED_EDGE('',*,*,#1259,.F.);
#869=ORIENTED_EDGE('',*,*,#1416,.T.);
#870=ORIENTED_EDGE('',*,*,#1417,.T.);
#871=ORIENTED_EDGE('',*,*,#1418,.F.);
#872=ORIENTED_EDGE('',*,*,#1414,.T.);
#873=ORIENTED_EDGE('',*,*,#1114,.T.);
#874=ORIENTED_EDGE('',*,*,#1419,.F.);
#875=ORIENTED_EDGE('',*,*,#1420,.F.);
#876=ORIENTED_EDGE('',*,*,#1090,.F.);
#877=ORIENTED_EDGE('',*,*,#1421,.T.);
#878=ORIENTED_EDGE('',*,*,#1422,.F.);
#879=ORIENTED_EDGE('',*,*,#1413,.T.);
#880=ORIENTED_EDGE('',*,*,#1415,.T.);
#881=ORIENTED_EDGE('',*,*,#1418,.T.);
#882=ORIENTED_EDGE('',*,*,#1423,.F.);
#883=ORIENTED_EDGE('',*,*,#1095,.F.);
#884=ORIENTED_EDGE('',*,*,#1424,.F.);
#885=ORIENTED_EDGE('',*,*,#1423,.T.);
#886=ORIENTED_EDGE('',*,*,#1417,.F.);
#887=ORIENTED_EDGE('',*,*,#1425,.T.);
#888=ORIENTED_EDGE('',*,*,#1410,.T.);
#889=ORIENTED_EDGE('',*,*,#1422,.T.);
#890=ORIENTED_EDGE('',*,*,#1426,.F.);
#891=ORIENTED_EDGE('',*,*,#1084,.F.);
#892=ORIENTED_EDGE('',*,*,#1427,.F.);
#893=ORIENTED_EDGE('',*,*,#1411,.F.);
#894=ORIENTED_EDGE('',*,*,#1425,.F.);
#895=ORIENTED_EDGE('',*,*,#1416,.F.);
#896=ORIENTED_EDGE('',*,*,#1258,.T.);
#897=ORIENTED_EDGE('',*,*,#1424,.T.);
#898=ORIENTED_EDGE('',*,*,#1094,.F.);
#899=ORIENTED_EDGE('',*,*,#1091,.F.);
#900=ORIENTED_EDGE('',*,*,#1420,.T.);
#901=ORIENTED_EDGE('',*,*,#1098,.T.);
#902=ORIENTED_EDGE('',*,*,#1096,.T.);
#903=ORIENTED_EDGE('',*,*,#1427,.T.);
#904=ORIENTED_EDGE('',*,*,#1083,.F.);
#905=ORIENTED_EDGE('',*,*,#1426,.T.);
#906=ORIENTED_EDGE('',*,*,#1421,.F.);
#907=ORIENTED_EDGE('',*,*,#1089,.F.);
#908=ORIENTED_EDGE('',*,*,#1085,.T.);
#909=ORIENTED_EDGE('',*,*,#1038,.T.);
#910=ORIENTED_EDGE('',*,*,#1428,.T.);
#911=ORIENTED_EDGE('',*,*,#1073,.F.);
#912=ORIENTED_EDGE('',*,*,#1080,.F.);
#913=ORIENTED_EDGE('',*,*,#1037,.T.);
#914=ORIENTED_EDGE('',*,*,#1429,.T.);
#915=ORIENTED_EDGE('',*,*,#1270,.F.);
#916=ORIENTED_EDGE('',*,*,#1428,.F.);
#917=ORIENTED_EDGE('',*,*,#1036,.T.);
#918=ORIENTED_EDGE('',*,*,#1217,.T.);
#919=ORIENTED_EDGE('',*,*,#1077,.F.);
#920=ORIENTED_EDGE('',*,*,#1429,.F.);
#921=ORIENTED_EDGE('',*,*,#1060,.T.);
#922=ORIENTED_EDGE('',*,*,#1430,.T.);
#923=ORIENTED_EDGE('',*,*,#1064,.F.);
#924=ORIENTED_EDGE('',*,*,#1431,.F.);
#925=ORIENTED_EDGE('',*,*,#1432,.T.);
#926=ORIENTED_EDGE('',*,*,#1030,.T.);
#927=ORIENTED_EDGE('',*,*,#1070,.T.);
#928=ORIENTED_EDGE('',*,*,#1433,.T.);
#929=ORIENTED_EDGE('',*,*,#1119,.T.);
#930=ORIENTED_EDGE('',*,*,#1032,.F.);
#931=ORIENTED_EDGE('',*,*,#1434,.T.);
#932=ORIENTED_EDGE('',*,*,#1435,.F.);
#933=ORIENTED_EDGE('',*,*,#1435,.T.);
#934=ORIENTED_EDGE('',*,*,#1436,.T.);
#935=ORIENTED_EDGE('',*,*,#1431,.T.);
#936=ORIENTED_EDGE('',*,*,#1071,.T.);
#937=ORIENTED_EDGE('',*,*,#1419,.T.);
#938=ORIENTED_EDGE('',*,*,#1433,.F.);
#939=ORIENTED_EDGE('',*,*,#1069,.F.);
#940=ORIENTED_EDGE('',*,*,#1437,.F.);
#941=ORIENTED_EDGE('',*,*,#1116,.F.);
#942=ORIENTED_EDGE('',*,*,#1141,.F.);
#943=ORIENTED_EDGE('',*,*,#1117,.F.);
#944=ORIENTED_EDGE('',*,*,#1437,.T.);
#945=ORIENTED_EDGE('',*,*,#1121,.F.);
#946=ORIENTED_EDGE('',*,*,#1394,.T.);
#947=ORIENTED_EDGE('',*,*,#1065,.F.);
#948=ORIENTED_EDGE('',*,*,#1430,.F.);
#949=ORIENTED_EDGE('',*,*,#1059,.F.);
#950=ORIENTED_EDGE('',*,*,#1400,.F.);
#951=ORIENTED_EDGE('',*,*,#1129,.F.);
#952=ORIENTED_EDGE('',*,*,#1438,.F.);
#953=ORIENTED_EDGE('',*,*,#1402,.F.);
#954=ORIENTED_EDGE('',*,*,#1438,.T.);
#955=ORIENTED_EDGE('',*,*,#1128,.F.);
#956=ORIENTED_EDGE('',*,*,#1439,.F.);
#957=ORIENTED_EDGE('',*,*,#1404,.F.);
#958=ORIENTED_EDGE('',*,*,#1439,.T.);
#959=ORIENTED_EDGE('',*,*,#1127,.F.);
#960=ORIENTED_EDGE('',*,*,#1138,.F.);
#961=ORIENTED_EDGE('',*,*,#1406,.F.);
#962=ORIENTED_EDGE('',*,*,#1397,.T.);
#963=ORIENTED_EDGE('',*,*,#1133,.F.);
#964=ORIENTED_EDGE('',*,*,#1440,.F.);
#965=ORIENTED_EDGE('',*,*,#1407,.F.);
#966=ORIENTED_EDGE('',*,*,#1440,.T.);
#967=ORIENTED_EDGE('',*,*,#1132,.F.);
#968=ORIENTED_EDGE('',*,*,#1353,.F.);
#969=ORIENTED_EDGE('',*,*,#1409,.F.);
#970=ORIENTED_EDGE('',*,*,#1434,.F.);
#971=ORIENTED_EDGE('',*,*,#1031,.F.);
#972=ORIENTED_EDGE('',*,*,#1432,.F.);
#973=ORIENTED_EDGE('',*,*,#1436,.F.);
#974=ORIENTED_EDGE('',*,*,#1441,.F.);
#975=ORIENTED_EDGE('',*,*,#1442,.T.);
#976=ORIENTED_EDGE('',*,*,#1443,.T.);
#977=ORIENTED_EDGE('',*,*,#1444,.T.);
#978=ORIENTED_EDGE('',*,*,#1445,.F.);
#979=ORIENTED_EDGE('',*,*,#1446,.T.);
#980=ORIENTED_EDGE('',*,*,#1441,.T.);
#981=ORIENTED_EDGE('',*,*,#1447,.T.);
#982=ORIENTED_EDGE('',*,*,#1448,.F.);
#983=ORIENTED_EDGE('',*,*,#1449,.T.);
#984=ORIENTED_EDGE('',*,*,#1445,.T.);
#985=ORIENTED_EDGE('',*,*,#1450,.T.);
#986=ORIENTED_EDGE('',*,*,#1443,.F.);
#987=ORIENTED_EDGE('',*,*,#1451,.T.);
#988=ORIENTED_EDGE('',*,*,#1448,.T.);
#989=ORIENTED_EDGE('',*,*,#1452,.T.);
#990=ORIENTED_EDGE('',*,*,#1453,.T.);
#991=ORIENTED_EDGE('',*,*,#1454,.T.);
#992=ORIENTED_EDGE('',*,*,#1455,.T.);
#993=ORIENTED_EDGE('',*,*,#1456,.T.);
#994=ORIENTED_EDGE('',*,*,#1457,.T.);
#995=ORIENTED_EDGE('',*,*,#1458,.T.);
#996=ORIENTED_EDGE('',*,*,#1459,.T.);
#997=ORIENTED_EDGE('',*,*,#1460,.T.);
#998=ORIENTED_EDGE('',*,*,#1461,.F.);
#999=ORIENTED_EDGE('',*,*,#1449,.F.);
#1000=ORIENTED_EDGE('',*,*,#1462,.F.);
#1001=ORIENTED_EDGE('',*,*,#1456,.F.);
#1002=ORIENTED_EDGE('',*,*,#1462,.T.);
#1003=ORIENTED_EDGE('',*,*,#1451,.F.);
#1004=ORIENTED_EDGE('',*,*,#1463,.F.);
#1005=ORIENTED_EDGE('',*,*,#1453,.F.);
#1006=ORIENTED_EDGE('',*,*,#1461,.T.);
#1007=ORIENTED_EDGE('',*,*,#1455,.F.);
#1008=ORIENTED_EDGE('',*,*,#1464,.F.);
#1009=ORIENTED_EDGE('',*,*,#1446,.F.);
#1010=ORIENTED_EDGE('',*,*,#1463,.T.);
#1011=ORIENTED_EDGE('',*,*,#1442,.F.);
#1012=ORIENTED_EDGE('',*,*,#1464,.T.);
#1013=ORIENTED_EDGE('',*,*,#1454,.F.);
#1014=ORIENTED_EDGE('',*,*,#1465,.F.);
#1015=ORIENTED_EDGE('',*,*,#1460,.F.);
#1016=ORIENTED_EDGE('',*,*,#1466,.F.);
#1017=ORIENTED_EDGE('',*,*,#1447,.F.);
#1018=ORIENTED_EDGE('',*,*,#1466,.T.);
#1019=ORIENTED_EDGE('',*,*,#1459,.F.);
#1020=ORIENTED_EDGE('',*,*,#1467,.F.);
#1021=ORIENTED_EDGE('',*,*,#1450,.F.);
#1022=ORIENTED_EDGE('',*,*,#1465,.T.);
#1023=ORIENTED_EDGE('',*,*,#1444,.F.);
#1024=ORIENTED_EDGE('',*,*,#1468,.F.);
#1025=ORIENTED_EDGE('',*,*,#1457,.F.);
#1026=ORIENTED_EDGE('',*,*,#1467,.T.);
#1027=ORIENTED_EDGE('',*,*,#1458,.F.);
#1028=ORIENTED_EDGE('',*,*,#1468,.T.);
#1029=ORIENTED_EDGE('',*,*,#1452,.F.);
#1030=EDGE_CURVE('',#1469,#1470,#1753,.T.);
#1031=EDGE_CURVE('',#1469,#1471,#1754,.F.);
#1032=EDGE_CURVE('',#1471,#1472,#1755,.T.);
#1033=EDGE_CURVE('',#1473,#1472,#1756,.T.);
#1034=EDGE_CURVE('',#1473,#1474,#1757,.T.);
#1035=EDGE_CURVE('',#1474,#1475,#1758,.T.);
#1036=EDGE_CURVE('',#1476,#1475,#1759,.T.);
#1037=EDGE_CURVE('',#1477,#1476,#1760,.T.);
#1038=EDGE_CURVE('',#1478,#1477,#1761,.T.);
#1039=EDGE_CURVE('',#1478,#1479,#1762,.T.);
#1040=EDGE_CURVE('',#1480,#1479,#1763,.T.);
#1041=EDGE_CURVE('',#1481,#1480,#1764,.T.);
#1042=EDGE_CURVE('',#1482,#1481,#1765,.T.);
#1043=EDGE_CURVE('',#1482,#1483,#1766,.T.);
#1044=EDGE_CURVE('',#1484,#1483,#1767,.T.);
#1045=EDGE_CURVE('',#1485,#1484,#1768,.T.);
#1046=EDGE_CURVE('',#1486,#1485,#1769,.T.);
#1047=EDGE_CURVE('',#1486,#1487,#1770,.T.);
#1048=EDGE_CURVE('',#1488,#1487,#1771,.T.);
#1049=EDGE_CURVE('',#1489,#1488,#1772,.T.);
#1050=EDGE_CURVE('',#1490,#1489,#1773,.T.);
#1051=EDGE_CURVE('',#1490,#1491,#1774,.F.);
#1052=EDGE_CURVE('',#1491,#1492,#1775,.T.);
#1053=EDGE_CURVE('',#1493,#1492,#1776,.T.);
#1054=EDGE_CURVE('',#1494,#1493,#1777,.T.);
#1055=EDGE_CURVE('',#1494,#1495,#1778,.F.);
#1056=EDGE_CURVE('',#1495,#1496,#1779,.T.);
#1057=EDGE_CURVE('',#1470,#1496,#1780,.T.);
#1058=EDGE_CURVE('',#1497,#1498,#1781,.F.);
#1059=EDGE_CURVE('',#1498,#1499,#96,.F.);
#1060=EDGE_CURVE('',#1470,#1499,#1782,.T.);
#1061=EDGE_CURVE('',#1500,#1496,#1783,.T.);
#1062=EDGE_CURVE('',#1500,#1497,#97,.F.);
#1063=EDGE_CURVE('',#1501,#1501,#98,.T.);
#1064=EDGE_CURVE('',#1502,#1503,#1784,.T.);
#1065=EDGE_CURVE('',#1503,#1504,#99,.T.);
#1066=EDGE_CURVE('',#1504,#1505,#1785,.T.);
#1067=EDGE_CURVE('',#1505,#1506,#100,.T.);
#1068=EDGE_CURVE('',#1506,#1507,#1786,.F.);
#1069=EDGE_CURVE('',#1507,#1508,#101,.T.);
#1070=EDGE_CURVE('',#1509,#1508,#1787,.T.);
#1071=EDGE_CURVE('',#1502,#1509,#102,.F.);
#1072=EDGE_CURVE('',#1510,#1511,#1788,.T.);
#1073=EDGE_CURVE('',#1511,#1512,#1789,.T.);
#1074=EDGE_CURVE('',#1513,#1512,#1790,.T.);
#1075=EDGE_CURVE('',#1513,#1510,#1791,.T.);
#1076=EDGE_CURVE('',#1514,#1515,#1792,.T.);
#1077=EDGE_CURVE('',#1514,#1516,#1793,.T.);
#1078=EDGE_CURVE('',#1516,#1517,#1794,.T.);
#1079=EDGE_CURVE('',#1515,#1517,#1795,.T.);
#1080=EDGE_CURVE('',#1478,#1511,#1796,.T.);
#1081=EDGE_CURVE('',#1479,#1510,#1797,.T.);
#1082=EDGE_CURVE('',#1518,#1519,#1798,.T.);
#1083=EDGE_CURVE('',#1518,#1520,#1799,.T.);
#1084=EDGE_CURVE('',#1520,#1521,#1800,.T.);
#1085=EDGE_CURVE('',#1522,#1521,#1801,.T.);
#1086=EDGE_CURVE('',#1522,#1523,#1802,.T.);
#1087=EDGE_CURVE('',#1519,#1523,#1803,.T.);
#1088=EDGE_CURVE('',#1523,#1524,#1804,.T.);
#1089=EDGE_CURVE('',#1522,#1525,#1805,.T.);
#1090=EDGE_CURVE('',#1525,#1526,#1806,.T.);
#1091=EDGE_CURVE('',#1526,#1527,#1807,.T.);
#1092=EDGE_CURVE('',#1527,#1524,#1808,.T.);
#1093=EDGE_CURVE('',#1524,#1528,#1809,.T.);
#1094=EDGE_CURVE('',#1527,#1529,#1810,.T.);
#1095=EDGE_CURVE('',#1529,#1530,#1811,.T.);
#1096=EDGE_CURVE('',#1531,#1530,#1812,.T.);
#1097=EDGE_CURVE('',#1531,#1528,#1813,.T.);
#1098=EDGE_CURVE('',#1518,#1531,#1814,.T.);
#1099=EDGE_CURVE('',#1528,#1519,#1815,.T.);
#1100=EDGE_CURVE('',#1532,#1533,#1816,.T.);
#1101=EDGE_CURVE('',#1534,#1532,#1817,.T.);
#1102=EDGE_CURVE('',#1535,#1534,#1818,.T.);
#1103=EDGE_CURVE('',#1536,#1535,#1819,.T.);
#1104=EDGE_CURVE('',#1537,#1536,#1820,.T.);
#1105=EDGE_CURVE('',#1538,#1537,#1821,.T.);
#1106=EDGE_CURVE('',#1539,#1538,#1822,.T.);
#1107=EDGE_CURVE('',#1540,#1539,#1823,.T.);
#1108=EDGE_CURVE('',#1541,#1540,#1824,.T.);
#1109=EDGE_CURVE('',#1542,#1541,#1825,.T.);
#1110=EDGE_CURVE('',#1542,#1543,#1826,.T.);
#1111=EDGE_CURVE('',#1543,#1544,#1827,.T.);
#1112=EDGE_CURVE('',#1545,#1544,#1828,.T.);
#1113=EDGE_CURVE('',#1546,#1545,#1829,.T.);
#1114=EDGE_CURVE('',#1547,#1546,#1830,.T.);
#1115=EDGE_CURVE('',#1533,#1547,#1831,.T.);
#1116=EDGE_CURVE('',#1548,#1549,#103,.F.);
#1117=EDGE_CURVE('',#1549,#1550,#1832,.F.);
#1118=EDGE_CURVE('',#1550,#1473,#1833,.T.);
#1119=EDGE_CURVE('',#1548,#1472,#1834,.T.);
#1120=EDGE_CURVE('',#1551,#1552,#1835,.T.);
#1121=EDGE_CURVE('',#1552,#1507,#1836,.T.);
#1122=EDGE_CURVE('',#1551,#1506,#1837,.T.);
#1123=EDGE_CURVE('',#1504,#1553,#1838,.T.);
#1124=EDGE_CURVE('',#1554,#1553,#1839,.F.);
#1125=EDGE_CURVE('',#1505,#1554,#1840,.T.);
#1126=EDGE_CURVE('',#1555,#1556,#1841,.T.);
#1127=EDGE_CURVE('',#1556,#1557,#1842,.T.);
#1128=EDGE_CURVE('',#1557,#1558,#104,.F.);
#1129=EDGE_CURVE('',#1558,#1559,#1843,.T.);
#1130=EDGE_CURVE('',#1559,#1555,#1844,.T.);
#1131=EDGE_CURVE('',#1560,#1561,#1845,.T.);
#1132=EDGE_CURVE('',#1561,#1562,#1846,.T.);
#1133=EDGE_CURVE('',#1562,#1563,#105,.F.);
#1134=EDGE_CURVE('',#1563,#1564,#1847,.T.);
#1135=EDGE_CURVE('',#1564,#1565,#106,.F.);
#1136=EDGE_CURVE('',#1565,#1560,#1848,.T.);
#1137=EDGE_CURVE('',#1566,#1567,#1849,.T.);
#1138=EDGE_CURVE('',#1567,#1556,#1850,.T.);
#1139=EDGE_CURVE('',#1555,#1568,#1851,.T.);
#1140=EDGE_CURVE('',#1568,#1474,#1852,.T.);
#1141=EDGE_CURVE('',#1550,#1552,#107,.F.);
#1142=EDGE_CURVE('',#1566,#1551,#1853,.T.);
#1143=EDGE_CURVE('',#1569,#1570,#1854,.F.);
#1144=EDGE_CURVE('',#1570,#1571,#108,.F.);
#1145=EDGE_CURVE('',#1493,#1571,#1855,.T.);
#1146=EDGE_CURVE('',#1572,#1492,#1856,.T.);
#1147=EDGE_CURVE('',#1572,#1569,#109,.F.);
#1148=EDGE_CURVE('',#1573,#1573,#110,.T.);
#1149=EDGE_CURVE('',#1574,#1575,#1857,.T.);
#1150=EDGE_CURVE('',#1575,#1576,#111,.T.);
#1151=EDGE_CURVE('',#1576,#1577,#1858,.T.);
#1152=EDGE_CURVE('',#1577,#1554,#112,.T.);
#1153=EDGE_CURVE('',#1553,#1578,#113,.T.);
#1154=EDGE_CURVE('',#1579,#1578,#1859,.T.);
#1155=EDGE_CURVE('',#1574,#1579,#114,.F.);
#1156=EDGE_CURVE('',#1580,#1581,#1860,.T.);
#1157=EDGE_CURVE('',#1581,#1582,#1861,.T.);
#1158=EDGE_CURVE('',#1583,#1582,#1862,.T.);
#1159=EDGE_CURVE('',#1583,#1580,#1863,.T.);
#1160=EDGE_CURVE('',#1482,#1581,#1864,.T.);
#1161=EDGE_CURVE('',#1483,#1580,#1865,.T.);
#1162=EDGE_CURVE('',#1584,#1585,#1866,.T.);
#1163=EDGE_CURVE('',#1584,#1586,#1867,.T.);
#1164=EDGE_CURVE('',#1586,#1587,#1868,.T.);
#1165=EDGE_CURVE('',#1588,#1587,#1869,.T.);
#1166=EDGE_CURVE('',#1588,#1589,#1870,.T.);
#1167=EDGE_CURVE('',#1585,#1589,#1871,.T.);
#1168=EDGE_CURVE('',#1589,#1590,#1872,.T.);
#1169=EDGE_CURVE('',#1588,#1591,#1873,.T.);
#1170=EDGE_CURVE('',#1591,#1592,#1874,.T.);
#1171=EDGE_CURVE('',#1592,#1593,#1875,.T.);
#1172=EDGE_CURVE('',#1593,#1590,#1876,.T.);
#1173=EDGE_CURVE('',#1590,#1594,#1877,.T.);
#1174=EDGE_CURVE('',#1593,#1595,#1878,.T.);
#1175=EDGE_CURVE('',#1595,#1596,#1879,.T.);
#1176=EDGE_CURVE('',#1597,#1596,#1880,.T.);
#1177=EDGE_CURVE('',#1597,#1594,#1881,.T.);
#1178=EDGE_CURVE('',#1584,#1597,#1882,.T.);
#1179=EDGE_CURVE('',#1594,#1585,#1883,.T.);
#1180=EDGE_CURVE('',#1576,#1598,#1884,.T.);
#1181=EDGE_CURVE('',#1599,#1598,#1885,.F.);
#1182=EDGE_CURVE('',#1577,#1599,#1886,.T.);
#1183=EDGE_CURVE('',#1600,#1601,#1887,.T.);
#1184=EDGE_CURVE('',#1601,#1602,#1888,.T.);
#1185=EDGE_CURVE('',#1602,#1603,#115,.F.);
#1186=EDGE_CURVE('',#1603,#1604,#1889,.T.);
#1187=EDGE_CURVE('',#1604,#1605,#116,.F.);
#1188=EDGE_CURVE('',#1605,#1600,#1890,.T.);
#1189=EDGE_CURVE('',#1606,#1607,#1891,.F.);
#1190=EDGE_CURVE('',#1607,#1608,#117,.F.);
#1191=EDGE_CURVE('',#1489,#1608,#1892,.T.);
#1192=EDGE_CURVE('',#1488,#1606,#1893,.T.);
#1193=EDGE_CURVE('',#1609,#1609,#118,.T.);
#1194=EDGE_CURVE('',#1610,#1611,#1894,.T.);
#1195=EDGE_CURVE('',#1611,#1612,#119,.T.);
#1196=EDGE_CURVE('',#1612,#1613,#1895,.T.);
#1197=EDGE_CURVE('',#1613,#1599,#120,.T.);
#1198=EDGE_CURVE('',#1598,#1614,#121,.T.);
#1199=EDGE_CURVE('',#1615,#1614,#1896,.T.);
#1200=EDGE_CURVE('',#1610,#1615,#122,.F.);
#1201=EDGE_CURVE('',#1616,#1617,#1897,.T.);
#1202=EDGE_CURVE('',#1617,#1618,#1898,.T.);
#1203=EDGE_CURVE('',#1619,#1618,#1899,.T.);
#1204=EDGE_CURVE('',#1619,#1616,#1900,.T.);
#1205=EDGE_CURVE('',#1620,#1568,#1901,.T.);
#1206=EDGE_CURVE('',#1621,#1620,#123,.T.);
#1207=EDGE_CURVE('',#1622,#1621,#1902,.T.);
#1208=EDGE_CURVE('',#1623,#1622,#124,.T.);
#1209=EDGE_CURVE('',#1624,#1623,#1903,.T.);
#1210=EDGE_CURVE('',#1625,#1624,#125,.T.);
#1211=EDGE_CURVE('',#1626,#1625,#1904,.T.);
#1212=EDGE_CURVE('',#1487,#1626,#1905,.T.);
#1213=EDGE_CURVE('',#1486,#1617,#1906,.T.);
#1214=EDGE_CURVE('',#1616,#1627,#1907,.T.);
#1215=EDGE_CURVE('',#1627,#1628,#1908,.T.);
#1216=EDGE_CURVE('',#1517,#1628,#1909,.T.);
#1217=EDGE_CURVE('',#1475,#1516,#1910,.T.);
#1218=EDGE_CURVE('',#1629,#1630,#1911,.T.);
#1219=EDGE_CURVE('',#1629,#1631,#1912,.T.);
#1220=EDGE_CURVE('',#1631,#1632,#1913,.T.);
#1221=EDGE_CURVE('',#1633,#1632,#1914,.T.);
#1222=EDGE_CURVE('',#1633,#1634,#1915,.T.);
#1223=EDGE_CURVE('',#1630,#1634,#1916,.T.);
#1224=EDGE_CURVE('',#1634,#1635,#1917,.T.);
#1225=EDGE_CURVE('',#1633,#1636,#1918,.T.);
#1226=EDGE_CURVE('',#1636,#1637,#1919,.T.);
#1227=EDGE_CURVE('',#1637,#1638,#1920,.T.);
#1228=EDGE_CURVE('',#1638,#1635,#1921,.T.);
#1229=EDGE_CURVE('',#1635,#1639,#1922,.T.);
#1230=EDGE_CURVE('',#1638,#1640,#1923,.T.);
#1231=EDGE_CURVE('',#1640,#1641,#1924,.T.);
#1232=EDGE_CURVE('',#1642,#1641,#1925,.T.);
#1233=EDGE_CURVE('',#1642,#1639,#1926,.T.);
#1234=EDGE_CURVE('',#1629,#1642,#1927,.T.);
#1235=EDGE_CURVE('',#1639,#1630,#1928,.T.);
#1236=EDGE_CURVE('',#1612,#1643,#1929,.T.);
#1237=EDGE_CURVE('',#1644,#1643,#1930,.T.);
#1238=EDGE_CURVE('',#1613,#1644,#1931,.T.);
#1239=EDGE_CURVE('',#1645,#1646,#1932,.T.);
#1240=EDGE_CURVE('',#1645,#1647,#1933,.T.);
#1241=EDGE_CURVE('',#1648,#1647,#1934,.T.);
#1242=EDGE_CURVE('',#1644,#1648,#1935,.T.);
#1243=EDGE_CURVE('',#1643,#1606,#126,.F.);
#1244=EDGE_CURVE('',#1646,#1626,#1936,.T.);
#1245=EDGE_CURVE('',#1646,#1649,#1937,.T.);
#1246=EDGE_CURVE('',#1649,#1650,#1938,.T.);
#1247=EDGE_CURVE('',#1650,#1651,#127,.F.);
#1248=EDGE_CURVE('',#1651,#1645,#1939,.T.);
#1249=EDGE_CURVE('',#1628,#1545,#1940,.T.);
#1250=EDGE_CURVE('',#1627,#1542,#1941,.T.);
#1251=EDGE_CURVE('',#1652,#1541,#1942,.T.);
#1252=EDGE_CURVE('',#1653,#1652,#1943,.T.);
#1253=EDGE_CURVE('',#1653,#1538,#1944,.T.);
#1254=EDGE_CURVE('',#1654,#1537,#1945,.T.);
#1255=EDGE_CURVE('',#1655,#1654,#1946,.T.);
#1256=EDGE_CURVE('',#1655,#1534,#1947,.T.);
#1257=EDGE_CURVE('',#1656,#1532,#1948,.T.);
#1258=EDGE_CURVE('',#1657,#1656,#1949,.T.);
#1259=EDGE_CURVE('',#1657,#1546,#1950,.T.);
#1260=EDGE_CURVE('',#1544,#1658,#1951,.T.);
#1261=EDGE_CURVE('',#1543,#1659,#1952,.T.);
#1262=EDGE_CURVE('',#1659,#1658,#1953,.T.);
#1263=EDGE_CURVE('',#1658,#1660,#1954,.T.);
#1264=EDGE_CURVE('',#1659,#1661,#1955,.T.);
#1265=EDGE_CURVE('',#1661,#1660,#1956,.T.);
#1266=EDGE_CURVE('',#1660,#1515,#1957,.T.);
#1267=EDGE_CURVE('',#1661,#1619,#1958,.T.);
#1268=EDGE_CURVE('',#1618,#1583,#1959,.T.);
#1269=EDGE_CURVE('',#1582,#1513,#1960,.T.);
#1270=EDGE_CURVE('',#1512,#1514,#1961,.T.);
#1271=EDGE_CURVE('',#1662,#1663,#1962,.T.);
#1272=EDGE_CURVE('',#1663,#1649,#1963,.T.);
#1273=EDGE_CURVE('',#1664,#1625,#1964,.T.);
#1274=EDGE_CURVE('',#1662,#1664,#1965,.T.);
#1275=EDGE_CURVE('',#1665,#1624,#1966,.T.);
#1276=EDGE_CURVE('',#1664,#1665,#128,.T.);
#1277=EDGE_CURVE('',#1666,#1667,#1967,.T.);
#1278=EDGE_CURVE('',#1667,#1601,#1968,.T.);
#1279=EDGE_CURVE('',#1600,#1668,#1969,.T.);
#1280=EDGE_CURVE('',#1669,#1668,#1970,.T.);
#1281=EDGE_CURVE('',#1665,#1669,#1971,.T.);
#1282=EDGE_CURVE('',#1670,#1623,#1972,.T.);
#1283=EDGE_CURVE('',#1666,#1670,#1973,.T.);
#1284=EDGE_CURVE('',#1668,#1671,#1974,.T.);
#1285=EDGE_CURVE('',#1672,#1671,#1975,.T.);
#1286=EDGE_CURVE('',#1669,#1672,#1976,.T.);
#1287=EDGE_CURVE('',#1671,#1673,#129,.T.);
#1288=EDGE_CURVE('',#1674,#1673,#1977,.T.);
#1289=EDGE_CURVE('',#1672,#1674,#130,.T.);
#1290=EDGE_CURVE('',#1673,#1675,#1978,.T.);
#1291=EDGE_CURVE('',#1676,#1675,#1979,.T.);
#1292=EDGE_CURVE('',#1674,#1676,#1980,.T.);
#1293=EDGE_CURVE('',#1647,#1677,#1981,.T.);
#1294=EDGE_CURVE('',#1678,#1677,#1982,.T.);
#1295=EDGE_CURVE('',#1648,#1678,#1983,.T.);
#1296=EDGE_CURVE('',#1677,#1679,#131,.T.);
#1297=EDGE_CURVE('',#1680,#1679,#1984,.T.);
#1298=EDGE_CURVE('',#1678,#1680,#132,.T.);
#1299=EDGE_CURVE('',#1679,#1663,#1985,.T.);
#1300=EDGE_CURVE('',#1680,#1662,#1986,.T.);
#1301=EDGE_CURVE('',#1676,#1681,#133,.T.);
#1302=EDGE_CURVE('',#1681,#1666,#1987,.T.);
#1303=EDGE_CURVE('',#1670,#1682,#134,.T.);
#1304=EDGE_CURVE('',#1682,#1683,#1988,.T.);
#1305=EDGE_CURVE('',#1683,#1684,#1989,.T.);
#1306=EDGE_CURVE('',#1684,#1685,#135,.T.);
#1307=EDGE_CURVE('',#1685,#1686,#1990,.T.);
#1308=EDGE_CURVE('',#1686,#1687,#136,.T.);
#1309=EDGE_CURVE('',#1687,#1688,#1991,.T.);
#1310=EDGE_CURVE('',#1688,#1689,#1992,.T.);
#1311=EDGE_CURVE('',#1689,#1690,#137,.T.);
#1312=EDGE_CURVE('',#1690,#1691,#1993,.T.);
#1313=EDGE_CURVE('',#1691,#1692,#1994,.T.);
#1314=EDGE_CURVE('',#1692,#1693,#138,.T.);
#1315=EDGE_CURVE('',#1693,#1566,#1995,.T.);
#1316=EDGE_CURVE('',#1694,#1695,#1996,.T.);
#1317=EDGE_CURVE('',#1694,#1652,#1997,.T.);
#1318=EDGE_CURVE('',#1696,#1540,#1998,.T.);
#1319=EDGE_CURVE('',#1695,#1696,#1999,.T.);
#1320=EDGE_CURVE('',#1697,#1539,#2000,.T.);
#1321=EDGE_CURVE('',#1696,#1697,#2001,.T.);
#1322=EDGE_CURVE('',#1653,#1698,#2002,.T.);
#1323=EDGE_CURVE('',#1698,#1699,#2003,.T.);
#1324=EDGE_CURVE('',#1697,#1699,#2004,.T.);
#1325=EDGE_CURVE('',#1700,#1700,#139,.T.);
#1326=EDGE_CURVE('',#1637,#1701,#2005,.T.);
#1327=EDGE_CURVE('',#1636,#1702,#2006,.T.);
#1328=EDGE_CURVE('',#1695,#1702,#2007,.T.);
#1329=EDGE_CURVE('',#1701,#1699,#2008,.T.);
#1330=EDGE_CURVE('',#1701,#1640,#2009,.T.);
#1331=EDGE_CURVE('',#1698,#1694,#2010,.T.);
#1332=EDGE_CURVE('',#1632,#1702,#2011,.T.);
#1333=EDGE_CURVE('',#1641,#1631,#2012,.T.);
#1334=EDGE_CURVE('',#1485,#1618,#2013,.T.);
#1335=EDGE_CURVE('',#1484,#1583,#2014,.T.);
#1336=EDGE_CURVE('',#1608,#1611,#53,.T.);
#1337=EDGE_CURVE('',#1703,#1610,#2015,.T.);
#1338=EDGE_CURVE('',#1703,#1490,#140,.T.);
#1339=EDGE_CURVE('',#1614,#1572,#54,.T.);
#1340=EDGE_CURVE('',#1491,#1704,#141,.T.);
#1341=EDGE_CURVE('',#1615,#1704,#2016,.T.);
#1342=EDGE_CURVE('',#1704,#1703,#2017,.T.);
#1343=EDGE_CURVE('',#1569,#1598,#55,.F.);
#1344=EDGE_CURVE('',#1570,#1576,#56,.F.);
#1345=EDGE_CURVE('',#1607,#1612,#57,.F.);
#1346=EDGE_CURVE('',#1671,#1605,#58,.F.);
#1347=EDGE_CURVE('',#1673,#1604,#59,.F.);
#1348=EDGE_CURVE('',#1675,#1603,#60,.F.);
#1349=EDGE_CURVE('',#1677,#1651,#61,.F.);
#1350=EDGE_CURVE('',#1679,#1650,#62,.F.);
#1351=EDGE_CURVE('',#1682,#1622,#2018,.T.);
#1352=EDGE_CURVE('',#1688,#1705,#2019,.T.);
#1353=EDGE_CURVE('',#1705,#1561,#2020,.T.);
#1354=EDGE_CURVE('',#1560,#1706,#2021,.T.);
#1355=EDGE_CURVE('',#1683,#1706,#2022,.T.);
#1356=EDGE_CURVE('',#1689,#1621,#2023,.T.);
#1357=EDGE_CURVE('',#1706,#1707,#2024,.T.);
#1358=EDGE_CURVE('',#1684,#1707,#2025,.T.);
#1359=EDGE_CURVE('',#1707,#1708,#142,.T.);
#1360=EDGE_CURVE('',#1685,#1708,#2026,.T.);
#1361=EDGE_CURVE('',#1708,#1709,#2027,.T.);
#1362=EDGE_CURVE('',#1686,#1709,#2028,.T.);
#1363=EDGE_CURVE('',#1675,#1710,#143,.T.);
#1364=EDGE_CURVE('',#1681,#1710,#2029,.T.);
#1365=EDGE_CURVE('',#1710,#1667,#2030,.T.);
#1366=EDGE_CURVE('',#1711,#1712,#2031,.T.);
#1367=EDGE_CURVE('',#1711,#1654,#2032,.T.);
#1368=EDGE_CURVE('',#1713,#1536,#2033,.T.);
#1369=EDGE_CURVE('',#1712,#1713,#2034,.T.);
#1370=EDGE_CURVE('',#1714,#1535,#2035,.T.);
#1371=EDGE_CURVE('',#1713,#1714,#2036,.T.);
#1372=EDGE_CURVE('',#1655,#1715,#2037,.T.);
#1373=EDGE_CURVE('',#1715,#1716,#2038,.T.);
#1374=EDGE_CURVE('',#1714,#1716,#2039,.T.);
#1375=EDGE_CURVE('',#1717,#1717,#144,.T.);
#1376=EDGE_CURVE('',#1592,#1718,#2040,.T.);
#1377=EDGE_CURVE('',#1591,#1719,#2041,.T.);
#1378=EDGE_CURVE('',#1712,#1719,#2042,.T.);
#1379=EDGE_CURVE('',#1718,#1716,#2043,.T.);
#1380=EDGE_CURVE('',#1718,#1595,#2044,.T.);
#1381=EDGE_CURVE('',#1715,#1711,#2045,.T.);
#1382=EDGE_CURVE('',#1587,#1719,#2046,.T.);
#1383=EDGE_CURVE('',#1596,#1586,#2047,.T.);
#1384=EDGE_CURVE('',#1481,#1582,#2048,.T.);
#1385=EDGE_CURVE('',#1480,#1513,#2049,.T.);
#1386=EDGE_CURVE('',#1571,#1575,#63,.T.);
#1387=EDGE_CURVE('',#1720,#1574,#2050,.T.);
#1388=EDGE_CURVE('',#1720,#1494,#145,.T.);
#1389=EDGE_CURVE('',#1578,#1500,#64,.T.);
#1390=EDGE_CURVE('',#1495,#1721,#146,.T.);
#1391=EDGE_CURVE('',#1579,#1721,#2051,.T.);
#1392=EDGE_CURVE('',#1721,#1720,#2052,.T.);
#1393=EDGE_CURVE('',#1497,#1553,#65,.F.);
#1394=EDGE_CURVE('',#1498,#1504,#66,.F.);
#1395=EDGE_CURVE('',#1707,#1565,#67,.F.);
#1396=EDGE_CURVE('',#1708,#1564,#68,.F.);
#1397=EDGE_CURVE('',#1709,#1563,#69,.F.);
#1398=EDGE_CURVE('',#1710,#1602,#70,.F.);
#1399=EDGE_CURVE('',#1690,#1620,#2053,.T.);
#1400=EDGE_CURVE('',#1559,#1722,#2054,.T.);
#1401=EDGE_CURVE('',#1691,#1722,#2055,.T.);
#1402=EDGE_CURVE('',#1722,#1723,#2056,.T.);
#1403=EDGE_CURVE('',#1692,#1723,#2057,.T.);
#1404=EDGE_CURVE('',#1723,#1724,#147,.T.);
#1405=EDGE_CURVE('',#1693,#1724,#2058,.T.);
#1406=EDGE_CURVE('',#1724,#1567,#2059,.T.);
#1407=EDGE_CURVE('',#1709,#1725,#148,.T.);
#1408=EDGE_CURVE('',#1687,#1725,#2060,.T.);
#1409=EDGE_CURVE('',#1725,#1705,#2061,.T.);
#1410=EDGE_CURVE('',#1726,#1727,#2062,.T.);
#1411=EDGE_CURVE('',#1726,#1656,#2063,.T.);
#1412=EDGE_CURVE('',#1728,#1533,#2064,.T.);
#1413=EDGE_CURVE('',#1727,#1728,#2065,.T.);
#1414=EDGE_CURVE('',#1729,#1547,#2066,.T.);
#1415=EDGE_CURVE('',#1728,#1729,#2067,.T.);
#1416=EDGE_CURVE('',#1657,#1730,#2068,.T.);
#1417=EDGE_CURVE('',#1730,#1731,#2069,.T.);
#1418=EDGE_CURVE('',#1729,#1731,#2070,.T.);
#1419=EDGE_CURVE('',#1732,#1732,#149,.T.);
#1420=EDGE_CURVE('',#1526,#1733,#2071,.T.);
#1421=EDGE_CURVE('',#1525,#1734,#2072,.T.);
#1422=EDGE_CURVE('',#1727,#1734,#2073,.T.);
#1423=EDGE_CURVE('',#1733,#1731,#2074,.T.);
#1424=EDGE_CURVE('',#1733,#1529,#2075,.T.);
#1425=EDGE_CURVE('',#1730,#1726,#2076,.T.);
#1426=EDGE_CURVE('',#1521,#1734,#2077,.T.);
#1427=EDGE_CURVE('',#1530,#1520,#2078,.T.);
#1428=EDGE_CURVE('',#1477,#1512,#2079,.T.);
#1429=EDGE_CURVE('',#1476,#1514,#2080,.T.);
#1430=EDGE_CURVE('',#1499,#1503,#71,.T.);
#1431=EDGE_CURVE('',#1735,#1502,#2081,.T.);
#1432=EDGE_CURVE('',#1735,#1469,#150,.T.);
#1433=EDGE_CURVE('',#1508,#1548,#72,.T.);
#1434=EDGE_CURVE('',#1471,#1736,#151,.T.);
#1435=EDGE_CURVE('',#1509,#1736,#2082,.T.);
#1436=EDGE_CURVE('',#1736,#1735,#2083,.T.);
#1437=EDGE_CURVE('',#1549,#1507,#73,.F.);
#1438=EDGE_CURVE('',#1723,#1558,#74,.F.);
#1439=EDGE_CURVE('',#1724,#1557,#75,.F.);
#1440=EDGE_CURVE('',#1725,#1562,#76,.F.);
#1441=EDGE_CURVE('',#1737,#1738,#2084,.T.);
#1442=EDGE_CURVE('',#1737,#1739,#2085,.T.);
#1443=EDGE_CURVE('',#1739,#1740,#2086,.T.);
#1444=EDGE_CURVE('',#1740,#1738,#2087,.T.);
#1445=EDGE_CURVE('',#1741,#1742,#2088,.T.);
#1446=EDGE_CURVE('',#1741,#1737,#2089,.T.);
#1447=EDGE_CURVE('',#1738,#1742,#2090,.T.);
#1448=EDGE_CURVE('',#1743,#1744,#2091,.T.);
#1449=EDGE_CURVE('',#1743,#1741,#2092,.T.);
#1450=EDGE_CURVE('',#1742,#1744,#2093,.T.);
#1451=EDGE_CURVE('',#1739,#1743,#2094,.T.);
#1452=EDGE_CURVE('',#1744,#1740,#2095,.T.);
#1453=EDGE_CURVE('',#1745,#1746,#2096,.T.);
#1454=EDGE_CURVE('',#1746,#1747,#2097,.T.);
#1455=EDGE_CURVE('',#1747,#1748,#2098,.T.);
#1456=EDGE_CURVE('',#1748,#1745,#2099,.T.);
#1457=EDGE_CURVE('',#1749,#1750,#2100,.T.);
#1458=EDGE_CURVE('',#1750,#1751,#2101,.T.);
#1459=EDGE_CURVE('',#1751,#1752,#2102,.T.);
#1460=EDGE_CURVE('',#1752,#1749,#2103,.T.);
#1461=EDGE_CURVE('',#1741,#1748,#2104,.F.);
#1462=EDGE_CURVE('',#1745,#1743,#2105,.F.);
#1463=EDGE_CURVE('',#1746,#1739,#2106,.F.);
#1464=EDGE_CURVE('',#1737,#1747,#2107,.F.);
#1465=EDGE_CURVE('',#1749,#1738,#2108,.F.);
#1466=EDGE_CURVE('',#1742,#1752,#2109,.T.);
#1467=EDGE_CURVE('',#1744,#1751,#2110,.F.);
#1468=EDGE_CURVE('',#1750,#1740,#2111,.F.);
#1469=VERTEX_POINT('',#4160);
#1470=VERTEX_POINT('',#4161);
#1471=VERTEX_POINT('',#4163);
#1472=VERTEX_POINT('',#4165);
#1473=VERTEX_POINT('',#4167);
#1474=VERTEX_POINT('',#4169);
#1475=VERTEX_POINT('',#4171);
#1476=VERTEX_POINT('',#4173);
#1477=VERTEX_POINT('',#4175);
#1478=VERTEX_POINT('',#4177);
#1479=VERTEX_POINT('',#4179);
#1480=VERTEX_POINT('',#4181);
#1481=VERTEX_POINT('',#4183);
#1482=VERTEX_POINT('',#4185);
#1483=VERTEX_POINT('',#4187);
#1484=VERTEX_POINT('',#4189);
#1485=VERTEX_POINT('',#4191);
#1486=VERTEX_POINT('',#4193);
#1487=VERTEX_POINT('',#4195);
#1488=VERTEX_POINT('',#4197);
#1489=VERTEX_POINT('',#4199);
#1490=VERTEX_POINT('',#4201);
#1491=VERTEX_POINT('',#4203);
#1492=VERTEX_POINT('',#4205);
#1493=VERTEX_POINT('',#4207);
#1494=VERTEX_POINT('',#4209);
#1495=VERTEX_POINT('',#4211);
#1496=VERTEX_POINT('',#4213);
#1497=VERTEX_POINT('',#4217);
#1498=VERTEX_POINT('',#4218);
#1499=VERTEX_POINT('',#4220);
#1500=VERTEX_POINT('',#4223);
#1501=VERTEX_POINT('',#4227);
#1502=VERTEX_POINT('',#4229);
#1503=VERTEX_POINT('',#4230);
#1504=VERTEX_POINT('',#4232);
#1505=VERTEX_POINT('',#4234);
#1506=VERTEX_POINT('',#4236);
#1507=VERTEX_POINT('',#4238);
#1508=VERTEX_POINT('',#4240);
#1509=VERTEX_POINT('',#4242);
#1510=VERTEX_POINT('',#4246);
#1511=VERTEX_POINT('',#4247);
#1512=VERTEX_POINT('',#4249);
#1513=VERTEX_POINT('',#4251);
#1514=VERTEX_POINT('',#4255);
#1515=VERTEX_POINT('',#4256);
#1516=VERTEX_POINT('',#4258);
#1517=VERTEX_POINT('',#4260);
#1518=VERTEX_POINT('',#4267);
#1519=VERTEX_POINT('',#4268);
#1520=VERTEX_POINT('',#4270);
#1521=VERTEX_POINT('',#4272);
#1522=VERTEX_POINT('',#4274);
#1523=VERTEX_POINT('',#4276);
#1524=VERTEX_POINT('',#4280);
#1525=VERTEX_POINT('',#4282);
#1526=VERTEX_POINT('',#4284);
#1527=VERTEX_POINT('',#4286);
#1528=VERTEX_POINT('',#4290);
#1529=VERTEX_POINT('',#4292);
#1530=VERTEX_POINT('',#4294);
#1531=VERTEX_POINT('',#4296);
#1532=VERTEX_POINT('',#4303);
#1533=VERTEX_POINT('',#4304);
#1534=VERTEX_POINT('',#4306);
#1535=VERTEX_POINT('',#4308);
#1536=VERTEX_POINT('',#4310);
#1537=VERTEX_POINT('',#4312);
#1538=VERTEX_POINT('',#4314);
#1539=VERTEX_POINT('',#4316);
#1540=VERTEX_POINT('',#4318);
#1541=VERTEX_POINT('',#4320);
#1542=VERTEX_POINT('',#4322);
#1543=VERTEX_POINT('',#4324);
#1544=VERTEX_POINT('',#4326);
#1545=VERTEX_POINT('',#4328);
#1546=VERTEX_POINT('',#4330);
#1547=VERTEX_POINT('',#4332);
#1548=VERTEX_POINT('',#4337);
#1549=VERTEX_POINT('',#4338);
#1550=VERTEX_POINT('',#4340);
#1551=VERTEX_POINT('',#4345);
#1552=VERTEX_POINT('',#4346);
#1553=VERTEX_POINT('',#4351);
#1554=VERTEX_POINT('',#4353);
#1555=VERTEX_POINT('',#4357);
#1556=VERTEX_POINT('',#4358);
#1557=VERTEX_POINT('',#4360);
#1558=VERTEX_POINT('',#4362);
#1559=VERTEX_POINT('',#4364);
#1560=VERTEX_POINT('',#4368);
#1561=VERTEX_POINT('',#4369);
#1562=VERTEX_POINT('',#4371);
#1563=VERTEX_POINT('',#4373);
#1564=VERTEX_POINT('',#4375);
#1565=VERTEX_POINT('',#4377);
#1566=VERTEX_POINT('',#4381);
#1567=VERTEX_POINT('',#4382);
#1568=VERTEX_POINT('',#4385);
#1569=VERTEX_POINT('',#4391);
#1570=VERTEX_POINT('',#4392);
#1571=VERTEX_POINT('',#4394);
#1572=VERTEX_POINT('',#4397);
#1573=VERTEX_POINT('',#4401);
#1574=VERTEX_POINT('',#4403);
#1575=VERTEX_POINT('',#4404);
#1576=VERTEX_POINT('',#4406);
#1577=VERTEX_POINT('',#4408);
#1578=VERTEX_POINT('',#4411);
#1579=VERTEX_POINT('',#4413);
#1580=VERTEX_POINT('',#4417);
#1581=VERTEX_POINT('',#4418);
#1582=VERTEX_POINT('',#4420);
#1583=VERTEX_POINT('',#4422);
#1584=VERTEX_POINT('',#4429);
#1585=VERTEX_POINT('',#4430);
#1586=VERTEX_POINT('',#4432);
#1587=VERTEX_POINT('',#4434);
#1588=VERTEX_POINT('',#4436);
#1589=VERTEX_POINT('',#4438);
#1590=VERTEX_POINT('',#4442);
#1591=VERTEX_POINT('',#4444);
#1592=VERTEX_POINT('',#4446);
#1593=VERTEX_POINT('',#4448);
#1594=VERTEX_POINT('',#4452);
#1595=VERTEX_POINT('',#4454);
#1596=VERTEX_POINT('',#4456);
#1597=VERTEX_POINT('',#4458);
#1598=VERTEX_POINT('',#4466);
#1599=VERTEX_POINT('',#4468);
#1600=VERTEX_POINT('',#4472);
#1601=VERTEX_POINT('',#4473);
#1602=VERTEX_POINT('',#4475);
#1603=VERTEX_POINT('',#4477);
#1604=VERTEX_POINT('',#4479);
#1605=VERTEX_POINT('',#4481);
#1606=VERTEX_POINT('',#4485);
#1607=VERTEX_POINT('',#4486);
#1608=VERTEX_POINT('',#4488);
#1609=VERTEX_POINT('',#4493);
#1610=VERTEX_POINT('',#4495);
#1611=VERTEX_POINT('',#4496);
#1612=VERTEX_POINT('',#4498);
#1613=VERTEX_POINT('',#4500);
#1614=VERTEX_POINT('',#4503);
#1615=VERTEX_POINT('',#4505);
#1616=VERTEX_POINT('',#4509);
#1617=VERTEX_POINT('',#4510);
#1618=VERTEX_POINT('',#4512);
#1619=VERTEX_POINT('',#4514);
#1620=VERTEX_POINT('',#4518);
#1621=VERTEX_POINT('',#4520);
#1622=VERTEX_POINT('',#4522);
#1623=VERTEX_POINT('',#4524);
#1624=VERTEX_POINT('',#4526);
#1625=VERTEX_POINT('',#4528);
#1626=VERTEX_POINT('',#4530);
#1627=VERTEX_POINT('',#4534);
#1628=VERTEX_POINT('',#4536);
#1629=VERTEX_POINT('',#4541);
#1630=VERTEX_POINT('',#4542);
#1631=VERTEX_POINT('',#4544);
#1632=VERTEX_POINT('',#4546);
#1633=VERTEX_POINT('',#4548);
#1634=VERTEX_POINT('',#4550);
#1635=VERTEX_POINT('',#4554);
#1636=VERTEX_POINT('',#4556);
#1637=VERTEX_POINT('',#4558);
#1638=VERTEX_POINT('',#4560);
#1639=VERTEX_POINT('',#4564);
#1640=VERTEX_POINT('',#4566);
#1641=VERTEX_POINT('',#4568);
#1642=VERTEX_POINT('',#4570);
#1643=VERTEX_POINT('',#4578);
#1644=VERTEX_POINT('',#4580);
#1645=VERTEX_POINT('',#4584);
#1646=VERTEX_POINT('',#4585);
#1647=VERTEX_POINT('',#4587);
#1648=VERTEX_POINT('',#4589);
#1649=VERTEX_POINT('',#4595);
#1650=VERTEX_POINT('',#4597);
#1651=VERTEX_POINT('',#4599);
#1652=VERTEX_POINT('',#4605);
#1653=VERTEX_POINT('',#4607);
#1654=VERTEX_POINT('',#4610);
#1655=VERTEX_POINT('',#4612);
#1656=VERTEX_POINT('',#4615);
#1657=VERTEX_POINT('',#4617);
#1658=VERTEX_POINT('',#4621);
#1659=VERTEX_POINT('',#4623);
#1660=VERTEX_POINT('',#4627);
#1661=VERTEX_POINT('',#4629);
#1662=VERTEX_POINT('',#4641);
#1663=VERTEX_POINT('',#4642);
#1664=VERTEX_POINT('',#4645);
#1665=VERTEX_POINT('',#4649);
#1666=VERTEX_POINT('',#4653);
#1667=VERTEX_POINT('',#4654);
#1668=VERTEX_POINT('',#4657);
#1669=VERTEX_POINT('',#4659);
#1670=VERTEX_POINT('',#4662);
#1671=VERTEX_POINT('',#4666);
#1672=VERTEX_POINT('',#4668);
#1673=VERTEX_POINT('',#4672);
#1674=VERTEX_POINT('',#4674);
#1675=VERTEX_POINT('',#4678);
#1676=VERTEX_POINT('',#4680);
#1677=VERTEX_POINT('',#4684);
#1678=VERTEX_POINT('',#4686);
#1679=VERTEX_POINT('',#4690);
#1680=VERTEX_POINT('',#4692);
#1681=VERTEX_POINT('',#4699);
#1682=VERTEX_POINT('',#4702);
#1683=VERTEX_POINT('',#4704);
#1684=VERTEX_POINT('',#4706);
#1685=VERTEX_POINT('',#4708);
#1686=VERTEX_POINT('',#4710);
#1687=VERTEX_POINT('',#4712);
#1688=VERTEX_POINT('',#4714);
#1689=VERTEX_POINT('',#4716);
#1690=VERTEX_POINT('',#4718);
#1691=VERTEX_POINT('',#4720);
#1692=VERTEX_POINT('',#4722);
#1693=VERTEX_POINT('',#4724);
#1694=VERTEX_POINT('',#4728);
#1695=VERTEX_POINT('',#4729);
#1696=VERTEX_POINT('',#4732);
#1697=VERTEX_POINT('',#4736);
#1698=VERTEX_POINT('',#4740);
#1699=VERTEX_POINT('',#4742);
#1700=VERTEX_POINT('',#4746);
#1701=VERTEX_POINT('',#4748);
#1702=VERTEX_POINT('',#4750);
#1703=VERTEX_POINT('',#4773);
#1704=VERTEX_POINT('',#4781);
#1705=VERTEX_POINT('',#4833);
#1706=VERTEX_POINT('',#4836);
#1707=VERTEX_POINT('',#4841);
#1708=VERTEX_POINT('',#4845);
#1709=VERTEX_POINT('',#4849);
#1710=VERTEX_POINT('',#4853);
#1711=VERTEX_POINT('',#4859);
#1712=VERTEX_POINT('',#4860);
#1713=VERTEX_POINT('',#4863);
#1714=VERTEX_POINT('',#4867);
#1715=VERTEX_POINT('',#4871);
#1716=VERTEX_POINT('',#4873);
#1717=VERTEX_POINT('',#4877);
#1718=VERTEX_POINT('',#4879);
#1719=VERTEX_POINT('',#4881);
#1720=VERTEX_POINT('',#4904);
#1721=VERTEX_POINT('',#4912);
#1722=VERTEX_POINT('',#4954);
#1723=VERTEX_POINT('',#4958);
#1724=VERTEX_POINT('',#4962);
#1725=VERTEX_POINT('',#4968);
#1726=VERTEX_POINT('',#4974);
#1727=VERTEX_POINT('',#4975);
#1728=VERTEX_POINT('',#4978);
#1729=VERTEX_POINT('',#4982);
#1730=VERTEX_POINT('',#4986);
#1731=VERTEX_POINT('',#4988);
#1732=VERTEX_POINT('',#4992);
#1733=VERTEX_POINT('',#4994);
#1734=VERTEX_POINT('',#4996);
#1735=VERTEX_POINT('',#5019);
#1736=VERTEX_POINT('',#5027);
#1737=VERTEX_POINT('',#5060);
#1738=VERTEX_POINT('',#5061);
#1739=VERTEX_POINT('',#5063);
#1740=VERTEX_POINT('',#5065);
#1741=VERTEX_POINT('',#5069);
#1742=VERTEX_POINT('',#5070);
#1743=VERTEX_POINT('',#5075);
#1744=VERTEX_POINT('',#5076);
#1745=VERTEX_POINT('',#5084);
#1746=VERTEX_POINT('',#5085);
#1747=VERTEX_POINT('',#5087);
#1748=VERTEX_POINT('',#5089);
#1749=VERTEX_POINT('',#5093);
#1750=VERTEX_POINT('',#5094);
#1751=VERTEX_POINT('',#5096);
#1752=VERTEX_POINT('',#5098);
#1753=LINE('',#4159,#2112);
#1754=LINE('',#4162,#2113);
#1755=LINE('',#4164,#2114);
#1756=LINE('',#4166,#2115);
#1757=LINE('',#4168,#2116);
#1758=LINE('',#4170,#2117);
#1759=LINE('',#4172,#2118);
#1760=LINE('',#4174,#2119);
#1761=LINE('',#4176,#2120);
#1762=LINE('',#4178,#2121);
#1763=LINE('',#4180,#2122);
#1764=LINE('',#4182,#2123);
#1765=LINE('',#4184,#2124);
#1766=LINE('',#4186,#2125);
#1767=LINE('',#4188,#2126);
#1768=LINE('',#4190,#2127);
#1769=LINE('',#4192,#2128);
#1770=LINE('',#4194,#2129);
#1771=LINE('',#4196,#2130);
#1772=LINE('',#4198,#2131);
#1773=LINE('',#4200,#2132);
#1774=LINE('',#4202,#2133);
#1775=LINE('',#4204,#2134);
#1776=LINE('',#4206,#2135);
#1777=LINE('',#4208,#2136);
#1778=LINE('',#4210,#2137);
#1779=LINE('',#4212,#2138);
#1780=LINE('',#4214,#2139);
#1781=LINE('',#4216,#2140);
#1782=LINE('',#4221,#2141);
#1783=LINE('',#4222,#2142);
#1784=LINE('',#4228,#2143);
#1785=LINE('',#4233,#2144);
#1786=LINE('',#4237,#2145);
#1787=LINE('',#4241,#2146);
#1788=LINE('',#4245,#2147);
#1789=LINE('',#4248,#2148);
#1790=LINE('',#4250,#2149);
#1791=LINE('',#4252,#2150);
#1792=LINE('',#4254,#2151);
#1793=LINE('',#4257,#2152);
#1794=LINE('',#4259,#2153);
#1795=LINE('',#4261,#2154);
#1796=LINE('',#4263,#2155);
#1797=LINE('',#4264,#2156);
#1798=LINE('',#4266,#2157);
#1799=LINE('',#4269,#2158);
#1800=LINE('',#4271,#2159);
#1801=LINE('',#4273,#2160);
#1802=LINE('',#4275,#2161);
#1803=LINE('',#4277,#2162);
#1804=LINE('',#4279,#2163);
#1805=LINE('',#4281,#2164);
#1806=LINE('',#4283,#2165);
#1807=LINE('',#4285,#2166);
#1808=LINE('',#4287,#2167);
#1809=LINE('',#4289,#2168);
#1810=LINE('',#4291,#2169);
#1811=LINE('',#4293,#2170);
#1812=LINE('',#4295,#2171);
#1813=LINE('',#4297,#2172);
#1814=LINE('',#4299,#2173);
#1815=LINE('',#4300,#2174);
#1816=LINE('',#4302,#2175);
#1817=LINE('',#4305,#2176);
#1818=LINE('',#4307,#2177);
#1819=LINE('',#4309,#2178);
#1820=LINE('',#4311,#2179);
#1821=LINE('',#4313,#2180);
#1822=LINE('',#4315,#2181);
#1823=LINE('',#4317,#2182);
#1824=LINE('',#4319,#2183);
#1825=LINE('',#4321,#2184);
#1826=LINE('',#4323,#2185);
#1827=LINE('',#4325,#2186);
#1828=LINE('',#4327,#2187);
#1829=LINE('',#4329,#2188);
#1830=LINE('',#4331,#2189);
#1831=LINE('',#4333,#2190);
#1832=LINE('',#4339,#2191);
#1833=LINE('',#4341,#2192);
#1834=LINE('',#4342,#2193);
#1835=LINE('',#4344,#2194);
#1836=LINE('',#4347,#2195);
#1837=LINE('',#4348,#2196);
#1838=LINE('',#4350,#2197);
#1839=LINE('',#4352,#2198);
#1840=LINE('',#4354,#2199);
#1841=LINE('',#4356,#2200);
#1842=LINE('',#4359,#2201);
#1843=LINE('',#4363,#2202);
#1844=LINE('',#4365,#2203);
#1845=LINE('',#4367,#2204);
#1846=LINE('',#4370,#2205);
#1847=LINE('',#4374,#2206);
#1848=LINE('',#4378,#2207);
#1849=LINE('',#4380,#2208);
#1850=LINE('',#4383,#2209);
#1851=LINE('',#4384,#2210);
#1852=LINE('',#4386,#2211);
#1853=LINE('',#4388,#2212);
#1854=LINE('',#4390,#2213);
#1855=LINE('',#4395,#2214);
#1856=LINE('',#4396,#2215);
#1857=LINE('',#4402,#2216);
#1858=LINE('',#4407,#2217);
#1859=LINE('',#4412,#2218);
#1860=LINE('',#4416,#2219);
#1861=LINE('',#4419,#2220);
#1862=LINE('',#4421,#2221);
#1863=LINE('',#4423,#2222);
#1864=LINE('',#4425,#2223);
#1865=LINE('',#4426,#2224);
#1866=LINE('',#4428,#2225);
#1867=LINE('',#4431,#2226);
#1868=LINE('',#4433,#2227);
#1869=LINE('',#4435,#2228);
#1870=LINE('',#4437,#2229);
#1871=LINE('',#4439,#2230);
#1872=LINE('',#4441,#2231);
#1873=LINE('',#4443,#2232);
#1874=LINE('',#4445,#2233);
#1875=LINE('',#4447,#2234);
#1876=LINE('',#4449,#2235);
#1877=LINE('',#4451,#2236);
#1878=LINE('',#4453,#2237);
#1879=LINE('',#4455,#2238);
#1880=LINE('',#4457,#2239);
#1881=LINE('',#4459,#2240);
#1882=LINE('',#4461,#2241);
#1883=LINE('',#4462,#2242);
#1884=LINE('',#4465,#2243);
#1885=LINE('',#4467,#2244);
#1886=LINE('',#4469,#2245);
#1887=LINE('',#4471,#2246);
#1888=LINE('',#4474,#2247);
#1889=LINE('',#4478,#2248);
#1890=LINE('',#4482,#2249);
#1891=LINE('',#4484,#2250);
#1892=LINE('',#4489,#2251);
#1893=LINE('',#4490,#2252);
#1894=LINE('',#4494,#2253);
#1895=LINE('',#4499,#2254);
#1896=LINE('',#4504,#2255);
#1897=LINE('',#4508,#2256);
#1898=LINE('',#4511,#2257);
#1899=LINE('',#4513,#2258);
#1900=LINE('',#4515,#2259);
#1901=LINE('',#4517,#2260);
#1902=LINE('',#4521,#2261);
#1903=LINE('',#4525,#2262);
#1904=LINE('',#4529,#2263);
#1905=LINE('',#4531,#2264);
#1906=LINE('',#4532,#2265);
#1907=LINE('',#4533,#2266);
#1908=LINE('',#4535,#2267);
#1909=LINE('',#4537,#2268);
#1910=LINE('',#4538,#2269);
#1911=LINE('',#4540,#2270);
#1912=LINE('',#4543,#2271);
#1913=LINE('',#4545,#2272);
#1914=LINE('',#4547,#2273);
#1915=LINE('',#4549,#2274);
#1916=LINE('',#4551,#2275);
#1917=LINE('',#4553,#2276);
#1918=LINE('',#4555,#2277);
#1919=LINE('',#4557,#2278);
#1920=LINE('',#4559,#2279);
#1921=LINE('',#4561,#2280);
#1922=LINE('',#4563,#2281);
#1923=LINE('',#4565,#2282);
#1924=LINE('',#4567,#2283);
#1925=LINE('',#4569,#2284);
#1926=LINE('',#4571,#2285);
#1927=LINE('',#4573,#2286);
#1928=LINE('',#4574,#2287);
#1929=LINE('',#4577,#2288);
#1930=LINE('',#4579,#2289);
#1931=LINE('',#4581,#2290);
#1932=LINE('',#4583,#2291);
#1933=LINE('',#4586,#2292);
#1934=LINE('',#4588,#2293);
#1935=LINE('',#4590,#2294);
#1936=LINE('',#4592,#2295);
#1937=LINE('',#4594,#2296);
#1938=LINE('',#4596,#2297);
#1939=LINE('',#4600,#2298);
#1940=LINE('',#4602,#2299);
#1941=LINE('',#4603,#2300);
#1942=LINE('',#4604,#2301);
#1943=LINE('',#4606,#2302);
#1944=LINE('',#4608,#2303);
#1945=LINE('',#4609,#2304);
#1946=LINE('',#4611,#2305);
#1947=LINE('',#4613,#2306);
#1948=LINE('',#4614,#2307);
#1949=LINE('',#4616,#2308);
#1950=LINE('',#4618,#2309);
#1951=LINE('',#4620,#2310);
#1952=LINE('',#4622,#2311);
#1953=LINE('',#4624,#2312);
#1954=LINE('',#4626,#2313);
#1955=LINE('',#4628,#2314);
#1956=LINE('',#4630,#2315);
#1957=LINE('',#4632,#2316);
#1958=LINE('',#4633,#2317);
#1959=LINE('',#4634,#2318);
#1960=LINE('',#4635,#2319);
#1961=LINE('',#4636,#2320);
#1962=LINE('',#4640,#2321);
#1963=LINE('',#4643,#2322);
#1964=LINE('',#4644,#2323);
#1965=LINE('',#4646,#2324);
#1966=LINE('',#4648,#2325);
#1967=LINE('',#4652,#2326);
#1968=LINE('',#4655,#2327);
#1969=LINE('',#4656,#2328);
#1970=LINE('',#4658,#2329);
#1971=LINE('',#4660,#2330);
#1972=LINE('',#4661,#2331);
#1973=LINE('',#4663,#2332);
#1974=LINE('',#4665,#2333);
#1975=LINE('',#4667,#2334);
#1976=LINE('',#4669,#2335);
#1977=LINE('',#4673,#2336);
#1978=LINE('',#4677,#2337);
#1979=LINE('',#4679,#2338);
#1980=LINE('',#4681,#2339);
#1981=LINE('',#4683,#2340);
#1982=LINE('',#4685,#2341);
#1983=LINE('',#4687,#2342);
#1984=LINE('',#4691,#2343);
#1985=LINE('',#4695,#2344);
#1986=LINE('',#4696,#2345);
#1987=LINE('',#4700,#2346);
#1988=LINE('',#4703,#2347);
#1989=LINE('',#4705,#2348);
#1990=LINE('',#4709,#2349);
#1991=LINE('',#4713,#2350);
#1992=LINE('',#4715,#2351);
#1993=LINE('',#4719,#2352);
#1994=LINE('',#4721,#2353);
#1995=LINE('',#4725,#2354);
#1996=LINE('',#4727,#2355);
#1997=LINE('',#4730,#2356);
#1998=LINE('',#4731,#2357);
#1999=LINE('',#4733,#2358);
#2000=LINE('',#4735,#2359);
#2001=LINE('',#4737,#2360);
#2002=LINE('',#4739,#2361);
#2003=LINE('',#4741,#2362);
#2004=LINE('',#4743,#2363);
#2005=LINE('',#4747,#2364);
#2006=LINE('',#4749,#2365);
#2007=LINE('',#4751,#2366);
#2008=LINE('',#4752,#2367);
#2009=LINE('',#4754,#2368);
#2010=LINE('',#4755,#2369);
#2011=LINE('',#4756,#2370);
#2012=LINE('',#4757,#2371);
#2013=LINE('',#4763,#2372);
#2014=LINE('',#4765,#2373);
#2015=LINE('',#4772,#2374);
#2016=LINE('',#4782,#2375);
#2017=LINE('',#4784,#2376);
#2018=LINE('',#4830,#2377);
#2019=LINE('',#4832,#2378);
#2020=LINE('',#4834,#2379);
#2021=LINE('',#4835,#2380);
#2022=LINE('',#4837,#2381);
#2023=LINE('',#4838,#2382);
#2024=LINE('',#4840,#2383);
#2025=LINE('',#4842,#2384);
#2026=LINE('',#4846,#2385);
#2027=LINE('',#4848,#2386);
#2028=LINE('',#4850,#2387);
#2029=LINE('',#4854,#2388);
#2030=LINE('',#4856,#2389);
#2031=LINE('',#4858,#2390);
#2032=LINE('',#4861,#2391);
#2033=LINE('',#4862,#2392);
#2034=LINE('',#4864,#2393);
#2035=LINE('',#4866,#2394);
#2036=LINE('',#4868,#2395);
#2037=LINE('',#4870,#2396);
#2038=LINE('',#4872,#2397);
#2039=LINE('',#4874,#2398);
#2040=LINE('',#4878,#2399);
#2041=LINE('',#4880,#2400);
#2042=LINE('',#4882,#2401);
#2043=LINE('',#4883,#2402);
#2044=LINE('',#4885,#2403);
#2045=LINE('',#4886,#2404);
#2046=LINE('',#4887,#2405);
#2047=LINE('',#4888,#2406);
#2048=LINE('',#4894,#2407);
#2049=LINE('',#4896,#2408);
#2050=LINE('',#4903,#2409);
#2051=LINE('',#4913,#2410);
#2052=LINE('',#4915,#2411);
#2053=LINE('',#4951,#2412);
#2054=LINE('',#4953,#2413);
#2055=LINE('',#4955,#2414);
#2056=LINE('',#4957,#2415);
#2057=LINE('',#4959,#2416);
#2058=LINE('',#4963,#2417);
#2059=LINE('',#4965,#2418);
#2060=LINE('',#4969,#2419);
#2061=LINE('',#4971,#2420);
#2062=LINE('',#4973,#2421);
#2063=LINE('',#4976,#2422);
#2064=LINE('',#4977,#2423);
#2065=LINE('',#4979,#2424);
#2066=LINE('',#4981,#2425);
#2067=LINE('',#4983,#2426);
#2068=LINE('',#4985,#2427);
#2069=LINE('',#4987,#2428);
#2070=LINE('',#4989,#2429);
#2071=LINE('',#4993,#2430);
#2072=LINE('',#4995,#2431);
#2073=LINE('',#4997,#2432);
#2074=LINE('',#4998,#2433);
#2075=LINE('',#5000,#2434);
#2076=LINE('',#5001,#2435);
#2077=LINE('',#5002,#2436);
#2078=LINE('',#5003,#2437);
#2079=LINE('',#5009,#2438);
#2080=LINE('',#5011,#2439);
#2081=LINE('',#5018,#2440);
#2082=LINE('',#5028,#2441);
#2083=LINE('',#5030,#2442);
#2084=LINE('',#5059,#2443);
#2085=LINE('',#5062,#2444);
#2086=LINE('',#5064,#2445);
#2087=LINE('',#5066,#2446);
#2088=LINE('',#5068,#2447);
#2089=LINE('',#5071,#2448);
#2090=LINE('',#5072,#2449);
#2091=LINE('',#5074,#2450);
#2092=LINE('',#5077,#2451);
#2093=LINE('',#5078,#2452);
#2094=LINE('',#5080,#2453);
#2095=LINE('',#5081,#2454);
#2096=LINE('',#5083,#2455);
#2097=LINE('',#5086,#2456);
#2098=LINE('',#5088,#2457);
#2099=LINE('',#5090,#2458);
#2100=LINE('',#5092,#2459);
#2101=LINE('',#5095,#2460);
#2102=LINE('',#5097,#2461);
#2103=LINE('',#5099,#2462);
#2104=LINE('',#5101,#2463);
#2105=LINE('',#5102,#2464);
#2106=LINE('',#5104,#2465);
#2107=LINE('',#5106,#2466);
#2108=LINE('',#5109,#2467);
#2109=LINE('',#5110,#2468);
#2110=LINE('',#5112,#2469);
#2111=LINE('',#5114,#2470);
#2112=VECTOR('',#3356,1000.);
#2113=VECTOR('',#3357,1000.);
#2114=VECTOR('',#3358,1000.);
#2115=VECTOR('',#3359,1000.);
#2116=VECTOR('',#3360,1000.);
#2117=VECTOR('',#3361,1000.);
#2118=VECTOR('',#3362,1000.);
#2119=VECTOR('',#3363,1000.);
#2120=VECTOR('',#3364,1000.);
#2121=VECTOR('',#3365,1000.);
#2122=VECTOR('',#3366,1000.);
#2123=VECTOR('',#3367,1000.);
#2124=VECTOR('',#3368,1000.);
#2125=VECTOR('',#3369,1000.);
#2126=VECTOR('',#3370,1000.);
#2127=VECTOR('',#3371,1000.);
#2128=VECTOR('',#3372,1000.);
#2129=VECTOR('',#3373,1000.);
#2130=VECTOR('',#3374,1000.);
#2131=VECTOR('',#3375,1000.);
#2132=VECTOR('',#3376,1000.);
#2133=VECTOR('',#3377,1000.);
#2134=VECTOR('',#3378,1000.);
#2135=VECTOR('',#3379,1000.);
#2136=VECTOR('',#3380,1000.);
#2137=VECTOR('',#3381,1000.);
#2138=VECTOR('',#3382,1000.);
#2139=VECTOR('',#3383,1000.);
#2140=VECTOR('',#3386,1000.);
#2141=VECTOR('',#3389,1000.);
#2142=VECTOR('',#3390,1000.);
#2143=VECTOR('',#3397,1000.);
#2144=VECTOR('',#3400,1000.);
#2145=VECTOR('',#3403,1000.);
#2146=VECTOR('',#3406,1000.);
#2147=VECTOR('',#3411,1000.);
#2148=VECTOR('',#3412,1000.);
#2149=VECTOR('',#3413,1000.);
#2150=VECTOR('',#3414,1000.);
#2151=VECTOR('',#3417,1000.);
#2152=VECTOR('',#3418,1000.);
#2153=VECTOR('',#3419,1000.);
#2154=VECTOR('',#3420,1000.);
#2155=VECTOR('',#3423,1000.);
#2156=VECTOR('',#3424,1000.);
#2157=VECTOR('',#3427,1000.);
#2158=VECTOR('',#3428,1000.);
#2159=VECTOR('',#3429,1000.);
#2160=VECTOR('',#3430,1000.);
#2161=VECTOR('',#3431,1000.);
#2162=VECTOR('',#3432,1000.);
#2163=VECTOR('',#3435,1000.);
#2164=VECTOR('',#3436,1000.);
#2165=VECTOR('',#3437,1000.);
#2166=VECTOR('',#3438,1000.);
#2167=VECTOR('',#3439,1000.);
#2168=VECTOR('',#3442,1000.);
#2169=VECTOR('',#3443,1000.);
#2170=VECTOR('',#3444,1000.);
#2171=VECTOR('',#3445,1000.);
#2172=VECTOR('',#3446,1000.);
#2173=VECTOR('',#3449,1000.);
#2174=VECTOR('',#3450,1000.);
#2175=VECTOR('',#3453,1000.);
#2176=VECTOR('',#3454,1000.);
#2177=VECTOR('',#3455,1000.);
#2178=VECTOR('',#3456,1000.);
#2179=VECTOR('',#3457,1000.);
#2180=VECTOR('',#3458,1000.);
#2181=VECTOR('',#3459,1000.);
#2182=VECTOR('',#3460,1000.);
#2183=VECTOR('',#3461,1000.);
#2184=VECTOR('',#3462,1000.);
#2185=VECTOR('',#3463,1000.);
#2186=VECTOR('',#3464,1000.);
#2187=VECTOR('',#3465,1000.);
#2188=VECTOR('',#3466,1000.);
#2189=VECTOR('',#3467,1000.);
#2190=VECTOR('',#3468,1000.);
#2191=VECTOR('',#3475,1000.);
#2192=VECTOR('',#3476,1000.);
#2193=VECTOR('',#3477,1000.);
#2194=VECTOR('',#3480,1000.);
#2195=VECTOR('',#3481,1000.);
#2196=VECTOR('',#3482,1000.);
#2197=VECTOR('',#3485,1000.);
#2198=VECTOR('',#3486,1000.);
#2199=VECTOR('',#3487,1000.);
#2200=VECTOR('',#3490,1000.);
#2201=VECTOR('',#3491,1000.);
#2202=VECTOR('',#3494,1000.);
#2203=VECTOR('',#3495,1000.);
#2204=VECTOR('',#3498,1000.);
#2205=VECTOR('',#3499,1000.);
#2206=VECTOR('',#3502,1000.);
#2207=VECTOR('',#3505,1000.);
#2208=VECTOR('',#3508,1000.);
#2209=VECTOR('',#3509,1000.);
#2210=VECTOR('',#3510,1000.);
#2211=VECTOR('',#3511,1000.);
#2212=VECTOR('',#3514,1000.);
#2213=VECTOR('',#3517,1000.);
#2214=VECTOR('',#3520,1000.);
#2215=VECTOR('',#3521,1000.);
#2216=VECTOR('',#3528,1000.);
#2217=VECTOR('',#3531,1000.);
#2218=VECTOR('',#3536,1000.);
#2219=VECTOR('',#3541,1000.);
#2220=VECTOR('',#3542,1000.);
#2221=VECTOR('',#3543,1000.);
#2222=VECTOR('',#3544,1000.);
#2223=VECTOR('',#3547,1000.);
#2224=VECTOR('',#3548,1000.);
#2225=VECTOR('',#3551,1000.);
#2226=VECTOR('',#3552,1000.);
#2227=VECTOR('',#3553,1000.);
#2228=VECTOR('',#3554,1000.);
#2229=VECTOR('',#3555,1000.);
#2230=VECTOR('',#3556,1000.);
#2231=VECTOR('',#3559,1000.);
#2232=VECTOR('',#3560,1000.);
#2233=VECTOR('',#3561,1000.);
#2234=VECTOR('',#3562,1000.);
#2235=VECTOR('',#3563,1000.);
#2236=VECTOR('',#3566,1000.);
#2237=VECTOR('',#3567,1000.);
#2238=VECTOR('',#3568,1000.);
#2239=VECTOR('',#3569,1000.);
#2240=VECTOR('',#3570,1000.);
#2241=VECTOR('',#3573,1000.);
#2242=VECTOR('',#3574,1000.);
#2243=VECTOR('',#3579,1000.);
#2244=VECTOR('',#3580,1000.);
#2245=VECTOR('',#3581,1000.);
#2246=VECTOR('',#3584,1000.);
#2247=VECTOR('',#3585,1000.);
#2248=VECTOR('',#3588,1000.);
#2249=VECTOR('',#3591,1000.);
#2250=VECTOR('',#3594,1000.);
#2251=VECTOR('',#3597,1000.);
#2252=VECTOR('',#3598,1000.);
#2253=VECTOR('',#3603,1000.);
#2254=VECTOR('',#3606,1000.);
#2255=VECTOR('',#3611,1000.);
#2256=VECTOR('',#3616,1000.);
#2257=VECTOR('',#3617,1000.);
#2258=VECTOR('',#3618,1000.);
#2259=VECTOR('',#3619,1000.);
#2260=VECTOR('',#3622,1000.);
#2261=VECTOR('',#3625,1000.);
#2262=VECTOR('',#3628,1000.);
#2263=VECTOR('',#3631,1000.);
#2264=VECTOR('',#3632,1000.);
#2265=VECTOR('',#3633,1000.);
#2266=VECTOR('',#3634,1000.);
#2267=VECTOR('',#3635,1000.);
#2268=VECTOR('',#3636,1000.);
#2269=VECTOR('',#3637,1000.);
#2270=VECTOR('',#3640,1000.);
#2271=VECTOR('',#3641,1000.);
#2272=VECTOR('',#3642,1000.);
#2273=VECTOR('',#3643,1000.);
#2274=VECTOR('',#3644,1000.);
#2275=VECTOR('',#3645,1000.);
#2276=VECTOR('',#3648,1000.);
#2277=VECTOR('',#3649,1000.);
#2278=VECTOR('',#3650,1000.);
#2279=VECTOR('',#3651,1000.);
#2280=VECTOR('',#3652,1000.);
#2281=VECTOR('',#3655,1000.);
#2282=VECTOR('',#3656,1000.);
#2283=VECTOR('',#3657,1000.);
#2284=VECTOR('',#3658,1000.);
#2285=VECTOR('',#3659,1000.);
#2286=VECTOR('',#3662,1000.);
#2287=VECTOR('',#3663,1000.);
#2288=VECTOR('',#3668,1000.);
#2289=VECTOR('',#3669,1000.);
#2290=VECTOR('',#3670,1000.);
#2291=VECTOR('',#3673,1000.);
#2292=VECTOR('',#3674,1000.);
#2293=VECTOR('',#3675,1000.);
#2294=VECTOR('',#3676,1000.);
#2295=VECTOR('',#3679,1000.);
#2296=VECTOR('',#3682,1000.);
#2297=VECTOR('',#3683,1000.);
#2298=VECTOR('',#3686,1000.);
#2299=VECTOR('',#3689,1000.);
#2300=VECTOR('',#3690,1000.);
#2301=VECTOR('',#3691,1000.);
#2302=VECTOR('',#3692,1000.);
#2303=VECTOR('',#3693,1000.);
#2304=VECTOR('',#3694,1000.);
#2305=VECTOR('',#3695,1000.);
#2306=VECTOR('',#3696,1000.);
#2307=VECTOR('',#3697,1000.);
#2308=VECTOR('',#3698,1000.);
#2309=VECTOR('',#3699,1000.);
#2310=VECTOR('',#3702,1000.);
#2311=VECTOR('',#3703,1000.);
#2312=VECTOR('',#3704,1000.);
#2313=VECTOR('',#3707,1000.);
#2314=VECTOR('',#3708,1000.);
#2315=VECTOR('',#3709,1000.);
#2316=VECTOR('',#3712,1000.);
#2317=VECTOR('',#3713,1000.);
#2318=VECTOR('',#3714,1000.);
#2319=VECTOR('',#3715,1000.);
#2320=VECTOR('',#3716,1000.);
#2321=VECTOR('',#3723,1000.);
#2322=VECTOR('',#3724,1000.);
#2323=VECTOR('',#3725,1000.);
#2324=VECTOR('',#3726,1000.);
#2325=VECTOR('',#3729,1000.);
#2326=VECTOR('',#3734,1000.);
#2327=VECTOR('',#3735,1000.);
#2328=VECTOR('',#3736,1000.);
#2329=VECTOR('',#3737,1000.);
#2330=VECTOR('',#3738,1000.);
#2331=VECTOR('',#3739,1000.);
#2332=VECTOR('',#3740,1000.);
#2333=VECTOR('',#3743,1000.);
#2334=VECTOR('',#3744,1000.);
#2335=VECTOR('',#3745,1000.);
#2336=VECTOR('',#3750,1000.);
#2337=VECTOR('',#3755,1000.);
#2338=VECTOR('',#3756,1000.);
#2339=VECTOR('',#3757,1000.);
#2340=VECTOR('',#3760,1000.);
#2341=VECTOR('',#3761,1000.);
#2342=VECTOR('',#3762,1000.);
#2343=VECTOR('',#3767,1000.);
#2344=VECTOR('',#3772,1000.);
#2345=VECTOR('',#3773,1000.);
#2346=VECTOR('',#3778,1000.);
#2347=VECTOR('',#3781,1000.);
#2348=VECTOR('',#3782,1000.);
#2349=VECTOR('',#3785,1000.);
#2350=VECTOR('',#3788,1000.);
#2351=VECTOR('',#3789,1000.);
#2352=VECTOR('',#3792,1000.);
#2353=VECTOR('',#3793,1000.);
#2354=VECTOR('',#3796,1000.);
#2355=VECTOR('',#3799,1000.);
#2356=VECTOR('',#3800,1000.);
#2357=VECTOR('',#3801,1000.);
#2358=VECTOR('',#3802,1000.);
#2359=VECTOR('',#3805,1000.);
#2360=VECTOR('',#3806,1000.);
#2361=VECTOR('',#3809,1000.);
#2362=VECTOR('',#3810,1000.);
#2363=VECTOR('',#3811,1000.);
#2364=VECTOR('',#3816,1000.);
#2365=VECTOR('',#3817,1000.);
#2366=VECTOR('',#3818,1000.);
#2367=VECTOR('',#3819,1000.);
#2368=VECTOR('',#3822,1000.);
#2369=VECTOR('',#3823,1000.);
#2370=VECTOR('',#3824,1000.);
#2371=VECTOR('',#3825,1000.);
#2372=VECTOR('',#3836,1000.);
#2373=VECTOR('',#3839,1000.);
#2374=VECTOR('',#3844,1000.);
#2375=VECTOR('',#3851,1000.);
#2376=VECTOR('',#3854,1000.);
#2377=VECTOR('',#3881,1000.);
#2378=VECTOR('',#3884,1000.);
#2379=VECTOR('',#3885,1000.);
#2380=VECTOR('',#3886,1000.);
#2381=VECTOR('',#3887,1000.);
#2382=VECTOR('',#3888,1000.);
#2383=VECTOR('',#3891,1000.);
#2384=VECTOR('',#3892,1000.);
#2385=VECTOR('',#3897,1000.);
#2386=VECTOR('',#3900,1000.);
#2387=VECTOR('',#3901,1000.);
#2388=VECTOR('',#3906,1000.);
#2389=VECTOR('',#3909,1000.);
#2390=VECTOR('',#3912,1000.);
#2391=VECTOR('',#3913,1000.);
#2392=VECTOR('',#3914,1000.);
#2393=VECTOR('',#3915,1000.);
#2394=VECTOR('',#3918,1000.);
#2395=VECTOR('',#3919,1000.);
#2396=VECTOR('',#3922,1000.);
#2397=VECTOR('',#3923,1000.);
#2398=VECTOR('',#3924,1000.);
#2399=VECTOR('',#3929,1000.);
#2400=VECTOR('',#3930,1000.);
#2401=VECTOR('',#3931,1000.);
#2402=VECTOR('',#3932,1000.);
#2403=VECTOR('',#3935,1000.);
#2404=VECTOR('',#3936,1000.);
#2405=VECTOR('',#3937,1000.);
#2406=VECTOR('',#3938,1000.);
#2407=VECTOR('',#3949,1000.);
#2408=VECTOR('',#3952,1000.);
#2409=VECTOR('',#3957,1000.);
#2410=VECTOR('',#3964,1000.);
#2411=VECTOR('',#3967,1000.);
#2412=VECTOR('',#3990,1000.);
#2413=VECTOR('',#3993,1000.);
#2414=VECTOR('',#3994,1000.);
#2415=VECTOR('',#3997,1000.);
#2416=VECTOR('',#3998,1000.);
#2417=VECTOR('',#4003,1000.);
#2418=VECTOR('',#4006,1000.);
#2419=VECTOR('',#4011,1000.);
#2420=VECTOR('',#4014,1000.);
#2421=VECTOR('',#4017,1000.);
#2422=VECTOR('',#4018,1000.);
#2423=VECTOR('',#4019,1000.);
#2424=VECTOR('',#4020,1000.);
#2425=VECTOR('',#4023,1000.);
#2426=VECTOR('',#4024,1000.);
#2427=VECTOR('',#4027,1000.);
#2428=VECTOR('',#4028,1000.);
#2429=VECTOR('',#4029,1000.);
#2430=VECTOR('',#4034,1000.);
#2431=VECTOR('',#4035,1000.);
#2432=VECTOR('',#4036,1000.);
#2433=VECTOR('',#4037,1000.);
#2434=VECTOR('',#4040,1000.);
#2435=VECTOR('',#4041,1000.);
#2436=VECTOR('',#4042,1000.);
#2437=VECTOR('',#4043,1000.);
#2438=VECTOR('',#4054,1000.);
#2439=VECTOR('',#4057,1000.);
#2440=VECTOR('',#4062,1000.);
#2441=VECTOR('',#4069,1000.);
#2442=VECTOR('',#4072,1000.);
#2443=VECTOR('',#4097,1000.);
#2444=VECTOR('',#4098,1000.);
#2445=VECTOR('',#4099,1000.);
#2446=VECTOR('',#4100,1000.);
#2447=VECTOR('',#4103,1000.);
#2448=VECTOR('',#4104,1000.);
#2449=VECTOR('',#4105,1000.);
#2450=VECTOR('',#4108,1000.);
#2451=VECTOR('',#4109,1000.);
#2452=VECTOR('',#4110,1000.);
#2453=VECTOR('',#4113,1000.);
#2454=VECTOR('',#4114,1000.);
#2455=VECTOR('',#4117,1000.);
#2456=VECTOR('',#4118,1000.);
#2457=VECTOR('',#4119,1000.);
#2458=VECTOR('',#4120,1000.);
#2459=VECTOR('',#4123,1000.);
#2460=VECTOR('',#4124,1000.);
#2461=VECTOR('',#4125,1000.);
#2462=VECTOR('',#4126,1000.);
#2463=VECTOR('',#4129,1000.);
#2464=VECTOR('',#4130,1000.);
#2465=VECTOR('',#4133,1000.);
#2466=VECTOR('',#4136,1000.);
#2467=VECTOR('',#4141,1000.);
#2468=VECTOR('',#4142,1000.);
#2469=VECTOR('',#4145,1000.);
#2470=VECTOR('',#4148,1000.);
#2471=EDGE_LOOP('',(#152,#153,#154,#155,#156,#157,#158,#159,#160,#161,#162,
#163,#164,#165,#166,#167,#168,#169,#170,#171,#172,#173,#174,#175,#176,#177,
#178,#179));
#2472=EDGE_LOOP('',(#180,#181,#182,#183,#184,#185));
#2473=EDGE_LOOP('',(#186));
#2474=EDGE_LOOP('',(#187,#188,#189,#190,#191,#192,#193,#194));
#2475=EDGE_LOOP('',(#195,#196,#197,#198));
#2476=EDGE_LOOP('',(#199,#200,#201,#202));
#2477=EDGE_LOOP('',(#203,#204,#205,#206));
#2478=EDGE_LOOP('',(#207,#208,#209,#210,#211,#212));
#2479=EDGE_LOOP('',(#213,#214,#215,#216,#217,#218));
#2480=EDGE_LOOP('',(#219,#220,#221,#222,#223,#224));
#2481=EDGE_LOOP('',(#225,#226,#227,#228));
#2482=EDGE_LOOP('',(#229,#230,#231,#232,#233,#234,#235,#236,#237,#238,#239,
#240,#241,#242,#243,#244));
#2483=EDGE_LOOP('',(#245));
#2484=EDGE_LOOP('',(#246,#247,#248,#249));
#2485=EDGE_LOOP('',(#250,#251,#252,#253,#254));
#2486=EDGE_LOOP('',(#255,#256,#257,#258));
#2487=EDGE_LOOP('',(#259,#260,#261,#262));
#2488=EDGE_LOOP('',(#263,#264,#265,#266,#267));
#2489=EDGE_LOOP('',(#268,#269,#270,#271,#272,#273));
#2490=EDGE_LOOP('',(#274,#275,#276,#277,#278,#279,#280,#281,#282,#283));
#2491=EDGE_LOOP('',(#284,#285,#286,#287,#288,#289));
#2492=EDGE_LOOP('',(#290));
#2493=EDGE_LOOP('',(#291,#292,#293,#294,#295,#296,#297,#298));
#2494=EDGE_LOOP('',(#299,#300,#301,#302));
#2495=EDGE_LOOP('',(#303,#304,#305,#306));
#2496=EDGE_LOOP('',(#307,#308,#309,#310,#311,#312));
#2497=EDGE_LOOP('',(#313,#314,#315,#316,#317,#318));
#2498=EDGE_LOOP('',(#319,#320,#321,#322,#323,#324));
#2499=EDGE_LOOP('',(#325,#326,#327,#328));
#2500=EDGE_LOOP('',(#329));
#2501=EDGE_LOOP('',(#330,#331,#332,#333));
#2502=EDGE_LOOP('',(#334,#335,#336,#337));
#2503=EDGE_LOOP('',(#338,#339,#340,#341,#342,#343));
#2504=EDGE_LOOP('',(#344,#345,#346,#347,#348));
#2505=EDGE_LOOP('',(#349));
#2506=EDGE_LOOP('',(#350,#351,#352,#353,#354,#355,#356,#357));
#2507=EDGE_LOOP('',(#358,#359,#360,#361));
#2508=EDGE_LOOP('',(#362,#363,#364,#365,#366,#367,#368,#369,#370,#371,#372,
#373,#374,#375,#376,#377,#378,#379));
#2509=EDGE_LOOP('',(#380,#381,#382,#383,#384,#385));
#2510=EDGE_LOOP('',(#386,#387,#388,#389,#390,#391));
#2511=EDGE_LOOP('',(#392,#393,#394,#395,#396,#397));
#2512=EDGE_LOOP('',(#398,#399,#400,#401));
#2513=EDGE_LOOP('',(#402));
#2514=EDGE_LOOP('',(#403,#404,#405,#406));
#2515=EDGE_LOOP('',(#407,#408,#409,#410));
#2516=EDGE_LOOP('',(#411,#412,#413,#414,#415,#416,#417,#418,#419,#420));
#2517=EDGE_LOOP('',(#421,#422,#423,#424,#425));
#2518=EDGE_LOOP('',(#426,#427,#428,#429,#430,#431,#432,#433,#434,#435,#436,
#437,#438,#439,#440,#441));
#2519=EDGE_LOOP('',(#442,#443,#444,#445));
#2520=EDGE_LOOP('',(#446,#447,#448,#449));
#2521=EDGE_LOOP('',(#450,#451,#452,#453,#454,#455,#456,#457,#458,#459));
#2522=EDGE_LOOP('',(#460,#461,#462,#463,#464,#465,#466));
#2523=EDGE_LOOP('',(#467,#468,#469,#470,#471,#472,#473));
#2524=EDGE_LOOP('',(#474,#475,#476,#477,#478,#479,#480));
#2525=EDGE_LOOP('',(#481,#482,#483,#484));
#2526=EDGE_LOOP('',(#485,#486,#487,#488,#489,#490,#491,#492,#493,#494));
#2527=EDGE_LOOP('',(#495,#496,#497,#498));
#2528=EDGE_LOOP('',(#499,#500,#501,#502));
#2529=EDGE_LOOP('',(#503,#504,#505,#506));
#2530=EDGE_LOOP('',(#507,#508,#509,#510));
#2531=EDGE_LOOP('',(#511,#512,#513,#514));
#2532=EDGE_LOOP('',(#515,#516,#517,#518));
#2533=EDGE_LOOP('',(#519,#520,#521,#522,#523,#524,#525,#526,#527,#528,#529,
#530,#531,#532,#533,#534,#535,#536,#537,#538,#539,#540,#541,#542,#543,#544,
#545,#546,#547,#548,#549,#550,#551,#552));
#2534=EDGE_LOOP('',(#553,#554,#555,#556,#557,#558));
#2535=EDGE_LOOP('',(#559,#560,#561,#562));
#2536=EDGE_LOOP('',(#563,#564,#565,#566,#567,#568));
#2537=EDGE_LOOP('',(#569));
#2538=EDGE_LOOP('',(#570,#571,#572,#573,#574,#575,#576,#577));
#2539=EDGE_LOOP('',(#578,#579,#580,#581,#582,#583,#584,#585,#586,#587));
#2540=EDGE_LOOP('',(#588,#589,#590,#591));
#2541=EDGE_LOOP('',(#592,#593,#594,#595));
#2542=EDGE_LOOP('',(#596,#597,#598,#599));
#2543=EDGE_LOOP('',(#600,#601,#602,#603));
#2544=EDGE_LOOP('',(#604,#605,#606,#607));
#2545=EDGE_LOOP('',(#608,#609,#610,#611));
#2546=EDGE_LOOP('',(#612,#613,#614,#615));
#2547=EDGE_LOOP('',(#616,#617,#618,#619,#620,#621));
#2548=EDGE_LOOP('',(#622,#623,#624,#625,#626,#627));
#2549=EDGE_LOOP('',(#628,#629,#630,#631));
#2550=EDGE_LOOP('',(#632));
#2551=EDGE_LOOP('',(#633,#634,#635,#636));
#2552=EDGE_LOOP('',(#637,#638,#639,#640));
#2553=EDGE_LOOP('',(#641,#642,#643,#644));
#2554=EDGE_LOOP('',(#645,#646,#647,#648));
#2555=EDGE_LOOP('',(#649,#650,#651,#652));
#2556=EDGE_LOOP('',(#653,#654,#655,#656));
#2557=EDGE_LOOP('',(#657,#658,#659,#660));
#2558=EDGE_LOOP('',(#661,#662,#663,#664));
#2559=EDGE_LOOP('',(#665,#666,#667,#668));
#2560=EDGE_LOOP('',(#669,#670,#671,#672));
#2561=EDGE_LOOP('',(#673,#674,#675,#676));
#2562=EDGE_LOOP('',(#677,#678,#679,#680));
#2563=EDGE_LOOP('',(#681,#682,#683,#684,#685,#686,#687,#688,#689,#690));
#2564=EDGE_LOOP('',(#691,#692,#693,#694));
#2565=EDGE_LOOP('',(#695,#696,#697,#698));
#2566=EDGE_LOOP('',(#699,#700,#701,#702));
#2567=EDGE_LOOP('',(#703,#704,#705,#706));
#2568=EDGE_LOOP('',(#707,#708,#709,#710));
#2569=EDGE_LOOP('',(#711,#712,#713,#714,#715,#716));
#2570=EDGE_LOOP('',(#717,#718,#719,#720));
#2571=EDGE_LOOP('',(#721,#722,#723,#724,#725,#726));
#2572=EDGE_LOOP('',(#727));
#2573=EDGE_LOOP('',(#728,#729,#730,#731,#732,#733,#734,#735));
#2574=EDGE_LOOP('',(#736,#737,#738,#739,#740,#741,#742,#743,#744,#745));
#2575=EDGE_LOOP('',(#746,#747,#748,#749));
#2576=EDGE_LOOP('',(#750,#751,#752,#753));
#2577=EDGE_LOOP('',(#754,#755,#756,#757));
#2578=EDGE_LOOP('',(#758,#759,#760,#761));
#2579=EDGE_LOOP('',(#762,#763,#764,#765));
#2580=EDGE_LOOP('',(#766,#767,#768,#769));
#2581=EDGE_LOOP('',(#770,#771,#772,#773));
#2582=EDGE_LOOP('',(#774,#775,#776,#777,#778,#779));
#2583=EDGE_LOOP('',(#780,#781,#782,#783,#784,#785));
#2584=EDGE_LOOP('',(#786,#787,#788,#789));
#2585=EDGE_LOOP('',(#790));
#2586=EDGE_LOOP('',(#791,#792,#793,#794));
#2587=EDGE_LOOP('',(#795,#796,#797,#798));
#2588=EDGE_LOOP('',(#799,#800,#801,#802));
#2589=EDGE_LOOP('',(#803,#804,#805,#806));
#2590=EDGE_LOOP('',(#807,#808,#809,#810));
#2591=EDGE_LOOP('',(#811,#812,#813,#814));
#2592=EDGE_LOOP('',(#815,#816,#817,#818));
#2593=EDGE_LOOP('',(#819,#820,#821,#822));
#2594=EDGE_LOOP('',(#823,#824,#825,#826));
#2595=EDGE_LOOP('',(#827,#828,#829,#830));
#2596=EDGE_LOOP('',(#831,#832,#833,#834,#835,#836,#837));
#2597=EDGE_LOOP('',(#838,#839,#840,#841));
#2598=EDGE_LOOP('',(#842,#843,#844,#845));
#2599=EDGE_LOOP('',(#846,#847,#848,#849));
#2600=EDGE_LOOP('',(#850,#851,#852,#853));
#2601=EDGE_LOOP('',(#854,#855,#856,#857));
#2602=EDGE_LOOP('',(#858,#859,#860,#861,#862,#863));
#2603=EDGE_LOOP('',(#864,#865,#866,#867));
#2604=EDGE_LOOP('',(#868,#869,#870,#871,#872,#873));
#2605=EDGE_LOOP('',(#874));
#2606=EDGE_LOOP('',(#875,#876,#877,#878,#879,#880,#881,#882));
#2607=EDGE_LOOP('',(#883,#884,#885,#886,#887,#888,#889,#890,#891,#892));
#2608=EDGE_LOOP('',(#893,#894,#895,#896));
#2609=EDGE_LOOP('',(#897,#898,#899,#900));
#2610=EDGE_LOOP('',(#901,#902,#903,#904));
#2611=EDGE_LOOP('',(#905,#906,#907,#908));
#2612=EDGE_LOOP('',(#909,#910,#911,#912));
#2613=EDGE_LOOP('',(#913,#914,#915,#916));
#2614=EDGE_LOOP('',(#917,#918,#919,#920));
#2615=EDGE_LOOP('',(#921,#922,#923,#924,#925,#926));
#2616=EDGE_LOOP('',(#927,#928,#929,#930,#931,#932));
#2617=EDGE_LOOP('',(#933,#934,#935,#936));
#2618=EDGE_LOOP('',(#937));
#2619=EDGE_LOOP('',(#938,#939,#940,#941));
#2620=EDGE_LOOP('',(#942,#943,#944,#945));
#2621=EDGE_LOOP('',(#946,#947,#948,#949));
#2622=EDGE_LOOP('',(#950,#951,#952,#953));
#2623=EDGE_LOOP('',(#954,#955,#956,#957));
#2624=EDGE_LOOP('',(#958,#959,#960,#961));
#2625=EDGE_LOOP('',(#962,#963,#964,#965));
#2626=EDGE_LOOP('',(#966,#967,#968,#969));
#2627=EDGE_LOOP('',(#970,#971,#972,#973));
#2628=EDGE_LOOP('',(#974,#975,#976,#977));
#2629=EDGE_LOOP('',(#978,#979,#980,#981));
#2630=EDGE_LOOP('',(#982,#983,#984,#985));
#2631=EDGE_LOOP('',(#986,#987,#988,#989));
#2632=EDGE_LOOP('',(#990,#991,#992,#993));
#2633=EDGE_LOOP('',(#994,#995,#996,#997));
#2634=EDGE_LOOP('',(#998,#999,#1000,#1001));
#2635=EDGE_LOOP('',(#1002,#1003,#1004,#1005));
#2636=EDGE_LOOP('',(#1006,#1007,#1008,#1009));
#2637=EDGE_LOOP('',(#1010,#1011,#1012,#1013));
#2638=EDGE_LOOP('',(#1014,#1015,#1016,#1017));
#2639=EDGE_LOOP('',(#1018,#1019,#1020,#1021));
#2640=EDGE_LOOP('',(#1022,#1023,#1024,#1025));
#2641=EDGE_LOOP('',(#1026,#1027,#1028,#1029));
#2642=FACE_BOUND('',#2471,.T.);
#2643=FACE_BOUND('',#2472,.T.);
#2644=FACE_BOUND('',#2473,.T.);
#2645=FACE_BOUND('',#2474,.T.);
#2646=FACE_BOUND('',#2475,.T.);
#2647=FACE_BOUND('',#2476,.T.);
#2648=FACE_BOUND('',#2477,.T.);
#2649=FACE_BOUND('',#2478,.T.);
#2650=FACE_BOUND('',#2479,.T.);
#2651=FACE_BOUND('',#2480,.T.);
#2652=FACE_BOUND('',#2481,.T.);
#2653=FACE_BOUND('',#2482,.T.);
#2654=FACE_BOUND('',#2483,.T.);
#2655=FACE_BOUND('',#2484,.T.);
#2656=FACE_BOUND('',#2485,.T.);
#2657=FACE_BOUND('',#2486,.T.);
#2658=FACE_BOUND('',#2487,.T.);
#2659=FACE_BOUND('',#2488,.T.);
#2660=FACE_BOUND('',#2489,.T.);
#2661=FACE_BOUND('',#2490,.T.);
#2662=FACE_BOUND('',#2491,.T.);
#2663=FACE_BOUND('',#2492,.T.);
#2664=FACE_BOUND('',#2493,.T.);
#2665=FACE_BOUND('',#2494,.T.);
#2666=FACE_BOUND('',#2495,.T.);
#2667=FACE_BOUND('',#2496,.T.);
#2668=FACE_BOUND('',#2497,.T.);
#2669=FACE_BOUND('',#2498,.T.);
#2670=FACE_BOUND('',#2499,.T.);
#2671=FACE_BOUND('',#2500,.T.);
#2672=FACE_BOUND('',#2501,.T.);
#2673=FACE_BOUND('',#2502,.T.);
#2674=FACE_BOUND('',#2503,.T.);
#2675=FACE_BOUND('',#2504,.T.);
#2676=FACE_BOUND('',#2505,.T.);
#2677=FACE_BOUND('',#2506,.T.);
#2678=FACE_BOUND('',#2507,.T.);
#2679=FACE_BOUND('',#2508,.T.);
#2680=FACE_BOUND('',#2509,.T.);
#2681=FACE_BOUND('',#2510,.T.);
#2682=FACE_BOUND('',#2511,.T.);
#2683=FACE_BOUND('',#2512,.T.);
#2684=FACE_BOUND('',#2513,.T.);
#2685=FACE_BOUND('',#2514,.T.);
#2686=FACE_BOUND('',#2515,.T.);
#2687=FACE_BOUND('',#2516,.T.);
#2688=FACE_BOUND('',#2517,.T.);
#2689=FACE_BOUND('',#2518,.T.);
#2690=FACE_BOUND('',#2519,.T.);
#2691=FACE_BOUND('',#2520,.T.);
#2692=FACE_BOUND('',#2521,.T.);
#2693=FACE_BOUND('',#2522,.T.);
#2694=FACE_BOUND('',#2523,.T.);
#2695=FACE_BOUND('',#2524,.T.);
#2696=FACE_BOUND('',#2525,.T.);
#2697=FACE_BOUND('',#2526,.T.);
#2698=FACE_BOUND('',#2527,.T.);
#2699=FACE_BOUND('',#2528,.T.);
#2700=FACE_BOUND('',#2529,.T.);
#2701=FACE_BOUND('',#2530,.T.);
#2702=FACE_BOUND('',#2531,.T.);
#2703=FACE_BOUND('',#2532,.T.);
#2704=FACE_BOUND('',#2533,.T.);
#2705=FACE_BOUND('',#2534,.T.);
#2706=FACE_BOUND('',#2535,.T.);
#2707=FACE_BOUND('',#2536,.T.);
#2708=FACE_BOUND('',#2537,.T.);
#2709=FACE_BOUND('',#2538,.T.);
#2710=FACE_BOUND('',#2539,.T.);
#2711=FACE_BOUND('',#2540,.T.);
#2712=FACE_BOUND('',#2541,.T.);
#2713=FACE_BOUND('',#2542,.T.);
#2714=FACE_BOUND('',#2543,.T.);
#2715=FACE_BOUND('',#2544,.T.);
#2716=FACE_BOUND('',#2545,.T.);
#2717=FACE_BOUND('',#2546,.T.);
#2718=FACE_BOUND('',#2547,.T.);
#2719=FACE_BOUND('',#2548,.T.);
#2720=FACE_BOUND('',#2549,.T.);
#2721=FACE_BOUND('',#2550,.T.);
#2722=FACE_BOUND('',#2551,.T.);
#2723=FACE_BOUND('',#2552,.T.);
#2724=FACE_BOUND('',#2553,.T.);
#2725=FACE_BOUND('',#2554,.T.);
#2726=FACE_BOUND('',#2555,.T.);
#2727=FACE_BOUND('',#2556,.T.);
#2728=FACE_BOUND('',#2557,.T.);
#2729=FACE_BOUND('',#2558,.T.);
#2730=FACE_BOUND('',#2559,.T.);
#2731=FACE_BOUND('',#2560,.T.);
#2732=FACE_BOUND('',#2561,.T.);
#2733=FACE_BOUND('',#2562,.T.);
#2734=FACE_BOUND('',#2563,.T.);
#2735=FACE_BOUND('',#2564,.T.);
#2736=FACE_BOUND('',#2565,.T.);
#2737=FACE_BOUND('',#2566,.T.);
#2738=FACE_BOUND('',#2567,.T.);
#2739=FACE_BOUND('',#2568,.T.);
#2740=FACE_BOUND('',#2569,.T.);
#2741=FACE_BOUND('',#2570,.T.);
#2742=FACE_BOUND('',#2571,.T.);
#2743=FACE_BOUND('',#2572,.T.);
#2744=FACE_BOUND('',#2573,.T.);
#2745=FACE_BOUND('',#2574,.T.);
#2746=FACE_BOUND('',#2575,.T.);
#2747=FACE_BOUND('',#2576,.T.);
#2748=FACE_BOUND('',#2577,.T.);
#2749=FACE_BOUND('',#2578,.T.);
#2750=FACE_BOUND('',#2579,.T.);
#2751=FACE_BOUND('',#2580,.T.);
#2752=FACE_BOUND('',#2581,.T.);
#2753=FACE_BOUND('',#2582,.T.);
#2754=FACE_BOUND('',#2583,.T.);
#2755=FACE_BOUND('',#2584,.T.);
#2756=FACE_BOUND('',#2585,.T.);
#2757=FACE_BOUND('',#2586,.T.);
#2758=FACE_BOUND('',#2587,.T.);
#2759=FACE_BOUND('',#2588,.T.);
#2760=FACE_BOUND('',#2589,.T.);
#2761=FACE_BOUND('',#2590,.T.);
#2762=FACE_BOUND('',#2591,.T.);
#2763=FACE_BOUND('',#2592,.T.);
#2764=FACE_BOUND('',#2593,.T.);
#2765=FACE_BOUND('',#2594,.T.);
#2766=FACE_BOUND('',#2595,.T.);
#2767=FACE_BOUND('',#2596,.T.);
#2768=FACE_BOUND('',#2597,.T.);
#2769=FACE_BOUND('',#2598,.T.);
#2770=FACE_BOUND('',#2599,.T.);
#2771=FACE_BOUND('',#2600,.T.);
#2772=FACE_BOUND('',#2601,.T.);
#2773=FACE_BOUND('',#2602,.T.);
#2774=FACE_BOUND('',#2603,.T.);
#2775=FACE_BOUND('',#2604,.T.);
#2776=FACE_BOUND('',#2605,.T.);
#2777=FACE_BOUND('',#2606,.T.);
#2778=FACE_BOUND('',#2607,.T.);
#2779=FACE_BOUND('',#2608,.T.);
#2780=FACE_BOUND('',#2609,.T.);
#2781=FACE_BOUND('',#2610,.T.);
#2782=FACE_BOUND('',#2611,.T.);
#2783=FACE_BOUND('',#2612,.T.);
#2784=FACE_BOUND('',#2613,.T.);
#2785=FACE_BOUND('',#2614,.T.);
#2786=FACE_BOUND('',#2615,.T.);
#2787=FACE_BOUND('',#2616,.T.);
#2788=FACE_BOUND('',#2617,.T.);
#2789=FACE_BOUND('',#2618,.T.);
#2790=FACE_BOUND('',#2619,.T.);
#2791=FACE_BOUND('',#2620,.T.);
#2792=FACE_BOUND('',#2621,.T.);
#2793=FACE_BOUND('',#2622,.T.);
#2794=FACE_BOUND('',#2623,.T.);
#2795=FACE_BOUND('',#2624,.T.);
#2796=FACE_BOUND('',#2625,.T.);
#2797=FACE_BOUND('',#2626,.T.);
#2798=FACE_BOUND('',#2627,.T.);
#2799=FACE_BOUND('',#2628,.T.);
#2800=FACE_BOUND('',#2629,.T.);
#2801=FACE_BOUND('',#2630,.T.);
#2802=FACE_BOUND('',#2631,.T.);
#2803=FACE_BOUND('',#2632,.T.);
#2804=FACE_BOUND('',#2633,.T.);
#2805=FACE_BOUND('',#2634,.T.);
#2806=FACE_BOUND('',#2635,.T.);
#2807=FACE_BOUND('',#2636,.T.);
#2808=FACE_BOUND('',#2637,.T.);
#2809=FACE_BOUND('',#2638,.T.);
#2810=FACE_BOUND('',#2639,.T.);
#2811=FACE_BOUND('',#2640,.T.);
#2812=FACE_BOUND('',#2641,.T.);
#2813=PLANE('',#3130);
#2814=PLANE('',#3131);
#2815=PLANE('',#3140);
#2816=PLANE('',#3141);
#2817=PLANE('',#3142);
#2818=PLANE('',#3143);
#2819=PLANE('',#3144);
#2820=PLANE('',#3145);
#2821=PLANE('',#3146);
#2822=PLANE('',#3147);
#2823=PLANE('',#3148);
#2824=PLANE('',#3149);
#2825=PLANE('',#3151);
#2826=PLANE('',#3152);
#2827=PLANE('',#3153);
#2828=PLANE('',#3155);
#2829=PLANE('',#3158);
#2830=PLANE('',#3160);
#2831=PLANE('',#3169);
#2832=PLANE('',#3170);
#2833=PLANE('',#3171);
#2834=PLANE('',#3172);
#2835=PLANE('',#3173);
#2836=PLANE('',#3174);
#2837=PLANE('',#3175);
#2838=PLANE('',#3176);
#2839=PLANE('',#3177);
#2840=PLANE('',#3180);
#2841=PLANE('',#3188);
#2842=PLANE('',#3189);
#2843=PLANE('',#3193);
#2844=PLANE('',#3194);
#2845=PLANE('',#3195);
#2846=PLANE('',#3196);
#2847=PLANE('',#3197);
#2848=PLANE('',#3198);
#2849=PLANE('',#3199);
#2850=PLANE('',#3201);
#2851=PLANE('',#3203);
#2852=PLANE('',#3204);
#2853=PLANE('',#3205);
#2854=PLANE('',#3206);
#2855=PLANE('',#3207);
#2856=PLANE('',#3208);
#2857=PLANE('',#3209);
#2858=PLANE('',#3212);
#2859=PLANE('',#3213);
#2860=PLANE('',#3217);
#2861=PLANE('',#3218);
#2862=PLANE('',#3222);
#2863=PLANE('',#3223);
#2864=PLANE('',#3230);
#2865=PLANE('',#3231);
#2866=PLANE('',#3232);
#2867=PLANE('',#3233);
#2868=PLANE('',#3235);
#2869=PLANE('',#3236);
#2870=PLANE('',#3237);
#2871=PLANE('',#3238);
#2872=PLANE('',#3239);
#2873=PLANE('',#3240);
#2874=PLANE('',#3241);
#2875=PLANE('',#3242);
#2876=PLANE('',#3243);
#2877=PLANE('',#3245);
#2878=PLANE('',#3247);
#2879=PLANE('',#3253);
#2880=PLANE('',#3255);
#2881=PLANE('',#3256);
#2882=PLANE('',#3258);
#2883=PLANE('',#3261);
#2884=PLANE('',#3262);
#2885=PLANE('',#3265);
#2886=PLANE('',#3268);
#2887=PLANE('',#3269);
#2888=PLANE('',#3270);
#2889=PLANE('',#3271);
#2890=PLANE('',#3272);
#2891=PLANE('',#3274);
#2892=PLANE('',#3275);
#2893=PLANE('',#3276);
#2894=PLANE('',#3277);
#2895=PLANE('',#3278);
#2896=PLANE('',#3279);
#2897=PLANE('',#3280);
#2898=PLANE('',#3281);
#2899=PLANE('',#3282);
#2900=PLANE('',#3284);
#2901=PLANE('',#3286);
#2902=PLANE('',#3291);
#2903=PLANE('',#3293);
#2904=PLANE('',#3295);
#2905=PLANE('',#3298);
#2906=PLANE('',#3299);
#2907=PLANE('',#3302);
#2908=PLANE('',#3305);
#2909=PLANE('',#3306);
#2910=PLANE('',#3307);
#2911=PLANE('',#3308);
#2912=PLANE('',#3309);
#2913=PLANE('',#3311);
#2914=PLANE('',#3312);
#2915=PLANE('',#3313);
#2916=PLANE('',#3314);
#2917=PLANE('',#3315);
#2918=PLANE('',#3316);
#2919=PLANE('',#3317);
#2920=PLANE('',#3318);
#2921=PLANE('',#3319);
#2922=PLANE('',#3321);
#2923=PLANE('',#3323);
#2924=PLANE('',#3328);
#2925=PLANE('',#3330);
#2926=PLANE('',#3332);
#2927=PLANE('',#3335);
#2928=PLANE('',#3336);
#2929=PLANE('',#3337);
#2930=PLANE('',#3338);
#2931=PLANE('',#3339);
#2932=PLANE('',#3340);
#2933=PLANE('',#3341);
#2934=PLANE('',#3342);
#2935=PLANE('',#3343);
#2936=PLANE('',#3344);
#2937=PLANE('',#3345);
#2938=PLANE('',#3346);
#2939=PLANE('',#3347);
#2940=PLANE('',#3348);
#2941=ADVANCED_FACE('',(#2642),#2813,.F.);
#2942=ADVANCED_FACE('',(#2643),#2814,.T.);
#2943=ADVANCED_FACE('',(#2644,#2645),#77,.T.);
#2944=ADVANCED_FACE('',(#2646),#2815,.T.);
#2945=ADVANCED_FACE('',(#2647),#2816,.T.);
#2946=ADVANCED_FACE('',(#2648),#2817,.T.);
#2947=ADVANCED_FACE('',(#2649),#2818,.T.);
#2948=ADVANCED_FACE('',(#2650),#2819,.T.);
#2949=ADVANCED_FACE('',(#2651),#2820,.T.);
#2950=ADVANCED_FACE('',(#2652),#2821,.T.);
#2951=ADVANCED_FACE('',(#2653),#2822,.T.);
#2952=ADVANCED_FACE('',(#2654,#2655),#2823,.F.);
#2953=ADVANCED_FACE('',(#2656),#2824,.T.);
#2954=ADVANCED_FACE('',(#2657),#2825,.F.);
#2955=ADVANCED_FACE('',(#2658),#2826,.F.);
#2956=ADVANCED_FACE('',(#2659),#2827,.T.);
#2957=ADVANCED_FACE('',(#2660),#2828,.T.);
#2958=ADVANCED_FACE('',(#2661),#2829,.F.);
#2959=ADVANCED_FACE('',(#2662),#2830,.T.);
#2960=ADVANCED_FACE('',(#2663,#2664),#78,.T.);
#2961=ADVANCED_FACE('',(#2665),#2831,.T.);
#2962=ADVANCED_FACE('',(#2666),#2832,.T.);
#2963=ADVANCED_FACE('',(#2667),#2833,.T.);
#2964=ADVANCED_FACE('',(#2668),#2834,.T.);
#2965=ADVANCED_FACE('',(#2669),#2835,.T.);
#2966=ADVANCED_FACE('',(#2670),#2836,.T.);
#2967=ADVANCED_FACE('',(#2671,#2672),#2837,.F.);
#2968=ADVANCED_FACE('',(#2673),#2838,.F.);
#2969=ADVANCED_FACE('',(#2674),#2839,.T.);
#2970=ADVANCED_FACE('',(#2675),#2840,.T.);
#2971=ADVANCED_FACE('',(#2676,#2677),#79,.T.);
#2972=ADVANCED_FACE('',(#2678),#2841,.T.);
#2973=ADVANCED_FACE('',(#2679),#2842,.T.);
#2974=ADVANCED_FACE('',(#2680),#2843,.T.);
#2975=ADVANCED_FACE('',(#2681),#2844,.T.);
#2976=ADVANCED_FACE('',(#2682),#2845,.T.);
#2977=ADVANCED_FACE('',(#2683),#2846,.T.);
#2978=ADVANCED_FACE('',(#2684,#2685),#2847,.F.);
#2979=ADVANCED_FACE('',(#2686),#2848,.F.);
#2980=ADVANCED_FACE('',(#2687),#2849,.F.);
#2981=ADVANCED_FACE('',(#2688),#2850,.T.);
#2982=ADVANCED_FACE('',(#2689),#2851,.T.);
#2983=ADVANCED_FACE('',(#2690),#2852,.T.);
#2984=ADVANCED_FACE('',(#2691),#2853,.T.);
#2985=ADVANCED_FACE('',(#2692),#2854,.T.);
#2986=ADVANCED_FACE('',(#2693),#2855,.F.);
#2987=ADVANCED_FACE('',(#2694),#2856,.T.);
#2988=ADVANCED_FACE('',(#2695),#2857,.F.);
#2989=ADVANCED_FACE('',(#2696),#80,.F.);
#2990=ADVANCED_FACE('',(#2697),#2858,.F.);
#2991=ADVANCED_FACE('',(#2698),#2859,.F.);
#2992=ADVANCED_FACE('',(#2699),#81,.T.);
#2993=ADVANCED_FACE('',(#2700),#2860,.F.);
#2994=ADVANCED_FACE('',(#2701),#2861,.F.);
#2995=ADVANCED_FACE('',(#2702),#82,.T.);
#2996=ADVANCED_FACE('',(#2703),#2862,.F.);
#2997=ADVANCED_FACE('',(#2704),#2863,.T.);
#2998=ADVANCED_FACE('',(#2705),#2864,.F.);
#2999=ADVANCED_FACE('',(#2706),#2865,.F.);
#3000=ADVANCED_FACE('',(#2707),#2866,.F.);
#3001=ADVANCED_FACE('',(#2708,#2709),#2867,.T.);
#3002=ADVANCED_FACE('',(#2710),#2868,.F.);
#3003=ADVANCED_FACE('',(#2711),#2869,.F.);
#3004=ADVANCED_FACE('',(#2712),#2870,.F.);
#3005=ADVANCED_FACE('',(#2713),#2871,.F.);
#3006=ADVANCED_FACE('',(#2714),#2872,.F.);
#3007=ADVANCED_FACE('',(#2715),#2873,.T.);
#3008=ADVANCED_FACE('',(#2716),#2874,.T.);
#3009=ADVANCED_FACE('',(#2717),#2875,.T.);
#3010=ADVANCED_FACE('',(#2718),#2876,.F.);
#3011=ADVANCED_FACE('',(#2719),#2877,.F.);
#3012=ADVANCED_FACE('',(#2720),#2878,.T.);
#3013=ADVANCED_FACE('',(#2721),#50,.T.);
#3014=ADVANCED_FACE('',(#2722),#44,.F.);
#3015=ADVANCED_FACE('',(#2723),#83,.F.);
#3016=ADVANCED_FACE('',(#2724),#84,.F.);
#3017=ADVANCED_FACE('',(#2725),#45,.F.);
#3018=ADVANCED_FACE('',(#2726),#2879,.F.);
#3019=ADVANCED_FACE('',(#2727),#38,.T.);
#3020=ADVANCED_FACE('',(#2728),#2880,.F.);
#3021=ADVANCED_FACE('',(#2729),#2881,.F.);
#3022=ADVANCED_FACE('',(#2730),#39,.T.);
#3023=ADVANCED_FACE('',(#2731),#2882,.F.);
#3024=ADVANCED_FACE('',(#2732),#85,.F.);
#3025=ADVANCED_FACE('',(#2733),#86,.F.);
#3026=ADVANCED_FACE('',(#2734),#2883,.F.);
#3027=ADVANCED_FACE('',(#2735),#2884,.F.);
#3028=ADVANCED_FACE('',(#2736),#87,.T.);
#3029=ADVANCED_FACE('',(#2737),#2885,.F.);
#3030=ADVANCED_FACE('',(#2738),#88,.T.);
#3031=ADVANCED_FACE('',(#2739),#2886,.F.);
#3032=ADVANCED_FACE('',(#2740),#2887,.F.);
#3033=ADVANCED_FACE('',(#2741),#2888,.F.);
#3034=ADVANCED_FACE('',(#2742),#2889,.F.);
#3035=ADVANCED_FACE('',(#2743,#2744),#2890,.T.);
#3036=ADVANCED_FACE('',(#2745),#2891,.F.);
#3037=ADVANCED_FACE('',(#2746),#2892,.F.);
#3038=ADVANCED_FACE('',(#2747),#2893,.F.);
#3039=ADVANCED_FACE('',(#2748),#2894,.F.);
#3040=ADVANCED_FACE('',(#2749),#2895,.F.);
#3041=ADVANCED_FACE('',(#2750),#2896,.T.);
#3042=ADVANCED_FACE('',(#2751),#2897,.T.);
#3043=ADVANCED_FACE('',(#2752),#2898,.T.);
#3044=ADVANCED_FACE('',(#2753),#2899,.F.);
#3045=ADVANCED_FACE('',(#2754),#2900,.F.);
#3046=ADVANCED_FACE('',(#2755),#2901,.T.);
#3047=ADVANCED_FACE('',(#2756),#51,.T.);
#3048=ADVANCED_FACE('',(#2757),#46,.F.);
#3049=ADVANCED_FACE('',(#2758),#89,.F.);
#3050=ADVANCED_FACE('',(#2759),#47,.F.);
#3051=ADVANCED_FACE('',(#2760),#2902,.F.);
#3052=ADVANCED_FACE('',(#2761),#40,.T.);
#3053=ADVANCED_FACE('',(#2762),#2903,.F.);
#3054=ADVANCED_FACE('',(#2763),#41,.T.);
#3055=ADVANCED_FACE('',(#2764),#2904,.F.);
#3056=ADVANCED_FACE('',(#2765),#90,.F.);
#3057=ADVANCED_FACE('',(#2766),#91,.F.);
#3058=ADVANCED_FACE('',(#2767),#2905,.F.);
#3059=ADVANCED_FACE('',(#2768),#2906,.F.);
#3060=ADVANCED_FACE('',(#2769),#92,.T.);
#3061=ADVANCED_FACE('',(#2770),#2907,.F.);
#3062=ADVANCED_FACE('',(#2771),#93,.T.);
#3063=ADVANCED_FACE('',(#2772),#2908,.F.);
#3064=ADVANCED_FACE('',(#2773),#2909,.F.);
#3065=ADVANCED_FACE('',(#2774),#2910,.F.);
#3066=ADVANCED_FACE('',(#2775),#2911,.F.);
#3067=ADVANCED_FACE('',(#2776,#2777),#2912,.T.);
#3068=ADVANCED_FACE('',(#2778),#2913,.F.);
#3069=ADVANCED_FACE('',(#2779),#2914,.F.);
#3070=ADVANCED_FACE('',(#2780),#2915,.F.);
#3071=ADVANCED_FACE('',(#2781),#2916,.F.);
#3072=ADVANCED_FACE('',(#2782),#2917,.F.);
#3073=ADVANCED_FACE('',(#2783),#2918,.T.);
#3074=ADVANCED_FACE('',(#2784),#2919,.T.);
#3075=ADVANCED_FACE('',(#2785),#2920,.T.);
#3076=ADVANCED_FACE('',(#2786),#2921,.F.);
#3077=ADVANCED_FACE('',(#2787),#2922,.F.);
#3078=ADVANCED_FACE('',(#2788),#2923,.T.);
#3079=ADVANCED_FACE('',(#2789),#52,.T.);
#3080=ADVANCED_FACE('',(#2790),#48,.F.);
#3081=ADVANCED_FACE('',(#2791),#94,.F.);
#3082=ADVANCED_FACE('',(#2792),#49,.F.);
#3083=ADVANCED_FACE('',(#2793),#2924,.F.);
#3084=ADVANCED_FACE('',(#2794),#42,.T.);
#3085=ADVANCED_FACE('',(#2795),#2925,.F.);
#3086=ADVANCED_FACE('',(#2796),#43,.T.);
#3087=ADVANCED_FACE('',(#2797),#2926,.F.);
#3088=ADVANCED_FACE('',(#2798),#95,.F.);
#3089=ADVANCED_FACE('',(#2799),#2927,.F.);
#3090=ADVANCED_FACE('',(#2800),#2928,.F.);
#3091=ADVANCED_FACE('',(#2801),#2929,.F.);
#3092=ADVANCED_FACE('',(#2802),#2930,.F.);
#3093=ADVANCED_FACE('',(#2803),#2931,.T.);
#3094=ADVANCED_FACE('',(#2804),#2932,.F.);
#3095=ADVANCED_FACE('',(#2805),#2933,.T.);
#3096=ADVANCED_FACE('',(#2806),#2934,.T.);
#3097=ADVANCED_FACE('',(#2807),#2935,.T.);
#3098=ADVANCED_FACE('',(#2808),#2936,.T.);
#3099=ADVANCED_FACE('',(#2809),#2937,.F.);
#3100=ADVANCED_FACE('',(#2810),#2938,.F.);
#3101=ADVANCED_FACE('',(#2811),#2939,.F.);
#3102=ADVANCED_FACE('',(#2812),#2940,.F.);
#3103=CLOSED_SHELL('',(#2941,#2942,#2943,#2944,#2945,#2946,#2947,#2948,
#2949,#2950,#2951,#2952,#2953,#2954,#2955,#2956,#2957,#2958,#2959,#2960,
#2961,#2962,#2963,#2964,#2965,#2966,#2967,#2968,#2969,#2970,#2971,#2972,
#2973,#2974,#2975,#2976,#2977,#2978,#2979,#2980,#2981,#2982,#2983,#2984,
#2985,#2986,#2987,#2988,#2989,#2990,#2991,#2992,#2993,#2994,#2995,#2996,
#2997,#2998,#2999,#3000,#3001,#3002,#3003,#3004,#3005,#3006,#3007,#3008,
#3009,#3010,#3011,#3012,#3013,#3014,#3015,#3016,#3017,#3018,#3019,#3020,
#3021,#3022,#3023,#3024,#3025,#3026,#3027,#3028,#3029,#3030,#3031,#3032,
#3033,#3034,#3035,#3036,#3037,#3038,#3039,#3040,#3041,#3042,#3043,#3044,
#3045,#3046,#3047,#3048,#3049,#3050,#3051,#3052,#3053,#3054,#3055,#3056,
#3057,#3058,#3059,#3060,#3061,#3062,#3063,#3064,#3065,#3066,#3067,#3068,
#3069,#3070,#3071,#3072,#3073,#3074,#3075,#3076,#3077,#3078,#3079,#3080,
#3081,#3082,#3083,#3084,#3085,#3086,#3087,#3088));
#3104=CLOSED_SHELL('',(#3089,#3090,#3091,#3092,#3093,#3094,#3095,#3096,
#3097,#3098,#3099,#3100,#3101,#3102));
#3105=STYLED_ITEM('',(#3107),#3121);
#3106=STYLED_ITEM('',(#3108),#3122);
#3107=PRESENTATION_STYLE_ASSIGNMENT((#3109));
#3108=PRESENTATION_STYLE_ASSIGNMENT((#3110));
#3109=SURFACE_STYLE_USAGE(.BOTH.,#3111);
#3110=SURFACE_STYLE_USAGE(.BOTH.,#3112);
#3111=SURFACE_SIDE_STYLE('',(#3113));
#3112=SURFACE_SIDE_STYLE('',(#3114));
#3113=SURFACE_STYLE_FILL_AREA(#3115);
#3114=SURFACE_STYLE_FILL_AREA(#3116);
#3115=FILL_AREA_STYLE('',(#3117));
#3116=FILL_AREA_STYLE('',(#3118));
#3117=FILL_AREA_STYLE_COLOUR('',#3119);
#3118=FILL_AREA_STYLE_COLOUR('',#3120);
#3119=COLOUR_RGB('',0.39215686917305,0.600000023841858,0.39215686917305);
#3120=COLOUR_RGB('',0.74039214849472,0.778039216995239,0.800000011920929);
#3121=MANIFOLD_SOLID_BREP('',#3103);
#3122=MANIFOLD_SOLID_BREP('',#3104);
#3123=SHAPE_DEFINITION_REPRESENTATION(#5130,#3126);
#3124=SHAPE_DEFINITION_REPRESENTATION(#5129,#3127);
#3125=SHAPE_DEFINITION_REPRESENTATION(#5132,#3128);
#3126=SHAPE_REPRESENTATION('691311500103',(#3129),#5121);
#3127=SHAPE_REPRESENTATION('6913115001xx',(#3129,#3334,#3349,#3350,#3351),
#5120);
#3128=SHAPE_REPRESENTATION('6913115001xx_PIN',(#3129),#5122);
#3129=AXIS2_PLACEMENT_3D('',#4157,#3352,#3353);
#3130=AXIS2_PLACEMENT_3D('',#4158,#3354,#3355);
#3131=AXIS2_PLACEMENT_3D('',#4215,#3384,#3385);
#3132=AXIS2_PLACEMENT_3D('',#4219,#3387,#3388);
#3133=AXIS2_PLACEMENT_3D('',#4224,#3391,#3392);
#3134=AXIS2_PLACEMENT_3D('',#4225,#3393,#3394);
#3135=AXIS2_PLACEMENT_3D('',#4226,#3395,#3396);
#3136=AXIS2_PLACEMENT_3D('',#4231,#3398,#3399);
#3137=AXIS2_PLACEMENT_3D('',#4235,#3401,#3402);
#3138=AXIS2_PLACEMENT_3D('',#4239,#3404,#3405);
#3139=AXIS2_PLACEMENT_3D('',#4243,#3407,#3408);
#3140=AXIS2_PLACEMENT_3D('',#4244,#3409,#3410);
#3141=AXIS2_PLACEMENT_3D('',#4253,#3415,#3416);
#3142=AXIS2_PLACEMENT_3D('',#4262,#3421,#3422);
#3143=AXIS2_PLACEMENT_3D('',#4265,#3425,#3426);
#3144=AXIS2_PLACEMENT_3D('',#4278,#3433,#3434);
#3145=AXIS2_PLACEMENT_3D('',#4288,#3440,#3441);
#3146=AXIS2_PLACEMENT_3D('',#4298,#3447,#3448);
#3147=AXIS2_PLACEMENT_3D('',#4301,#3451,#3452);
#3148=AXIS2_PLACEMENT_3D('',#4334,#3469,#3470);
#3149=AXIS2_PLACEMENT_3D('',#4335,#3471,#3472);
#3150=AXIS2_PLACEMENT_3D('',#4336,#3473,#3474);
#3151=AXIS2_PLACEMENT_3D('',#4343,#3478,#3479);
#3152=AXIS2_PLACEMENT_3D('',#4349,#3483,#3484);
#3153=AXIS2_PLACEMENT_3D('',#4355,#3488,#3489);
#3154=AXIS2_PLACEMENT_3D('',#4361,#3492,#3493);
#3155=AXIS2_PLACEMENT_3D('',#4366,#3496,#3497);
#3156=AXIS2_PLACEMENT_3D('',#4372,#3500,#3501);
#3157=AXIS2_PLACEMENT_3D('',#4376,#3503,#3504);
#3158=AXIS2_PLACEMENT_3D('',#4379,#3506,#3507);
#3159=AXIS2_PLACEMENT_3D('',#4387,#3512,#3513);
#3160=AXIS2_PLACEMENT_3D('',#4389,#3515,#3516);
#3161=AXIS2_PLACEMENT_3D('',#4393,#3518,#3519);
#3162=AXIS2_PLACEMENT_3D('',#4398,#3522,#3523);
#3163=AXIS2_PLACEMENT_3D('',#4399,#3524,#3525);
#3164=AXIS2_PLACEMENT_3D('',#4400,#3526,#3527);
#3165=AXIS2_PLACEMENT_3D('',#4405,#3529,#3530);
#3166=AXIS2_PLACEMENT_3D('',#4409,#3532,#3533);
#3167=AXIS2_PLACEMENT_3D('',#4410,#3534,#3535);
#3168=AXIS2_PLACEMENT_3D('',#4414,#3537,#3538);
#3169=AXIS2_PLACEMENT_3D('',#4415,#3539,#3540);
#3170=AXIS2_PLACEMENT_3D('',#4424,#3545,#3546);
#3171=AXIS2_PLACEMENT_3D('',#4427,#3549,#3550);
#3172=AXIS2_PLACEMENT_3D('',#4440,#3557,#3558);
#3173=AXIS2_PLACEMENT_3D('',#4450,#3564,#3565);
#3174=AXIS2_PLACEMENT_3D('',#4460,#3571,#3572);
#3175=AXIS2_PLACEMENT_3D('',#4463,#3575,#3576);
#3176=AXIS2_PLACEMENT_3D('',#4464,#3577,#3578);
#3177=AXIS2_PLACEMENT_3D('',#4470,#3582,#3583);
#3178=AXIS2_PLACEMENT_3D('',#4476,#3586,#3587);
#3179=AXIS2_PLACEMENT_3D('',#4480,#3589,#3590);
#3180=AXIS2_PLACEMENT_3D('',#4483,#3592,#3593);
#3181=AXIS2_PLACEMENT_3D('',#4487,#3595,#3596);
#3182=AXIS2_PLACEMENT_3D('',#4491,#3599,#3600);
#3183=AXIS2_PLACEMENT_3D('',#4492,#3601,#3602);
#3184=AXIS2_PLACEMENT_3D('',#4497,#3604,#3605);
#3185=AXIS2_PLACEMENT_3D('',#4501,#3607,#3608);
#3186=AXIS2_PLACEMENT_3D('',#4502,#3609,#3610);
#3187=AXIS2_PLACEMENT_3D('',#4506,#3612,#3613);
#3188=AXIS2_PLACEMENT_3D('',#4507,#3614,#3615);
#3189=AXIS2_PLACEMENT_3D('',#4516,#3620,#3621);
#3190=AXIS2_PLACEMENT_3D('',#4519,#3623,#3624);
#3191=AXIS2_PLACEMENT_3D('',#4523,#3626,#3627);
#3192=AXIS2_PLACEMENT_3D('',#4527,#3629,#3630);
#3193=AXIS2_PLACEMENT_3D('',#4539,#3638,#3639);
#3194=AXIS2_PLACEMENT_3D('',#4552,#3646,#3647);
#3195=AXIS2_PLACEMENT_3D('',#4562,#3653,#3654);
#3196=AXIS2_PLACEMENT_3D('',#4572,#3660,#3661);
#3197=AXIS2_PLACEMENT_3D('',#4575,#3664,#3665);
#3198=AXIS2_PLACEMENT_3D('',#4576,#3666,#3667);
#3199=AXIS2_PLACEMENT_3D('',#4582,#3671,#3672);
#3200=AXIS2_PLACEMENT_3D('',#4591,#3677,#3678);
#3201=AXIS2_PLACEMENT_3D('',#4593,#3680,#3681);
#3202=AXIS2_PLACEMENT_3D('',#4598,#3684,#3685);
#3203=AXIS2_PLACEMENT_3D('',#4601,#3687,#3688);
#3204=AXIS2_PLACEMENT_3D('',#4619,#3700,#3701);
#3205=AXIS2_PLACEMENT_3D('',#4625,#3705,#3706);
#3206=AXIS2_PLACEMENT_3D('',#4631,#3710,#3711);
#3207=AXIS2_PLACEMENT_3D('',#4637,#3717,#3718);
#3208=AXIS2_PLACEMENT_3D('',#4638,#3719,#3720);
#3209=AXIS2_PLACEMENT_3D('',#4639,#3721,#3722);
#3210=AXIS2_PLACEMENT_3D('',#4647,#3727,#3728);
#3211=AXIS2_PLACEMENT_3D('',#4650,#3730,#3731);
#3212=AXIS2_PLACEMENT_3D('',#4651,#3732,#3733);
#3213=AXIS2_PLACEMENT_3D('',#4664,#3741,#3742);
#3214=AXIS2_PLACEMENT_3D('',#4670,#3746,#3747);
#3215=AXIS2_PLACEMENT_3D('',#4671,#3748,#3749);
#3216=AXIS2_PLACEMENT_3D('',#4675,#3751,#3752);
#3217=AXIS2_PLACEMENT_3D('',#4676,#3753,#3754);
#3218=AXIS2_PLACEMENT_3D('',#4682,#3758,#3759);
#3219=AXIS2_PLACEMENT_3D('',#4688,#3763,#3764);
#3220=AXIS2_PLACEMENT_3D('',#4689,#3765,#3766);
#3221=AXIS2_PLACEMENT_3D('',#4693,#3768,#3769);
#3222=AXIS2_PLACEMENT_3D('',#4694,#3770,#3771);
#3223=AXIS2_PLACEMENT_3D('',#4697,#3774,#3775);
#3224=AXIS2_PLACEMENT_3D('',#4698,#3776,#3777);
#3225=AXIS2_PLACEMENT_3D('',#4701,#3779,#3780);
#3226=AXIS2_PLACEMENT_3D('',#4707,#3783,#3784);
#3227=AXIS2_PLACEMENT_3D('',#4711,#3786,#3787);
#3228=AXIS2_PLACEMENT_3D('',#4717,#3790,#3791);
#3229=AXIS2_PLACEMENT_3D('',#4723,#3794,#3795);
#3230=AXIS2_PLACEMENT_3D('',#4726,#3797,#3798);
#3231=AXIS2_PLACEMENT_3D('',#4734,#3803,#3804);
#3232=AXIS2_PLACEMENT_3D('',#4738,#3807,#3808);
#3233=AXIS2_PLACEMENT_3D('',#4744,#3812,#3813);
#3234=AXIS2_PLACEMENT_3D('',#4745,#3814,#3815);
#3235=AXIS2_PLACEMENT_3D('',#4753,#3820,#3821);
#3236=AXIS2_PLACEMENT_3D('',#4758,#3826,#3827);
#3237=AXIS2_PLACEMENT_3D('',#4759,#3828,#3829);
#3238=AXIS2_PLACEMENT_3D('',#4760,#3830,#3831);
#3239=AXIS2_PLACEMENT_3D('',#4761,#3832,#3833);
#3240=AXIS2_PLACEMENT_3D('',#4762,#3834,#3835);
#3241=AXIS2_PLACEMENT_3D('',#4764,#3837,#3838);
#3242=AXIS2_PLACEMENT_3D('',#4766,#3840,#3841);
#3243=AXIS2_PLACEMENT_3D('',#4767,#3842,#3843);
#3244=AXIS2_PLACEMENT_3D('',#4774,#3845,#3846);
#3245=AXIS2_PLACEMENT_3D('',#4775,#3847,#3848);
#3246=AXIS2_PLACEMENT_3D('',#4780,#3849,#3850);
#3247=AXIS2_PLACEMENT_3D('',#4783,#3852,#3853);
#3248=AXIS2_PLACEMENT_3D('',#4785,#3855,#3856);
#3249=AXIS2_PLACEMENT_3D('',#4786,#3857,#3858);
#3250=AXIS2_PLACEMENT_3D('',#4791,#3859,#3860);
#3251=AXIS2_PLACEMENT_3D('',#4796,#3861,#3862);
#3252=AXIS2_PLACEMENT_3D('',#4801,#3863,#3864);
#3253=AXIS2_PLACEMENT_3D('',#4802,#3865,#3866);
#3254=AXIS2_PLACEMENT_3D('',#4807,#3867,#3868);
#3255=AXIS2_PLACEMENT_3D('',#4812,#3869,#3870);
#3256=AXIS2_PLACEMENT_3D('',#4817,#3871,#3872);
#3257=AXIS2_PLACEMENT_3D('',#4822,#3873,#3874);
#3258=AXIS2_PLACEMENT_3D('',#4827,#3875,#3876);
#3259=AXIS2_PLACEMENT_3D('',#4828,#3877,#3878);
#3260=AXIS2_PLACEMENT_3D('',#4829,#3879,#3880);
#3261=AXIS2_PLACEMENT_3D('',#4831,#3882,#3883);
#3262=AXIS2_PLACEMENT_3D('',#4839,#3889,#3890);
#3263=AXIS2_PLACEMENT_3D('',#4843,#3893,#3894);
#3264=AXIS2_PLACEMENT_3D('',#4844,#3895,#3896);
#3265=AXIS2_PLACEMENT_3D('',#4847,#3898,#3899);
#3266=AXIS2_PLACEMENT_3D('',#4851,#3902,#3903);
#3267=AXIS2_PLACEMENT_3D('',#4852,#3904,#3905);
#3268=AXIS2_PLACEMENT_3D('',#4855,#3907,#3908);
#3269=AXIS2_PLACEMENT_3D('',#4857,#3910,#3911);
#3270=AXIS2_PLACEMENT_3D('',#4865,#3916,#3917);
#3271=AXIS2_PLACEMENT_3D('',#4869,#3920,#3921);
#3272=AXIS2_PLACEMENT_3D('',#4875,#3925,#3926);
#3273=AXIS2_PLACEMENT_3D('',#4876,#3927,#3928);
#3274=AXIS2_PLACEMENT_3D('',#4884,#3933,#3934);
#3275=AXIS2_PLACEMENT_3D('',#4889,#3939,#3940);
#3276=AXIS2_PLACEMENT_3D('',#4890,#3941,#3942);
#3277=AXIS2_PLACEMENT_3D('',#4891,#3943,#3944);
#3278=AXIS2_PLACEMENT_3D('',#4892,#3945,#3946);
#3279=AXIS2_PLACEMENT_3D('',#4893,#3947,#3948);
#3280=AXIS2_PLACEMENT_3D('',#4895,#3950,#3951);
#3281=AXIS2_PLACEMENT_3D('',#4897,#3953,#3954);
#3282=AXIS2_PLACEMENT_3D('',#4898,#3955,#3956);
#3283=AXIS2_PLACEMENT_3D('',#4905,#3958,#3959);
#3284=AXIS2_PLACEMENT_3D('',#4906,#3960,#3961);
#3285=AXIS2_PLACEMENT_3D('',#4911,#3962,#3963);
#3286=AXIS2_PLACEMENT_3D('',#4914,#3965,#3966);
#3287=AXIS2_PLACEMENT_3D('',#4916,#3968,#3969);
#3288=AXIS2_PLACEMENT_3D('',#4917,#3970,#3971);
#3289=AXIS2_PLACEMENT_3D('',#4922,#3972,#3973);
#3290=AXIS2_PLACEMENT_3D('',#4927,#3974,#3975);
#3291=AXIS2_PLACEMENT_3D('',#4928,#3976,#3977);
#3292=AXIS2_PLACEMENT_3D('',#4933,#3978,#3979);
#3293=AXIS2_PLACEMENT_3D('',#4938,#3980,#3981);
#3294=AXIS2_PLACEMENT_3D('',#4943,#3982,#3983);
#3295=AXIS2_PLACEMENT_3D('',#4948,#3984,#3985);
#3296=AXIS2_PLACEMENT_3D('',#4949,#3986,#3987);
#3297=AXIS2_PLACEMENT_3D('',#4950,#3988,#3989);
#3298=AXIS2_PLACEMENT_3D('',#4952,#3991,#3992);
#3299=AXIS2_PLACEMENT_3D('',#4956,#3995,#3996);
#3300=AXIS2_PLACEMENT_3D('',#4960,#3999,#4000);
#3301=AXIS2_PLACEMENT_3D('',#4961,#4001,#4002);
#3302=AXIS2_PLACEMENT_3D('',#4964,#4004,#4005);
#3303=AXIS2_PLACEMENT_3D('',#4966,#4007,#4008);
#3304=AXIS2_PLACEMENT_3D('',#4967,#4009,#4010);
#3305=AXIS2_PLACEMENT_3D('',#4970,#4012,#4013);
#3306=AXIS2_PLACEMENT_3D('',#4972,#4015,#4016);
#3307=AXIS2_PLACEMENT_3D('',#4980,#4021,#4022);
#3308=AXIS2_PLACEMENT_3D('',#4984,#4025,#4026);
#3309=AXIS2_PLACEMENT_3D('',#4990,#4030,#4031);
#3310=AXIS2_PLACEMENT_3D('',#4991,#4032,#4033);
#3311=AXIS2_PLACEMENT_3D('',#4999,#4038,#4039);
#3312=AXIS2_PLACEMENT_3D('',#5004,#4044,#4045);
#3313=AXIS2_PLACEMENT_3D('',#5005,#4046,#4047);
#3314=AXIS2_PLACEMENT_3D('',#5006,#4048,#4049);
#3315=AXIS2_PLACEMENT_3D('',#5007,#4050,#4051);
#3316=AXIS2_PLACEMENT_3D('',#5008,#4052,#4053);
#3317=AXIS2_PLACEMENT_3D('',#5010,#4055,#4056);
#3318=AXIS2_PLACEMENT_3D('',#5012,#4058,#4059);
#3319=AXIS2_PLACEMENT_3D('',#5013,#4060,#4061);
#3320=AXIS2_PLACEMENT_3D('',#5020,#4063,#4064);
#3321=AXIS2_PLACEMENT_3D('',#5021,#4065,#4066);
#3322=AXIS2_PLACEMENT_3D('',#5026,#4067,#4068);
#3323=AXIS2_PLACEMENT_3D('',#5029,#4070,#4071);
#3324=AXIS2_PLACEMENT_3D('',#5031,#4073,#4074);
#3325=AXIS2_PLACEMENT_3D('',#5032,#4075,#4076);
#3326=AXIS2_PLACEMENT_3D('',#5037,#4077,#4078);
#3327=AXIS2_PLACEMENT_3D('',#5038,#4079,#4080);
#3328=AXIS2_PLACEMENT_3D('',#5039,#4081,#4082);
#3329=AXIS2_PLACEMENT_3D('',#5044,#4083,#4084);
#3330=AXIS2_PLACEMENT_3D('',#5049,#4085,#4086);
#3331=AXIS2_PLACEMENT_3D('',#5050,#4087,#4088);
#3332=AXIS2_PLACEMENT_3D('',#5055,#4089,#4090);
#3333=AXIS2_PLACEMENT_3D('',#5056,#4091,#4092);
#3334=AXIS2_PLACEMENT_3D('',#5057,#4093,#4094);
#3335=AXIS2_PLACEMENT_3D('',#5058,#4095,#4096);
#3336=AXIS2_PLACEMENT_3D('',#5067,#4101,#4102);
#3337=AXIS2_PLACEMENT_3D('',#5073,#4106,#4107);
#3338=AXIS2_PLACEMENT_3D('',#5079,#4111,#4112);
#3339=AXIS2_PLACEMENT_3D('',#5082,#4115,#4116);
#3340=AXIS2_PLACEMENT_3D('',#5091,#4121,#4122);
#3341=AXIS2_PLACEMENT_3D('',#5100,#4127,#4128);
#3342=AXIS2_PLACEMENT_3D('',#5103,#4131,#4132);
#3343=AXIS2_PLACEMENT_3D('',#5105,#4134,#4135);
#3344=AXIS2_PLACEMENT_3D('',#5107,#4137,#4138);
#3345=AXIS2_PLACEMENT_3D('',#5108,#4139,#4140);
#3346=AXIS2_PLACEMENT_3D('',#5111,#4143,#4144);
#3347=AXIS2_PLACEMENT_3D('',#5113,#4146,#4147);
#3348=AXIS2_PLACEMENT_3D('',#5115,#4149,#4150);
#3349=AXIS2_PLACEMENT_3D('',#5116,#4151,#4152);
#3350=AXIS2_PLACEMENT_3D('',#5117,#4153,#4154);
#3351=AXIS2_PLACEMENT_3D('',#5118,#4155,#4156);
#3352=DIRECTION('',(0.,0.,1.));
#3353=DIRECTION('',(1.,0.,0.));
#3354=DIRECTION('',(0.,-1.,0.));
#3355=DIRECTION('',(0.,0.,-1.));
#3356=DIRECTION('',(0.,0.,-1.));
#3357=DIRECTION('',(1.,0.,0.));
#3358=DIRECTION('',(0.,0.,-1.));
#3359=DIRECTION('',(1.,0.,0.));
#3360=DIRECTION('',(0.,0.,1.));
#3361=DIRECTION('',(1.,0.,0.));
#3362=DIRECTION('',(-0.277160651302181,0.,0.960823591180895));
#3363=DIRECTION('',(-1.,0.,0.));
#3364=DIRECTION('',(-0.277160651302181,0.,-0.960823591180895));
#3365=DIRECTION('',(1.,0.,0.));
#3366=DIRECTION('',(-0.277160651302181,0.,0.960823591180895));
#3367=DIRECTION('',(-1.,0.,0.));
#3368=DIRECTION('',(-0.277160651302181,0.,-0.960823591180895));
#3369=DIRECTION('',(1.,0.,0.));
#3370=DIRECTION('',(-0.277160651302181,0.,0.960823591180895));
#3371=DIRECTION('',(-1.,0.,0.));
#3372=DIRECTION('',(-0.277160651302181,0.,-0.960823591180895));
#3373=DIRECTION('',(1.,0.,0.));
#3374=DIRECTION('',(0.,0.,1.));
#3375=DIRECTION('',(1.,0.,0.));
#3376=DIRECTION('',(0.,0.,-1.));
#3377=DIRECTION('',(1.,0.,0.));
#3378=DIRECTION('',(0.,0.,-1.));
#3379=DIRECTION('',(1.,0.,0.));
#3380=DIRECTION('',(0.,0.,-1.));
#3381=DIRECTION('',(1.,0.,0.));
#3382=DIRECTION('',(0.,0.,-1.));
#3383=DIRECTION('',(1.,0.,0.));
#3384=DIRECTION('',(0.,0.,1.));
#3385=DIRECTION('',(1.,0.,0.));
#3386=DIRECTION('',(1.,1.28055374703012E-16,0.));
#3387=DIRECTION('',(0.,0.,1.));
#3388=DIRECTION('',(1.,0.,0.));
#3389=DIRECTION('',(0.,1.,0.));
#3390=DIRECTION('',(0.,-1.,0.));
#3391=DIRECTION('',(0.,0.,1.));
#3392=DIRECTION('',(1.,0.,0.));
#3393=DIRECTION('',(0.,0.,-1.));
#3394=DIRECTION('',(-1.,0.,0.));
#3395=DIRECTION('',(0.,0.,-1.));
#3396=DIRECTION('',(-1.,0.,0.));
#3397=DIRECTION('',(0.,0.,-1.));
#3398=DIRECTION('',(0.,0.,1.));
#3399=DIRECTION('',(1.,0.,0.));
#3400=DIRECTION('',(0.,0.,1.));
#3401=DIRECTION('',(0.,0.,1.));
#3402=DIRECTION('',(1.,0.,0.));
#3403=DIRECTION('',(0.,0.,1.));
#3404=DIRECTION('',(0.,0.,1.));
#3405=DIRECTION('',(1.,0.,0.));
#3406=DIRECTION('',(0.,0.,-1.));
#3407=DIRECTION('',(0.,0.,1.));
#3408=DIRECTION('',(1.,0.,0.));
#3409=DIRECTION('',(0.,-0.880471099922174,0.474099823035019));
#3410=DIRECTION('',(0.,-0.474099823035019,-0.880471099922174));
#3411=DIRECTION('',(-1.,0.,0.));
#3412=DIRECTION('',(-0.246166405654438,-0.459510623888286,-0.853376872935383));
#3413=DIRECTION('',(-1.,0.,0.));
#3414=DIRECTION('',(-0.246166405654438,0.459510623888286,0.853376872935383));
#3415=DIRECTION('',(0.,-0.880471099922174,0.474099823035019));
#3416=DIRECTION('',(0.,-0.474099823035019,-0.880471099922174));
#3417=DIRECTION('',(-1.,0.,0.));
#3418=DIRECTION('',(-0.246166405654438,0.459510623888286,0.853376872935383));
#3419=DIRECTION('',(-1.,0.,0.));
#3420=DIRECTION('',(0.,0.474099823035019,0.880471099922174));
#3421=DIRECTION('',(0.,0.,1.));
#3422=DIRECTION('',(1.,0.,0.));
#3423=DIRECTION('',(0.,-1.,0.));
#3424=DIRECTION('',(0.,-1.,0.));
#3425=DIRECTION('',(-1.,0.,0.));
#3426=DIRECTION('',(0.,0.,1.));
#3427=DIRECTION('',(0.,0.,1.));
#3428=DIRECTION('',(0.,1.,0.));
#3429=DIRECTION('',(0.,0.,-1.));
#3430=DIRECTION('',(0.,1.,0.));
#3431=DIRECTION('',(0.,0.,1.));
#3432=DIRECTION('',(0.,-1.,0.));
#3433=DIRECTION('',(0.,1.,0.));
#3434=DIRECTION('',(0.,0.,1.));
#3435=DIRECTION('',(-1.,0.,0.));
#3436=DIRECTION('',(0.447213595499957,0.,-0.894427190999916));
#3437=DIRECTION('',(-1.,0.,0.));
#3438=DIRECTION('',(0.447213595499957,0.,0.894427190999916));
#3439=DIRECTION('',(0.,0.,1.));
#3440=DIRECTION('',(1.,0.,0.));
#3441=DIRECTION('',(0.,0.,-1.));
#3442=DIRECTION('',(0.,1.,0.));
#3443=DIRECTION('',(0.,1.,0.));
#3444=DIRECTION('',(0.,0.,1.));
#3445=DIRECTION('',(0.,1.,0.));
#3446=DIRECTION('',(0.,0.,1.));
#3447=DIRECTION('',(0.,-1.,0.));
#3448=DIRECTION('',(0.,0.,-1.));
#3449=DIRECTION('',(-1.,0.,0.));
#3450=DIRECTION('',(1.,0.,0.));
#3451=DIRECTION('',(0.,0.,-1.));
#3452=DIRECTION('',(-1.,0.,0.));
#3453=DIRECTION('',(-1.2303003375722E-16,-1.,0.));
#3454=DIRECTION('',(-1.,0.,0.));
#3455=DIRECTION('',(-1.2303003375722E-16,1.,0.));
#3456=DIRECTION('',(-1.,0.,0.));
#3457=DIRECTION('',(-1.2303003375722E-16,-1.,0.));
#3458=DIRECTION('',(-1.,0.,0.));
#3459=DIRECTION('',(-1.2303003375722E-16,1.,0.));
#3460=DIRECTION('',(-1.,0.,0.));
#3461=DIRECTION('',(-1.2303003375722E-16,-1.,0.));
#3462=DIRECTION('',(-1.,0.,0.));
#3463=DIRECTION('',(0.,-1.,0.));
#3464=DIRECTION('',(-1.,0.,0.));
#3465=DIRECTION('',(0.,-1.,0.));
#3466=DIRECTION('',(-1.,0.,0.));
#3467=DIRECTION('',(-1.2303003375722E-16,1.,0.));
#3468=DIRECTION('',(-1.,0.,0.));
#3469=DIRECTION('',(0.,0.,-1.));
#3470=DIRECTION('',(-1.,0.,0.));
#3471=DIRECTION('',(0.,0.,1.));
#3472=DIRECTION('',(1.,0.,0.));
#3473=DIRECTION('',(0.,0.,1.));
#3474=DIRECTION('',(1.,0.,0.));
#3475=DIRECTION('',(1.,1.28055374703012E-16,0.));
#3476=DIRECTION('',(8.18265790555098E-17,-1.,0.));
#3477=DIRECTION('',(0.,-1.,0.));
#3478=DIRECTION('',(-1.28055374703012E-16,1.,0.));
#3479=DIRECTION('',(-1.,-1.28055374703012E-16,0.));
#3480=DIRECTION('',(0.,0.,-1.));
#3481=DIRECTION('',(1.,1.28055374703012E-16,0.));
#3482=DIRECTION('',(1.,1.28055374703012E-16,0.));
#3483=DIRECTION('',(-1.28055374703012E-16,1.,0.));
#3484=DIRECTION('',(-1.,-1.28055374703012E-16,0.));
#3485=DIRECTION('',(1.,1.28055374703012E-16,0.));
#3486=DIRECTION('',(0.,0.,1.));
#3487=DIRECTION('',(1.,1.28055374703012E-16,0.));
#3488=DIRECTION('',(0.,0.,1.));
#3489=DIRECTION('',(1.,0.,0.));
#3490=DIRECTION('',(8.18265790555098E-17,-1.,0.));
#3491=DIRECTION('',(1.,0.,0.));
#3492=DIRECTION('',(0.,0.,1.));
#3493=DIRECTION('',(1.,0.,0.));
#3494=DIRECTION('',(0.,1.,0.));
#3495=DIRECTION('',(-1.,1.84031113882911E-15,0.));
#3496=DIRECTION('',(0.,0.,1.));
#3497=DIRECTION('',(1.,0.,0.));
#3498=DIRECTION('',(-1.,1.84031113882911E-15,0.));
#3499=DIRECTION('',(0.,-1.,0.));
#3500=DIRECTION('',(0.,0.,1.));
#3501=DIRECTION('',(1.,0.,0.));
#3502=DIRECTION('',(1.,0.,0.));
#3503=DIRECTION('',(0.,0.,1.));
#3504=DIRECTION('',(1.,0.,0.));
#3505=DIRECTION('',(0.,1.,0.));
#3506=DIRECTION('',(-1.,-8.18265790555098E-17,0.));
#3507=DIRECTION('',(8.18265790555098E-17,-1.,0.));
#3508=DIRECTION('',(0.,0.,-1.));
#3509=DIRECTION('',(-5.78601289314481E-17,0.707106781186547,-0.707106781186548));
#3510=DIRECTION('',(0.,0.,1.));
#3511=DIRECTION('',(8.18265790555098E-17,-1.,0.));
#3512=DIRECTION('',(-1.,-8.18265790555098E-17,0.));
#3513=DIRECTION('',(8.18265790555098E-17,-1.,0.));
#3514=DIRECTION('',(3.46944695195361E-15,-1.,0.));
#3515=DIRECTION('',(0.,0.,1.));
#3516=DIRECTION('',(1.,0.,0.));
#3517=DIRECTION('',(1.,1.28055374703012E-16,0.));
#3518=DIRECTION('',(0.,0.,1.));
#3519=DIRECTION('',(1.,0.,0.));
#3520=DIRECTION('',(0.,1.,0.));
#3521=DIRECTION('',(0.,-1.,0.));
#3522=DIRECTION('',(0.,0.,1.));
#3523=DIRECTION('',(1.,0.,0.));
#3524=DIRECTION('',(0.,0.,-1.));
#3525=DIRECTION('',(-1.,0.,0.));
#3526=DIRECTION('',(0.,0.,-1.));
#3527=DIRECTION('',(-1.,0.,0.));
#3528=DIRECTION('',(0.,0.,-1.));
#3529=DIRECTION('',(0.,0.,1.));
#3530=DIRECTION('',(1.,0.,0.));
#3531=DIRECTION('',(0.,0.,1.));
#3532=DIRECTION('',(0.,0.,1.));
#3533=DIRECTION('',(1.,0.,0.));
#3534=DIRECTION('',(0.,0.,1.));
#3535=DIRECTION('',(1.,0.,0.));
#3536=DIRECTION('',(0.,0.,-1.));
#3537=DIRECTION('',(0.,0.,1.));
#3538=DIRECTION('',(1.,0.,0.));
#3539=DIRECTION('',(0.,-0.880471099922174,0.474099823035019));
#3540=DIRECTION('',(0.,-0.474099823035019,-0.880471099922174));
#3541=DIRECTION('',(-1.,0.,0.));
#3542=DIRECTION('',(-0.246166405654438,-0.459510623888286,-0.853376872935383));
#3543=DIRECTION('',(-1.,0.,0.));
#3544=DIRECTION('',(-0.246166405654438,0.459510623888286,0.853376872935383));
#3545=DIRECTION('',(0.,0.,1.));
#3546=DIRECTION('',(1.,0.,0.));
#3547=DIRECTION('',(0.,-1.,0.));
#3548=DIRECTION('',(0.,-1.,0.));
#3549=DIRECTION('',(-1.,0.,0.));
#3550=DIRECTION('',(0.,0.,1.));
#3551=DIRECTION('',(0.,0.,1.));
#3552=DIRECTION('',(0.,1.,0.));
#3553=DIRECTION('',(0.,0.,-1.));
#3554=DIRECTION('',(0.,1.,0.));
#3555=DIRECTION('',(0.,0.,1.));
#3556=DIRECTION('',(0.,-1.,0.));
#3557=DIRECTION('',(0.,1.,0.));
#3558=DIRECTION('',(0.,0.,1.));
#3559=DIRECTION('',(-1.,0.,0.));
#3560=DIRECTION('',(0.447213595499957,0.,-0.894427190999916));
#3561=DIRECTION('',(-1.,0.,0.));
#3562=DIRECTION('',(0.447213595499957,0.,0.894427190999916));
#3563=DIRECTION('',(0.,0.,1.));
#3564=DIRECTION('',(1.,0.,0.));
#3565=DIRECTION('',(0.,0.,-1.));
#3566=DIRECTION('',(0.,1.,0.));
#3567=DIRECTION('',(0.,1.,0.));
#3568=DIRECTION('',(0.,0.,1.));
#3569=DIRECTION('',(0.,1.,0.));
#3570=DIRECTION('',(0.,0.,1.));
#3571=DIRECTION('',(0.,-1.,0.));
#3572=DIRECTION('',(0.,0.,-1.));
#3573=DIRECTION('',(-1.,0.,0.));
#3574=DIRECTION('',(1.,0.,0.));
#3575=DIRECTION('',(0.,0.,-1.));
#3576=DIRECTION('',(-1.,0.,0.));
#3577=DIRECTION('',(-1.28055374703012E-16,1.,0.));
#3578=DIRECTION('',(-1.,-1.28055374703012E-16,0.));
#3579=DIRECTION('',(1.,1.28055374703012E-16,0.));
#3580=DIRECTION('',(0.,0.,1.));
#3581=DIRECTION('',(1.,1.28055374703012E-16,0.));
#3582=DIRECTION('',(0.,0.,1.));
#3583=DIRECTION('',(1.,0.,0.));
#3584=DIRECTION('',(-1.,1.84031113882911E-15,0.));
#3585=DIRECTION('',(0.,-1.,0.));
#3586=DIRECTION('',(0.,0.,1.));
#3587=DIRECTION('',(1.,0.,0.));
#3588=DIRECTION('',(1.,0.,0.));
#3589=DIRECTION('',(0.,0.,1.));
#3590=DIRECTION('',(1.,0.,0.));
#3591=DIRECTION('',(0.,1.,0.));
#3592=DIRECTION('',(0.,0.,1.));
#3593=DIRECTION('',(1.,0.,0.));
#3594=DIRECTION('',(1.,1.28055374703012E-16,0.));
#3595=DIRECTION('',(0.,0.,1.));
#3596=DIRECTION('',(1.,0.,0.));
#3597=DIRECTION('',(0.,1.,0.));
#3598=DIRECTION('',(0.,1.,0.));
#3599=DIRECTION('',(0.,0.,-1.));
#3600=DIRECTION('',(-1.,0.,0.));
#3601=DIRECTION('',(0.,0.,-1.));
#3602=DIRECTION('',(-1.,0.,0.));
#3603=DIRECTION('',(0.,0.,-1.));
#3604=DIRECTION('',(0.,0.,1.));
#3605=DIRECTION('',(1.,0.,0.));
#3606=DIRECTION('',(0.,0.,1.));
#3607=DIRECTION('',(0.,0.,1.));
#3608=DIRECTION('',(1.,0.,0.));
#3609=DIRECTION('',(0.,0.,1.));
#3610=DIRECTION('',(1.,0.,0.));
#3611=DIRECTION('',(0.,0.,-1.));
#3612=DIRECTION('',(0.,0.,1.));
#3613=DIRECTION('',(1.,0.,0.));
#3614=DIRECTION('',(0.,-0.880471099922174,0.474099823035019));
#3615=DIRECTION('',(0.,-0.474099823035019,-0.880471099922174));
#3616=DIRECTION('',(-1.,0.,0.));
#3617=DIRECTION('',(-0.246166405654438,-0.459510623888286,-0.853376872935383));
#3618=DIRECTION('',(-1.,0.,0.));
#3619=DIRECTION('',(0.,0.474099823035019,0.880471099922174));
#3620=DIRECTION('',(0.,0.,1.));
#3621=DIRECTION('',(1.,0.,0.));
#3622=DIRECTION('',(-1.,1.84031113882911E-15,0.));
#3623=DIRECTION('',(0.,0.,1.));
#3624=DIRECTION('',(1.,0.,0.));
#3625=DIRECTION('',(-1.,1.84031113882911E-15,0.));
#3626=DIRECTION('',(0.,0.,1.));
#3627=DIRECTION('',(1.,0.,0.));
#3628=DIRECTION('',(-1.,1.84031113882911E-15,0.));
#3629=DIRECTION('',(0.,0.,1.));
#3630=DIRECTION('',(1.,0.,0.));
#3631=DIRECTION('',(-1.,-1.84031113882911E-15,0.));
#3632=DIRECTION('',(0.,1.,0.));
#3633=DIRECTION('',(0.,-1.,0.));
#3634=DIRECTION('',(0.,1.,0.));
#3635=DIRECTION('',(-1.,0.,0.));
#3636=DIRECTION('',(0.,1.,0.));
#3637=DIRECTION('',(0.,-1.,0.));
#3638=DIRECTION('',(-1.,0.,0.));
#3639=DIRECTION('',(0.,0.,1.));
#3640=DIRECTION('',(0.,0.,1.));
#3641=DIRECTION('',(0.,1.,0.));
#3642=DIRECTION('',(0.,0.,-1.));
#3643=DIRECTION('',(0.,1.,0.));
#3644=DIRECTION('',(0.,0.,1.));
#3645=DIRECTION('',(0.,-1.,0.));
#3646=DIRECTION('',(0.,1.,0.));
#3647=DIRECTION('',(0.,0.,1.));
#3648=DIRECTION('',(-1.,0.,0.));
#3649=DIRECTION('',(0.447213595499957,0.,-0.894427190999916));
#3650=DIRECTION('',(-1.,0.,0.));
#3651=DIRECTION('',(0.447213595499957,0.,0.894427190999916));
#3652=DIRECTION('',(0.,0.,1.));
#3653=DIRECTION('',(1.,0.,0.));
#3654=DIRECTION('',(0.,0.,-1.));
#3655=DIRECTION('',(0.,1.,0.));
#3656=DIRECTION('',(0.,1.,0.));
#3657=DIRECTION('',(0.,0.,1.));
#3658=DIRECTION('',(0.,1.,0.));
#3659=DIRECTION('',(0.,0.,1.));
#3660=DIRECTION('',(0.,-1.,0.));
#3661=DIRECTION('',(0.,0.,-1.));
#3662=DIRECTION('',(-1.,0.,0.));
#3663=DIRECTION('',(1.,0.,0.));
#3664=DIRECTION('',(0.,0.,-1.));
#3665=DIRECTION('',(-1.,0.,0.));
#3666=DIRECTION('',(-1.28055374703012E-16,1.,0.));
#3667=DIRECTION('',(-1.,-1.28055374703012E-16,0.));
#3668=DIRECTION('',(1.,1.28055374703012E-16,0.));
#3669=DIRECTION('',(0.,0.,-1.));
#3670=DIRECTION('',(1.,1.28055374703012E-16,0.));
#3671=DIRECTION('',(1.,0.,0.));
#3672=DIRECTION('',(0.,0.,-1.));
#3673=DIRECTION('',(0.,1.,0.));
#3674=DIRECTION('',(0.,-0.707106781186547,0.707106781186548));
#3675=DIRECTION('',(0.,0.,-1.));
#3676=DIRECTION('',(3.46944695195361E-15,1.,0.));
#3677=DIRECTION('',(1.,0.,0.));
#3678=DIRECTION('',(0.,0.,-1.));
#3679=DIRECTION('',(0.,0.,1.));
#3680=DIRECTION('',(0.,0.,1.));
#3681=DIRECTION('',(1.,0.,0.));
#3682=DIRECTION('',(-1.,-1.84031113882911E-15,0.));
#3683=DIRECTION('',(0.,-1.,0.));
#3684=DIRECTION('',(0.,0.,1.));
#3685=DIRECTION('',(1.,0.,0.));
#3686=DIRECTION('',(1.,2.16840434497099E-16,0.));
#3687=DIRECTION('',(0.,1.,1.0842021724855E-16));
#3688=DIRECTION('',(0.,-1.0842021724855E-16,1.));
#3689=DIRECTION('',(0.,1.0842021724855E-16,-1.));
#3690=DIRECTION('',(0.,1.0842021724855E-16,-1.));
#3691=DIRECTION('',(0.,0.,-1.));
#3692=DIRECTION('',(1.,0.,0.));
#3693=DIRECTION('',(0.,0.,-1.));
#3694=DIRECTION('',(0.,0.,-1.));
#3695=DIRECTION('',(1.,0.,0.));
#3696=DIRECTION('',(0.,0.,-1.));
#3697=DIRECTION('',(0.,0.,-1.));
#3698=DIRECTION('',(1.,0.,0.));
#3699=DIRECTION('',(0.,0.,-1.));
#3700=DIRECTION('',(0.,-1.,4.71392248906741E-17));
#3701=DIRECTION('',(0.,-4.71392248906741E-17,-1.));
#3702=DIRECTION('',(0.,4.71392248906741E-17,1.));
#3703=DIRECTION('',(0.,4.71392248906741E-17,1.));
#3704=DIRECTION('',(-1.,0.,0.));
#3705=DIRECTION('',(0.,0.,-1.));
#3706=DIRECTION('',(-1.,0.,0.));
#3707=DIRECTION('',(0.,-1.,0.));
#3708=DIRECTION('',(0.,-1.,0.));
#3709=DIRECTION('',(-1.,0.,0.));
#3710=DIRECTION('',(0.,-1.,0.));
#3711=DIRECTION('',(0.,0.,-1.));
#3712=DIRECTION('',(0.,0.,1.));
#3713=DIRECTION('',(0.,0.,1.));
#3714=DIRECTION('',(-1.,0.,0.));
#3715=DIRECTION('',(-1.,0.,0.));
#3716=DIRECTION('',(-1.,0.,0.));
#3717=DIRECTION('',(-1.,0.,0.));
#3718=DIRECTION('',(0.,0.,1.));
#3719=DIRECTION('',(-1.,0.,0.));
#3720=DIRECTION('',(0.,0.,1.));
#3721=DIRECTION('',(-1.84031113882911E-15,1.,0.));
#3722=DIRECTION('',(-1.,-1.84031113882911E-15,0.));
#3723=DIRECTION('',(0.,0.,-1.));
#3724=DIRECTION('',(0.707106781186548,1.3012964857592E-15,-0.707106781186548));
#3725=DIRECTION('',(0.,0.,1.));
#3726=DIRECTION('',(1.,-1.24918208022568E-15,0.));
#3727=DIRECTION('',(0.,0.,1.));
#3728=DIRECTION('',(1.,0.,0.));
#3729=DIRECTION('',(0.,0.,1.));
#3730=DIRECTION('',(0.,0.,1.));
#3731=DIRECTION('',(1.,0.,0.));
#3732=DIRECTION('',(1.84031113882911E-15,1.,0.));
#3733=DIRECTION('',(-1.,1.84031113882911E-15,0.));
#3734=DIRECTION('',(0.,0.,-1.));
#3735=DIRECTION('',(0.707106781186548,-1.3012964857592E-15,-0.707106781186548));
#3736=DIRECTION('',(0.707106781186548,-1.3012964857592E-15,0.707106781186548));
#3737=DIRECTION('',(0.,0.,-1.));
#3738=DIRECTION('',(1.,0.,0.));
#3739=DIRECTION('',(0.,0.,1.));
#3740=DIRECTION('',(1.,-1.24918208022568E-15,0.));
#3741=DIRECTION('',(1.,0.,0.));
#3742=DIRECTION('',(0.,0.,-1.));
#3743=DIRECTION('',(0.,-1.,0.));
#3744=DIRECTION('',(0.,0.,-1.));
#3745=DIRECTION('',(0.,-1.,0.));
#3746=DIRECTION('',(0.,0.,-1.));
#3747=DIRECTION('',(-1.,0.,0.));
#3748=DIRECTION('',(0.,0.,1.));
#3749=DIRECTION('',(1.,0.,0.));
#3750=DIRECTION('',(0.,0.,-1.));
#3751=DIRECTION('',(0.,0.,1.));
#3752=DIRECTION('',(1.,0.,0.));
#3753=DIRECTION('',(0.,-1.,0.));
#3754=DIRECTION('',(0.,0.,-1.));
#3755=DIRECTION('',(-1.,0.,0.));
#3756=DIRECTION('',(0.,0.,-1.));
#3757=DIRECTION('',(-1.,0.,0.));
#3758=DIRECTION('',(2.16840434497099E-16,-1.,0.));
#3759=DIRECTION('',(1.,2.16840434497099E-16,0.));
#3760=DIRECTION('',(-1.,-2.16840434497099E-16,0.));
#3761=DIRECTION('',(0.,0.,-1.));
#3762=DIRECTION('',(-1.,-2.16840434497099E-16,0.));
#3763=DIRECTION('',(0.,0.,-1.));
#3764=DIRECTION('',(-1.,0.,0.));
#3765=DIRECTION('',(0.,0.,1.));
#3766=DIRECTION('',(1.,0.,0.));
#3767=DIRECTION('',(0.,0.,-1.));
#3768=DIRECTION('',(0.,0.,1.));
#3769=DIRECTION('',(1.,0.,0.));
#3770=DIRECTION('',(-1.,0.,0.));
#3771=DIRECTION('',(0.,0.,1.));
#3772=DIRECTION('',(0.,1.,0.));
#3773=DIRECTION('',(0.,1.,0.));
#3774=DIRECTION('',(0.,0.,1.));
#3775=DIRECTION('',(1.,0.,0.));
#3776=DIRECTION('',(0.,0.,1.));
#3777=DIRECTION('',(1.,0.,0.));
#3778=DIRECTION('',(0.,1.,0.));
#3779=DIRECTION('',(0.,0.,1.));
#3780=DIRECTION('',(1.,0.,0.));
#3781=DIRECTION('',(1.,0.,0.));
#3782=DIRECTION('',(0.,-1.,0.));
#3783=DIRECTION('',(0.,0.,1.));
#3784=DIRECTION('',(1.,0.,0.));
#3785=DIRECTION('',(-1.,0.,0.));
#3786=DIRECTION('',(0.,0.,1.));
#3787=DIRECTION('',(1.,0.,0.));
#3788=DIRECTION('',(0.,1.,0.));
#3789=DIRECTION('',(1.,-1.24918208022568E-15,0.));
#3790=DIRECTION('',(0.,0.,1.));
#3791=DIRECTION('',(1.,0.,0.));
#3792=DIRECTION('',(1.,0.,0.));
#3793=DIRECTION('',(0.,-1.,0.));
#3794=DIRECTION('',(0.,0.,1.));
#3795=DIRECTION('',(1.,0.,0.));
#3796=DIRECTION('',(-1.,0.,0.));
#3797=DIRECTION('',(1.,-1.2303003375722E-16,0.));
#3798=DIRECTION('',(1.2303003375722E-16,1.,0.));
#3799=DIRECTION('',(0.,0.,-1.));
#3800=DIRECTION('',(8.69953711593404E-17,0.707106781186548,0.707106781186548));
#3801=DIRECTION('',(0.,0.,-1.));
#3802=DIRECTION('',(-1.2303003375722E-16,-1.,0.));
#3803=DIRECTION('',(0.,-1.,0.));
#3804=DIRECTION('',(0.,0.,-1.));
#3805=DIRECTION('',(0.,0.,-1.));
#3806=DIRECTION('',(-1.,0.,0.));
#3807=DIRECTION('',(-1.,-1.2303003375722E-16,0.));
#3808=DIRECTION('',(1.2303003375722E-16,-1.,0.));
#3809=DIRECTION('',(8.69953711593404E-17,-0.707106781186548,-0.707106781186548));
#3810=DIRECTION('',(0.,0.,-1.));
#3811=DIRECTION('',(-1.2303003375722E-16,1.,0.));
#3812=DIRECTION('',(0.,0.,-1.));
#3813=DIRECTION('',(-1.,0.,0.));
#3814=DIRECTION('',(0.,0.,-1.));
#3815=DIRECTION('',(-1.,0.,0.));
#3816=DIRECTION('',(0.,1.,0.));
#3817=DIRECTION('',(0.,1.,0.));
#3818=DIRECTION('',(-1.,0.,0.));
#3819=DIRECTION('',(-1.,0.,0.));
#3820=DIRECTION('',(0.,-1.,0.));
#3821=DIRECTION('',(0.,0.,-1.));
#3822=DIRECTION('',(0.447213595499957,0.,0.894427190999916));
#3823=DIRECTION('',(1.,0.,0.));
#3824=DIRECTION('',(0.447213595499957,0.,-0.894427190999916));
#3825=DIRECTION('',(1.,0.,0.));
#3826=DIRECTION('',(0.,-0.707106781186548,0.707106781186548));
#3827=DIRECTION('',(-1.,0.,0.));
#3828=DIRECTION('',(-0.894427190999916,0.,0.447213595499957));
#3829=DIRECTION('',(0.447213595499957,0.,0.894427190999916));
#3830=DIRECTION('',(0.,0.,1.));
#3831=DIRECTION('',(1.,0.,0.));
#3832=DIRECTION('',(0.894427190999916,0.,0.447213595499957));
#3833=DIRECTION('',(0.447213595499957,0.,-0.894427190999916));
#3834=DIRECTION('',(-0.960823591180895,0.,0.277160651302181));
#3835=DIRECTION('',(0.277160651302181,0.,0.960823591180895));
#3836=DIRECTION('',(0.,-1.,0.));
#3837=DIRECTION('',(0.,0.,1.));
#3838=DIRECTION('',(1.,0.,0.));
#3839=DIRECTION('',(0.,-1.,0.));
#3840=DIRECTION('',(0.960823591180895,0.,0.277160651302181));
#3841=DIRECTION('',(0.277160651302181,0.,-0.960823591180895));
#3842=DIRECTION('',(-1.,0.,0.));
#3843=DIRECTION('',(0.,0.,1.));
#3844=DIRECTION('',(0.,1.,0.));
#3845=DIRECTION('',(-1.,0.,0.));
#3846=DIRECTION('',(0.,0.,1.));
#3847=DIRECTION('',(1.,0.,0.));
#3848=DIRECTION('',(0.,0.,-1.));
#3849=DIRECTION('',(1.,0.,0.));
#3850=DIRECTION('',(0.,0.,-1.));
#3851=DIRECTION('',(0.,-1.,0.));
#3852=DIRECTION('',(0.,0.,1.));
#3853=DIRECTION('',(1.,0.,0.));
#3854=DIRECTION('',(1.,0.,0.));
#3855=DIRECTION('',(0.,0.,1.));
#3856=DIRECTION('',(1.,0.,0.));
#3857=DIRECTION('',(0.,0.,1.));
#3858=DIRECTION('',(1.,0.,0.));
#3859=DIRECTION('',(1.,1.28055374703012E-16,0.));
#3860=DIRECTION('',(-1.28055374703012E-16,1.,0.));
#3861=DIRECTION('',(1.,1.28055374703012E-16,0.));
#3862=DIRECTION('',(-1.28055374703012E-16,1.,0.));
#3863=DIRECTION('',(0.,0.,1.));
#3864=DIRECTION('',(1.,0.,0.));
#3865=DIRECTION('',(0.707106781186548,0.,-0.707106781186548));
#3866=DIRECTION('',(0.,-1.,0.));
#3867=DIRECTION('',(0.,0.,-1.));
#3868=DIRECTION('',(-1.,0.,0.));
#3869=DIRECTION('',(0.,-0.707106781186548,-0.707106781186547));
#3870=DIRECTION('',(-1.,0.,0.));
#3871=DIRECTION('',(1.53329341668336E-16,-0.707106781186548,-0.707106781186547));
#3872=DIRECTION('',(-1.,-2.16840434497099E-16,0.));
#3873=DIRECTION('',(0.,0.,-1.));
#3874=DIRECTION('',(-1.,0.,0.));
#3875=DIRECTION('',(-0.707106781186548,0.,-0.707106781186548));
#3876=DIRECTION('',(0.,1.,0.));
#3877=DIRECTION('',(1.,0.,0.));
#3878=DIRECTION('',(0.,0.,-1.));
#3879=DIRECTION('',(0.,0.,1.));
#3880=DIRECTION('',(1.,0.,0.));
#3881=DIRECTION('',(0.,0.,1.));
#3882=DIRECTION('',(1.84031113882911E-15,1.,0.));
#3883=DIRECTION('',(-1.,1.84031113882911E-15,0.));
#3884=DIRECTION('',(0.,0.,-1.));
#3885=DIRECTION('',(0.707106781186548,-1.3012964857592E-15,-0.707106781186548));
#3886=DIRECTION('',(0.707106781186548,-1.3012964857592E-15,0.707106781186548));
#3887=DIRECTION('',(0.,0.,-1.));
#3888=DIRECTION('',(0.,0.,1.));
#3889=DIRECTION('',(1.,0.,0.));
#3890=DIRECTION('',(0.,0.,-1.));
#3891=DIRECTION('',(0.,-1.,0.));
#3892=DIRECTION('',(0.,0.,-1.));
#3893=DIRECTION('',(0.,0.,-1.));
#3894=DIRECTION('',(-1.,0.,0.));
#3895=DIRECTION('',(0.,0.,1.));
#3896=DIRECTION('',(1.,0.,0.));
#3897=DIRECTION('',(0.,0.,-1.));
#3898=DIRECTION('',(0.,-1.,0.));
#3899=DIRECTION('',(0.,0.,-1.));
#3900=DIRECTION('',(-1.,0.,0.));
#3901=DIRECTION('',(0.,0.,-1.));
#3902=DIRECTION('',(0.,0.,-1.));
#3903=DIRECTION('',(-1.,0.,0.));
#3904=DIRECTION('',(0.,0.,1.));
#3905=DIRECTION('',(1.,0.,0.));
#3906=DIRECTION('',(0.,0.,-1.));
#3907=DIRECTION('',(-1.,0.,0.));
#3908=DIRECTION('',(0.,0.,1.));
#3909=DIRECTION('',(0.,1.,0.));
#3910=DIRECTION('',(1.,-1.2303003375722E-16,0.));
#3911=DIRECTION('',(1.2303003375722E-16,1.,0.));
#3912=DIRECTION('',(0.,0.,-1.));
#3913=DIRECTION('',(8.69953711593404E-17,0.707106781186548,0.707106781186548));
#3914=DIRECTION('',(0.,0.,-1.));
#3915=DIRECTION('',(-1.2303003375722E-16,-1.,0.));
#3916=DIRECTION('',(0.,-1.,0.));
#3917=DIRECTION('',(0.,0.,-1.));
#3918=DIRECTION('',(0.,0.,-1.));
#3919=DIRECTION('',(-1.,0.,0.));
#3920=DIRECTION('',(-1.,-1.2303003375722E-16,0.));
#3921=DIRECTION('',(1.2303003375722E-16,-1.,0.));
#3922=DIRECTION('',(8.69953711593404E-17,-0.707106781186548,-0.707106781186548));
#3923=DIRECTION('',(0.,0.,-1.));
#3924=DIRECTION('',(-1.2303003375722E-16,1.,0.));
#3925=DIRECTION('',(0.,0.,-1.));
#3926=DIRECTION('',(-1.,0.,0.));
#3927=DIRECTION('',(0.,0.,-1.));
#3928=DIRECTION('',(-1.,0.,0.));
#3929=DIRECTION('',(0.,1.,0.));
#3930=DIRECTION('',(0.,1.,0.));
#3931=DIRECTION('',(-1.,0.,0.));
#3932=DIRECTION('',(-1.,0.,0.));
#3933=DIRECTION('',(0.,-1.,0.));
#3934=DIRECTION('',(0.,0.,-1.));
#3935=DIRECTION('',(0.447213595499957,0.,0.894427190999916));
#3936=DIRECTION('',(1.,0.,0.));
#3937=DIRECTION('',(0.447213595499957,0.,-0.894427190999916));
#3938=DIRECTION('',(1.,0.,0.));
#3939=DIRECTION('',(0.,-0.707106781186548,0.707106781186548));
#3940=DIRECTION('',(-1.,0.,0.));
#3941=DIRECTION('',(-0.894427190999916,0.,0.447213595499957));
#3942=DIRECTION('',(0.447213595499957,0.,0.894427190999916));
#3943=DIRECTION('',(0.,0.,1.));
#3944=DIRECTION('',(1.,0.,0.));
#3945=DIRECTION('',(0.894427190999916,0.,0.447213595499957));
#3946=DIRECTION('',(0.447213595499957,0.,-0.894427190999916));
#3947=DIRECTION('',(-0.960823591180895,0.,0.277160651302181));
#3948=DIRECTION('',(0.277160651302181,0.,0.960823591180895));
#3949=DIRECTION('',(0.,-1.,0.));
#3950=DIRECTION('',(0.,0.,1.));
#3951=DIRECTION('',(1.,0.,0.));
#3952=DIRECTION('',(0.,-1.,0.));
#3953=DIRECTION('',(0.960823591180895,0.,0.277160651302181));
#3954=DIRECTION('',(0.277160651302181,0.,-0.960823591180895));
#3955=DIRECTION('',(-1.,0.,0.));
#3956=DIRECTION('',(0.,0.,1.));
#3957=DIRECTION('',(0.,1.,0.));
#3958=DIRECTION('',(-1.,0.,0.));
#3959=DIRECTION('',(0.,0.,1.));
#3960=DIRECTION('',(1.,0.,0.));
#3961=DIRECTION('',(0.,0.,-1.));
#3962=DIRECTION('',(1.,0.,0.));
#3963=DIRECTION('',(0.,0.,-1.));
#3964=DIRECTION('',(0.,-1.,0.));
#3965=DIRECTION('',(0.,0.,1.));
#3966=DIRECTION('',(1.,0.,0.));
#3967=DIRECTION('',(1.,0.,0.));
#3968=DIRECTION('',(0.,0.,1.));
#3969=DIRECTION('',(1.,0.,0.));
#3970=DIRECTION('',(0.,0.,1.));
#3971=DIRECTION('',(1.,0.,0.));
#3972=DIRECTION('',(1.,1.28055374703012E-16,0.));
#3973=DIRECTION('',(-1.28055374703012E-16,1.,0.));
#3974=DIRECTION('',(0.,0.,1.));
#3975=DIRECTION('',(1.,0.,0.));
#3976=DIRECTION('',(0.707106781186548,0.,-0.707106781186548));
#3977=DIRECTION('',(0.,-1.,0.));
#3978=DIRECTION('',(0.,0.,-1.));
#3979=DIRECTION('',(-1.,0.,0.));
#3980=DIRECTION('',(0.,-0.707106781186548,-0.707106781186547));
#3981=DIRECTION('',(-1.,0.,0.));
#3982=DIRECTION('',(0.,0.,-1.));
#3983=DIRECTION('',(-1.,0.,0.));
#3984=DIRECTION('',(-0.707106781186548,0.,-0.707106781186548));
#3985=DIRECTION('',(0.,1.,0.));
#3986=DIRECTION('',(1.,0.,0.));
#3987=DIRECTION('',(0.,0.,-1.));
#3988=DIRECTION('',(0.,0.,1.));
#3989=DIRECTION('',(1.,0.,0.));
#3990=DIRECTION('',(0.,0.,1.));
#3991=DIRECTION('',(1.84031113882911E-15,1.,0.));
#3992=DIRECTION('',(-1.,1.84031113882911E-15,0.));
#3993=DIRECTION('',(0.707106781186547,-1.3012964857592E-15,0.707106781186548));
#3994=DIRECTION('',(0.,0.,-1.));
#3995=DIRECTION('',(1.,0.,0.));
#3996=DIRECTION('',(0.,0.,-1.));
#3997=DIRECTION('',(0.,-1.,0.));
#3998=DIRECTION('',(0.,0.,-1.));
#3999=DIRECTION('',(0.,0.,-1.));
#4000=DIRECTION('',(-1.,0.,0.));
#4001=DIRECTION('',(0.,0.,1.));
#4002=DIRECTION('',(1.,0.,0.));
#4003=DIRECTION('',(0.,0.,-1.));
#4004=DIRECTION('',(0.,-1.,0.));
#4005=DIRECTION('',(0.,0.,-1.));
#4006=DIRECTION('',(-1.,0.,0.));
#4007=DIRECTION('',(0.,0.,-1.));
#4008=DIRECTION('',(-1.,0.,0.));
#4009=DIRECTION('',(0.,0.,1.));
#4010=DIRECTION('',(1.,0.,0.));
#4011=DIRECTION('',(0.,0.,-1.));
#4012=DIRECTION('',(-1.,0.,0.));
#4013=DIRECTION('',(0.,0.,1.));
#4014=DIRECTION('',(0.,1.,0.));
#4015=DIRECTION('',(1.,-1.2303003375722E-16,0.));
#4016=DIRECTION('',(1.2303003375722E-16,1.,0.));
#4017=DIRECTION('',(0.,0.,-1.));
#4018=DIRECTION('',(8.69953711593404E-17,0.707106781186548,0.707106781186548));
#4019=DIRECTION('',(0.,0.,-1.));
#4020=DIRECTION('',(-1.2303003375722E-16,-1.,0.));
#4021=DIRECTION('',(0.,-1.,0.));
#4022=DIRECTION('',(0.,0.,-1.));
#4023=DIRECTION('',(0.,0.,-1.));
#4024=DIRECTION('',(-1.,0.,0.));
#4025=DIRECTION('',(-1.,-1.2303003375722E-16,0.));
#4026=DIRECTION('',(1.2303003375722E-16,-1.,0.));
#4027=DIRECTION('',(8.69953711593404E-17,-0.707106781186548,-0.707106781186548));
#4028=DIRECTION('',(0.,0.,-1.));
#4029=DIRECTION('',(-1.2303003375722E-16,1.,0.));
#4030=DIRECTION('',(0.,0.,-1.));
#4031=DIRECTION('',(-1.,0.,0.));
#4032=DIRECTION('',(0.,0.,-1.));
#4033=DIRECTION('',(-1.,0.,0.));
#4034=DIRECTION('',(0.,1.,0.));
#4035=DIRECTION('',(0.,1.,0.));
#4036=DIRECTION('',(-1.,0.,0.));
#4037=DIRECTION('',(-1.,0.,0.));
#4038=DIRECTION('',(0.,-1.,0.));
#4039=DIRECTION('',(0.,0.,-1.));
#4040=DIRECTION('',(0.447213595499957,0.,0.894427190999916));
#4041=DIRECTION('',(1.,0.,0.));
#4042=DIRECTION('',(0.447213595499957,0.,-0.894427190999916));
#4043=DIRECTION('',(1.,0.,0.));
#4044=DIRECTION('',(0.,-0.707106781186548,0.707106781186548));
#4045=DIRECTION('',(-1.,0.,0.));
#4046=DIRECTION('',(-0.894427190999916,0.,0.447213595499957));
#4047=DIRECTION('',(0.447213595499957,0.,0.894427190999916));
#4048=DIRECTION('',(0.,0.,1.));
#4049=DIRECTION('',(1.,0.,0.));
#4050=DIRECTION('',(0.894427190999916,0.,0.447213595499957));
#4051=DIRECTION('',(0.447213595499957,0.,-0.894427190999916));
#4052=DIRECTION('',(-0.960823591180895,0.,0.277160651302181));
#4053=DIRECTION('',(0.277160651302181,0.,0.960823591180895));
#4054=DIRECTION('',(0.,-1.,0.));
#4055=DIRECTION('',(0.,0.,1.));
#4056=DIRECTION('',(1.,0.,0.));
#4057=DIRECTION('',(0.,-1.,0.));
#4058=DIRECTION('',(0.960823591180895,0.,0.277160651302181));
#4059=DIRECTION('',(0.277160651302181,0.,-0.960823591180895));
#4060=DIRECTION('',(-1.,0.,0.));
#4061=DIRECTION('',(0.,0.,1.));
#4062=DIRECTION('',(0.,1.,0.));
#4063=DIRECTION('',(-1.,0.,0.));
#4064=DIRECTION('',(0.,0.,1.));
#4065=DIRECTION('',(1.,0.,0.));
#4066=DIRECTION('',(0.,0.,-1.));
#4067=DIRECTION('',(1.,0.,0.));
#4068=DIRECTION('',(0.,0.,-1.));
#4069=DIRECTION('',(0.,-1.,0.));
#4070=DIRECTION('',(0.,0.,1.));
#4071=DIRECTION('',(1.,0.,0.));
#4072=DIRECTION('',(1.,0.,0.));
#4073=DIRECTION('',(0.,0.,1.));
#4074=DIRECTION('',(1.,0.,0.));
#4075=DIRECTION('',(0.,0.,1.));
#4076=DIRECTION('',(1.,0.,0.));
#4077=DIRECTION('',(1.,1.28055374703012E-16,0.));
#4078=DIRECTION('',(-1.28055374703012E-16,1.,0.));
#4079=DIRECTION('',(0.,0.,1.));
#4080=DIRECTION('',(1.,0.,0.));
#4081=DIRECTION('',(0.707106781186548,0.,-0.707106781186547));
#4082=DIRECTION('',(0.,-1.,0.));
#4083=DIRECTION('',(0.,0.,-1.));
#4084=DIRECTION('',(-1.,0.,0.));
#4085=DIRECTION('',(0.,-0.707106781186548,-0.707106781186547));
#4086=DIRECTION('',(-1.,0.,0.));
#4087=DIRECTION('',(0.,0.,-1.));
#4088=DIRECTION('',(-1.,0.,0.));
#4089=DIRECTION('',(-0.707106781186548,0.,-0.707106781186548));
#4090=DIRECTION('',(0.,1.,0.));
#4091=DIRECTION('',(1.,0.,0.));
#4092=DIRECTION('',(0.,0.,-1.));
#4093=DIRECTION('',(0.,0.,1.));
#4094=DIRECTION('',(1.,0.,0.));
#4095=DIRECTION('',(1.,0.,0.));
#4096=DIRECTION('',(0.,0.,-1.));
#4097=DIRECTION('',(0.,0.,-1.));
#4098=DIRECTION('',(0.,1.,0.));
#4099=DIRECTION('',(0.,0.,-1.));
#4100=DIRECTION('',(0.,-1.,0.));
#4101=DIRECTION('',(0.,1.,0.));
#4102=DIRECTION('',(0.,0.,1.));
#4103=DIRECTION('',(0.,0.,-1.));
#4104=DIRECTION('',(-1.,0.,0.));
#4105=DIRECTION('',(1.,0.,0.));
#4106=DIRECTION('',(-1.,0.,0.));
#4107=DIRECTION('',(0.,0.,1.));
#4108=DIRECTION('',(0.,0.,-1.));
#4109=DIRECTION('',(0.,-1.,0.));
#4110=DIRECTION('',(0.,1.,0.));
#4111=DIRECTION('',(0.,-1.,0.));
#4112=DIRECTION('',(0.,0.,-1.));
#4113=DIRECTION('',(1.,0.,0.));
#4114=DIRECTION('',(-1.,0.,0.));
#4115=DIRECTION('',(0.,0.,1.));
#4116=DIRECTION('',(1.,0.,0.));
#4117=DIRECTION('',(-1.,0.,0.));
#4118=DIRECTION('',(0.,-1.,0.));
#4119=DIRECTION('',(1.,0.,0.));
#4120=DIRECTION('',(0.,1.,0.));
#4121=DIRECTION('',(0.,0.,1.));
#4122=DIRECTION('',(1.,0.,0.));
#4123=DIRECTION('',(0.,1.,0.));
#4124=DIRECTION('',(1.,0.,0.));
#4125=DIRECTION('',(0.,-1.,0.));
#4126=DIRECTION('',(-1.,0.,0.));
#4127=DIRECTION('',(0.96351790962994,0.,0.267643863786095));
#4128=DIRECTION('',(0.,-1.,0.));
#4129=DIRECTION('',(0.25854384499751,-0.25854384499751,-0.930757841991034));
#4130=DIRECTION('',(-0.25854384499751,-0.25854384499751,0.930757841991034));
#4131=DIRECTION('',(0.,0.96351790962994,0.267643863786095));
#4132=DIRECTION('',(1.,0.,0.));
#4133=DIRECTION('',(0.25854384499751,-0.25854384499751,0.930757841991034));
#4134=DIRECTION('',(0.,-0.96351790962994,0.267643863786095));
#4135=DIRECTION('',(-1.,0.,0.));
#4136=DIRECTION('',(-0.25854384499751,-0.25854384499751,-0.930757841991034));
#4137=DIRECTION('',(-0.96351790962994,0.,0.267643863786095));
#4138=DIRECTION('',(0.,1.,0.));
#4139=DIRECTION('',(0.,0.96351790962994,0.267643863786095));
#4140=DIRECTION('',(1.,0.,0.));
#4141=DIRECTION('',(0.25854384499751,0.25854384499751,-0.930757841991034));
#4142=DIRECTION('',(-0.25854384499751,0.25854384499751,-0.930757841991034));
#4143=DIRECTION('',(-0.96351790962994,0.,0.267643863786095));
#4144=DIRECTION('',(0.,1.,0.));
#4145=DIRECTION('',(0.25854384499751,0.25854384499751,0.930757841991034));
#4146=DIRECTION('',(0.96351790962994,0.,0.267643863786095));
#4147=DIRECTION('',(0.,-1.,0.));
#4148=DIRECTION('',(0.25854384499751,-0.25854384499751,-0.930757841991034));
#4149=DIRECTION('',(0.,-0.96351790962994,0.267643863786095));
#4150=DIRECTION('',(-1.,0.,0.));
#4151=DIRECTION('',(6.03971630559837E-31,8.56795477846964E-31,1.));
#4152=DIRECTION('',(1.,-4.95146586473496E-61,-6.03971630559837E-31));
#4153=DIRECTION('',(6.03971630559837E-31,8.56795477846964E-31,1.));
#4154=DIRECTION('',(1.,-4.95146586473496E-61,-6.03971630559837E-31));
#4155=DIRECTION('',(6.03971630559837E-31,8.56795477846964E-31,1.));
#4156=DIRECTION('',(1.,-4.95146586473496E-61,-6.03971630559837E-31));
#4157=CARTESIAN_POINT('',(0.,0.,0.));
#4158=CARTESIAN_POINT('',(2.54,-3.1,-5.));
#4159=CARTESIAN_POINT('',(-4.58,-3.1,-2.7));
#4160=CARTESIAN_POINT('',(-4.58,-3.1,-2.45));
#4161=CARTESIAN_POINT('',(-4.58,-3.1,-5.));
#4162=CARTESIAN_POINT('',(2.54,-3.1,-2.45));
#4163=CARTESIAN_POINT('',(-5.58,-3.1,-2.45));
#4164=CARTESIAN_POINT('',(-5.58,-3.1,-2.7));
#4165=CARTESIAN_POINT('',(-5.58,-3.1,-5.));
#4166=CARTESIAN_POINT('',(2.54,-3.1,-5.));
#4167=CARTESIAN_POINT('',(-7.62,-3.1,-5.));
#4168=CARTESIAN_POINT('',(-7.62,-3.1,-5.));
#4169=CARTESIAN_POINT('',(-7.62,-3.1,6.));
#4170=CARTESIAN_POINT('',(2.54,-3.1,6.));
#4171=CARTESIAN_POINT('',(-6.08,-3.1,6.));
#4172=CARTESIAN_POINT('',(-2.48850119494708,-3.1,-6.45052919085012));
#4173=CARTESIAN_POINT('',(-5.705,-3.1,4.7));
#4174=CARTESIAN_POINT('',(2.54,-3.1,4.7));
#4175=CARTESIAN_POINT('',(-4.455,-3.1,4.7));
#4176=CARTESIAN_POINT('',(-6.50079207920792,-3.1,-2.39207920792079));
#4177=CARTESIAN_POINT('',(-4.08,-3.1,6.));
#4178=CARTESIAN_POINT('',(2.54,-3.1,6.));
#4179=CARTESIAN_POINT('',(-0.999999999999999,-3.1,6.));
#4180=CARTESIAN_POINT('',(2.20126322977126,-3.1,-5.09771252987368));
#4181=CARTESIAN_POINT('',(-0.624999999999999,-3.1,4.7));
#4182=CARTESIAN_POINT('',(2.54,-3.1,4.7));
#4183=CARTESIAN_POINT('',(0.625000000000001,-3.1,4.7));
#4184=CARTESIAN_POINT('',(-1.81102765448959,-3.1,-3.74489586889723));
#4185=CARTESIAN_POINT('',(1.,-3.1,6.));
#4186=CARTESIAN_POINT('',(2.54,-3.1,6.));
#4187=CARTESIAN_POINT('',(4.08,-3.1,6.));
#4188=CARTESIAN_POINT('',(6.89102765448959,-3.1,-3.74489586889723));
#4189=CARTESIAN_POINT('',(4.455,-3.1,4.7));
#4190=CARTESIAN_POINT('',(2.54,-3.1,4.7));
#4191=CARTESIAN_POINT('',(5.705,-3.1,4.7));
#4192=CARTESIAN_POINT('',(2.87873677022875,-3.1,-5.09771252987368));
#4193=CARTESIAN_POINT('',(6.08,-3.1,6.));
#4194=CARTESIAN_POINT('',(2.54,-3.1,6.));
#4195=CARTESIAN_POINT('',(7.62,-3.1,6.));
#4196=CARTESIAN_POINT('',(7.62,-3.1,-5.));
#4197=CARTESIAN_POINT('',(7.62,-3.1,-5.));
#4198=CARTESIAN_POINT('',(2.54,-3.1,-5.));
#4199=CARTESIAN_POINT('',(5.58,-3.1,-5.));
#4200=CARTESIAN_POINT('',(5.58,-3.1,-2.7));
#4201=CARTESIAN_POINT('',(5.58,-3.1,-2.45));
#4202=CARTESIAN_POINT('',(2.54,-3.1,-2.45));
#4203=CARTESIAN_POINT('',(4.58,-3.1,-2.45));
#4204=CARTESIAN_POINT('',(4.58,-3.1,-2.7));
#4205=CARTESIAN_POINT('',(4.58,-3.1,-5.));
#4206=CARTESIAN_POINT('',(2.54,-3.1,-5.));
#4207=CARTESIAN_POINT('',(0.5,-3.1,-5.));
#4208=CARTESIAN_POINT('',(0.5,-3.1,-2.7));
#4209=CARTESIAN_POINT('',(0.5,-3.1,-2.45));
#4210=CARTESIAN_POINT('',(2.54,-3.1,-2.45));
#4211=CARTESIAN_POINT('',(-0.499999999999999,-3.1,-2.45));
#4212=CARTESIAN_POINT('',(-0.499999999999999,-3.1,-2.7));
#4213=CARTESIAN_POINT('',(-0.499999999999999,-3.1,-5.));
#4214=CARTESIAN_POINT('',(2.54,-3.1,-5.));
#4215=CARTESIAN_POINT('',(5.08,-0.300000000000003,-5.));
#4216=CARTESIAN_POINT('',(5.08,-1.2,-5.));
#4217=CARTESIAN_POINT('',(-1.5686379442051,-1.2,-5.));
#4218=CARTESIAN_POINT('',(-3.5113620557949,-1.2,-5.));
#4219=CARTESIAN_POINT('',(-5.08,-1.02999206386123E-15,-5.));
#4220=CARTESIAN_POINT('',(-4.58,-1.91066088042855,-5.));
#4221=CARTESIAN_POINT('',(-4.58,-3.1,-5.));
#4222=CARTESIAN_POINT('',(-0.499999999999999,-1.28086884574495,-5.));
#4223=CARTESIAN_POINT('',(-0.499999999999999,-1.91066088042855,-5.));
#4224=CARTESIAN_POINT('',(8.67361737988404E-16,-1.65340831304039E-15,-5.));
#4225=CARTESIAN_POINT('',(-5.08,-1.02999206386123E-15,-0.700000000000001));
#4226=CARTESIAN_POINT('',(-5.08,-1.02999206386123E-15,-0.700000000000001));
#4227=CARTESIAN_POINT('',(-6.455,-1.02999206386123E-15,-0.700000000000001));
#4228=CARTESIAN_POINT('',(-4.58,-1.28086884574495,-2.7));
#4229=CARTESIAN_POINT('',(-4.58,-1.28086884574495,-2.7));
#4230=CARTESIAN_POINT('',(-4.58,-1.28086884574495,-4.4));
#4231=CARTESIAN_POINT('',(-5.08,-1.02999206386123E-15,-4.4));
#4232=CARTESIAN_POINT('',(-3.84281569683414,-0.600000000000005,-4.4));
#4233=CARTESIAN_POINT('',(-3.84281569683414,-0.600000000000005,-5.));
#4234=CARTESIAN_POINT('',(-3.84281569683414,-0.600000000000005,-2.7));
#4235=CARTESIAN_POINT('',(-5.08,-1.02999206386123E-15,-2.7));
#4236=CARTESIAN_POINT('',(-6.31718430316586,-0.600000000000005,-2.7));
#4237=CARTESIAN_POINT('',(-6.31718430316586,-0.600000000000005,-5.));
#4238=CARTESIAN_POINT('',(-6.31718430316586,-0.600000000000005,-4.4));
#4239=CARTESIAN_POINT('',(-5.08,-1.02999206386123E-15,-4.4));
#4240=CARTESIAN_POINT('',(-5.58,-1.28086884574495,-4.4));
#4241=CARTESIAN_POINT('',(-5.58,-1.28086884574495,-2.7));
#4242=CARTESIAN_POINT('',(-5.58,-1.28086884574495,-2.7));
#4243=CARTESIAN_POINT('',(-5.08,-1.02999206386123E-15,-2.7));
#4244=CARTESIAN_POINT('',(8.32,-4.6,4.7));
#4245=CARTESIAN_POINT('',(8.32,-3.9,6.));
#4246=CARTESIAN_POINT('',(-0.999999999999999,-3.9,6.));
#4247=CARTESIAN_POINT('',(-4.08,-3.9,6.));
#4248=CARTESIAN_POINT('',(-3.68086183678966,-3.15494209534069,7.38367896579585));
#4249=CARTESIAN_POINT('',(-4.455,-4.6,4.7));
#4250=CARTESIAN_POINT('',(8.32,-4.6,4.7));
#4251=CARTESIAN_POINT('',(-0.624999999999999,-4.6,4.7));
#4252=CARTESIAN_POINT('',(-0.0829517910045773,-5.61182332345813,2.82089954214921));
#4253=CARTESIAN_POINT('',(8.32,-4.6,4.7));
#4254=CARTESIAN_POINT('',(8.32,-4.6,4.7));
#4255=CARTESIAN_POINT('',(-5.705,-4.6,4.7));
#4256=CARTESIAN_POINT('',(-8.32,-4.6,4.7));
#4257=CARTESIAN_POINT('',(-4.85511446269863,-6.18645300296257,1.75373013735524));
#4258=CARTESIAN_POINT('',(-6.08,-3.9,6.));
#4259=CARTESIAN_POINT('',(8.32,-3.9,6.));
#4260=CARTESIAN_POINT('',(-8.32,-3.9,6.));
#4261=CARTESIAN_POINT('',(-8.32,-4.6,4.7));
#4262=CARTESIAN_POINT('',(8.32,-3.9,6.));
#4263=CARTESIAN_POINT('',(-4.08,17.6067467225616,6.));
#4264=CARTESIAN_POINT('',(-0.999999999999999,17.6067467225616,6.));
#4265=CARTESIAN_POINT('',(-4.58,0.499999999999999,-22.9067467225616));
#4266=CARTESIAN_POINT('',(-4.58,0.499999999999999,-22.9067467225616));
#4267=CARTESIAN_POINT('',(-4.58,0.499999999999999,-3.49999999999999));
#4268=CARTESIAN_POINT('',(-4.58,0.499999999999999,-0.700000000000001));
#4269=CARTESIAN_POINT('',(-4.58,-0.499999999999993,-3.49999999999999));
#4270=CARTESIAN_POINT('',(-4.58,3.45,-3.49999999999999));
#4271=CARTESIAN_POINT('',(-4.58,3.45,-3.49999999999999));
#4272=CARTESIAN_POINT('',(-4.58,3.45,-4.38));
#4273=CARTESIAN_POINT('',(-4.58,-0.499999999999993,-4.38));
#4274=CARTESIAN_POINT('',(-4.58,-0.499999999999993,-4.38));
#4275=CARTESIAN_POINT('',(-4.58,-0.499999999999993,-22.9067467225616));
#4276=CARTESIAN_POINT('',(-4.58,-0.499999999999993,-0.700000000000001));
#4277=CARTESIAN_POINT('',(-4.58,0.499999999999999,-0.700000000000001));
#4278=CARTESIAN_POINT('',(-4.58,-0.499999999999993,-22.9067467225616));
#4279=CARTESIAN_POINT('',(-4.58,-0.499999999999993,-0.700000000000001));
#4280=CARTESIAN_POINT('',(-5.58,-0.499999999999993,-0.700000000000001));
#4281=CARTESIAN_POINT('',(-4.58,-0.499999999999993,-4.38));
#4282=CARTESIAN_POINT('',(-3.995,-0.499999999999993,-5.55));
#4283=CARTESIAN_POINT('',(-4.58,-0.499999999999993,-5.55));
#4284=CARTESIAN_POINT('',(-6.165,-0.499999999999993,-5.55));
#4285=CARTESIAN_POINT('',(-6.165,-0.499999999999993,-5.55));
#4286=CARTESIAN_POINT('',(-5.58,-0.499999999999993,-4.38));
#4287=CARTESIAN_POINT('',(-5.58,-0.499999999999993,-22.9067467225616));
#4288=CARTESIAN_POINT('',(-5.58,-0.499999999999993,-22.9067467225616));
#4289=CARTESIAN_POINT('',(-5.58,-0.499999999999993,-0.700000000000001));
#4290=CARTESIAN_POINT('',(-5.58,0.500000000000007,-0.700000000000001));
#4291=CARTESIAN_POINT('',(-5.58,-0.499999999999993,-4.38));
#4292=CARTESIAN_POINT('',(-5.58,3.45,-4.38));
#4293=CARTESIAN_POINT('',(-5.58,3.45,-4.38));
#4294=CARTESIAN_POINT('',(-5.58,3.45,-3.49999999999999));
#4295=CARTESIAN_POINT('',(-5.58,-0.499999999999993,-3.49999999999999));
#4296=CARTESIAN_POINT('',(-5.58,0.499999999999999,-3.49999999999999));
#4297=CARTESIAN_POINT('',(-5.58,0.500000000000007,-22.9067467225616));
#4298=CARTESIAN_POINT('',(-5.58,0.499999999999999,-22.9067467225616));
#4299=CARTESIAN_POINT('',(-5.58,0.499999999999999,-3.49999999999999));
#4300=CARTESIAN_POINT('',(-5.58,0.499999999999999,-0.700000000000001));
#4301=CARTESIAN_POINT('',(8.32,3.9,-6.));
#4302=CARTESIAN_POINT('',(-3.29,3.9,-6.));
#4303=CARTESIAN_POINT('',(-3.29,3.9,-6.));
#4304=CARTESIAN_POINT('',(-3.29,-3.15,-6.));
#4305=CARTESIAN_POINT('',(8.32,3.9,-6.));
#4306=CARTESIAN_POINT('',(-1.79,3.9,-6.));
#4307=CARTESIAN_POINT('',(-1.79,-3.15,-6.));
#4308=CARTESIAN_POINT('',(-1.79,-3.15,-6.));
#4309=CARTESIAN_POINT('',(1.79,-3.15,-6.));
#4310=CARTESIAN_POINT('',(1.79,-3.15,-6.));
#4311=CARTESIAN_POINT('',(1.79,3.9,-6.));
#4312=CARTESIAN_POINT('',(1.79,3.9,-6.));
#4313=CARTESIAN_POINT('',(8.32,3.9,-6.));
#4314=CARTESIAN_POINT('',(3.29,3.9,-6.));
#4315=CARTESIAN_POINT('',(3.29,-3.15,-6.));
#4316=CARTESIAN_POINT('',(3.29,-3.15,-6.));
#4317=CARTESIAN_POINT('',(6.87,-3.15,-6.));
#4318=CARTESIAN_POINT('',(6.87,-3.15,-6.));
#4319=CARTESIAN_POINT('',(6.87,3.9,-6.));
#4320=CARTESIAN_POINT('',(6.87,3.9,-6.));
#4321=CARTESIAN_POINT('',(8.32,3.9,-6.));
#4322=CARTESIAN_POINT('',(8.32,3.9,-6.));
#4323=CARTESIAN_POINT('',(8.32,3.9,-6.));
#4324=CARTESIAN_POINT('',(8.32,-3.9,-6.));
#4325=CARTESIAN_POINT('',(8.32,-3.9,-6.));
#4326=CARTESIAN_POINT('',(-8.32,-3.9,-6.));
#4327=CARTESIAN_POINT('',(-8.32,3.9,-6.));
#4328=CARTESIAN_POINT('',(-8.32,3.9,-6.));
#4329=CARTESIAN_POINT('',(8.32,3.9,-6.));
#4330=CARTESIAN_POINT('',(-6.87,3.9,-6.));
#4331=CARTESIAN_POINT('',(-6.87,-3.15,-6.));
#4332=CARTESIAN_POINT('',(-6.87,-3.15,-6.));
#4333=CARTESIAN_POINT('',(-3.29,-3.15,-6.));
#4334=CARTESIAN_POINT('',(-5.08,-1.02999206386123E-15,-0.700000000000001));
#4335=CARTESIAN_POINT('',(5.08,-0.300000000000003,-5.));
#4336=CARTESIAN_POINT('',(-5.08,-1.02999206386123E-15,-5.));
#4337=CARTESIAN_POINT('',(-5.58,-1.91066088042855,-5.));
#4338=CARTESIAN_POINT('',(-6.6486379442051,-1.20000000000001,-5.));
#4339=CARTESIAN_POINT('',(5.08,-1.2,-5.));
#4340=CARTESIAN_POINT('',(-7.62,-1.20000000000001,-5.));
#4341=CARTESIAN_POINT('',(-7.62,2.2,-5.));
#4342=CARTESIAN_POINT('',(-5.58,-1.28086884574495,-5.));
#4343=CARTESIAN_POINT('',(2.54,-0.600000000000004,-2.7));
#4344=CARTESIAN_POINT('',(-7.62,-0.600000000000003,-2.7));
#4345=CARTESIAN_POINT('',(-7.62,-0.600000000000003,-2.7));
#4346=CARTESIAN_POINT('',(-7.62,-0.600000000000003,-4.4));
#4347=CARTESIAN_POINT('',(2.54,-0.600000000000004,-4.4));
#4348=CARTESIAN_POINT('',(2.54,-0.600000000000004,-2.7));
#4349=CARTESIAN_POINT('',(2.54,-0.600000000000004,-2.7));
#4350=CARTESIAN_POINT('',(2.54,-0.600000000000004,-4.4));
#4351=CARTESIAN_POINT('',(-1.23718430316586,-0.600000000000005,-4.4));
#4352=CARTESIAN_POINT('',(-1.23718430316586,-0.600000000000005,-5.));
#4353=CARTESIAN_POINT('',(-1.23718430316586,-0.600000000000005,-2.7));
#4354=CARTESIAN_POINT('',(2.54,-0.600000000000004,-2.7));
#4355=CARTESIAN_POINT('',(5.08,-0.300000000000003,-5.));
#4356=CARTESIAN_POINT('',(-7.62,2.2,-5.));
#4357=CARTESIAN_POINT('',(-7.62,2.2,-5.));
#4358=CARTESIAN_POINT('',(-7.62,0.799999999999997,-5.));
#4359=CARTESIAN_POINT('',(5.08,0.799999999999997,-5.));
#4360=CARTESIAN_POINT('',(-7.42412002818638,0.799999999999997,-5.));
#4361=CARTESIAN_POINT('',(-5.70673076923076,0.155930288461532,-5.));
#4362=CARTESIAN_POINT('',(-7.09,1.36042931100346,-5.));
#4363=CARTESIAN_POINT('',(-7.09,-0.300000000000003,-5.));
#4364=CARTESIAN_POINT('',(-7.09,2.2,-5.));
#4365=CARTESIAN_POINT('',(-7.38434372436058,2.2,-5.));
#4366=CARTESIAN_POINT('',(5.08,-0.300000000000003,-5.));
#4367=CARTESIAN_POINT('',(-2.30434372436058,2.2,-5.));
#4368=CARTESIAN_POINT('',(-2.01,2.2,-5.));
#4369=CARTESIAN_POINT('',(-3.07,2.2,-5.));
#4370=CARTESIAN_POINT('',(-3.07,-0.300000000000003,-5.));
#4371=CARTESIAN_POINT('',(-3.07,1.36042931100346,-5.));
#4372=CARTESIAN_POINT('',(-4.45326923076924,0.155930288461533,-5.));
#4373=CARTESIAN_POINT('',(-2.73587997181362,0.799999999999996,-5.));
#4374=CARTESIAN_POINT('',(5.08,0.799999999999996,-5.));
#4375=CARTESIAN_POINT('',(-2.34412002818638,0.799999999999996,-5.));
#4376=CARTESIAN_POINT('',(-0.626730769230755,0.155930288461532,-5.));
#4377=CARTESIAN_POINT('',(-2.01,1.36042931100346,-5.));
#4378=CARTESIAN_POINT('',(-2.01,-0.300000000000003,-5.));
#4379=CARTESIAN_POINT('',(-7.62,2.2,-5.));
#4380=CARTESIAN_POINT('',(-7.62,0.399999999999997,-2.7));
#4381=CARTESIAN_POINT('',(-7.62,0.399999999999997,-2.7));
#4382=CARTESIAN_POINT('',(-7.62,0.399999999999997,-4.6));
#4383=CARTESIAN_POINT('',(-7.62,0.399999999999997,-4.6));
#4384=CARTESIAN_POINT('',(-7.62,2.2,-5.));
#4385=CARTESIAN_POINT('',(-7.62,2.2,6.));
#4386=CARTESIAN_POINT('',(-7.62,2.2,6.));
#4387=CARTESIAN_POINT('',(-7.62,-1.20000000000001,-4.4));
#4388=CARTESIAN_POINT('',(-7.62,0.399999999999997,-2.7));
#4389=CARTESIAN_POINT('',(5.08,-0.300000000000003,-5.));
#4390=CARTESIAN_POINT('',(5.08,-1.2,-5.));
#4391=CARTESIAN_POINT('',(3.5113620557949,-1.2,-5.));
#4392=CARTESIAN_POINT('',(1.5686379442051,-1.2,-5.));
#4393=CARTESIAN_POINT('',(8.67361737988404E-16,-1.65340831304039E-15,-5.));
#4394=CARTESIAN_POINT('',(0.5,-1.91066088042855,-5.));
#4395=CARTESIAN_POINT('',(0.5,-3.1,-5.));
#4396=CARTESIAN_POINT('',(4.58,-1.28086884574495,-5.));
#4397=CARTESIAN_POINT('',(4.58,-1.91066088042855,-5.));
#4398=CARTESIAN_POINT('',(5.08,-2.27682456221956E-15,-5.));
#4399=CARTESIAN_POINT('',(8.67361737988404E-16,-1.65340831304039E-15,-0.700000000000001));
#4400=CARTESIAN_POINT('',(8.67361737988404E-16,-1.65340831304039E-15,-0.700000000000001));
#4401=CARTESIAN_POINT('',(-1.375,-1.65340831304039E-15,-0.700000000000001));
#4402=CARTESIAN_POINT('',(0.5,-1.28086884574495,-2.7));
#4403=CARTESIAN_POINT('',(0.5,-1.28086884574495,-2.7));
#4404=CARTESIAN_POINT('',(0.5,-1.28086884574495,-4.4));
#4405=CARTESIAN_POINT('',(8.67361737988404E-16,-1.65340831304039E-15,-4.4));
#4406=CARTESIAN_POINT('',(1.23718430316586,-0.600000000000004,-4.4));
#4407=CARTESIAN_POINT('',(1.23718430316586,-0.600000000000004,-5.));
#4408=CARTESIAN_POINT('',(1.23718430316586,-0.600000000000004,-2.7));
#4409=CARTESIAN_POINT('',(8.67361737988404E-16,-1.65340831304039E-15,-2.7));
#4410=CARTESIAN_POINT('',(8.67361737988404E-16,-1.65340831304039E-15,-4.4));
#4411=CARTESIAN_POINT('',(-0.499999999999999,-1.28086884574495,-4.4));
#4412=CARTESIAN_POINT('',(-0.499999999999999,-1.28086884574495,-2.7));
#4413=CARTESIAN_POINT('',(-0.499999999999999,-1.28086884574495,-2.7));
#4414=CARTESIAN_POINT('',(8.67361737988404E-16,-1.65340831304039E-15,-2.7));
#4415=CARTESIAN_POINT('',(8.32,-4.6,4.7));
#4416=CARTESIAN_POINT('',(8.32,-3.9,6.));
#4417=CARTESIAN_POINT('',(4.08,-3.9,6.));
#4418=CARTESIAN_POINT('',(1.,-3.9,6.));
#4419=CARTESIAN_POINT('',(1.09130083490439,-3.72957177484514,6.31650956100188));
#4420=CARTESIAN_POINT('',(0.625000000000001,-4.6,4.7));
#4421=CARTESIAN_POINT('',(8.32,-4.6,4.7));
#4422=CARTESIAN_POINT('',(4.455,-4.6,4.7));
#4423=CARTESIAN_POINT('',(4.68921088068947,-5.03719364395368,3.88806894694317));
#4424=CARTESIAN_POINT('',(8.32,-3.9,6.));
#4425=CARTESIAN_POINT('',(1.,17.6067467225616,6.));
#4426=CARTESIAN_POINT('',(4.08,17.6067467225616,6.));
#4427=CARTESIAN_POINT('',(0.500000000000001,0.499999999999999,-22.9067467225616));
#4428=CARTESIAN_POINT('',(0.500000000000001,0.499999999999999,-22.9067467225616));
#4429=CARTESIAN_POINT('',(0.5,0.499999999999999,-3.49999999999999));
#4430=CARTESIAN_POINT('',(0.500000000000001,0.499999999999999,-0.700000000000001));
#4431=CARTESIAN_POINT('',(0.5,-0.499999999999994,-3.49999999999999));
#4432=CARTESIAN_POINT('',(0.5,3.45,-3.49999999999999));
#4433=CARTESIAN_POINT('',(0.5,3.45,-3.49999999999999));
#4434=CARTESIAN_POINT('',(0.5,3.45,-4.38));
#4435=CARTESIAN_POINT('',(0.5,-0.499999999999994,-4.38));
#4436=CARTESIAN_POINT('',(0.5,-0.499999999999994,-4.38));
#4437=CARTESIAN_POINT('',(0.500000000000001,-0.499999999999994,-22.9067467225616));
#4438=CARTESIAN_POINT('',(0.500000000000001,-0.499999999999994,-0.700000000000001));
#4439=CARTESIAN_POINT('',(0.500000000000001,0.499999999999999,-0.700000000000001));
#4440=CARTESIAN_POINT('',(0.500000000000001,-0.499999999999994,-22.9067467225616));
#4441=CARTESIAN_POINT('',(0.500000000000001,-0.499999999999994,-0.700000000000001));
#4442=CARTESIAN_POINT('',(-0.499999999999999,-0.499999999999994,-0.700000000000001));
#4443=CARTESIAN_POINT('',(0.5,-0.499999999999994,-4.38));
#4444=CARTESIAN_POINT('',(1.085,-0.499999999999994,-5.55));
#4445=CARTESIAN_POINT('',(0.500000000000001,-0.499999999999994,-5.55));
#4446=CARTESIAN_POINT('',(-1.085,-0.499999999999994,-5.55));
#4447=CARTESIAN_POINT('',(-1.085,-0.499999999999994,-5.55));
#4448=CARTESIAN_POINT('',(-0.5,-0.499999999999994,-4.38));
#4449=CARTESIAN_POINT('',(-0.499999999999999,-0.499999999999994,-22.9067467225616));
#4450=CARTESIAN_POINT('',(-0.5,-0.499999999999994,-22.9067467225616));
#4451=CARTESIAN_POINT('',(-0.5,-0.499999999999994,-0.700000000000001));
#4452=CARTESIAN_POINT('',(-0.5,0.500000000000006,-0.700000000000001));
#4453=CARTESIAN_POINT('',(-0.5,-0.499999999999994,-4.38));
#4454=CARTESIAN_POINT('',(-0.5,3.45,-4.38));
#4455=CARTESIAN_POINT('',(-0.5,3.45,-4.38));
#4456=CARTESIAN_POINT('',(-0.5,3.45,-3.49999999999999));
#4457=CARTESIAN_POINT('',(-0.5,-0.499999999999994,-3.49999999999999));
#4458=CARTESIAN_POINT('',(-0.5,0.499999999999999,-3.49999999999999));
#4459=CARTESIAN_POINT('',(-0.5,0.500000000000006,-22.9067467225616));
#4460=CARTESIAN_POINT('',(-0.5,0.499999999999999,-22.9067467225616));
#4461=CARTESIAN_POINT('',(-0.5,0.499999999999999,-3.49999999999999));
#4462=CARTESIAN_POINT('',(-0.5,0.499999999999999,-0.700000000000001));
#4463=CARTESIAN_POINT('',(8.67361737988404E-16,-1.65340831304039E-15,-0.700000000000001));
#4464=CARTESIAN_POINT('',(2.54,-0.600000000000004,-2.7));
#4465=CARTESIAN_POINT('',(2.54,-0.600000000000004,-4.4));
#4466=CARTESIAN_POINT('',(3.84281569683414,-0.600000000000004,-4.4));
#4467=CARTESIAN_POINT('',(3.84281569683414,-0.600000000000004,-5.));
#4468=CARTESIAN_POINT('',(3.84281569683414,-0.600000000000004,-2.7));
#4469=CARTESIAN_POINT('',(2.54,-0.600000000000004,-2.7));
#4470=CARTESIAN_POINT('',(5.08,-0.300000000000003,-5.));
#4471=CARTESIAN_POINT('',(2.77565627563942,2.2,-5.));
#4472=CARTESIAN_POINT('',(3.07,2.2,-5.));
#4473=CARTESIAN_POINT('',(2.01,2.2,-5.));
#4474=CARTESIAN_POINT('',(2.01,-0.300000000000003,-5.));
#4475=CARTESIAN_POINT('',(2.01,1.36042931100346,-5.));
#4476=CARTESIAN_POINT('',(0.626730769230758,0.155930288461532,-5.));
#4477=CARTESIAN_POINT('',(2.34412002818638,0.799999999999996,-5.));
#4478=CARTESIAN_POINT('',(5.08,0.799999999999996,-5.));
#4479=CARTESIAN_POINT('',(2.73587997181362,0.799999999999996,-5.));
#4480=CARTESIAN_POINT('',(4.45326923076925,0.155930288461531,-5.));
#4481=CARTESIAN_POINT('',(3.07,1.36042931100346,-5.));
#4482=CARTESIAN_POINT('',(3.07,-0.300000000000003,-5.));
#4483=CARTESIAN_POINT('',(5.08,-0.300000000000003,-5.));
#4484=CARTESIAN_POINT('',(5.08,-1.2,-5.));
#4485=CARTESIAN_POINT('',(7.62,-1.2,-5.));
#4486=CARTESIAN_POINT('',(6.6486379442051,-1.2,-5.));
#4487=CARTESIAN_POINT('',(5.08,-2.27682456221956E-15,-5.));
#4488=CARTESIAN_POINT('',(5.58,-1.91066088042855,-5.));
#4489=CARTESIAN_POINT('',(5.58,-3.1,-5.));
#4490=CARTESIAN_POINT('',(7.62,-3.1,-5.));
#4491=CARTESIAN_POINT('',(5.08,-2.27682456221956E-15,-0.700000000000001));
#4492=CARTESIAN_POINT('',(5.08,-2.27682456221956E-15,-0.700000000000001));
#4493=CARTESIAN_POINT('',(3.705,-2.27682456221956E-15,-0.700000000000001));
#4494=CARTESIAN_POINT('',(5.58,-1.28086884574495,-2.7));
#4495=CARTESIAN_POINT('',(5.58,-1.28086884574495,-2.7));
#4496=CARTESIAN_POINT('',(5.58,-1.28086884574495,-4.4));
#4497=CARTESIAN_POINT('',(5.08,-2.27682456221956E-15,-4.4));
#4498=CARTESIAN_POINT('',(6.31718430316586,-0.600000000000004,-4.4));
#4499=CARTESIAN_POINT('',(6.31718430316586,-0.600000000000004,-5.));
#4500=CARTESIAN_POINT('',(6.31718430316586,-0.600000000000004,-2.7));
#4501=CARTESIAN_POINT('',(5.08,-2.27682456221956E-15,-2.7));
#4502=CARTESIAN_POINT('',(5.08,-2.27682456221956E-15,-4.4));
#4503=CARTESIAN_POINT('',(4.58,-1.28086884574495,-4.4));
#4504=CARTESIAN_POINT('',(4.58,-1.28086884574495,-2.7));
#4505=CARTESIAN_POINT('',(4.58,-1.28086884574495,-2.7));
#4506=CARTESIAN_POINT('',(5.08,-2.27682456221956E-15,-2.7));
#4507=CARTESIAN_POINT('',(8.32,-4.6,4.7));
#4508=CARTESIAN_POINT('',(8.32,-3.9,6.));
#4509=CARTESIAN_POINT('',(8.32,-3.9,6.));
#4510=CARTESIAN_POINT('',(6.08,-3.9,6.));
#4511=CARTESIAN_POINT('',(5.86346350659844,-4.30420145434958,5.24934015620792));
#4512=CARTESIAN_POINT('',(5.705,-4.6,4.7));
#4513=CARTESIAN_POINT('',(8.32,-4.6,4.7));
#4514=CARTESIAN_POINT('',(8.32,-4.6,4.7));
#4515=CARTESIAN_POINT('',(8.32,-4.6,4.7));
#4516=CARTESIAN_POINT('',(8.32,-3.9,6.));
#4517=CARTESIAN_POINT('',(-7.38434372436058,2.2,6.));
#4518=CARTESIAN_POINT('',(-7.38434372436058,2.2,6.));
#4519=CARTESIAN_POINT('',(-5.08,-0.300000000000001,6.));
#4520=CARTESIAN_POINT('',(-2.77565627563942,2.2,6.));
#4521=CARTESIAN_POINT('',(-2.30434372436058,2.2,6.));
#4522=CARTESIAN_POINT('',(-2.30434372436058,2.2,6.));
#4523=CARTESIAN_POINT('',(0.,-0.300000000000002,6.));
#4524=CARTESIAN_POINT('',(2.30434372436058,2.2,6.));
#4525=CARTESIAN_POINT('',(2.77565627563942,2.2,6.));
#4526=CARTESIAN_POINT('',(2.77565627563942,2.2,6.));
#4527=CARTESIAN_POINT('',(5.08,-0.300000000000003,6.));
#4528=CARTESIAN_POINT('',(7.38434372436058,2.2,6.));
#4529=CARTESIAN_POINT('',(7.62,2.2,6.));
#4530=CARTESIAN_POINT('',(7.62,2.2,6.));
#4531=CARTESIAN_POINT('',(7.62,-3.1,6.));
#4532=CARTESIAN_POINT('',(6.08,17.6067467225616,6.));
#4533=CARTESIAN_POINT('',(8.32,-3.9,6.));
#4534=CARTESIAN_POINT('',(8.32,3.9,6.));
#4535=CARTESIAN_POINT('',(8.32,3.9,6.));
#4536=CARTESIAN_POINT('',(-8.32,3.9,6.));
#4537=CARTESIAN_POINT('',(-8.32,-3.9,6.));
#4538=CARTESIAN_POINT('',(-6.08,17.6067467225616,6.));
#4539=CARTESIAN_POINT('',(5.58,0.499999999999998,-22.9067467225616));
#4540=CARTESIAN_POINT('',(5.58,0.499999999999998,-22.9067467225616));
#4541=CARTESIAN_POINT('',(5.58,0.499999999999998,-3.49999999999999));
#4542=CARTESIAN_POINT('',(5.58,0.499999999999998,-0.700000000000001));
#4543=CARTESIAN_POINT('',(5.58,-0.499999999999994,-3.49999999999999));
#4544=CARTESIAN_POINT('',(5.58,3.45,-3.49999999999999));
#4545=CARTESIAN_POINT('',(5.58,3.45,-3.49999999999999));
#4546=CARTESIAN_POINT('',(5.58,3.45,-4.38));
#4547=CARTESIAN_POINT('',(5.58,-0.499999999999994,-4.38));
#4548=CARTESIAN_POINT('',(5.58,-0.499999999999994,-4.38));
#4549=CARTESIAN_POINT('',(5.58,-0.499999999999994,-22.9067467225616));
#4550=CARTESIAN_POINT('',(5.58,-0.499999999999994,-0.700000000000001));
#4551=CARTESIAN_POINT('',(5.58,0.499999999999998,-0.700000000000001));
#4552=CARTESIAN_POINT('',(5.58,-0.499999999999994,-22.9067467225616));
#4553=CARTESIAN_POINT('',(5.58,-0.499999999999994,-0.700000000000001));
#4554=CARTESIAN_POINT('',(4.58,-0.499999999999994,-0.700000000000001));
#4555=CARTESIAN_POINT('',(5.58,-0.499999999999994,-4.38));
#4556=CARTESIAN_POINT('',(6.165,-0.499999999999994,-5.55));
#4557=CARTESIAN_POINT('',(5.58,-0.499999999999994,-5.55));
#4558=CARTESIAN_POINT('',(3.995,-0.499999999999994,-5.55));
#4559=CARTESIAN_POINT('',(3.995,-0.499999999999994,-5.55));
#4560=CARTESIAN_POINT('',(4.58,-0.499999999999994,-4.38));
#4561=CARTESIAN_POINT('',(4.58,-0.499999999999994,-22.9067467225616));
#4562=CARTESIAN_POINT('',(4.58,-0.499999999999995,-22.9067467225616));
#4563=CARTESIAN_POINT('',(4.58,-0.499999999999995,-0.700000000000001));
#4564=CARTESIAN_POINT('',(4.58,0.500000000000006,-0.700000000000001));
#4565=CARTESIAN_POINT('',(4.58,-0.499999999999994,-4.38));
#4566=CARTESIAN_POINT('',(4.58,3.45,-4.38));
#4567=CARTESIAN_POINT('',(4.58,3.45,-4.38));
#4568=CARTESIAN_POINT('',(4.58,3.45,-3.49999999999999));
#4569=CARTESIAN_POINT('',(4.58,-0.499999999999994,-3.49999999999999));
#4570=CARTESIAN_POINT('',(4.58,0.499999999999998,-3.49999999999999));
#4571=CARTESIAN_POINT('',(4.58,0.500000000000006,-22.9067467225616));
#4572=CARTESIAN_POINT('',(4.58,0.499999999999998,-22.9067467225616));
#4573=CARTESIAN_POINT('',(4.58,0.499999999999998,-3.49999999999999));
#4574=CARTESIAN_POINT('',(4.58,0.499999999999998,-0.700000000000001));
#4575=CARTESIAN_POINT('',(5.08,-2.27682456221956E-15,-0.700000000000001));
#4576=CARTESIAN_POINT('',(2.54,-0.600000000000004,-2.7));
#4577=CARTESIAN_POINT('',(2.54,-0.600000000000004,-4.4));
#4578=CARTESIAN_POINT('',(7.62,-0.600000000000003,-4.4));
#4579=CARTESIAN_POINT('',(7.62,-0.600000000000003,-2.7));
#4580=CARTESIAN_POINT('',(7.62,-0.600000000000003,-2.7));
#4581=CARTESIAN_POINT('',(2.54,-0.600000000000004,-2.7));
#4582=CARTESIAN_POINT('',(7.62,-3.1,-5.));
#4583=CARTESIAN_POINT('',(7.62,-3.1,-5.));
#4584=CARTESIAN_POINT('',(7.62,0.799999999999996,-5.));
#4585=CARTESIAN_POINT('',(7.62,2.2,-5.));
#4586=CARTESIAN_POINT('',(7.62,0.399999999999996,-4.6));
#4587=CARTESIAN_POINT('',(7.62,0.399999999999996,-4.6));
#4588=CARTESIAN_POINT('',(7.62,0.399999999999996,-2.7));
#4589=CARTESIAN_POINT('',(7.62,0.399999999999996,-2.7));
#4590=CARTESIAN_POINT('',(7.62,-0.600000000000004,-2.7));
#4591=CARTESIAN_POINT('',(7.62,-1.2,-4.4));
#4592=CARTESIAN_POINT('',(7.62,2.2,-5.));
#4593=CARTESIAN_POINT('',(5.08,-0.300000000000003,-5.));
#4594=CARTESIAN_POINT('',(7.62,2.2,-5.));
#4595=CARTESIAN_POINT('',(7.09,2.2,-5.));
#4596=CARTESIAN_POINT('',(7.09,-0.300000000000003,-5.));
#4597=CARTESIAN_POINT('',(7.09,1.36042931100346,-5.));
#4598=CARTESIAN_POINT('',(5.70673076923076,0.155930288461531,-5.));
#4599=CARTESIAN_POINT('',(7.42412002818638,0.799999999999996,-5.));
#4600=CARTESIAN_POINT('',(5.08,0.799999999999995,-5.));
#4601=CARTESIAN_POINT('',(8.32,3.9,6.));
#4602=CARTESIAN_POINT('',(-8.32,3.9,6.));
#4603=CARTESIAN_POINT('',(8.32,3.9,6.));
#4604=CARTESIAN_POINT('',(6.87,3.9,-5.55));
#4605=CARTESIAN_POINT('',(6.87,3.9,-2.3));
#4606=CARTESIAN_POINT('',(3.29,3.9,-2.3));
#4607=CARTESIAN_POINT('',(3.29,3.9,-2.3));
#4608=CARTESIAN_POINT('',(3.29,3.9,-5.55));
#4609=CARTESIAN_POINT('',(1.79,3.9,-5.55));
#4610=CARTESIAN_POINT('',(1.79,3.9,-2.3));
#4611=CARTESIAN_POINT('',(-1.79,3.9,-2.3));
#4612=CARTESIAN_POINT('',(-1.79,3.9,-2.3));
#4613=CARTESIAN_POINT('',(-1.79,3.9,-5.55));
#4614=CARTESIAN_POINT('',(-3.29,3.9,-5.55));
#4615=CARTESIAN_POINT('',(-3.29,3.9,-2.3));
#4616=CARTESIAN_POINT('',(-6.87,3.9,-2.3));
#4617=CARTESIAN_POINT('',(-6.87,3.9,-2.3));
#4618=CARTESIAN_POINT('',(-6.87,3.9,-5.55));
#4619=CARTESIAN_POINT('',(8.32,-3.9,-6.));
#4620=CARTESIAN_POINT('',(-8.32,-3.9,-6.));
#4621=CARTESIAN_POINT('',(-8.32,-3.9,3.2));
#4622=CARTESIAN_POINT('',(8.32,-3.9,-6.));
#4623=CARTESIAN_POINT('',(8.32,-3.9,3.2));
#4624=CARTESIAN_POINT('',(8.32,-3.9,3.2));
#4625=CARTESIAN_POINT('',(8.32,-3.9,3.2));
#4626=CARTESIAN_POINT('',(-8.32,-3.9,3.2));
#4627=CARTESIAN_POINT('',(-8.32,-4.6,3.2));
#4628=CARTESIAN_POINT('',(8.32,-3.9,3.2));
#4629=CARTESIAN_POINT('',(8.32,-4.6,3.2));
#4630=CARTESIAN_POINT('',(8.32,-4.6,3.2));
#4631=CARTESIAN_POINT('',(8.32,-4.6,3.2));
#4632=CARTESIAN_POINT('',(-8.32,-4.6,3.2));
#4633=CARTESIAN_POINT('',(8.32,-4.6,3.2));
#4634=CARTESIAN_POINT('',(5.705,-4.6,4.7));
#4635=CARTESIAN_POINT('',(0.625000000000001,-4.6,4.7));
#4636=CARTESIAN_POINT('',(-4.455,-4.6,4.7));
#4637=CARTESIAN_POINT('',(8.32,0.,0.));
#4638=CARTESIAN_POINT('',(-8.32,0.,0.));
#4639=CARTESIAN_POINT('',(7.62,2.2,-5.));
#4640=CARTESIAN_POINT('',(6.69,2.2,-2.7));
#4641=CARTESIAN_POINT('',(6.69,2.2,-2.7));
#4642=CARTESIAN_POINT('',(6.69,2.2,-4.6));
#4643=CARTESIAN_POINT('',(6.69,2.2,-4.6));
#4644=CARTESIAN_POINT('',(7.38434372436058,2.2,-5.));
#4645=CARTESIAN_POINT('',(7.38434372436058,2.2,-2.7));
#4646=CARTESIAN_POINT('',(6.69,2.2,-2.7));
#4647=CARTESIAN_POINT('',(5.08,-0.300000000000003,-5.));
#4648=CARTESIAN_POINT('',(2.77565627563942,2.2,-5.));
#4649=CARTESIAN_POINT('',(2.77565627563942,2.2,-2.7));
#4650=CARTESIAN_POINT('',(5.08,-0.3,-2.7));
#4651=CARTESIAN_POINT('',(2.77565627563942,2.2,-5.));
#4652=CARTESIAN_POINT('',(1.61,2.2,-2.7));
#4653=CARTESIAN_POINT('',(1.61,2.2,-2.7));
#4654=CARTESIAN_POINT('',(1.61,2.2,-4.6));
#4655=CARTESIAN_POINT('',(1.61,2.2,-4.6));
#4656=CARTESIAN_POINT('',(3.47,2.2,-4.6));
#4657=CARTESIAN_POINT('',(3.47,2.2,-4.6));
#4658=CARTESIAN_POINT('',(3.47,2.2,-2.7));
#4659=CARTESIAN_POINT('',(3.47,2.2,-2.7));
#4660=CARTESIAN_POINT('',(2.77565627563942,2.2,-2.7));
#4661=CARTESIAN_POINT('',(2.30434372436058,2.2,-5.));
#4662=CARTESIAN_POINT('',(2.30434372436058,2.2,-2.7));
#4663=CARTESIAN_POINT('',(1.61,2.2,-2.7));
#4664=CARTESIAN_POINT('',(3.47,2.2,-2.7));
#4665=CARTESIAN_POINT('',(3.47,2.2,-4.6));
#4666=CARTESIAN_POINT('',(3.47,1.2,-4.6));
#4667=CARTESIAN_POINT('',(3.47,1.2,-2.7));
#4668=CARTESIAN_POINT('',(3.47,1.2,-2.7));
#4669=CARTESIAN_POINT('',(3.47,2.2,-2.7));
#4670=CARTESIAN_POINT('',(4.45326923076925,0.155930288461531,-2.7));
#4671=CARTESIAN_POINT('',(4.45326923076925,0.155930288461531,-4.6));
#4672=CARTESIAN_POINT('',(3.04,0.399999999999995,-4.6));
#4673=CARTESIAN_POINT('',(3.04,0.399999999999995,-2.7));
#4674=CARTESIAN_POINT('',(3.04,0.399999999999995,-2.7));
#4675=CARTESIAN_POINT('',(4.45326923076925,0.155930288461531,-2.7));
#4676=CARTESIAN_POINT('',(2.54,0.399999999999996,-2.7));
#4677=CARTESIAN_POINT('',(2.54,0.399999999999996,-4.6));
#4678=CARTESIAN_POINT('',(2.04,0.399999999999997,-4.6));
#4679=CARTESIAN_POINT('',(2.04,0.399999999999997,-2.7));
#4680=CARTESIAN_POINT('',(2.04,0.399999999999997,-2.7));
#4681=CARTESIAN_POINT('',(2.54,0.399999999999996,-2.7));
#4682=CARTESIAN_POINT('',(7.62,0.399999999999996,-2.7));
#4683=CARTESIAN_POINT('',(7.62,0.399999999999996,-4.6));
#4684=CARTESIAN_POINT('',(7.12,0.399999999999996,-4.6));
#4685=CARTESIAN_POINT('',(7.12,0.399999999999996,-2.7));
#4686=CARTESIAN_POINT('',(7.12,0.399999999999996,-2.7));
#4687=CARTESIAN_POINT('',(7.62,0.399999999999996,-2.7));
#4688=CARTESIAN_POINT('',(5.70673076923076,0.155930288461531,-2.7));
#4689=CARTESIAN_POINT('',(5.70673076923076,0.155930288461531,-4.6));
#4690=CARTESIAN_POINT('',(6.69,1.2,-4.6));
#4691=CARTESIAN_POINT('',(6.69,1.2,-2.7));
#4692=CARTESIAN_POINT('',(6.69,1.2,-2.7));
#4693=CARTESIAN_POINT('',(5.70673076923076,0.155930288461531,-2.7));
#4694=CARTESIAN_POINT('',(6.69,2.2,-2.7));
#4695=CARTESIAN_POINT('',(6.69,2.2,-4.6));
#4696=CARTESIAN_POINT('',(6.69,2.2,-2.7));
#4697=CARTESIAN_POINT('',(5.08,-0.3,-2.7));
#4698=CARTESIAN_POINT('',(0.626730769230758,0.155930288461532,-2.7));
#4699=CARTESIAN_POINT('',(1.61,1.2,-2.7));
#4700=CARTESIAN_POINT('',(1.61,2.2,-2.7));
#4701=CARTESIAN_POINT('',(8.67361737988404E-16,-0.299999999999999,-2.7));
#4702=CARTESIAN_POINT('',(-2.30434372436058,2.2,-2.7));
#4703=CARTESIAN_POINT('',(-2.30434372436058,2.2,-2.7));
#4704=CARTESIAN_POINT('',(-1.61,2.2,-2.7));
#4705=CARTESIAN_POINT('',(-1.61,2.2,-2.7));
#4706=CARTESIAN_POINT('',(-1.61,1.2,-2.7));
#4707=CARTESIAN_POINT('',(-0.626730769230755,0.155930288461532,-2.7));
#4708=CARTESIAN_POINT('',(-2.04,0.399999999999996,-2.7));
#4709=CARTESIAN_POINT('',(-2.54,0.399999999999996,-2.7));
#4710=CARTESIAN_POINT('',(-3.04,0.399999999999998,-2.7));
#4711=CARTESIAN_POINT('',(-4.45326923076924,0.155930288461533,-2.7));
#4712=CARTESIAN_POINT('',(-3.47,1.2,-2.7));
#4713=CARTESIAN_POINT('',(-3.47,2.2,-2.7));
#4714=CARTESIAN_POINT('',(-3.47,2.2,-2.7));
#4715=CARTESIAN_POINT('',(-3.47,2.2,-2.7));
#4716=CARTESIAN_POINT('',(-2.77565627563942,2.2,-2.7));
#4717=CARTESIAN_POINT('',(-5.08,-0.299999999999999,-2.7));
#4718=CARTESIAN_POINT('',(-7.38434372436058,2.2,-2.7));
#4719=CARTESIAN_POINT('',(-7.38434372436058,2.2,-2.7));
#4720=CARTESIAN_POINT('',(-6.69,2.2,-2.7));
#4721=CARTESIAN_POINT('',(-6.69,2.2,-2.7));
#4722=CARTESIAN_POINT('',(-6.69,1.2,-2.7));
#4723=CARTESIAN_POINT('',(-5.70673076923076,0.155930288461532,-2.7));
#4724=CARTESIAN_POINT('',(-7.12,0.399999999999997,-2.7));
#4725=CARTESIAN_POINT('',(-7.62,0.399999999999997,-2.7));
#4726=CARTESIAN_POINT('',(6.87,3.9,-5.55));
#4727=CARTESIAN_POINT('',(6.87,3.45,-2.3));
#4728=CARTESIAN_POINT('',(6.87,3.45,-2.75));
#4729=CARTESIAN_POINT('',(6.87,3.45,-5.55));
#4730=CARTESIAN_POINT('',(6.87,3.9,-2.3));
#4731=CARTESIAN_POINT('',(6.87,-3.15,-5.55));
#4732=CARTESIAN_POINT('',(6.87,-3.15,-5.55));
#4733=CARTESIAN_POINT('',(6.87,3.9,-5.55));
#4734=CARTESIAN_POINT('',(6.87,-3.15,-5.55));
#4735=CARTESIAN_POINT('',(3.29,-3.15,-5.55));
#4736=CARTESIAN_POINT('',(3.29,-3.15,-5.55));
#4737=CARTESIAN_POINT('',(6.87,-3.15,-5.55));
#4738=CARTESIAN_POINT('',(3.29,-3.15,-5.55));
#4739=CARTESIAN_POINT('',(3.29,3.9,-2.3));
#4740=CARTESIAN_POINT('',(3.29,3.45,-2.75));
#4741=CARTESIAN_POINT('',(3.29,3.45,-2.3));
#4742=CARTESIAN_POINT('',(3.29,3.45,-5.55));
#4743=CARTESIAN_POINT('',(3.29,-3.15,-5.55));
#4744=CARTESIAN_POINT('',(0.,0.,-5.55));
#4745=CARTESIAN_POINT('',(5.08,-2.4,-5.55));
#4746=CARTESIAN_POINT('',(4.83,-2.4,-5.55));
#4747=CARTESIAN_POINT('',(3.995,-0.499999999999994,-5.55));
#4748=CARTESIAN_POINT('',(3.995,3.45,-5.55));
#4749=CARTESIAN_POINT('',(6.165,-0.499999999999994,-5.55));
#4750=CARTESIAN_POINT('',(6.165,3.45,-5.55));
#4751=CARTESIAN_POINT('',(6.87,3.45,-5.55));
#4752=CARTESIAN_POINT('',(6.87,3.45,-5.55));
#4753=CARTESIAN_POINT('',(6.87,3.45,-2.3));
#4754=CARTESIAN_POINT('',(3.995,3.45,-5.55));
#4755=CARTESIAN_POINT('',(6.87,3.45,-2.75));
#4756=CARTESIAN_POINT('',(5.58,3.45,-4.38));
#4757=CARTESIAN_POINT('',(4.58,3.45,-3.49999999999999));
#4758=CARTESIAN_POINT('',(0.,3.9,-2.3));
#4759=CARTESIAN_POINT('',(3.995,-0.499999999999994,-5.55));
#4760=CARTESIAN_POINT('',(4.58,-0.499999999999994,-3.49999999999999));
#4761=CARTESIAN_POINT('',(5.58,-0.499999999999994,-4.38));
#4762=CARTESIAN_POINT('',(6.08,17.6067467225616,6.));
#4763=CARTESIAN_POINT('',(5.705,17.6067467225616,4.7));
#4764=CARTESIAN_POINT('',(5.705,17.6067467225616,4.7));
#4765=CARTESIAN_POINT('',(4.455,17.6067467225616,4.7));
#4766=CARTESIAN_POINT('',(4.455,17.6067467225616,4.7));
#4767=CARTESIAN_POINT('',(5.58,-3.1,-2.7));
#4768=CARTESIAN_POINT('',(5.58,-1.91066088042855,-5.));
#4769=CARTESIAN_POINT('',(5.58,-1.58625073722967,-5.));
#4770=CARTESIAN_POINT('',(5.58,-1.28086884574502,-4.72486618734952));
#4771=CARTESIAN_POINT('',(5.58,-1.28086884574503,-4.39999999999999));
#4772=CARTESIAN_POINT('',(5.58,-3.1,-2.7));
#4773=CARTESIAN_POINT('',(5.58,-2.85,-2.7));
#4774=CARTESIAN_POINT('',(5.58,-2.85,-2.45));
#4775=CARTESIAN_POINT('',(4.58,-1.28086884574495,-2.7));
#4776=CARTESIAN_POINT('',(4.58,-1.28086884574495,-4.4));
#4777=CARTESIAN_POINT('',(4.58,-1.28086884574495,-4.72454433598055));
#4778=CARTESIAN_POINT('',(4.58,-1.58653338588534,-5.));
#4779=CARTESIAN_POINT('',(4.58,-1.91066088042855,-5.));
#4780=CARTESIAN_POINT('',(4.58,-2.85,-2.45));
#4781=CARTESIAN_POINT('',(4.58,-2.85,-2.7));
#4782=CARTESIAN_POINT('',(4.58,-1.28086884574495,-2.7));
#4783=CARTESIAN_POINT('',(0.,0.,-2.7));
#4784=CARTESIAN_POINT('',(0.,-2.85,-2.7));
#4785=CARTESIAN_POINT('',(5.08,-2.4,-5.55));
#4786=CARTESIAN_POINT('',(5.08,-2.27682456221956E-15,-4.4));
#4787=CARTESIAN_POINT('',(3.84281569683414,-0.600000000000004,-4.4));
#4788=CARTESIAN_POINT('',(3.84281569683414,-0.600000000000004,-4.73973237800319));
#4789=CARTESIAN_POINT('',(3.65960088234385,-0.900190371013503,-5.));
#4790=CARTESIAN_POINT('',(3.5113620557949,-1.2,-5.));
#4791=CARTESIAN_POINT('',(2.54,-1.2,-4.4));
#4792=CARTESIAN_POINT('',(1.23718430316586,-0.600000000000004,-4.4));
#4793=CARTESIAN_POINT('',(1.23718430316586,-0.600000000000004,-4.7397323780032));
#4794=CARTESIAN_POINT('',(1.42039911765543,-0.900190371013859,-5.));
#4795=CARTESIAN_POINT('',(1.5686379442051,-1.2,-5.));
#4796=CARTESIAN_POINT('',(2.54,-1.2,-4.4));
#4797=CARTESIAN_POINT('',(6.31718430316586,-0.600000000000004,-4.4));
#4798=CARTESIAN_POINT('',(6.31718430316586,-0.600000000000004,-4.7397323780032));
#4799=CARTESIAN_POINT('',(6.50039911765549,-0.900190371013827,-5.));
#4800=CARTESIAN_POINT('',(6.6486379442051,-1.2,-5.));
#4801=CARTESIAN_POINT('',(5.08,-2.27682456221956E-15,-4.4));
#4802=CARTESIAN_POINT('',(3.47,2.2,-4.6));
#4803=CARTESIAN_POINT('',(3.07,1.36042931100346,-5.));
#4804=CARTESIAN_POINT('',(3.20399763489428,1.31026549340727,-4.86600236510572));
#4805=CARTESIAN_POINT('',(3.33742490726553,1.257257494685,-4.73257509273448));
#4806=CARTESIAN_POINT('',(3.47,1.2,-4.6));
#4807=CARTESIAN_POINT('',(4.45326923076925,0.155930288461531,-4.6));
#4808=CARTESIAN_POINT('',(2.73587997181362,0.799999999999996,-5.));
#4809=CARTESIAN_POINT('',(2.83014909444454,0.663965997146153,-4.86396599714616));
#4810=CARTESIAN_POINT('',(2.93036440356732,0.530192437296693,-4.7301924372967));
#4811=CARTESIAN_POINT('',(3.04,0.399999999999996,-4.6));
#4812=CARTESIAN_POINT('',(2.54,0.399999999999996,-4.6));
#4813=CARTESIAN_POINT('',(2.34412002818638,0.799999999999996,-5.));
#4814=CARTESIAN_POINT('',(2.24985090555546,0.663965997146153,-4.86396599714616));
#4815=CARTESIAN_POINT('',(2.14963559643268,0.530192437296693,-4.7301924372967));
#4816=CARTESIAN_POINT('',(2.04,0.399999999999996,-4.6));
#4817=CARTESIAN_POINT('',(7.62,0.399999999999996,-4.6));
#4818=CARTESIAN_POINT('',(7.42412002818638,0.799999999999996,-5.));
#4819=CARTESIAN_POINT('',(7.32985090555546,0.663965997146153,-4.86396599714616));
#4820=CARTESIAN_POINT('',(7.22963559643268,0.530192437296693,-4.7301924372967));
#4821=CARTESIAN_POINT('',(7.12,0.399999999999996,-4.6));
#4822=CARTESIAN_POINT('',(5.70673076923076,0.155930288461531,-4.6));
#4823=CARTESIAN_POINT('',(7.09,1.36042931100346,-5.));
#4824=CARTESIAN_POINT('',(6.95600236510572,1.31026549340727,-4.86600236510572));
#4825=CARTESIAN_POINT('',(6.82257509273448,1.257257494685,-4.73257509273448));
#4826=CARTESIAN_POINT('',(6.69,1.2,-4.6));
#4827=CARTESIAN_POINT('',(6.69,2.2,-4.6));
#4828=CARTESIAN_POINT('',(0.,-2.85,-2.45));
#4829=CARTESIAN_POINT('',(0.,-0.300000000000002,-5.));
#4830=CARTESIAN_POINT('',(-2.30434372436058,2.2,-5.));
#4831=CARTESIAN_POINT('',(-2.30434372436058,2.2,-5.));
#4832=CARTESIAN_POINT('',(-3.47,2.2,-2.7));
#4833=CARTESIAN_POINT('',(-3.47,2.2,-4.6));
#4834=CARTESIAN_POINT('',(-3.47,2.2,-4.6));
#4835=CARTESIAN_POINT('',(-1.61,2.2,-4.6));
#4836=CARTESIAN_POINT('',(-1.61,2.2,-4.6));
#4837=CARTESIAN_POINT('',(-1.61,2.2,-2.7));
#4838=CARTESIAN_POINT('',(-2.77565627563942,2.2,-5.));
#4839=CARTESIAN_POINT('',(-1.61,2.2,-2.7));
#4840=CARTESIAN_POINT('',(-1.61,2.2,-4.6));
#4841=CARTESIAN_POINT('',(-1.61,1.2,-4.6));
#4842=CARTESIAN_POINT('',(-1.61,1.2,-2.7));
#4843=CARTESIAN_POINT('',(-0.626730769230755,0.155930288461532,-2.7));
#4844=CARTESIAN_POINT('',(-0.626730769230755,0.155930288461532,-4.6));
#4845=CARTESIAN_POINT('',(-2.04,0.399999999999996,-4.6));
#4846=CARTESIAN_POINT('',(-2.04,0.399999999999996,-2.7));
#4847=CARTESIAN_POINT('',(-2.54,0.399999999999996,-2.7));
#4848=CARTESIAN_POINT('',(-2.54,0.399999999999996,-4.6));
#4849=CARTESIAN_POINT('',(-3.04,0.399999999999998,-4.6));
#4850=CARTESIAN_POINT('',(-3.04,0.399999999999998,-2.7));
#4851=CARTESIAN_POINT('',(0.626730769230758,0.155930288461532,-2.7));
#4852=CARTESIAN_POINT('',(0.626730769230758,0.155930288461532,-4.6));
#4853=CARTESIAN_POINT('',(1.61,1.2,-4.6));
#4854=CARTESIAN_POINT('',(1.61,1.2,-2.7));
#4855=CARTESIAN_POINT('',(1.61,2.2,-2.7));
#4856=CARTESIAN_POINT('',(1.61,2.2,-4.6));
#4857=CARTESIAN_POINT('',(1.79,3.9,-5.55));
#4858=CARTESIAN_POINT('',(1.79,3.45,-2.3));
#4859=CARTESIAN_POINT('',(1.79,3.45,-2.75));
#4860=CARTESIAN_POINT('',(1.79,3.45,-5.55));
#4861=CARTESIAN_POINT('',(1.79,3.9,-2.3));
#4862=CARTESIAN_POINT('',(1.79,-3.15,-5.55));
#4863=CARTESIAN_POINT('',(1.79,-3.15,-5.55));
#4864=CARTESIAN_POINT('',(1.79,3.9,-5.55));
#4865=CARTESIAN_POINT('',(1.79,-3.15,-5.55));
#4866=CARTESIAN_POINT('',(-1.79,-3.15,-5.55));
#4867=CARTESIAN_POINT('',(-1.79,-3.15,-5.55));
#4868=CARTESIAN_POINT('',(1.79,-3.15,-5.55));
#4869=CARTESIAN_POINT('',(-1.79,-3.15,-5.55));
#4870=CARTESIAN_POINT('',(-1.79,3.9,-2.3));
#4871=CARTESIAN_POINT('',(-1.79,3.45,-2.75));
#4872=CARTESIAN_POINT('',(-1.79,3.45,-2.3));
#4873=CARTESIAN_POINT('',(-1.79,3.45,-5.55));
#4874=CARTESIAN_POINT('',(-1.79,-3.15,-5.55));
#4875=CARTESIAN_POINT('',(0.,0.,-5.55));
#4876=CARTESIAN_POINT('',(8.67361737988404E-16,-2.4,-5.55));
#4877=CARTESIAN_POINT('',(-0.249999999999999,-2.4,-5.55));
#4878=CARTESIAN_POINT('',(-1.085,-0.499999999999994,-5.55));
#4879=CARTESIAN_POINT('',(-1.085,3.45,-5.55));
#4880=CARTESIAN_POINT('',(1.085,-0.499999999999994,-5.55));
#4881=CARTESIAN_POINT('',(1.085,3.45,-5.55));
#4882=CARTESIAN_POINT('',(1.79,3.45,-5.55));
#4883=CARTESIAN_POINT('',(1.79,3.45,-5.55));
#4884=CARTESIAN_POINT('',(1.79,3.45,-2.3));
#4885=CARTESIAN_POINT('',(-1.085,3.45,-5.55));
#4886=CARTESIAN_POINT('',(1.79,3.45,-2.75));
#4887=CARTESIAN_POINT('',(0.5,3.45,-4.38));
#4888=CARTESIAN_POINT('',(-0.5,3.45,-3.49999999999999));
#4889=CARTESIAN_POINT('',(0.,3.9,-2.3));
#4890=CARTESIAN_POINT('',(-1.085,-0.499999999999994,-5.55));
#4891=CARTESIAN_POINT('',(-0.5,-0.499999999999994,-3.49999999999999));
#4892=CARTESIAN_POINT('',(0.5,-0.499999999999994,-4.38));
#4893=CARTESIAN_POINT('',(1.,17.6067467225616,6.));
#4894=CARTESIAN_POINT('',(0.625000000000001,17.6067467225616,4.7));
#4895=CARTESIAN_POINT('',(0.625000000000001,17.6067467225616,4.7));
#4896=CARTESIAN_POINT('',(-0.624999999999999,17.6067467225616,4.7));
#4897=CARTESIAN_POINT('',(-0.624999999999999,17.6067467225616,4.7));
#4898=CARTESIAN_POINT('',(0.5,-3.1,-2.7));
#4899=CARTESIAN_POINT('',(0.5,-1.91066088042855,-5.));
#4900=CARTESIAN_POINT('',(0.5,-1.58625073722967,-5.));
#4901=CARTESIAN_POINT('',(0.5,-1.28086884574502,-4.72486618734952));
#4902=CARTESIAN_POINT('',(0.5,-1.28086884574503,-4.39999999999999));
#4903=CARTESIAN_POINT('',(0.5,-3.1,-2.7));
#4904=CARTESIAN_POINT('',(0.5,-2.85,-2.7));
#4905=CARTESIAN_POINT('',(0.5,-2.85,-2.45));
#4906=CARTESIAN_POINT('',(-0.499999999999999,-1.28086884574495,-2.7));
#4907=CARTESIAN_POINT('',(-0.499999999999999,-1.28086884574495,-4.4));
#4908=CARTESIAN_POINT('',(-0.499999999999999,-1.28086884574495,-4.72454433598055));
#4909=CARTESIAN_POINT('',(-0.499999999999999,-1.58653338588534,-5.));
#4910=CARTESIAN_POINT('',(-0.499999999999999,-1.91066088042855,-5.));
#4911=CARTESIAN_POINT('',(-0.499999999999999,-2.85,-2.45));
#4912=CARTESIAN_POINT('',(-0.499999999999999,-2.85,-2.7));
#4913=CARTESIAN_POINT('',(-0.499999999999999,-1.28086884574495,-2.7));
#4914=CARTESIAN_POINT('',(0.,0.,-2.7));
#4915=CARTESIAN_POINT('',(0.,-2.85,-2.7));
#4916=CARTESIAN_POINT('',(8.67361737988404E-16,-2.4,-5.55));
#4917=CARTESIAN_POINT('',(8.67361737988404E-16,-1.65340831304039E-15,-4.4));
#4918=CARTESIAN_POINT('',(-1.23718430316586,-0.600000000000005,-4.4));
#4919=CARTESIAN_POINT('',(-1.23718430316586,-0.600000000000005,-4.7397323780032));
#4920=CARTESIAN_POINT('',(-1.42039911765546,-0.900190371013844,-5.));
#4921=CARTESIAN_POINT('',(-1.5686379442051,-1.2,-5.));
#4922=CARTESIAN_POINT('',(2.54,-1.2,-4.4));
#4923=CARTESIAN_POINT('',(-3.84281569683414,-0.600000000000005,-4.4));
#4924=CARTESIAN_POINT('',(-3.84281569683414,-0.600000000000005,-4.73973237800319));
#4925=CARTESIAN_POINT('',(-3.65960088234383,-0.900190371013491,-5.));
#4926=CARTESIAN_POINT('',(-3.5113620557949,-1.2,-5.));
#4927=CARTESIAN_POINT('',(8.67361737988404E-16,-1.65340831304039E-15,-4.4));
#4928=CARTESIAN_POINT('',(-1.61,2.2,-4.6));
#4929=CARTESIAN_POINT('',(-2.01,1.36042931100346,-5.));
#4930=CARTESIAN_POINT('',(-1.87600236510572,1.31026549340727,-4.86600236510572));
#4931=CARTESIAN_POINT('',(-1.74257509273447,1.257257494685,-4.73257509273448));
#4932=CARTESIAN_POINT('',(-1.61,1.2,-4.6));
#4933=CARTESIAN_POINT('',(-0.626730769230755,0.155930288461532,-4.6));
#4934=CARTESIAN_POINT('',(-2.34412002818638,0.799999999999997,-5.));
#4935=CARTESIAN_POINT('',(-2.24985090555546,0.663965997146153,-4.86396599714616));
#4936=CARTESIAN_POINT('',(-2.14963559643268,0.530192437296693,-4.7301924372967));
#4937=CARTESIAN_POINT('',(-2.04,0.399999999999996,-4.6));
#4938=CARTESIAN_POINT('',(-2.54,0.399999999999996,-4.6));
#4939=CARTESIAN_POINT('',(-2.73587997181362,0.799999999999996,-5.));
#4940=CARTESIAN_POINT('',(-2.83014909444454,0.663965997146153,-4.86396599714616));
#4941=CARTESIAN_POINT('',(-2.93036440356732,0.530192437296694,-4.7301924372967));
#4942=CARTESIAN_POINT('',(-3.04,0.399999999999997,-4.6));
#4943=CARTESIAN_POINT('',(0.626730769230758,0.155930288461532,-4.6));
#4944=CARTESIAN_POINT('',(2.01,1.36042931100346,-5.));
#4945=CARTESIAN_POINT('',(1.87600236510572,1.31026549340727,-4.86600236510572));
#4946=CARTESIAN_POINT('',(1.74257509273448,1.257257494685,-4.73257509273448));
#4947=CARTESIAN_POINT('',(1.61,1.2,-4.6));
#4948=CARTESIAN_POINT('',(1.61,2.2,-4.6));
#4949=CARTESIAN_POINT('',(0.,-2.85,-2.45));
#4950=CARTESIAN_POINT('',(-5.08,-0.300000000000001,-5.));
#4951=CARTESIAN_POINT('',(-7.38434372436058,2.2,-5.));
#4952=CARTESIAN_POINT('',(-7.38434372436058,2.2,-5.));
#4953=CARTESIAN_POINT('',(-6.69,2.2,-4.6));
#4954=CARTESIAN_POINT('',(-6.69,2.2,-4.6));
#4955=CARTESIAN_POINT('',(-6.69,2.2,-2.7));
#4956=CARTESIAN_POINT('',(-6.69,2.2,-2.7));
#4957=CARTESIAN_POINT('',(-6.69,2.2,-4.6));
#4958=CARTESIAN_POINT('',(-6.69,1.2,-4.6));
#4959=CARTESIAN_POINT('',(-6.69,1.2,-2.7));
#4960=CARTESIAN_POINT('',(-5.70673076923076,0.155930288461532,-2.7));
#4961=CARTESIAN_POINT('',(-5.70673076923076,0.155930288461532,-4.6));
#4962=CARTESIAN_POINT('',(-7.12,0.399999999999997,-4.6));
#4963=CARTESIAN_POINT('',(-7.12,0.399999999999997,-2.7));
#4964=CARTESIAN_POINT('',(-7.62,0.399999999999997,-2.7));
#4965=CARTESIAN_POINT('',(-7.62,0.399999999999997,-4.6));
#4966=CARTESIAN_POINT('',(-4.45326923076924,0.155930288461533,-2.7));
#4967=CARTESIAN_POINT('',(-4.45326923076924,0.155930288461533,-4.6));
#4968=CARTESIAN_POINT('',(-3.47,1.2,-4.6));
#4969=CARTESIAN_POINT('',(-3.47,1.2,-2.7));
#4970=CARTESIAN_POINT('',(-3.47,2.2,-2.7));
#4971=CARTESIAN_POINT('',(-3.47,2.2,-4.6));
#4972=CARTESIAN_POINT('',(-3.29,3.9,-5.55));
#4973=CARTESIAN_POINT('',(-3.29,3.45,-2.3));
#4974=CARTESIAN_POINT('',(-3.29,3.45,-2.75));
#4975=CARTESIAN_POINT('',(-3.29,3.45,-5.55));
#4976=CARTESIAN_POINT('',(-3.29,3.9,-2.3));
#4977=CARTESIAN_POINT('',(-3.29,-3.15,-5.55));
#4978=CARTESIAN_POINT('',(-3.29,-3.15,-5.55));
#4979=CARTESIAN_POINT('',(-3.29,3.9,-5.55));
#4980=CARTESIAN_POINT('',(-3.29,-3.15,-5.55));
#4981=CARTESIAN_POINT('',(-6.87,-3.15,-5.55));
#4982=CARTESIAN_POINT('',(-6.87,-3.15,-5.55));
#4983=CARTESIAN_POINT('',(-3.29,-3.15,-5.55));
#4984=CARTESIAN_POINT('',(-6.87,-3.15,-5.55));
#4985=CARTESIAN_POINT('',(-6.87,3.9,-2.3));
#4986=CARTESIAN_POINT('',(-6.87,3.45,-2.75));
#4987=CARTESIAN_POINT('',(-6.87,3.45,-2.3));
#4988=CARTESIAN_POINT('',(-6.87,3.45,-5.55));
#4989=CARTESIAN_POINT('',(-6.87,-3.15,-5.55));
#4990=CARTESIAN_POINT('',(0.,0.,-5.55));
#4991=CARTESIAN_POINT('',(-5.08,-2.4,-5.55));
#4992=CARTESIAN_POINT('',(-5.33,-2.4,-5.55));
#4993=CARTESIAN_POINT('',(-6.165,-0.499999999999993,-5.55));
#4994=CARTESIAN_POINT('',(-6.165,3.45,-5.55));
#4995=CARTESIAN_POINT('',(-3.995,-0.499999999999993,-5.55));
#4996=CARTESIAN_POINT('',(-3.995,3.45,-5.55));
#4997=CARTESIAN_POINT('',(-3.29,3.45,-5.55));
#4998=CARTESIAN_POINT('',(-3.29,3.45,-5.55));
#4999=CARTESIAN_POINT('',(-3.29,3.45,-2.3));
#5000=CARTESIAN_POINT('',(-6.165,3.45,-5.55));
#5001=CARTESIAN_POINT('',(-3.29,3.45,-2.75));
#5002=CARTESIAN_POINT('',(-4.58,3.45,-4.38));
#5003=CARTESIAN_POINT('',(-5.58,3.45,-3.49999999999999));
#5004=CARTESIAN_POINT('',(0.,3.9,-2.3));
#5005=CARTESIAN_POINT('',(-6.165,-0.499999999999993,-5.55));
#5006=CARTESIAN_POINT('',(-5.58,-0.499999999999993,-3.49999999999999));
#5007=CARTESIAN_POINT('',(-4.58,-0.499999999999993,-4.38));
#5008=CARTESIAN_POINT('',(-4.08,17.6067467225616,6.));
#5009=CARTESIAN_POINT('',(-4.455,17.6067467225616,4.7));
#5010=CARTESIAN_POINT('',(-4.455,17.6067467225616,4.7));
#5011=CARTESIAN_POINT('',(-5.705,17.6067467225616,4.7));
#5012=CARTESIAN_POINT('',(-5.705,17.6067467225616,4.7));
#5013=CARTESIAN_POINT('',(-4.58,-3.1,-2.7));
#5014=CARTESIAN_POINT('',(-4.58,-1.91066088042855,-5.));
#5015=CARTESIAN_POINT('',(-4.58,-1.58625073722967,-5.));
#5016=CARTESIAN_POINT('',(-4.58,-1.28086884574502,-4.72486618734952));
#5017=CARTESIAN_POINT('',(-4.58,-1.28086884574503,-4.39999999999999));
#5018=CARTESIAN_POINT('',(-4.58,-3.1,-2.7));
#5019=CARTESIAN_POINT('',(-4.58,-2.85,-2.7));
#5020=CARTESIAN_POINT('',(-4.58,-2.85,-2.45));
#5021=CARTESIAN_POINT('',(-5.58,-1.28086884574495,-2.7));
#5022=CARTESIAN_POINT('',(-5.58,-1.28086884574495,-4.4));
#5023=CARTESIAN_POINT('',(-5.58,-1.28086884574495,-4.72454433598055));
#5024=CARTESIAN_POINT('',(-5.58,-1.58653338588534,-5.));
#5025=CARTESIAN_POINT('',(-5.58,-1.91066088042855,-5.));
#5026=CARTESIAN_POINT('',(-5.58,-2.85,-2.45));
#5027=CARTESIAN_POINT('',(-5.58,-2.85,-2.7));
#5028=CARTESIAN_POINT('',(-5.58,-1.28086884574495,-2.7));
#5029=CARTESIAN_POINT('',(0.,0.,-2.7));
#5030=CARTESIAN_POINT('',(0.,-2.85,-2.7));
#5031=CARTESIAN_POINT('',(-5.08,-2.4,-5.55));
#5032=CARTESIAN_POINT('',(-5.08,-1.02999206386123E-15,-4.4));
#5033=CARTESIAN_POINT('',(-6.31718430316586,-0.600000000000005,-4.4));
#5034=CARTESIAN_POINT('',(-6.31718430316586,-0.600000000000005,-4.7397323780032));
#5035=CARTESIAN_POINT('',(-6.50039911765539,-0.900190371013879,-5.));
#5036=CARTESIAN_POINT('',(-6.6486379442051,-1.20000000000001,-5.));
#5037=CARTESIAN_POINT('',(2.54,-1.2,-4.4));
#5038=CARTESIAN_POINT('',(-5.08,-1.02999206386123E-15,-4.4));
#5039=CARTESIAN_POINT('',(-6.69,2.2,-4.6));
#5040=CARTESIAN_POINT('',(-7.09,1.36042931100346,-5.));
#5041=CARTESIAN_POINT('',(-6.95600236510572,1.31026549340727,-4.86600236510572));
#5042=CARTESIAN_POINT('',(-6.82257509273447,1.257257494685,-4.73257509273448));
#5043=CARTESIAN_POINT('',(-6.69,1.2,-4.6));
#5044=CARTESIAN_POINT('',(-5.70673076923076,0.155930288461532,-4.6));
#5045=CARTESIAN_POINT('',(-7.42412002818638,0.799999999999997,-5.));
#5046=CARTESIAN_POINT('',(-7.32985090555546,0.663965997146154,-4.86396599714616));
#5047=CARTESIAN_POINT('',(-7.22963559643268,0.530192437296694,-4.7301924372967));
#5048=CARTESIAN_POINT('',(-7.12,0.399999999999997,-4.6));
#5049=CARTESIAN_POINT('',(-7.62,0.399999999999997,-4.6));
#5050=CARTESIAN_POINT('',(-4.45326923076924,0.155930288461533,-4.6));
#5051=CARTESIAN_POINT('',(-3.07,1.36042931100346,-5.));
#5052=CARTESIAN_POINT('',(-3.20399763489428,1.31026549340727,-4.86600236510572));
#5053=CARTESIAN_POINT('',(-3.33742490726552,1.257257494685,-4.73257509273448));
#5054=CARTESIAN_POINT('',(-3.47,1.2,-4.6));
#5055=CARTESIAN_POINT('',(-3.47,2.2,-4.6));
#5056=CARTESIAN_POINT('',(0.,-2.85,-2.45));
#5057=CARTESIAN_POINT('',(0.,0.,0.));
#5058=CARTESIAN_POINT('',(-0.500000000000003,0.5,7.5));
#5059=CARTESIAN_POINT('',(-0.500000000000003,-0.5,7.5));
#5060=CARTESIAN_POINT('',(-0.500000000000003,-0.5,6.6));
#5061=CARTESIAN_POINT('',(-0.500000000000003,-0.5,-6.6));
#5062=CARTESIAN_POINT('',(-0.500000000000003,0.5,6.6));
#5063=CARTESIAN_POINT('',(-0.500000000000003,0.5,6.6));
#5064=CARTESIAN_POINT('',(-0.500000000000003,0.5,7.5));
#5065=CARTESIAN_POINT('',(-0.500000000000003,0.5,-6.6));
#5066=CARTESIAN_POINT('',(-0.500000000000003,0.5,-6.6));
#5067=CARTESIAN_POINT('',(-0.500000000000003,-0.5,7.5));
#5068=CARTESIAN_POINT('',(0.500000000000012,-0.5,7.5));
#5069=CARTESIAN_POINT('',(0.500000000000012,-0.5,6.6));
#5070=CARTESIAN_POINT('',(0.500000000000012,-0.5,-6.6));
#5071=CARTESIAN_POINT('',(-0.500000000000003,-0.5,6.6));
#5072=CARTESIAN_POINT('',(-0.500000000000003,-0.5,-6.6));
#5073=CARTESIAN_POINT('',(0.500000000000012,-0.5,7.5));
#5074=CARTESIAN_POINT('',(0.500000000000012,0.5,7.5));
#5075=CARTESIAN_POINT('',(0.500000000000012,0.5,6.6));
#5076=CARTESIAN_POINT('',(0.500000000000012,0.5,-6.6));
#5077=CARTESIAN_POINT('',(0.500000000000012,-0.5,6.6));
#5078=CARTESIAN_POINT('',(0.500000000000012,-0.5,-6.6));
#5079=CARTESIAN_POINT('',(0.500000000000012,0.5,7.5));
#5080=CARTESIAN_POINT('',(0.500000000000012,0.5,6.6));
#5081=CARTESIAN_POINT('',(0.500000000000012,0.5,-6.6));
#5082=CARTESIAN_POINT('',(0.,0.,7.5));
#5083=CARTESIAN_POINT('',(-0.500000000000003,0.25,7.5));
#5084=CARTESIAN_POINT('',(0.250000000000012,0.25,7.5));
#5085=CARTESIAN_POINT('',(-0.250000000000003,0.25,7.5));
#5086=CARTESIAN_POINT('',(-0.250000000000003,-0.5,7.5));
#5087=CARTESIAN_POINT('',(-0.250000000000003,-0.25,7.5));
#5088=CARTESIAN_POINT('',(0.500000000000012,-0.25,7.5));
#5089=CARTESIAN_POINT('',(0.250000000000012,-0.25,7.5));
#5090=CARTESIAN_POINT('',(0.250000000000012,0.5,7.5));
#5091=CARTESIAN_POINT('',(0.,0.,-7.5));
#5092=CARTESIAN_POINT('',(-0.250000000000003,0.,-7.5));
#5093=CARTESIAN_POINT('',(-0.250000000000003,-0.25,-7.5));
#5094=CARTESIAN_POINT('',(-0.250000000000003,0.25,-7.5));
#5095=CARTESIAN_POINT('',(0.,0.25,-7.5));
#5096=CARTESIAN_POINT('',(0.250000000000012,0.25,-7.5));
#5097=CARTESIAN_POINT('',(0.250000000000012,0.,-7.5));
#5098=CARTESIAN_POINT('',(0.250000000000012,-0.25,-7.5));
#5099=CARTESIAN_POINT('',(0.,-0.25,-7.5));
#5100=CARTESIAN_POINT('',(0.250000000000012,0.,7.5));
#5101=CARTESIAN_POINT('',(0.233288770053488,-0.233288770053476,7.56016042780749));
#5102=CARTESIAN_POINT('',(0.233288770053488,0.233288770053476,7.56016042780749));
#5103=CARTESIAN_POINT('',(0.,0.25,7.5));
#5104=CARTESIAN_POINT('',(-0.233288770053479,0.233288770053476,7.56016042780749));
#5105=CARTESIAN_POINT('',(0.,-0.25,7.5));
#5106=CARTESIAN_POINT('',(-0.233288770053479,-0.233288770053476,7.56016042780749));
#5107=CARTESIAN_POINT('',(-0.250000000000003,0.,7.5));
#5108=CARTESIAN_POINT('',(-0.500000000000003,-0.5,-6.6));
#5109=CARTESIAN_POINT('',(-0.500000000000003,-0.5,-6.6));
#5110=CARTESIAN_POINT('',(0.500000000000012,-0.5,-6.6));
#5111=CARTESIAN_POINT('',(0.500000000000012,-0.5,-6.6));
#5112=CARTESIAN_POINT('',(0.433155080213915,0.433155080213904,-6.84064171122995));
#5113=CARTESIAN_POINT('',(-0.500000000000003,0.5,-6.6));
#5114=CARTESIAN_POINT('',(-0.500000000000003,0.5,-6.6));
#5115=CARTESIAN_POINT('',(0.500000000000012,0.5,-6.6));
#5116=CARTESIAN_POINT('',(5.07999999999999,6.58327559132299E-15,-2.5));
#5117=CARTESIAN_POINT('',(-1.30104260698261E-14,6.58327559132299E-15,-2.5));
#5118=CARTESIAN_POINT('',(-5.08000000000001,6.58327559132299E-15,-2.5));
#5119=MECHANICAL_DESIGN_GEOMETRIC_PRESENTATION_REPRESENTATION('',(#3105,
#3106),#5120);
#5120=(
GEOMETRIC_REPRESENTATION_CONTEXT(3)
GLOBAL_UNCERTAINTY_ASSIGNED_CONTEXT((#5123))
GLOBAL_UNIT_ASSIGNED_CONTEXT((#5128,#5127,#5126))
REPRESENTATION_CONTEXT('6913115001xx','TOP_LEVEL_ASSEMBLY_PART')
);
#5121=(
GEOMETRIC_REPRESENTATION_CONTEXT(3)
GLOBAL_UNCERTAINTY_ASSIGNED_CONTEXT((#5124))
GLOBAL_UNIT_ASSIGNED_CONTEXT((#5128,#5127,#5126))
REPRESENTATION_CONTEXT('691311500103','COMPONENT_PART')
);
#5122=(
GEOMETRIC_REPRESENTATION_CONTEXT(3)
GLOBAL_UNCERTAINTY_ASSIGNED_CONTEXT((#5125))
GLOBAL_UNIT_ASSIGNED_CONTEXT((#5128,#5127,#5126))
REPRESENTATION_CONTEXT('6913115001xx_PIN','COMPONENT_PART')
);
#5123=UNCERTAINTY_MEASURE_WITH_UNIT(LENGTH_MEASURE(1.E-5),#5128,
'DISTANCE_ACCURACY_VALUE','Maximum Tolerance applied to model');
#5124=UNCERTAINTY_MEASURE_WITH_UNIT(LENGTH_MEASURE(1.E-5),#5128,
'DISTANCE_ACCURACY_VALUE','Maximum Tolerance applied to model');
#5125=UNCERTAINTY_MEASURE_WITH_UNIT(LENGTH_MEASURE(1.E-5),#5128,
'DISTANCE_ACCURACY_VALUE','Maximum Tolerance applied to model');
#5126=(
NAMED_UNIT(*)
SI_UNIT($,.STERADIAN.)
SOLID_ANGLE_UNIT()
);
#5127=(
NAMED_UNIT(*)
PLANE_ANGLE_UNIT()
SI_UNIT($,.RADIAN.)
);
#5128=(
LENGTH_UNIT()
NAMED_UNIT(*)
SI_UNIT(.MILLI.,.METRE.)
);
#5129=PRODUCT_DEFINITION_SHAPE('','',#5136);
#5130=PRODUCT_DEFINITION_SHAPE('','',#5137);
#5131=PRODUCT_DEFINITION_SHAPE(' ','NAUO PRDDFN',#22);
#5132=PRODUCT_DEFINITION_SHAPE('','',#5138);
#5133=PRODUCT_DEFINITION_SHAPE(' ','NAUO PRDDFN',#23);
#5134=PRODUCT_DEFINITION_SHAPE(' ','NAUO PRDDFN',#24);
#5135=PRODUCT_DEFINITION_SHAPE(' ','NAUO PRDDFN',#25);
#5136=PRODUCT_DEFINITION('','',#5142,#5139);
#5137=PRODUCT_DEFINITION('','',#5143,#5140);
#5138=PRODUCT_DEFINITION('','',#5144,#5141);
#5139=PRODUCT_DEFINITION_CONTEXT('',#5158,'design');
#5140=PRODUCT_DEFINITION_CONTEXT('',#5158,'design');
#5141=PRODUCT_DEFINITION_CONTEXT('',#5158,'design');
#5142=PRODUCT_DEFINITION_FORMATION_WITH_SPECIFIED_SOURCE('','',#5148,
 .NOT_KNOWN.);
#5143=PRODUCT_DEFINITION_FORMATION_WITH_SPECIFIED_SOURCE('','',#5149,
 .NOT_KNOWN.);
#5144=PRODUCT_DEFINITION_FORMATION_WITH_SPECIFIED_SOURCE('','',#5150,
 .NOT_KNOWN.);
#5145=PRODUCT_RELATED_PRODUCT_CATEGORY('','',(#5148));
#5146=PRODUCT_RELATED_PRODUCT_CATEGORY('','',(#5149));
#5147=PRODUCT_RELATED_PRODUCT_CATEGORY('','',(#5150));
#5148=PRODUCT('6913115001xx','6913115001xx','6913115001xx',(#5154));
#5149=PRODUCT('691311500103','691311500103','691311500103',(#5155));
#5150=PRODUCT('6913115001xx_PIN','6913115001xx_PIN','6913115001xx_PIN',
(#5156));
#5151=PRODUCT_CATEGORY('','');
#5152=PRODUCT_CATEGORY('','');
#5153=PRODUCT_CATEGORY('','');
#5154=PRODUCT_CONTEXT('',#5158,'mechanical');
#5155=PRODUCT_CONTEXT('',#5158,'mechanical');
#5156=PRODUCT_CONTEXT('',#5158,'mechanical');
#5157=APPLICATION_PROTOCOL_DEFINITION('international standard',
'automotive_design',2010,#5158);
#5158=APPLICATION_CONTEXT(
'core data for automotive mechanical design processes');
ENDSEC;
END-ISO-10303-21;
