ISO-10303-21;
HEADER;
FILE_DESCRIPTION( ( 'Unknown' ), '1' );
FILE_NAME( 'C:/Users/alban.klein/Documents/0-CAD-3D 2D/6913053300xx/Construction_data/6913053300xx/691305330003/691305330003.stp', 'Unknown', ( 'Unknown' ), ( 'Unknown' ), 'PSStep 18.0.17', 'Unknown', '  ' );
FILE_SCHEMA( ( 'AUTOMOTIVE_DESIGN { 1 0 10303 214 1 1 1 1 }' ) );
ENDSEC;
DATA;
#1 = PRODUCT_DEFINITION_CONTEXT( '', #20, 'design' );
#2 = APPLICATION_PROTOCOL_DEFINITION( 'international standard', 'automotive_design', 2001, #20 );
#3 = PRODUCT_CATEGORY_RELATIONSHIP( 'NONE', 'NONE', #21, #22 );
#4 = SHAPE_DEFINITION_REPRESENTATION( #23, #24 );
#5 = PRODUCT_CATEGORY_RELATIONSHIP( 'NONE', 'NONE', #21, #25 );
#6 = CONTEXT_DEPENDENT_SHAPE_REPRESENTATION( #26, #27 );
#7 = SHAPE_DEFINITION_REPRESENTATION( #28, #29 );
#8 = SHAPE_REPRESENTATION_RELATIONSHIP( 'NONE', 'NONE', #29, #30 );
#9 = CONTEXT_DEPENDENT_SHAPE_REPRESENTATION( #31, #32 );
#10 = CONTEXT_DEPENDENT_SHAPE_REPRESENTATION( #33, #34 );
#11 = PRODUCT_CATEGORY_RELATIONSHIP( 'NONE', 'NONE', #21, #35 );
#12 = CONTEXT_DEPENDENT_SHAPE_REPRESENTATION( #36, #37 );
#13 = SHAPE_DEFINITION_REPRESENTATION( #38, #39 );
#14 = SHAPE_REPRESENTATION_RELATIONSHIP( 'NONE', 'NONE', #39, #40 );
#15 = MECHANICAL_DESIGN_GEOMETRIC_PRESENTATION_REPRESENTATION( ' ', ( #41, #42, #43, #44, #45, #46, #47, #48, #49, #50, #51, #52, #53, #54, #55, #56, #57, #58, #59, #60, #61, #62, #63, #64, #65, #66, #67, #68, #69, #70, #71, #72, #73, #74, #75, #76, #77, #78, #79, #80, #81, #82, #83, #84, #85, #86, #87, #88, #89, #90, #91, #92, #93, #94, #95, #96, #97, #98, #99, #100, #101, #102, #103, #104, #105, #106, #107, #108, #109, #110, #111, #112, #113, #114, #115, #116, #117, #118, #119, #120, #121, #122, #123, #124, #125, #126, #127, #128, #129, #130, #131, #132, #133, #134, #135, #136, #137, #138, #139, #140, #141, #142, #143, #144, #145, #146, #147, #148, #149, #150, #151, #152, #153, #154, #155, #156, #157, #158, #159, #160, #161, #162, #163, #164, #165, #166, #167, #168, #169, #170, #171, #172, #173, #174, #175, #176, #177, #178, #179, #180, #181, #182, #183, #184, #185, #186, #187, #188, #189, #190, #191, #192, #193, #194, #195, #196, #197, #198, #199, #200, #201, #202, #203, #204, #205, #206, #207, #208, #209, #210, #211, #212, #213, #214, #215 ), #16 );
#16 =  ( GEOMETRIC_REPRESENTATION_CONTEXT( 3 )GLOBAL_UNCERTAINTY_ASSIGNED_CONTEXT( ( #218 ) )GLOBAL_UNIT_ASSIGNED_CONTEXT( ( #220, #221, #222 ) )REPRESENTATION_CONTEXT( 'NONE', 'WORKSPACE' ) );
#20 = APPLICATION_CONTEXT( 'core data for automotive mechanical design processes' );
#21 = PRODUCT_CATEGORY( 'part', 'NONE' );
#22 = PRODUCT_RELATED_PRODUCT_CATEGORY( 'detail', ' ', ( #224 ) );
#23 = PRODUCT_DEFINITION_SHAPE( 'NONE', 'NONE', #225 );
#24 = SHAPE_REPRESENTATION( 'Assem1', ( #226, #227, #228, #229, #230 ), #231 );
#25 = PRODUCT_RELATED_PRODUCT_CATEGORY( 'detail', ' ', ( #232 ) );
#26 = ( REPRESENTATION_RELATIONSHIP( '', '', #29, #24 )REPRESENTATION_RELATIONSHIP_WITH_TRANSFORMATION( #235 )SHAPE_REPRESENTATION_RELATIONSHIP(  ) );
#27 = PRODUCT_DEFINITION_SHAPE( 'NAUO-PROD-DEF', 'NAUO-PROD-DEF', #237 );
#28 = PRODUCT_DEFINITION_SHAPE( 'NONE', 'NONE', #238 );
#29 = SHAPE_REPRESENTATION( '6913053300xx_PIN', ( #226 ), #231 );
#30 = ADVANCED_BREP_SHAPE_REPRESENTATION( '6913053300xx_PIN', ( #239 ), #16 );
#31 = ( REPRESENTATION_RELATIONSHIP( '', '', #29, #24 )REPRESENTATION_RELATIONSHIP_WITH_TRANSFORMATION( #242 )SHAPE_REPRESENTATION_RELATIONSHIP(  ) );
#32 = PRODUCT_DEFINITION_SHAPE( 'NAUO-PROD-DEF', 'NAUO-PROD-DEF', #244 );
#33 = ( REPRESENTATION_RELATIONSHIP( '', '', #29, #24 )REPRESENTATION_RELATIONSHIP_WITH_TRANSFORMATION( #247 )SHAPE_REPRESENTATION_RELATIONSHIP(  ) );
#34 = PRODUCT_DEFINITION_SHAPE( 'NAUO-PROD-DEF', 'NAUO-PROD-DEF', #249 );
#35 = PRODUCT_RELATED_PRODUCT_CATEGORY( 'detail', ' ', ( #250 ) );
#36 = ( REPRESENTATION_RELATIONSHIP( '', '', #39, #24 )REPRESENTATION_RELATIONSHIP_WITH_TRANSFORMATION( #253 )SHAPE_REPRESENTATION_RELATIONSHIP(  ) );
#37 = PRODUCT_DEFINITION_SHAPE( 'NAUO-PROD-DEF', 'NAUO-PROD-DEF', #255 );
#38 = PRODUCT_DEFINITION_SHAPE( 'NONE', 'NONE', #256 );
#39 = SHAPE_REPRESENTATION( '691305330003', ( #226 ), #231 );
#40 = ADVANCED_BREP_SHAPE_REPRESENTATION( '691305330003', ( #257 ), #16 );
#41 = STYLED_ITEM( '', ( #258 ), #259 );
#42 = STYLED_ITEM( '', ( #260 ), #261 );
#43 = STYLED_ITEM( '', ( #262 ), #263 );
#44 = STYLED_ITEM( '', ( #264 ), #265 );
#45 = STYLED_ITEM( '', ( #266 ), #267 );
#46 = STYLED_ITEM( '', ( #268 ), #269 );
#47 = STYLED_ITEM( '', ( #270 ), #271 );
#48 = STYLED_ITEM( '', ( #272 ), #273 );
#49 = STYLED_ITEM( '', ( #274 ), #275 );
#50 = STYLED_ITEM( '', ( #276 ), #277 );
#51 = STYLED_ITEM( '', ( #278 ), #279 );
#52 = STYLED_ITEM( '', ( #280 ), #281 );
#53 = STYLED_ITEM( '', ( #282 ), #283 );
#54 = STYLED_ITEM( '', ( #284 ), #285 );
#55 = STYLED_ITEM( '', ( #286 ), #287 );
#56 = STYLED_ITEM( '', ( #288 ), #289 );
#57 = STYLED_ITEM( '', ( #290 ), #291 );
#58 = STYLED_ITEM( '', ( #292 ), #293 );
#59 = STYLED_ITEM( '', ( #294 ), #295 );
#60 = STYLED_ITEM( '', ( #296 ), #297 );
#61 = STYLED_ITEM( '', ( #298 ), #299 );
#62 = STYLED_ITEM( '', ( #300 ), #301 );
#63 = STYLED_ITEM( '', ( #302 ), #303 );
#64 = STYLED_ITEM( '', ( #304 ), #305 );
#65 = STYLED_ITEM( '', ( #306 ), #307 );
#66 = STYLED_ITEM( '', ( #308 ), #309 );
#67 = STYLED_ITEM( '', ( #310 ), #311 );
#68 = STYLED_ITEM( '', ( #312 ), #313 );
#69 = STYLED_ITEM( '', ( #314 ), #315 );
#70 = STYLED_ITEM( '', ( #316 ), #317 );
#71 = STYLED_ITEM( '', ( #318 ), #319 );
#72 = STYLED_ITEM( '', ( #320 ), #321 );
#73 = STYLED_ITEM( '', ( #322 ), #323 );
#74 = STYLED_ITEM( '', ( #324 ), #325 );
#75 = STYLED_ITEM( '', ( #326 ), #327 );
#76 = STYLED_ITEM( '', ( #328 ), #329 );
#77 = STYLED_ITEM( '', ( #330 ), #331 );
#78 = STYLED_ITEM( '', ( #332 ), #333 );
#79 = STYLED_ITEM( '', ( #334 ), #335 );
#80 = STYLED_ITEM( '', ( #336 ), #337 );
#81 = STYLED_ITEM( '', ( #338 ), #339 );
#82 = STYLED_ITEM( '', ( #340 ), #341 );
#83 = STYLED_ITEM( '', ( #342 ), #343 );
#84 = STYLED_ITEM( '', ( #344 ), #345 );
#85 = STYLED_ITEM( '', ( #346 ), #347 );
#86 = STYLED_ITEM( '', ( #348 ), #349 );
#87 = STYLED_ITEM( '', ( #350 ), #351 );
#88 = STYLED_ITEM( '', ( #352 ), #353 );
#89 = STYLED_ITEM( '', ( #354 ), #355 );
#90 = STYLED_ITEM( '', ( #356 ), #357 );
#91 = STYLED_ITEM( '', ( #358 ), #359 );
#92 = STYLED_ITEM( '', ( #360 ), #361 );
#93 = STYLED_ITEM( '', ( #362 ), #363 );
#94 = STYLED_ITEM( '', ( #364 ), #365 );
#95 = STYLED_ITEM( '', ( #366 ), #367 );
#96 = STYLED_ITEM( '', ( #368 ), #369 );
#97 = STYLED_ITEM( '', ( #370 ), #371 );
#98 = STYLED_ITEM( '', ( #372 ), #373 );
#99 = STYLED_ITEM( '', ( #374 ), #375 );
#100 = STYLED_ITEM( '', ( #376 ), #377 );
#101 = STYLED_ITEM( '', ( #378 ), #379 );
#102 = STYLED_ITEM( '', ( #380 ), #381 );
#103 = STYLED_ITEM( '', ( #382 ), #383 );
#104 = STYLED_ITEM( '', ( #384 ), #385 );
#105 = STYLED_ITEM( '', ( #386 ), #387 );
#106 = STYLED_ITEM( '', ( #388 ), #389 );
#107 = STYLED_ITEM( '', ( #390 ), #391 );
#108 = STYLED_ITEM( '', ( #392 ), #393 );
#109 = STYLED_ITEM( '', ( #394 ), #395 );
#110 = STYLED_ITEM( '', ( #396 ), #397 );
#111 = STYLED_ITEM( '', ( #398 ), #399 );
#112 = STYLED_ITEM( '', ( #400 ), #401 );
#113 = STYLED_ITEM( '', ( #402 ), #403 );
#114 = STYLED_ITEM( '', ( #404 ), #405 );
#115 = STYLED_ITEM( '', ( #406 ), #407 );
#116 = STYLED_ITEM( '', ( #408 ), #409 );
#117 = STYLED_ITEM( '', ( #410 ), #411 );
#118 = STYLED_ITEM( '', ( #412 ), #413 );
#119 = STYLED_ITEM( '', ( #414 ), #415 );
#120 = STYLED_ITEM( '', ( #416 ), #417 );
#121 = STYLED_ITEM( '', ( #418 ), #419 );
#122 = STYLED_ITEM( '', ( #420 ), #421 );
#123 = STYLED_ITEM( '', ( #422 ), #423 );
#124 = STYLED_ITEM( '', ( #424 ), #425 );
#125 = STYLED_ITEM( '', ( #426 ), #427 );
#126 = STYLED_ITEM( '', ( #428 ), #429 );
#127 = STYLED_ITEM( '', ( #430 ), #431 );
#128 = STYLED_ITEM( '', ( #432 ), #433 );
#129 = STYLED_ITEM( '', ( #434 ), #435 );
#130 = STYLED_ITEM( '', ( #436 ), #437 );
#131 = STYLED_ITEM( '', ( #438 ), #439 );
#132 = STYLED_ITEM( '', ( #440 ), #441 );
#133 = STYLED_ITEM( '', ( #442 ), #443 );
#134 = STYLED_ITEM( '', ( #444 ), #445 );
#135 = STYLED_ITEM( '', ( #446 ), #447 );
#136 = STYLED_ITEM( '', ( #448 ), #449 );
#137 = STYLED_ITEM( '', ( #450 ), #451 );
#138 = STYLED_ITEM( '', ( #452 ), #453 );
#139 = STYLED_ITEM( '', ( #454 ), #455 );
#140 = STYLED_ITEM( '', ( #456 ), #457 );
#141 = STYLED_ITEM( '', ( #458 ), #459 );
#142 = STYLED_ITEM( '', ( #460 ), #461 );
#143 = STYLED_ITEM( '', ( #462 ), #463 );
#144 = STYLED_ITEM( '', ( #464 ), #465 );
#145 = STYLED_ITEM( '', ( #466 ), #467 );
#146 = STYLED_ITEM( '', ( #468 ), #469 );
#147 = STYLED_ITEM( '', ( #470 ), #471 );
#148 = STYLED_ITEM( '', ( #472 ), #473 );
#149 = STYLED_ITEM( '', ( #474 ), #475 );
#150 = STYLED_ITEM( '', ( #476 ), #477 );
#151 = STYLED_ITEM( '', ( #478 ), #479 );
#152 = STYLED_ITEM( '', ( #480 ), #481 );
#153 = STYLED_ITEM( '', ( #482 ), #483 );
#154 = STYLED_ITEM( '', ( #484 ), #485 );
#155 = STYLED_ITEM( '', ( #486 ), #487 );
#156 = STYLED_ITEM( '', ( #488 ), #489 );
#157 = STYLED_ITEM( '', ( #490 ), #491 );
#158 = STYLED_ITEM( '', ( #492 ), #493 );
#159 = STYLED_ITEM( '', ( #494 ), #495 );
#160 = STYLED_ITEM( '', ( #496 ), #497 );
#161 = STYLED_ITEM( '', ( #498 ), #499 );
#162 = STYLED_ITEM( '', ( #500 ), #501 );
#163 = STYLED_ITEM( '', ( #502 ), #503 );
#164 = STYLED_ITEM( '', ( #504 ), #505 );
#165 = STYLED_ITEM( '', ( #506 ), #507 );
#166 = STYLED_ITEM( '', ( #508 ), #509 );
#167 = STYLED_ITEM( '', ( #510 ), #511 );
#168 = STYLED_ITEM( '', ( #512 ), #513 );
#169 = STYLED_ITEM( '', ( #514 ), #515 );
#170 = STYLED_ITEM( '', ( #516 ), #517 );
#171 = STYLED_ITEM( '', ( #518 ), #519 );
#172 = STYLED_ITEM( '', ( #520 ), #521 );
#173 = STYLED_ITEM( '', ( #522 ), #523 );
#174 = STYLED_ITEM( '', ( #524 ), #525 );
#175 = STYLED_ITEM( '', ( #526 ), #527 );
#176 = STYLED_ITEM( '', ( #528 ), #529 );
#177 = STYLED_ITEM( '', ( #530 ), #531 );
#178 = STYLED_ITEM( '', ( #532 ), #533 );
#179 = STYLED_ITEM( '', ( #534 ), #535 );
#180 = STYLED_ITEM( '', ( #536 ), #537 );
#181 = STYLED_ITEM( '', ( #538 ), #539 );
#182 = STYLED_ITEM( '', ( #540 ), #541 );
#183 = STYLED_ITEM( '', ( #542 ), #543 );
#184 = STYLED_ITEM( '', ( #544 ), #545 );
#185 = STYLED_ITEM( '', ( #546 ), #547 );
#186 = STYLED_ITEM( '', ( #548 ), #549 );
#187 = STYLED_ITEM( '', ( #550 ), #551 );
#188 = STYLED_ITEM( '', ( #552 ), #553 );
#189 = STYLED_ITEM( '', ( #554 ), #555 );
#190 = STYLED_ITEM( '', ( #556 ), #557 );
#191 = STYLED_ITEM( '', ( #558 ), #559 );
#192 = STYLED_ITEM( '', ( #560 ), #561 );
#193 = STYLED_ITEM( '', ( #562 ), #563 );
#194 = STYLED_ITEM( '', ( #564 ), #565 );
#195 = STYLED_ITEM( '', ( #566 ), #567 );
#196 = STYLED_ITEM( '', ( #568 ), #569 );
#197 = STYLED_ITEM( '', ( #570 ), #571 );
#198 = STYLED_ITEM( '', ( #572 ), #573 );
#199 = STYLED_ITEM( '', ( #574 ), #575 );
#200 = STYLED_ITEM( '', ( #576 ), #577 );
#201 = STYLED_ITEM( '', ( #578 ), #579 );
#202 = STYLED_ITEM( '', ( #580 ), #581 );
#203 = STYLED_ITEM( '', ( #582 ), #583 );
#204 = STYLED_ITEM( '', ( #584 ), #585 );
#205 = STYLED_ITEM( '', ( #586 ), #587 );
#206 = STYLED_ITEM( '', ( #588 ), #589 );
#207 = STYLED_ITEM( '', ( #590 ), #591 );
#208 = STYLED_ITEM( '', ( #592 ), #593 );
#209 = STYLED_ITEM( '', ( #594 ), #595 );
#210 = STYLED_ITEM( '', ( #596 ), #597 );
#211 = STYLED_ITEM( '', ( #598 ), #599 );
#212 = STYLED_ITEM( '', ( #600 ), #601 );
#213 = STYLED_ITEM( '', ( #602 ), #603 );
#214 = STYLED_ITEM( '', ( #604 ), #605 );
#215 = STYLED_ITEM( '', ( #606 ), #607 );
#218 = UNCERTAINTY_MEASURE_WITH_UNIT( LENGTH_MEASURE( 0.00100000000000000 ), #220, '', '' );
#220 =  ( CONVERSION_BASED_UNIT( 'MILLIMETRE', #610 )LENGTH_UNIT(  )NAMED_UNIT( #613 ) );
#221 =  ( NAMED_UNIT( #615 )PLANE_ANGLE_UNIT(  )SI_UNIT( $, .RADIAN. ) );
#222 =  ( NAMED_UNIT( #615 )SI_UNIT( $, .STERADIAN. )SOLID_ANGLE_UNIT(  ) );
#224 = PRODUCT( 'Assem1', 'Assem1', 'PART-Assem1-DESC', ( #621 ) );
#225 = PRODUCT_DEFINITION( 'NONE', 'NONE', #622, #1 );
#226 = AXIS2_PLACEMENT_3D( '', #623, #624, #625 );
#227 = AXIS2_PLACEMENT_3D( '', #626, #627, #628 );
#228 = AXIS2_PLACEMENT_3D( '', #629, #630, #631 );
#229 = AXIS2_PLACEMENT_3D( '', #632, #633, #634 );
#230 = AXIS2_PLACEMENT_3D( '', #635, #636, #637 );
#231 =  ( GEOMETRIC_REPRESENTATION_CONTEXT( 3 )GLOBAL_UNCERTAINTY_ASSIGNED_CONTEXT( ( #640 ) )GLOBAL_UNIT_ASSIGNED_CONTEXT( ( #642, #643, #644 ) )REPRESENTATION_CONTEXT( 'NONE', 'WORKSPACE' ) );
#232 = PRODUCT( '6913053300xx_PIN', '6913053300xx_PIN', 'PART-6913053300xx_PIN-DESC', ( #621 ) );
#235 = ITEM_DEFINED_TRANSFORMATION( '', '', #226, #227 );
#237 = NEXT_ASSEMBLY_USAGE_OCCURRENCE( 'NAUO1', '6913053300xx_PIN', '6913053300xx_PIN', #225, #238, $ );
#238 = PRODUCT_DEFINITION( '6913053300xx_PIN', '6913053300xx_PIN', #646, #1 );
#239 = MANIFOLD_SOLID_BREP( '6913053300xx_PIN', #647 );
#242 = ITEM_DEFINED_TRANSFORMATION( '', '', #226, #228 );
#244 = NEXT_ASSEMBLY_USAGE_OCCURRENCE( 'NAUO2', '6913053300xx_PIN', '6913053300xx_PIN', #225, #238, $ );
#247 = ITEM_DEFINED_TRANSFORMATION( '', '', #226, #229 );
#249 = NEXT_ASSEMBLY_USAGE_OCCURRENCE( 'NAUO3', '6913053300xx_PIN', '6913053300xx_PIN', #225, #238, $ );
#250 = PRODUCT( '691305330003', '691305330003', 'PART-691305330003-DESC', ( #621 ) );
#253 = ITEM_DEFINED_TRANSFORMATION( '', '', #226, #230 );
#255 = NEXT_ASSEMBLY_USAGE_OCCURRENCE( 'NAUO4', '691305330003', '691305330003', #225, #256, $ );
#256 = PRODUCT_DEFINITION( '691305330003', '691305330003', #648, #1 );
#257 = MANIFOLD_SOLID_BREP( '691305330003', #649 );
#258 = PRESENTATION_STYLE_ASSIGNMENT( ( #650 ) );
#259 = ADVANCED_FACE( '', ( #651 ), #652, .F. );
#260 = PRESENTATION_STYLE_ASSIGNMENT( ( #653 ) );
#261 = ADVANCED_FACE( '', ( #654, #655 ), #656, .T. );
#262 = PRESENTATION_STYLE_ASSIGNMENT( ( #657 ) );
#263 = ADVANCED_FACE( '', ( #658 ), #659, .F. );
#264 = PRESENTATION_STYLE_ASSIGNMENT( ( #660 ) );
#265 = ADVANCED_FACE( '', ( #661 ), #662, .T. );
#266 = PRESENTATION_STYLE_ASSIGNMENT( ( #663 ) );
#267 = ADVANCED_FACE( '', ( #664 ), #665, .F. );
#268 = PRESENTATION_STYLE_ASSIGNMENT( ( #666 ) );
#269 = ADVANCED_FACE( '', ( #667 ), #668, .F. );
#270 = PRESENTATION_STYLE_ASSIGNMENT( ( #669 ) );
#271 = ADVANCED_FACE( '', ( #670 ), #671, .F. );
#272 = PRESENTATION_STYLE_ASSIGNMENT( ( #672 ) );
#273 = ADVANCED_FACE( '', ( #673 ), #674, .F. );
#274 = PRESENTATION_STYLE_ASSIGNMENT( ( #675 ) );
#275 = ADVANCED_FACE( '', ( #676 ), #677, .F. );
#276 = PRESENTATION_STYLE_ASSIGNMENT( ( #678 ) );
#277 = ADVANCED_FACE( '', ( #679 ), #680, .T. );
#278 = PRESENTATION_STYLE_ASSIGNMENT( ( #681 ) );
#279 = ADVANCED_FACE( '', ( #682 ), #683, .F. );
#280 = PRESENTATION_STYLE_ASSIGNMENT( ( #684 ) );
#281 = ADVANCED_FACE( '', ( #685 ), #686, .T. );
#282 = PRESENTATION_STYLE_ASSIGNMENT( ( #687 ) );
#283 = ADVANCED_FACE( '', ( #688 ), #689, .T. );
#284 = PRESENTATION_STYLE_ASSIGNMENT( ( #690 ) );
#285 = ADVANCED_FACE( '', ( #691 ), #692, .F. );
#286 = PRESENTATION_STYLE_ASSIGNMENT( ( #693 ) );
#287 = ADVANCED_FACE( '', ( #694 ), #695, .F. );
#288 = PRESENTATION_STYLE_ASSIGNMENT( ( #696 ) );
#289 = ADVANCED_FACE( '', ( #697, #698 ), #699, .T. );
#290 = PRESENTATION_STYLE_ASSIGNMENT( ( #700 ) );
#291 = ADVANCED_FACE( '', ( #701 ), #702, .T. );
#292 = PRESENTATION_STYLE_ASSIGNMENT( ( #703 ) );
#293 = ADVANCED_FACE( '', ( #704 ), #705, .F. );
#294 = PRESENTATION_STYLE_ASSIGNMENT( ( #706 ) );
#295 = ADVANCED_FACE( '', ( #707 ), #708, .F. );
#296 = PRESENTATION_STYLE_ASSIGNMENT( ( #709 ) );
#297 = ADVANCED_FACE( '', ( #710, #711 ), #712, .T. );
#298 = PRESENTATION_STYLE_ASSIGNMENT( ( #713 ) );
#299 = ADVANCED_FACE( '', ( #714 ), #715, .F. );
#300 = PRESENTATION_STYLE_ASSIGNMENT( ( #716 ) );
#301 = ADVANCED_FACE( '', ( #717 ), #718, .T. );
#302 = PRESENTATION_STYLE_ASSIGNMENT( ( #719 ) );
#303 = ADVANCED_FACE( '', ( #720 ), #721, .T. );
#304 = PRESENTATION_STYLE_ASSIGNMENT( ( #722 ) );
#305 = ADVANCED_FACE( '', ( #723 ), #724, .F. );
#306 = PRESENTATION_STYLE_ASSIGNMENT( ( #725 ) );
#307 = ADVANCED_FACE( '', ( #726 ), #727, .T. );
#308 = PRESENTATION_STYLE_ASSIGNMENT( ( #728 ) );
#309 = ADVANCED_FACE( '', ( #729 ), #730, .T. );
#310 = PRESENTATION_STYLE_ASSIGNMENT( ( #731 ) );
#311 = ADVANCED_FACE( '', ( #732 ), #733, .F. );
#312 = PRESENTATION_STYLE_ASSIGNMENT( ( #734 ) );
#313 = ADVANCED_FACE( '', ( #735 ), #736, .T. );
#314 = PRESENTATION_STYLE_ASSIGNMENT( ( #737 ) );
#315 = ADVANCED_FACE( '', ( #738 ), #739, .T. );
#316 = PRESENTATION_STYLE_ASSIGNMENT( ( #740 ) );
#317 = ADVANCED_FACE( '', ( #741 ), #742, .T. );
#318 = PRESENTATION_STYLE_ASSIGNMENT( ( #743 ) );
#319 = ADVANCED_FACE( '', ( #744 ), #745, .T. );
#320 = PRESENTATION_STYLE_ASSIGNMENT( ( #746 ) );
#321 = ADVANCED_FACE( '', ( #747, #748 ), #749, .F. );
#322 = PRESENTATION_STYLE_ASSIGNMENT( ( #750 ) );
#323 = ADVANCED_FACE( '', ( #751 ), #752, .F. );
#324 = PRESENTATION_STYLE_ASSIGNMENT( ( #753 ) );
#325 = ADVANCED_FACE( '', ( #754 ), #755, .F. );
#326 = PRESENTATION_STYLE_ASSIGNMENT( ( #756 ) );
#327 = ADVANCED_FACE( '', ( #757 ), #758, .T. );
#328 = PRESENTATION_STYLE_ASSIGNMENT( ( #759 ) );
#329 = ADVANCED_FACE( '', ( #760 ), #761, .F. );
#330 = PRESENTATION_STYLE_ASSIGNMENT( ( #762 ) );
#331 = ADVANCED_FACE( '', ( #763 ), #764, .T. );
#332 = PRESENTATION_STYLE_ASSIGNMENT( ( #765 ) );
#333 = ADVANCED_FACE( '', ( #766 ), #767, .F. );
#334 = PRESENTATION_STYLE_ASSIGNMENT( ( #768 ) );
#335 = ADVANCED_FACE( '', ( #769 ), #770, .F. );
#336 = PRESENTATION_STYLE_ASSIGNMENT( ( #771 ) );
#337 = ADVANCED_FACE( '', ( #772 ), #773, .T. );
#338 = PRESENTATION_STYLE_ASSIGNMENT( ( #774 ) );
#339 = ADVANCED_FACE( '', ( #775 ), #776, .F. );
#340 = PRESENTATION_STYLE_ASSIGNMENT( ( #777 ) );
#341 = ADVANCED_FACE( '', ( #778 ), #779, .T. );
#342 = PRESENTATION_STYLE_ASSIGNMENT( ( #780 ) );
#343 = ADVANCED_FACE( '', ( #781 ), #782, .T. );
#344 = PRESENTATION_STYLE_ASSIGNMENT( ( #783 ) );
#345 = ADVANCED_FACE( '', ( #784 ), #785, .T. );
#346 = PRESENTATION_STYLE_ASSIGNMENT( ( #786 ) );
#347 = ADVANCED_FACE( '', ( #787 ), #788, .F. );
#348 = PRESENTATION_STYLE_ASSIGNMENT( ( #789 ) );
#349 = ADVANCED_FACE( '', ( #790 ), #791, .F. );
#350 = PRESENTATION_STYLE_ASSIGNMENT( ( #792 ) );
#351 = ADVANCED_FACE( '', ( #793 ), #794, .F. );
#352 = PRESENTATION_STYLE_ASSIGNMENT( ( #795 ) );
#353 = ADVANCED_FACE( '', ( #796 ), #797, .T. );
#354 = PRESENTATION_STYLE_ASSIGNMENT( ( #798 ) );
#355 = ADVANCED_FACE( '', ( #799, #800 ), #801, .T. );
#356 = PRESENTATION_STYLE_ASSIGNMENT( ( #802 ) );
#357 = ADVANCED_FACE( '', ( #803 ), #804, .T. );
#358 = PRESENTATION_STYLE_ASSIGNMENT( ( #805 ) );
#359 = ADVANCED_FACE( '', ( #806 ), #807, .T. );
#360 = PRESENTATION_STYLE_ASSIGNMENT( ( #808 ) );
#361 = ADVANCED_FACE( '', ( #809 ), #810, .T. );
#362 = PRESENTATION_STYLE_ASSIGNMENT( ( #811 ) );
#363 = ADVANCED_FACE( '', ( #812 ), #813, .T. );
#364 = PRESENTATION_STYLE_ASSIGNMENT( ( #814 ) );
#365 = ADVANCED_FACE( '', ( #815 ), #816, .T. );
#366 = PRESENTATION_STYLE_ASSIGNMENT( ( #817 ) );
#367 = ADVANCED_FACE( '', ( #818 ), #819, .F. );
#368 = PRESENTATION_STYLE_ASSIGNMENT( ( #820 ) );
#369 = ADVANCED_FACE( '', ( #821 ), #822, .F. );
#370 = PRESENTATION_STYLE_ASSIGNMENT( ( #823 ) );
#371 = ADVANCED_FACE( '', ( #824, #825 ), #826, .T. );
#372 = PRESENTATION_STYLE_ASSIGNMENT( ( #827 ) );
#373 = ADVANCED_FACE( '', ( #828 ), #829, .T. );
#374 = PRESENTATION_STYLE_ASSIGNMENT( ( #830 ) );
#375 = ADVANCED_FACE( '', ( #831 ), #832, .T. );
#376 = PRESENTATION_STYLE_ASSIGNMENT( ( #833 ) );
#377 = ADVANCED_FACE( '', ( #834, #835 ), #836, .F. );
#378 = PRESENTATION_STYLE_ASSIGNMENT( ( #837 ) );
#379 = ADVANCED_FACE( '', ( #838 ), #839, .T. );
#380 = PRESENTATION_STYLE_ASSIGNMENT( ( #840 ) );
#381 = ADVANCED_FACE( '', ( #841 ), #842, .F. );
#382 = PRESENTATION_STYLE_ASSIGNMENT( ( #843 ) );
#383 = ADVANCED_FACE( '', ( #844 ), #845, .F. );
#384 = PRESENTATION_STYLE_ASSIGNMENT( ( #846 ) );
#385 = ADVANCED_FACE( '', ( #847 ), #848, .T. );
#386 = PRESENTATION_STYLE_ASSIGNMENT( ( #849 ) );
#387 = ADVANCED_FACE( '', ( #850 ), #851, .T. );
#388 = PRESENTATION_STYLE_ASSIGNMENT( ( #852 ) );
#389 = ADVANCED_FACE( '', ( #853 ), #854, .T. );
#390 = PRESENTATION_STYLE_ASSIGNMENT( ( #855 ) );
#391 = ADVANCED_FACE( '', ( #856 ), #857, .F. );
#392 = PRESENTATION_STYLE_ASSIGNMENT( ( #858 ) );
#393 = ADVANCED_FACE( '', ( #859 ), #860, .F. );
#394 = PRESENTATION_STYLE_ASSIGNMENT( ( #861 ) );
#395 = ADVANCED_FACE( '', ( #862 ), #863, .T. );
#396 = PRESENTATION_STYLE_ASSIGNMENT( ( #864 ) );
#397 = ADVANCED_FACE( '', ( #865 ), #866, .T. );
#398 = PRESENTATION_STYLE_ASSIGNMENT( ( #867 ) );
#399 = ADVANCED_FACE( '', ( #868 ), #869, .T. );
#400 = PRESENTATION_STYLE_ASSIGNMENT( ( #870 ) );
#401 = ADVANCED_FACE( '', ( #871 ), #872, .F. );
#402 = PRESENTATION_STYLE_ASSIGNMENT( ( #873 ) );
#403 = ADVANCED_FACE( '', ( #874 ), #875, .F. );
#404 = PRESENTATION_STYLE_ASSIGNMENT( ( #876 ) );
#405 = ADVANCED_FACE( '', ( #877 ), #878, .F. );
#406 = PRESENTATION_STYLE_ASSIGNMENT( ( #879 ) );
#407 = ADVANCED_FACE( '', ( #880 ), #881, .T. );
#408 = PRESENTATION_STYLE_ASSIGNMENT( ( #882 ) );
#409 = ADVANCED_FACE( '', ( #883 ), #884, .T. );
#410 = PRESENTATION_STYLE_ASSIGNMENT( ( #885 ) );
#411 = ADVANCED_FACE( '', ( #886 ), #887, .F. );
#412 = PRESENTATION_STYLE_ASSIGNMENT( ( #888 ) );
#413 = ADVANCED_FACE( '', ( #889 ), #890, .T. );
#414 = PRESENTATION_STYLE_ASSIGNMENT( ( #891 ) );
#415 = ADVANCED_FACE( '', ( #892 ), #893, .F. );
#416 = PRESENTATION_STYLE_ASSIGNMENT( ( #894 ) );
#417 = ADVANCED_FACE( '', ( #895 ), #896, .F. );
#418 = PRESENTATION_STYLE_ASSIGNMENT( ( #897 ) );
#419 = ADVANCED_FACE( '', ( #898 ), #899, .T. );
#420 = PRESENTATION_STYLE_ASSIGNMENT( ( #900 ) );
#421 = ADVANCED_FACE( '', ( #901 ), #902, .F. );
#422 = PRESENTATION_STYLE_ASSIGNMENT( ( #903 ) );
#423 = ADVANCED_FACE( '', ( #904 ), #905, .T. );
#424 = PRESENTATION_STYLE_ASSIGNMENT( ( #906 ) );
#425 = ADVANCED_FACE( '', ( #907 ), #908, .F. );
#426 = PRESENTATION_STYLE_ASSIGNMENT( ( #909 ) );
#427 = ADVANCED_FACE( '', ( #910, #911 ), #912, .F. );
#428 = PRESENTATION_STYLE_ASSIGNMENT( ( #913 ) );
#429 = ADVANCED_FACE( '', ( #914 ), #915, .F. );
#430 = PRESENTATION_STYLE_ASSIGNMENT( ( #916 ) );
#431 = ADVANCED_FACE( '', ( #917 ), #918, .F. );
#432 = PRESENTATION_STYLE_ASSIGNMENT( ( #919 ) );
#433 = ADVANCED_FACE( '', ( #920 ), #921, .F. );
#434 = PRESENTATION_STYLE_ASSIGNMENT( ( #922 ) );
#435 = ADVANCED_FACE( '', ( #923 ), #924, .F. );
#436 = PRESENTATION_STYLE_ASSIGNMENT( ( #925 ) );
#437 = ADVANCED_FACE( '', ( #926 ), #927, .F. );
#438 = PRESENTATION_STYLE_ASSIGNMENT( ( #928 ) );
#439 = ADVANCED_FACE( '', ( #929 ), #930, .T. );
#440 = PRESENTATION_STYLE_ASSIGNMENT( ( #931 ) );
#441 = ADVANCED_FACE( '', ( #932 ), #933, .T. );
#442 = PRESENTATION_STYLE_ASSIGNMENT( ( #934 ) );
#443 = ADVANCED_FACE( '', ( #935, #936 ), #937, .T. );
#444 = PRESENTATION_STYLE_ASSIGNMENT( ( #938 ) );
#445 = ADVANCED_FACE( '', ( #939 ), #940, .T. );
#446 = PRESENTATION_STYLE_ASSIGNMENT( ( #941 ) );
#447 = ADVANCED_FACE( '', ( #942 ), #943, .F. );
#448 = PRESENTATION_STYLE_ASSIGNMENT( ( #944 ) );
#449 = ADVANCED_FACE( '', ( #945 ), #946, .F. );
#450 = PRESENTATION_STYLE_ASSIGNMENT( ( #947 ) );
#451 = ADVANCED_FACE( '', ( #948 ), #949, .T. );
#452 = PRESENTATION_STYLE_ASSIGNMENT( ( #950 ) );
#453 = ADVANCED_FACE( '', ( #951 ), #952, .T. );
#454 = PRESENTATION_STYLE_ASSIGNMENT( ( #953 ) );
#455 = ADVANCED_FACE( '', ( #954 ), #955, .F. );
#456 = PRESENTATION_STYLE_ASSIGNMENT( ( #956 ) );
#457 = ADVANCED_FACE( '', ( #957 ), #958, .F. );
#458 = PRESENTATION_STYLE_ASSIGNMENT( ( #959 ) );
#459 = ADVANCED_FACE( '', ( #960 ), #961, .F. );
#460 = PRESENTATION_STYLE_ASSIGNMENT( ( #962 ) );
#461 = ADVANCED_FACE( '', ( #963 ), #964, .T. );
#462 = PRESENTATION_STYLE_ASSIGNMENT( ( #965 ) );
#463 = ADVANCED_FACE( '', ( #966 ), #967, .T. );
#464 = PRESENTATION_STYLE_ASSIGNMENT( ( #968 ) );
#465 = ADVANCED_FACE( '', ( #969 ), #970, .T. );
#466 = PRESENTATION_STYLE_ASSIGNMENT( ( #971 ) );
#467 = ADVANCED_FACE( '', ( #972 ), #973, .T. );
#468 = PRESENTATION_STYLE_ASSIGNMENT( ( #974 ) );
#469 = ADVANCED_FACE( '', ( #975 ), #976, .F. );
#470 = PRESENTATION_STYLE_ASSIGNMENT( ( #977 ) );
#471 = ADVANCED_FACE( '', ( #978 ), #979, .T. );
#472 = PRESENTATION_STYLE_ASSIGNMENT( ( #980 ) );
#473 = ADVANCED_FACE( '', ( #981 ), #982, .T. );
#474 = PRESENTATION_STYLE_ASSIGNMENT( ( #983 ) );
#475 = ADVANCED_FACE( '', ( #984 ), #985, .T. );
#476 = PRESENTATION_STYLE_ASSIGNMENT( ( #986 ) );
#477 = ADVANCED_FACE( '', ( #987, #988 ), #989, .T. );
#478 = PRESENTATION_STYLE_ASSIGNMENT( ( #990 ) );
#479 = ADVANCED_FACE( '', ( #991 ), #992, .T. );
#480 = PRESENTATION_STYLE_ASSIGNMENT( ( #993 ) );
#481 = ADVANCED_FACE( '', ( #994 ), #995, .T. );
#482 = PRESENTATION_STYLE_ASSIGNMENT( ( #996 ) );
#483 = ADVANCED_FACE( '', ( #997 ), #998, .T. );
#484 = PRESENTATION_STYLE_ASSIGNMENT( ( #999 ) );
#485 = ADVANCED_FACE( '', ( #1000 ), #1001, .F. );
#486 = PRESENTATION_STYLE_ASSIGNMENT( ( #1002 ) );
#487 = ADVANCED_FACE( '', ( #1003 ), #1004, .T. );
#488 = PRESENTATION_STYLE_ASSIGNMENT( ( #1005 ) );
#489 = ADVANCED_FACE( '', ( #1006 ), #1007, .F. );
#490 = PRESENTATION_STYLE_ASSIGNMENT( ( #1008 ) );
#491 = ADVANCED_FACE( '', ( #1009 ), #1010, .F. );
#492 = PRESENTATION_STYLE_ASSIGNMENT( ( #1011 ) );
#493 = ADVANCED_FACE( '', ( #1012 ), #1013, .F. );
#494 = PRESENTATION_STYLE_ASSIGNMENT( ( #1014 ) );
#495 = ADVANCED_FACE( '', ( #1015 ), #1016, .F. );
#496 = PRESENTATION_STYLE_ASSIGNMENT( ( #1017 ) );
#497 = ADVANCED_FACE( '', ( #1018 ), #1019, .T. );
#498 = PRESENTATION_STYLE_ASSIGNMENT( ( #1020 ) );
#499 = ADVANCED_FACE( '', ( #1021 ), #1022, .T. );
#500 = PRESENTATION_STYLE_ASSIGNMENT( ( #1023 ) );
#501 = ADVANCED_FACE( '', ( #1024 ), #1025, .T. );
#502 = PRESENTATION_STYLE_ASSIGNMENT( ( #1026 ) );
#503 = ADVANCED_FACE( '', ( #1027 ), #1028, .T. );
#504 = PRESENTATION_STYLE_ASSIGNMENT( ( #1029 ) );
#505 = ADVANCED_FACE( '', ( #1030 ), #1031, .F. );
#506 = PRESENTATION_STYLE_ASSIGNMENT( ( #1032 ) );
#507 = ADVANCED_FACE( '', ( #1033 ), #1034, .T. );
#508 = PRESENTATION_STYLE_ASSIGNMENT( ( #1035 ) );
#509 = ADVANCED_FACE( '', ( #1036 ), #1037, .F. );
#510 = PRESENTATION_STYLE_ASSIGNMENT( ( #1038 ) );
#511 = ADVANCED_FACE( '', ( #1039 ), #1040, .T. );
#512 = PRESENTATION_STYLE_ASSIGNMENT( ( #1041 ) );
#513 = ADVANCED_FACE( '', ( #1042 ), #1043, .F. );
#514 = PRESENTATION_STYLE_ASSIGNMENT( ( #1044 ) );
#515 = ADVANCED_FACE( '', ( #1045 ), #1046, .F. );
#516 = PRESENTATION_STYLE_ASSIGNMENT( ( #1047 ) );
#517 = ADVANCED_FACE( '', ( #1048 ), #1049, .T. );
#518 = PRESENTATION_STYLE_ASSIGNMENT( ( #1050 ) );
#519 = ADVANCED_FACE( '', ( #1051 ), #1052, .T. );
#520 = PRESENTATION_STYLE_ASSIGNMENT( ( #1053 ) );
#521 = ADVANCED_FACE( '', ( #1054, #1055, #1056, #1057 ), #1058, .F. );
#522 = PRESENTATION_STYLE_ASSIGNMENT( ( #1059 ) );
#523 = ADVANCED_FACE( '', ( #1060 ), #1061, .T. );
#524 = PRESENTATION_STYLE_ASSIGNMENT( ( #1062 ) );
#525 = ADVANCED_FACE( '', ( #1063 ), #1064, .T. );
#526 = PRESENTATION_STYLE_ASSIGNMENT( ( #1065 ) );
#527 = ADVANCED_FACE( '', ( #1066 ), #1067, .F. );
#528 = PRESENTATION_STYLE_ASSIGNMENT( ( #1068 ) );
#529 = ADVANCED_FACE( '', ( #1069 ), #1070, .T. );
#530 = PRESENTATION_STYLE_ASSIGNMENT( ( #1071 ) );
#531 = ADVANCED_FACE( '', ( #1072 ), #1073, .F. );
#532 = PRESENTATION_STYLE_ASSIGNMENT( ( #1074 ) );
#533 = ADVANCED_FACE( '', ( #1075 ), #1076, .T. );
#534 = PRESENTATION_STYLE_ASSIGNMENT( ( #1077 ) );
#535 = ADVANCED_FACE( '', ( #1078 ), #1079, .T. );
#536 = PRESENTATION_STYLE_ASSIGNMENT( ( #1080 ) );
#537 = ADVANCED_FACE( '', ( #1081 ), #1082, .T. );
#538 = PRESENTATION_STYLE_ASSIGNMENT( ( #1083 ) );
#539 = ADVANCED_FACE( '', ( #1084 ), #1085, .T. );
#540 = PRESENTATION_STYLE_ASSIGNMENT( ( #1086 ) );
#541 = ADVANCED_FACE( '', ( #1087 ), #1088, .F. );
#542 = PRESENTATION_STYLE_ASSIGNMENT( ( #1089 ) );
#543 = ADVANCED_FACE( '', ( #1090 ), #1091, .T. );
#544 = PRESENTATION_STYLE_ASSIGNMENT( ( #1092 ) );
#545 = ADVANCED_FACE( '', ( #1093 ), #1094, .F. );
#546 = PRESENTATION_STYLE_ASSIGNMENT( ( #1095 ) );
#547 = ADVANCED_FACE( '', ( #1096 ), #1097, .F. );
#548 = PRESENTATION_STYLE_ASSIGNMENT( ( #1098 ) );
#549 = ADVANCED_FACE( '', ( #1099 ), #1100, .F. );
#550 = PRESENTATION_STYLE_ASSIGNMENT( ( #1101 ) );
#551 = ADVANCED_FACE( '', ( #1102 ), #1103, .T. );
#552 = PRESENTATION_STYLE_ASSIGNMENT( ( #1104 ) );
#553 = ADVANCED_FACE( '', ( #1105 ), #1106, .F. );
#554 = PRESENTATION_STYLE_ASSIGNMENT( ( #1107 ) );
#555 = ADVANCED_FACE( '', ( #1108 ), #1109, .F. );
#556 = PRESENTATION_STYLE_ASSIGNMENT( ( #1110 ) );
#557 = ADVANCED_FACE( '', ( #1111 ), #1112, .F. );
#558 = PRESENTATION_STYLE_ASSIGNMENT( ( #1113 ) );
#559 = ADVANCED_FACE( '', ( #1114 ), #1115, .F. );
#560 = PRESENTATION_STYLE_ASSIGNMENT( ( #1116 ) );
#561 = ADVANCED_FACE( '', ( #1117 ), #1118, .T. );
#562 = PRESENTATION_STYLE_ASSIGNMENT( ( #1119 ) );
#563 = ADVANCED_FACE( '', ( #1120 ), #1121, .F. );
#564 = PRESENTATION_STYLE_ASSIGNMENT( ( #1122 ) );
#565 = ADVANCED_FACE( '', ( #1123 ), #1124, .T. );
#566 = PRESENTATION_STYLE_ASSIGNMENT( ( #1125 ) );
#567 = ADVANCED_FACE( '', ( #1126 ), #1127, .T. );
#568 = PRESENTATION_STYLE_ASSIGNMENT( ( #1128 ) );
#569 = ADVANCED_FACE( '', ( #1129 ), #1130, .F. );
#570 = PRESENTATION_STYLE_ASSIGNMENT( ( #1131 ) );
#571 = ADVANCED_FACE( '', ( #1132 ), #1133, .F. );
#572 = PRESENTATION_STYLE_ASSIGNMENT( ( #1134 ) );
#573 = ADVANCED_FACE( '', ( #1135 ), #1136, .T. );
#574 = PRESENTATION_STYLE_ASSIGNMENT( ( #1137 ) );
#575 = ADVANCED_FACE( '', ( #1138 ), #1139, .T. );
#576 = PRESENTATION_STYLE_ASSIGNMENT( ( #1140 ) );
#577 = ADVANCED_FACE( '', ( #1141 ), #1142, .T. );
#578 = PRESENTATION_STYLE_ASSIGNMENT( ( #1143 ) );
#579 = ADVANCED_FACE( '', ( #1144 ), #1145, .T. );
#580 = PRESENTATION_STYLE_ASSIGNMENT( ( #1146 ) );
#581 = ADVANCED_FACE( '', ( #1147 ), #1148, .F. );
#582 = PRESENTATION_STYLE_ASSIGNMENT( ( #1149 ) );
#583 = ADVANCED_FACE( '', ( #1150 ), #1151, .F. );
#584 = PRESENTATION_STYLE_ASSIGNMENT( ( #1152 ) );
#585 = ADVANCED_FACE( '', ( #1153 ), #1154, .F. );
#586 = PRESENTATION_STYLE_ASSIGNMENT( ( #1155 ) );
#587 = ADVANCED_FACE( '', ( #1156 ), #1157, .F. );
#588 = PRESENTATION_STYLE_ASSIGNMENT( ( #1158 ) );
#589 = ADVANCED_FACE( '', ( #1159 ), #1160, .T. );
#590 = PRESENTATION_STYLE_ASSIGNMENT( ( #1161 ) );
#591 = ADVANCED_FACE( '', ( #1162 ), #1163, .F. );
#592 = PRESENTATION_STYLE_ASSIGNMENT( ( #1164 ) );
#593 = ADVANCED_FACE( '', ( #1165 ), #1166, .F. );
#594 = PRESENTATION_STYLE_ASSIGNMENT( ( #1167 ) );
#595 = ADVANCED_FACE( '', ( #1168 ), #1169, .T. );
#596 = PRESENTATION_STYLE_ASSIGNMENT( ( #1170 ) );
#597 = ADVANCED_FACE( '', ( #1171 ), #1172, .T. );
#598 = PRESENTATION_STYLE_ASSIGNMENT( ( #1173 ) );
#599 = ADVANCED_FACE( '', ( #1174 ), #1175, .T. );
#600 = PRESENTATION_STYLE_ASSIGNMENT( ( #1176 ) );
#601 = ADVANCED_FACE( '', ( #1177 ), #1178, .T. );
#602 = PRESENTATION_STYLE_ASSIGNMENT( ( #1179 ) );
#603 = ADVANCED_FACE( '', ( #1180, #1181 ), #1182, .T. );
#604 = PRESENTATION_STYLE_ASSIGNMENT( ( #1183 ) );
#605 = ADVANCED_FACE( '', ( #1184 ), #1185, .T. );
#606 = PRESENTATION_STYLE_ASSIGNMENT( ( #1186 ) );
#607 = ADVANCED_FACE( '', ( #1187, #1188 ), #1189, .T. );
#610 = LENGTH_MEASURE_WITH_UNIT( LENGTH_MEASURE( 1.00000000000000 ), #1190 );
#613 = DIMENSIONAL_EXPONENTS( 1.00000000000000, 0.000000000000000, 0.000000000000000, 0.000000000000000, 0.000000000000000, 0.000000000000000, 0.000000000000000 );
#615 = DIMENSIONAL_EXPONENTS( 0.000000000000000, 0.000000000000000, 0.000000000000000, 0.000000000000000, 0.000000000000000, 0.000000000000000, 0.000000000000000 );
#621 = PRODUCT_CONTEXT( '', #20, 'mechanical' );
#622 = PRODUCT_DEFINITION_FORMATION_WITH_SPECIFIED_SOURCE( ' ', 'NONE', #224, .NOT_KNOWN. );
#623 = CARTESIAN_POINT( '', ( 0.000000000000000, 0.000000000000000, 0.000000000000000 ) );
#624 = DIRECTION( '', ( 0.000000000000000, 0.000000000000000, 1.00000000000000 ) );
#625 = DIRECTION( '', ( 1.00000000000000, 0.000000000000000, 0.000000000000000 ) );
#626 = CARTESIAN_POINT( '', ( 3.81000000000000, -0.800000000000000, -2.57500000000000 ) );
#627 = DIRECTION( '', ( 0.000000000000000, 0.000000000000000, 1.00000000000000 ) );
#628 = DIRECTION( '', ( 1.00000000000000, 0.000000000000000, 0.000000000000000 ) );
#629 = CARTESIAN_POINT( '', ( -2.60208521396521E-015, -0.800000000000000, -2.57500000000000 ) );
#630 = DIRECTION( '', ( 0.000000000000000, 0.000000000000000, 1.00000000000000 ) );
#631 = DIRECTION( '', ( 1.00000000000000, 0.000000000000000, 0.000000000000000 ) );
#632 = CARTESIAN_POINT( '', ( -3.81000000000000, -0.800000000000000, -2.57500000000000 ) );
#633 = DIRECTION( '', ( 0.000000000000000, 0.000000000000000, 1.00000000000000 ) );
#634 = DIRECTION( '', ( 1.00000000000000, 0.000000000000000, 0.000000000000000 ) );
#635 = CARTESIAN_POINT( '', ( 0.000000000000000, 0.000000000000000, 0.000000000000000 ) );
#636 = DIRECTION( '', ( 0.000000000000000, 0.000000000000000, 1.00000000000000 ) );
#637 = DIRECTION( '', ( 1.00000000000000, 0.000000000000000, 0.000000000000000 ) );
#640 = UNCERTAINTY_MEASURE_WITH_UNIT( LENGTH_MEASURE( 0.00100000000000000 ), #642, '', '' );
#642 =  ( CONVERSION_BASED_UNIT( 'MILLIMETRE', #1193 )LENGTH_UNIT(  )NAMED_UNIT( #1196 ) );
#643 =  ( NAMED_UNIT( #1198 )PLANE_ANGLE_UNIT(  )SI_UNIT( $, .RADIAN. ) );
#644 =  ( NAMED_UNIT( #1198 )SI_UNIT( $, .STERADIAN. )SOLID_ANGLE_UNIT(  ) );
#646 = PRODUCT_DEFINITION_FORMATION_WITH_SPECIFIED_SOURCE( ' ', 'NONE', #232, .NOT_KNOWN. );
#647 = CLOSED_SHELL( '', ( #361, #379, #575, #543, #513, #593, #269, #343, #333, #505, #539, #287, #533, #323 ) );
#648 = PRODUCT_DEFINITION_FORMATION_WITH_SPECIFIED_SOURCE( ' ', 'NONE', #250, .NOT_KNOWN. );
#649 = CLOSED_SHELL( '', ( #443, #477, #603, #449, #271, #521, #595, #495, #273, #261, #297, #369, #321, #289, #371, #489, #405, #329, #585, #531, #263, #401, #541, #335, #577, #423, #567, #463, #497, #535, #357, #461, #337, #605, #409, #465, #445, #317, #565, #347, #415, #349, #559, #459, #259, #267, #339, #419, #305, #411, #285, #403, #377, #355, #607, #417, #587, #275, #425, #431, #325, #469, #393, #491, #597, #573, #601, #467, #537, #387, #331, #471, #589, #551, #579, #473, #523, #407, #397, #295, #561, #545, #451, #413, #517, #395, #525, #507, #365, #519, #307, #319, #277, #399, #553, #527, #429, #555, #549, #455, #433, #293, #373, #569, #493, #279, #311, #427, #351, #381, #515, #341, #299, #367, #391, #591, #447, #563, #583, #437, #345, #315, #481, #529, #303, #441, #283, #353, #375, #301, #483, #599, #265, #475, #457, #571, #485, #383, #435, #421, #547, #509, #439, #281, #499, #501, #313, #385, #327, #309, #581, #453, #557, #479, #291, #389, #363, #359, #511, #487, #503 ) );
#650 = SURFACE_STYLE_USAGE( .BOTH., #1204 );
#651 = FACE_OUTER_BOUND( '', #1205, .T. );
#652 = PLANE( '', #1206 );
#653 = SURFACE_STYLE_USAGE( .BOTH., #1207 );
#654 = FACE_OUTER_BOUND( '', #1208, .T. );
#655 = FACE_OUTER_BOUND( '', #1209, .T. );
#656 = TOROIDAL_SURFACE( '', #1210, 0.700000000000000, 0.200000000000000 );
#657 = SURFACE_STYLE_USAGE( .BOTH., #1211 );
#658 = FACE_OUTER_BOUND( '', #1212, .T. );
#659 = PLANE( '', #1213 );
#660 = SURFACE_STYLE_USAGE( .BOTH., #1214 );
#661 = FACE_OUTER_BOUND( '', #1215, .T. );
#662 = PLANE( '', #1216 );
#663 = SURFACE_STYLE_USAGE( .BOTH., #1217 );
#664 = FACE_OUTER_BOUND( '', #1218, .T. );
#665 = PLANE( '', #1219 );
#666 = SURFACE_STYLE_USAGE( .BOTH., #1220 );
#667 = FACE_OUTER_BOUND( '', #1221, .T. );
#668 = PLANE( '', #1222 );
#669 = SURFACE_STYLE_USAGE( .BOTH., #1223 );
#670 = FACE_OUTER_BOUND( '', #1224, .T. );
#671 = PLANE( '', #1225 );
#672 = SURFACE_STYLE_USAGE( .BOTH., #1226 );
#673 = FACE_OUTER_BOUND( '', #1227, .T. );
#674 = PLANE( '', #1228 );
#675 = SURFACE_STYLE_USAGE( .BOTH., #1229 );
#676 = FACE_OUTER_BOUND( '', #1230, .T. );
#677 = PLANE( '', #1231 );
#678 = SURFACE_STYLE_USAGE( .BOTH., #1232 );
#679 = FACE_OUTER_BOUND( '', #1233, .T. );
#680 = PLANE( '', #1234 );
#681 = SURFACE_STYLE_USAGE( .BOTH., #1235 );
#682 = FACE_OUTER_BOUND( '', #1236, .T. );
#683 = PLANE( '', #1237 );
#684 = SURFACE_STYLE_USAGE( .BOTH., #1238 );
#685 = FACE_OUTER_BOUND( '', #1239, .T. );
#686 = PLANE( '', #1240 );
#687 = SURFACE_STYLE_USAGE( .BOTH., #1241 );
#688 = FACE_OUTER_BOUND( '', #1242, .T. );
#689 = PLANE( '', #1243 );
#690 = SURFACE_STYLE_USAGE( .BOTH., #1244 );
#691 = FACE_OUTER_BOUND( '', #1245, .T. );
#692 = PLANE( '', #1246 );
#693 = SURFACE_STYLE_USAGE( .BOTH., #1247 );
#694 = FACE_OUTER_BOUND( '', #1248, .T. );
#695 = PLANE( '', #1249 );
#696 = SURFACE_STYLE_USAGE( .BOTH., #1250 );
#697 = FACE_OUTER_BOUND( '', #1251, .T. );
#698 = FACE_OUTER_BOUND( '', #1252, .T. );
#699 = CYLINDRICAL_SURFACE( '', #1253, 0.900000000000000 );
#700 = SURFACE_STYLE_USAGE( .BOTH., #1254 );
#701 = FACE_OUTER_BOUND( '', #1255, .T. );
#702 = PLANE( '', #1256 );
#703 = SURFACE_STYLE_USAGE( .BOTH., #1257 );
#704 = FACE_OUTER_BOUND( '', #1258, .T. );
#705 = PLANE( '', #1259 );
#706 = SURFACE_STYLE_USAGE( .BOTH., #1260 );
#707 = FACE_OUTER_BOUND( '', #1261, .T. );
#708 = PLANE( '', #1262 );
#709 = SURFACE_STYLE_USAGE( .BOTH., #1263 );
#710 = FACE_OUTER_BOUND( '', #1264, .T. );
#711 = FACE_OUTER_BOUND( '', #1265, .T. );
#712 = TOROIDAL_SURFACE( '', #1266, 0.700000000000000, 0.200000000000000 );
#713 = SURFACE_STYLE_USAGE( .BOTH., #1267 );
#714 = FACE_OUTER_BOUND( '', #1268, .T. );
#715 = PLANE( '', #1269 );
#716 = SURFACE_STYLE_USAGE( .BOTH., #1270 );
#717 = FACE_OUTER_BOUND( '', #1271, .T. );
#718 = PLANE( '', #1272 );
#719 = SURFACE_STYLE_USAGE( .BOTH., #1273 );
#720 = FACE_OUTER_BOUND( '', #1274, .T. );
#721 = PLANE( '', #1275 );
#722 = SURFACE_STYLE_USAGE( .BOTH., #1276 );
#723 = FACE_OUTER_BOUND( '', #1277, .T. );
#724 = PLANE( '', #1278 );
#725 = SURFACE_STYLE_USAGE( .BOTH., #1279 );
#726 = FACE_OUTER_BOUND( '', #1280, .T. );
#727 = PLANE( '', #1281 );
#728 = SURFACE_STYLE_USAGE( .BOTH., #1282 );
#729 = FACE_OUTER_BOUND( '', #1283, .T. );
#730 = PLANE( '', #1284 );
#731 = SURFACE_STYLE_USAGE( .BOTH., #1285 );
#732 = FACE_OUTER_BOUND( '', #1286, .T. );
#733 = PLANE( '', #1287 );
#734 = SURFACE_STYLE_USAGE( .BOTH., #1288 );
#735 = FACE_OUTER_BOUND( '', #1289, .T. );
#736 = PLANE( '', #1290 );
#737 = SURFACE_STYLE_USAGE( .BOTH., #1291 );
#738 = FACE_OUTER_BOUND( '', #1292, .T. );
#739 = PLANE( '', #1293 );
#740 = SURFACE_STYLE_USAGE( .BOTH., #1294 );
#741 = FACE_OUTER_BOUND( '', #1295, .T. );
#742 = PLANE( '', #1296 );
#743 = SURFACE_STYLE_USAGE( .BOTH., #1297 );
#744 = FACE_OUTER_BOUND( '', #1298, .T. );
#745 = PLANE( '', #1299 );
#746 = SURFACE_STYLE_USAGE( .BOTH., #1300 );
#747 = FACE_BOUND( '', #1301, .T. );
#748 = FACE_OUTER_BOUND( '', #1302, .T. );
#749 = PLANE( '', #1303 );
#750 = SURFACE_STYLE_USAGE( .BOTH., #1304 );
#751 = FACE_OUTER_BOUND( '', #1305, .T. );
#752 = PLANE( '', #1306 );
#753 = SURFACE_STYLE_USAGE( .BOTH., #1307 );
#754 = FACE_OUTER_BOUND( '', #1308, .T. );
#755 = PLANE( '', #1309 );
#756 = SURFACE_STYLE_USAGE( .BOTH., #1310 );
#757 = FACE_OUTER_BOUND( '', #1311, .T. );
#758 = PLANE( '', #1312 );
#759 = SURFACE_STYLE_USAGE( .BOTH., #1313 );
#760 = FACE_OUTER_BOUND( '', #1314, .T. );
#761 = PLANE( '', #1315 );
#762 = SURFACE_STYLE_USAGE( .BOTH., #1316 );
#763 = FACE_OUTER_BOUND( '', #1317, .T. );
#764 = CYLINDRICAL_SURFACE( '', #1318, 3.70000000000000 );
#765 = SURFACE_STYLE_USAGE( .BOTH., #1319 );
#766 = FACE_OUTER_BOUND( '', #1320, .T. );
#767 = PLANE( '', #1321 );
#768 = SURFACE_STYLE_USAGE( .BOTH., #1322 );
#769 = FACE_OUTER_BOUND( '', #1323, .T. );
#770 = PLANE( '', #1324 );
#771 = SURFACE_STYLE_USAGE( .BOTH., #1325 );
#772 = FACE_OUTER_BOUND( '', #1326, .T. );
#773 = PLANE( '', #1327 );
#774 = SURFACE_STYLE_USAGE( .BOTH., #1328 );
#775 = FACE_OUTER_BOUND( '', #1329, .T. );
#776 = PLANE( '', #1330 );
#777 = SURFACE_STYLE_USAGE( .BOTH., #1331 );
#778 = FACE_OUTER_BOUND( '', #1332, .T. );
#779 = PLANE( '', #1333 );
#780 = SURFACE_STYLE_USAGE( .BOTH., #1334 );
#781 = FACE_OUTER_BOUND( '', #1335, .T. );
#782 = PLANE( '', #1336 );
#783 = SURFACE_STYLE_USAGE( .BOTH., #1337 );
#784 = FACE_OUTER_BOUND( '', #1338, .T. );
#785 = PLANE( '', #1339 );
#786 = SURFACE_STYLE_USAGE( .BOTH., #1340 );
#787 = FACE_OUTER_BOUND( '', #1341, .T. );
#788 = PLANE( '', #1342 );
#789 = SURFACE_STYLE_USAGE( .BOTH., #1343 );
#790 = FACE_OUTER_BOUND( '', #1344, .T. );
#791 = PLANE( '', #1345 );
#792 = SURFACE_STYLE_USAGE( .BOTH., #1346 );
#793 = FACE_OUTER_BOUND( '', #1347, .T. );
#794 = PLANE( '', #1348 );
#795 = SURFACE_STYLE_USAGE( .BOTH., #1349 );
#796 = FACE_OUTER_BOUND( '', #1350, .T. );
#797 = CYLINDRICAL_SURFACE( '', #1351, 3.70000000000000 );
#798 = SURFACE_STYLE_USAGE( .BOTH., #1352 );
#799 = FACE_OUTER_BOUND( '', #1353, .T. );
#800 = FACE_OUTER_BOUND( '', #1354, .T. );
#801 = CYLINDRICAL_SURFACE( '', #1355, 0.900000000000000 );
#802 = SURFACE_STYLE_USAGE( .BOTH., #1356 );
#803 = FACE_OUTER_BOUND( '', #1357, .T. );
#804 = CYLINDRICAL_SURFACE( '', #1358, 3.70000000000000 );
#805 = SURFACE_STYLE_USAGE( .BOTH., #1359 );
#806 = FACE_OUTER_BOUND( '', #1360, .T. );
#807 = PLANE( '', #1361 );
#808 = SURFACE_STYLE_USAGE( .BOTH., #1362 );
#809 = FACE_OUTER_BOUND( '', #1363, .T. );
#810 = PLANE( '', #1364 );
#811 = SURFACE_STYLE_USAGE( .BOTH., #1365 );
#812 = FACE_OUTER_BOUND( '', #1366, .T. );
#813 = PLANE( '', #1367 );
#814 = SURFACE_STYLE_USAGE( .BOTH., #1368 );
#815 = FACE_OUTER_BOUND( '', #1369, .T. );
#816 = PLANE( '', #1370 );
#817 = SURFACE_STYLE_USAGE( .BOTH., #1371 );
#818 = FACE_OUTER_BOUND( '', #1372, .T. );
#819 = PLANE( '', #1373 );
#820 = SURFACE_STYLE_USAGE( .BOTH., #1374 );
#821 = FACE_OUTER_BOUND( '', #1375, .T. );
#822 = PLANE( '', #1376 );
#823 = SURFACE_STYLE_USAGE( .BOTH., #1377 );
#824 = FACE_BOUND( '', #1378, .T. );
#825 = FACE_OUTER_BOUND( '', #1379, .T. );
#826 = PLANE( '', #1380 );
#827 = SURFACE_STYLE_USAGE( .BOTH., #1381 );
#828 = FACE_OUTER_BOUND( '', #1382, .T. );
#829 = PLANE( '', #1383 );
#830 = SURFACE_STYLE_USAGE( .BOTH., #1384 );
#831 = FACE_OUTER_BOUND( '', #1385, .T. );
#832 = PLANE( '', #1386 );
#833 = SURFACE_STYLE_USAGE( .BOTH., #1387 );
#834 = FACE_BOUND( '', #1388, .T. );
#835 = FACE_OUTER_BOUND( '', #1389, .T. );
#836 = PLANE( '', #1390 );
#837 = SURFACE_STYLE_USAGE( .BOTH., #1391 );
#838 = FACE_OUTER_BOUND( '', #1392, .T. );
#839 = PLANE( '', #1393 );
#840 = SURFACE_STYLE_USAGE( .BOTH., #1394 );
#841 = FACE_OUTER_BOUND( '', #1395, .T. );
#842 = PLANE( '', #1396 );
#843 = SURFACE_STYLE_USAGE( .BOTH., #1397 );
#844 = FACE_OUTER_BOUND( '', #1398, .T. );
#845 = PLANE( '', #1399 );
#846 = SURFACE_STYLE_USAGE( .BOTH., #1400 );
#847 = FACE_OUTER_BOUND( '', #1401, .T. );
#848 = PLANE( '', #1402 );
#849 = SURFACE_STYLE_USAGE( .BOTH., #1403 );
#850 = FACE_OUTER_BOUND( '', #1404, .T. );
#851 = PLANE( '', #1405 );
#852 = SURFACE_STYLE_USAGE( .BOTH., #1406 );
#853 = FACE_OUTER_BOUND( '', #1407, .T. );
#854 = PLANE( '', #1408 );
#855 = SURFACE_STYLE_USAGE( .BOTH., #1409 );
#856 = FACE_OUTER_BOUND( '', #1410, .T. );
#857 = PLANE( '', #1411 );
#858 = SURFACE_STYLE_USAGE( .BOTH., #1412 );
#859 = FACE_OUTER_BOUND( '', #1413, .T. );
#860 = PLANE( '', #1414 );
#861 = SURFACE_STYLE_USAGE( .BOTH., #1415 );
#862 = FACE_OUTER_BOUND( '', #1416, .T. );
#863 = PLANE( '', #1417 );
#864 = SURFACE_STYLE_USAGE( .BOTH., #1418 );
#865 = FACE_OUTER_BOUND( '', #1419, .T. );
#866 = PLANE( '', #1420 );
#867 = SURFACE_STYLE_USAGE( .BOTH., #1421 );
#868 = FACE_OUTER_BOUND( '', #1422, .T. );
#869 = PLANE( '', #1423 );
#870 = SURFACE_STYLE_USAGE( .BOTH., #1424 );
#871 = FACE_OUTER_BOUND( '', #1425, .T. );
#872 = PLANE( '', #1426 );
#873 = SURFACE_STYLE_USAGE( .BOTH., #1427 );
#874 = FACE_OUTER_BOUND( '', #1428, .T. );
#875 = PLANE( '', #1429 );
#876 = SURFACE_STYLE_USAGE( .BOTH., #1430 );
#877 = FACE_OUTER_BOUND( '', #1431, .T. );
#878 = PLANE( '', #1432 );
#879 = SURFACE_STYLE_USAGE( .BOTH., #1433 );
#880 = FACE_OUTER_BOUND( '', #1434, .T. );
#881 = PLANE( '', #1435 );
#882 = SURFACE_STYLE_USAGE( .BOTH., #1436 );
#883 = FACE_OUTER_BOUND( '', #1437, .T. );
#884 = PLANE( '', #1438 );
#885 = SURFACE_STYLE_USAGE( .BOTH., #1439 );
#886 = FACE_OUTER_BOUND( '', #1440, .T. );
#887 = PLANE( '', #1441 );
#888 = SURFACE_STYLE_USAGE( .BOTH., #1442 );
#889 = FACE_OUTER_BOUND( '', #1443, .T. );
#890 = PLANE( '', #1444 );
#891 = SURFACE_STYLE_USAGE( .BOTH., #1445 );
#892 = FACE_OUTER_BOUND( '', #1446, .T. );
#893 = PLANE( '', #1447 );
#894 = SURFACE_STYLE_USAGE( .BOTH., #1448 );
#895 = FACE_OUTER_BOUND( '', #1449, .T. );
#896 = PLANE( '', #1450 );
#897 = SURFACE_STYLE_USAGE( .BOTH., #1451 );
#898 = FACE_OUTER_BOUND( '', #1452, .T. );
#899 = PLANE( '', #1453 );
#900 = SURFACE_STYLE_USAGE( .BOTH., #1454 );
#901 = FACE_OUTER_BOUND( '', #1455, .T. );
#902 = PLANE( '', #1456 );
#903 = SURFACE_STYLE_USAGE( .BOTH., #1457 );
#904 = FACE_OUTER_BOUND( '', #1458, .T. );
#905 = PLANE( '', #1459 );
#906 = SURFACE_STYLE_USAGE( .BOTH., #1460 );
#907 = FACE_OUTER_BOUND( '', #1461, .T. );
#908 = PLANE( '', #1462 );
#909 = SURFACE_STYLE_USAGE( .BOTH., #1463 );
#910 = FACE_BOUND( '', #1464, .T. );
#911 = FACE_OUTER_BOUND( '', #1465, .T. );
#912 = PLANE( '', #1466 );
#913 = SURFACE_STYLE_USAGE( .BOTH., #1467 );
#914 = FACE_OUTER_BOUND( '', #1468, .T. );
#915 = PLANE( '', #1469 );
#916 = SURFACE_STYLE_USAGE( .BOTH., #1470 );
#917 = FACE_OUTER_BOUND( '', #1471, .T. );
#918 = PLANE( '', #1472 );
#919 = SURFACE_STYLE_USAGE( .BOTH., #1473 );
#920 = FACE_OUTER_BOUND( '', #1474, .T. );
#921 = PLANE( '', #1475 );
#922 = SURFACE_STYLE_USAGE( .BOTH., #1476 );
#923 = FACE_OUTER_BOUND( '', #1477, .T. );
#924 = PLANE( '', #1478 );
#925 = SURFACE_STYLE_USAGE( .BOTH., #1479 );
#926 = FACE_OUTER_BOUND( '', #1480, .T. );
#927 = PLANE( '', #1481 );
#928 = SURFACE_STYLE_USAGE( .BOTH., #1482 );
#929 = FACE_OUTER_BOUND( '', #1483, .T. );
#930 = PLANE( '', #1484 );
#931 = SURFACE_STYLE_USAGE( .BOTH., #1485 );
#932 = FACE_OUTER_BOUND( '', #1486, .T. );
#933 = PLANE( '', #1487 );
#934 = SURFACE_STYLE_USAGE( .BOTH., #1488 );
#935 = FACE_OUTER_BOUND( '', #1489, .T. );
#936 = FACE_OUTER_BOUND( '', #1490, .T. );
#937 = TOROIDAL_SURFACE( '', #1491, 0.700000000000000, 0.200000000000000 );
#938 = SURFACE_STYLE_USAGE( .BOTH., #1492 );
#939 = FACE_OUTER_BOUND( '', #1493, .T. );
#940 = PLANE( '', #1494 );
#941 = SURFACE_STYLE_USAGE( .BOTH., #1495 );
#942 = FACE_OUTER_BOUND( '', #1496, .T. );
#943 = PLANE( '', #1497 );
#944 = SURFACE_STYLE_USAGE( .BOTH., #1498 );
#945 = FACE_OUTER_BOUND( '', #1499, .T. );
#946 = PLANE( '', #1500 );
#947 = SURFACE_STYLE_USAGE( .BOTH., #1501 );
#948 = FACE_OUTER_BOUND( '', #1502, .T. );
#949 = PLANE( '', #1503 );
#950 = SURFACE_STYLE_USAGE( .BOTH., #1504 );
#951 = FACE_OUTER_BOUND( '', #1505, .T. );
#952 = PLANE( '', #1506 );
#953 = SURFACE_STYLE_USAGE( .BOTH., #1507 );
#954 = FACE_OUTER_BOUND( '', #1508, .T. );
#955 = PLANE( '', #1509 );
#956 = SURFACE_STYLE_USAGE( .BOTH., #1510 );
#957 = FACE_OUTER_BOUND( '', #1511, .T. );
#958 = PLANE( '', #1512 );
#959 = SURFACE_STYLE_USAGE( .BOTH., #1513 );
#960 = FACE_OUTER_BOUND( '', #1514, .T. );
#961 = PLANE( '', #1515 );
#962 = SURFACE_STYLE_USAGE( .BOTH., #1516 );
#963 = FACE_OUTER_BOUND( '', #1517, .T. );
#964 = PLANE( '', #1518 );
#965 = SURFACE_STYLE_USAGE( .BOTH., #1519 );
#966 = FACE_OUTER_BOUND( '', #1520, .T. );
#967 = PLANE( '', #1521 );
#968 = SURFACE_STYLE_USAGE( .BOTH., #1522 );
#969 = FACE_OUTER_BOUND( '', #1523, .T. );
#970 = PLANE( '', #1524 );
#971 = SURFACE_STYLE_USAGE( .BOTH., #1525 );
#972 = FACE_OUTER_BOUND( '', #1526, .T. );
#973 = PLANE( '', #1527 );
#974 = SURFACE_STYLE_USAGE( .BOTH., #1528 );
#975 = FACE_OUTER_BOUND( '', #1529, .T. );
#976 = PLANE( '', #1530 );
#977 = SURFACE_STYLE_USAGE( .BOTH., #1531 );
#978 = FACE_OUTER_BOUND( '', #1532, .T. );
#979 = PLANE( '', #1533 );
#980 = SURFACE_STYLE_USAGE( .BOTH., #1534 );
#981 = FACE_OUTER_BOUND( '', #1535, .T. );
#982 = PLANE( '', #1536 );
#983 = SURFACE_STYLE_USAGE( .BOTH., #1537 );
#984 = FACE_OUTER_BOUND( '', #1538, .T. );
#985 = PLANE( '', #1539 );
#986 = SURFACE_STYLE_USAGE( .BOTH., #1540 );
#987 = FACE_OUTER_BOUND( '', #1541, .T. );
#988 = FACE_OUTER_BOUND( '', #1542, .T. );
#989 = CYLINDRICAL_SURFACE( '', #1543, 0.900000000000000 );
#990 = SURFACE_STYLE_USAGE( .BOTH., #1544 );
#991 = FACE_OUTER_BOUND( '', #1545, .T. );
#992 = PLANE( '', #1546 );
#993 = SURFACE_STYLE_USAGE( .BOTH., #1547 );
#994 = FACE_OUTER_BOUND( '', #1548, .T. );
#995 = PLANE( '', #1549 );
#996 = SURFACE_STYLE_USAGE( .BOTH., #1550 );
#997 = FACE_OUTER_BOUND( '', #1551, .T. );
#998 = PLANE( '', #1552 );
#999 = SURFACE_STYLE_USAGE( .BOTH., #1553 );
#1000 = FACE_OUTER_BOUND( '', #1554, .T. );
#1001 = PLANE( '', #1555 );
#1002 = SURFACE_STYLE_USAGE( .BOTH., #1556 );
#1003 = FACE_OUTER_BOUND( '', #1557, .T. );
#1004 = PLANE( '', #1558 );
#1005 = SURFACE_STYLE_USAGE( .BOTH., #1559 );
#1006 = FACE_OUTER_BOUND( '', #1560, .T. );
#1007 = PLANE( '', #1561 );
#1008 = SURFACE_STYLE_USAGE( .BOTH., #1562 );
#1009 = FACE_OUTER_BOUND( '', #1563, .T. );
#1010 = PLANE( '', #1564 );
#1011 = SURFACE_STYLE_USAGE( .BOTH., #1565 );
#1012 = FACE_OUTER_BOUND( '', #1566, .T. );
#1013 = PLANE( '', #1567 );
#1014 = SURFACE_STYLE_USAGE( .BOTH., #1568 );
#1015 = FACE_OUTER_BOUND( '', #1569, .T. );
#1016 = PLANE( '', #1570 );
#1017 = SURFACE_STYLE_USAGE( .BOTH., #1571 );
#1018 = FACE_OUTER_BOUND( '', #1572, .T. );
#1019 = PLANE( '', #1573 );
#1020 = SURFACE_STYLE_USAGE( .BOTH., #1574 );
#1021 = FACE_OUTER_BOUND( '', #1575, .T. );
#1022 = PLANE( '', #1576 );
#1023 = SURFACE_STYLE_USAGE( .BOTH., #1577 );
#1024 = FACE_OUTER_BOUND( '', #1578, .T. );
#1025 = PLANE( '', #1579 );
#1026 = SURFACE_STYLE_USAGE( .BOTH., #1580 );
#1027 = FACE_OUTER_BOUND( '', #1581, .T. );
#1028 = PLANE( '', #1582 );
#1029 = SURFACE_STYLE_USAGE( .BOTH., #1583 );
#1030 = FACE_OUTER_BOUND( '', #1584, .T. );
#1031 = PLANE( '', #1585 );
#1032 = SURFACE_STYLE_USAGE( .BOTH., #1586 );
#1033 = FACE_OUTER_BOUND( '', #1587, .T. );
#1034 = PLANE( '', #1588 );
#1035 = SURFACE_STYLE_USAGE( .BOTH., #1589 );
#1036 = FACE_OUTER_BOUND( '', #1590, .T. );
#1037 = PLANE( '', #1591 );
#1038 = SURFACE_STYLE_USAGE( .BOTH., #1592 );
#1039 = FACE_OUTER_BOUND( '', #1593, .T. );
#1040 = PLANE( '', #1594 );
#1041 = SURFACE_STYLE_USAGE( .BOTH., #1595 );
#1042 = FACE_OUTER_BOUND( '', #1596, .T. );
#1043 = PLANE( '', #1597 );
#1044 = SURFACE_STYLE_USAGE( .BOTH., #1598 );
#1045 = FACE_OUTER_BOUND( '', #1599, .T. );
#1046 = PLANE( '', #1600 );
#1047 = SURFACE_STYLE_USAGE( .BOTH., #1601 );
#1048 = FACE_OUTER_BOUND( '', #1602, .T. );
#1049 = PLANE( '', #1603 );
#1050 = SURFACE_STYLE_USAGE( .BOTH., #1604 );
#1051 = FACE_OUTER_BOUND( '', #1605, .T. );
#1052 = PLANE( '', #1606 );
#1053 = SURFACE_STYLE_USAGE( .BOTH., #1607 );
#1054 = FACE_BOUND( '', #1608, .T. );
#1055 = FACE_BOUND( '', #1609, .T. );
#1056 = FACE_BOUND( '', #1610, .T. );
#1057 = FACE_OUTER_BOUND( '', #1611, .T. );
#1058 = PLANE( '', #1612 );
#1059 = SURFACE_STYLE_USAGE( .BOTH., #1613 );
#1060 = FACE_OUTER_BOUND( '', #1614, .T. );
#1061 = PLANE( '', #1615 );
#1062 = SURFACE_STYLE_USAGE( .BOTH., #1616 );
#1063 = FACE_OUTER_BOUND( '', #1617, .T. );
#1064 = PLANE( '', #1618 );
#1065 = SURFACE_STYLE_USAGE( .BOTH., #1619 );
#1066 = FACE_OUTER_BOUND( '', #1620, .T. );
#1067 = PLANE( '', #1621 );
#1068 = SURFACE_STYLE_USAGE( .BOTH., #1622 );
#1069 = FACE_OUTER_BOUND( '', #1623, .T. );
#1070 = PLANE( '', #1624 );
#1071 = SURFACE_STYLE_USAGE( .BOTH., #1625 );
#1072 = FACE_OUTER_BOUND( '', #1626, .T. );
#1073 = PLANE( '', #1627 );
#1074 = SURFACE_STYLE_USAGE( .BOTH., #1628 );
#1075 = FACE_OUTER_BOUND( '', #1629, .T. );
#1076 = PLANE( '', #1630 );
#1077 = SURFACE_STYLE_USAGE( .BOTH., #1631 );
#1078 = FACE_OUTER_BOUND( '', #1632, .T. );
#1079 = PLANE( '', #1633 );
#1080 = SURFACE_STYLE_USAGE( .BOTH., #1634 );
#1081 = FACE_OUTER_BOUND( '', #1635, .T. );
#1082 = PLANE( '', #1636 );
#1083 = SURFACE_STYLE_USAGE( .BOTH., #1637 );
#1084 = FACE_OUTER_BOUND( '', #1638, .T. );
#1085 = PLANE( '', #1639 );
#1086 = SURFACE_STYLE_USAGE( .BOTH., #1640 );
#1087 = FACE_OUTER_BOUND( '', #1641, .T. );
#1088 = PLANE( '', #1642 );
#1089 = SURFACE_STYLE_USAGE( .BOTH., #1643 );
#1090 = FACE_OUTER_BOUND( '', #1644, .T. );
#1091 = PLANE( '', #1645 );
#1092 = SURFACE_STYLE_USAGE( .BOTH., #1646 );
#1093 = FACE_OUTER_BOUND( '', #1647, .T. );
#1094 = PLANE( '', #1648 );
#1095 = SURFACE_STYLE_USAGE( .BOTH., #1649 );
#1096 = FACE_OUTER_BOUND( '', #1650, .T. );
#1097 = PLANE( '', #1651 );
#1098 = SURFACE_STYLE_USAGE( .BOTH., #1652 );
#1099 = FACE_OUTER_BOUND( '', #1653, .T. );
#1100 = PLANE( '', #1654 );
#1101 = SURFACE_STYLE_USAGE( .BOTH., #1655 );
#1102 = FACE_OUTER_BOUND( '', #1656, .T. );
#1103 = PLANE( '', #1657 );
#1104 = SURFACE_STYLE_USAGE( .BOTH., #1658 );
#1105 = FACE_OUTER_BOUND( '', #1659, .T. );
#1106 = PLANE( '', #1660 );
#1107 = SURFACE_STYLE_USAGE( .BOTH., #1661 );
#1108 = FACE_OUTER_BOUND( '', #1662, .T. );
#1109 = PLANE( '', #1663 );
#1110 = SURFACE_STYLE_USAGE( .BOTH., #1664 );
#1111 = FACE_OUTER_BOUND( '', #1665, .T. );
#1112 = PLANE( '', #1666 );
#1113 = SURFACE_STYLE_USAGE( .BOTH., #1667 );
#1114 = FACE_OUTER_BOUND( '', #1668, .T. );
#1115 = PLANE( '', #1669 );
#1116 = SURFACE_STYLE_USAGE( .BOTH., #1670 );
#1117 = FACE_OUTER_BOUND( '', #1671, .T. );
#1118 = CYLINDRICAL_SURFACE( '', #1672, 0.200000000000000 );
#1119 = SURFACE_STYLE_USAGE( .BOTH., #1673 );
#1120 = FACE_OUTER_BOUND( '', #1674, .T. );
#1121 = PLANE( '', #1675 );
#1122 = SURFACE_STYLE_USAGE( .BOTH., #1676 );
#1123 = FACE_OUTER_BOUND( '', #1677, .T. );
#1124 = PLANE( '', #1678 );
#1125 = SURFACE_STYLE_USAGE( .BOTH., #1679 );
#1126 = FACE_OUTER_BOUND( '', #1680, .T. );
#1127 = PLANE( '', #1681 );
#1128 = SURFACE_STYLE_USAGE( .BOTH., #1682 );
#1129 = FACE_OUTER_BOUND( '', #1683, .T. );
#1130 = PLANE( '', #1684 );
#1131 = SURFACE_STYLE_USAGE( .BOTH., #1685 );
#1132 = FACE_OUTER_BOUND( '', #1686, .T. );
#1133 = PLANE( '', #1687 );
#1134 = SURFACE_STYLE_USAGE( .BOTH., #1688 );
#1135 = FACE_OUTER_BOUND( '', #1689, .T. );
#1136 = PLANE( '', #1690 );
#1137 = SURFACE_STYLE_USAGE( .BOTH., #1691 );
#1138 = FACE_OUTER_BOUND( '', #1692, .T. );
#1139 = PLANE( '', #1693 );
#1140 = SURFACE_STYLE_USAGE( .BOTH., #1694 );
#1141 = FACE_OUTER_BOUND( '', #1695, .T. );
#1142 = PLANE( '', #1696 );
#1143 = SURFACE_STYLE_USAGE( .BOTH., #1697 );
#1144 = FACE_OUTER_BOUND( '', #1698, .T. );
#1145 = PLANE( '', #1699 );
#1146 = SURFACE_STYLE_USAGE( .BOTH., #1700 );
#1147 = FACE_OUTER_BOUND( '', #1701, .T. );
#1148 = PLANE( '', #1702 );
#1149 = SURFACE_STYLE_USAGE( .BOTH., #1703 );
#1150 = FACE_OUTER_BOUND( '', #1704, .T. );
#1151 = PLANE( '', #1705 );
#1152 = SURFACE_STYLE_USAGE( .BOTH., #1706 );
#1153 = FACE_OUTER_BOUND( '', #1707, .T. );
#1154 = PLANE( '', #1708 );
#1155 = SURFACE_STYLE_USAGE( .BOTH., #1709 );
#1156 = FACE_OUTER_BOUND( '', #1710, .T. );
#1157 = PLANE( '', #1711 );
#1158 = SURFACE_STYLE_USAGE( .BOTH., #1712 );
#1159 = FACE_OUTER_BOUND( '', #1713, .T. );
#1160 = PLANE( '', #1714 );
#1161 = SURFACE_STYLE_USAGE( .BOTH., #1715 );
#1162 = FACE_OUTER_BOUND( '', #1716, .T. );
#1163 = PLANE( '', #1717 );
#1164 = SURFACE_STYLE_USAGE( .BOTH., #1718 );
#1165 = FACE_OUTER_BOUND( '', #1719, .T. );
#1166 = PLANE( '', #1720 );
#1167 = SURFACE_STYLE_USAGE( .BOTH., #1721 );
#1168 = FACE_OUTER_BOUND( '', #1722, .T. );
#1169 = PLANE( '', #1723 );
#1170 = SURFACE_STYLE_USAGE( .BOTH., #1724 );
#1171 = FACE_OUTER_BOUND( '', #1725, .T. );
#1172 = PLANE( '', #1726 );
#1173 = SURFACE_STYLE_USAGE( .BOTH., #1727 );
#1174 = FACE_OUTER_BOUND( '', #1728, .T. );
#1175 = PLANE( '', #1729 );
#1176 = SURFACE_STYLE_USAGE( .BOTH., #1730 );
#1177 = FACE_OUTER_BOUND( '', #1731, .T. );
#1178 = PLANE( '', #1732 );
#1179 = SURFACE_STYLE_USAGE( .BOTH., #1733 );
#1180 = FACE_BOUND( '', #1734, .T. );
#1181 = FACE_OUTER_BOUND( '', #1735, .T. );
#1182 = PLANE( '', #1736 );
#1183 = SURFACE_STYLE_USAGE( .BOTH., #1737 );
#1184 = FACE_OUTER_BOUND( '', #1738, .T. );
#1185 = PLANE( '', #1739 );
#1186 = SURFACE_STYLE_USAGE( .BOTH., #1740 );
#1187 = FACE_BOUND( '', #1741, .T. );
#1188 = FACE_OUTER_BOUND( '', #1742, .T. );
#1189 = PLANE( '', #1743 );
#1190 =  ( LENGTH_UNIT(  )NAMED_UNIT( #613 )SI_UNIT( .MILLI., .METRE. ) );
#1193 = LENGTH_MEASURE_WITH_UNIT( LENGTH_MEASURE( 1.00000000000000 ), #1745 );
#1196 = DIMENSIONAL_EXPONENTS( 1.00000000000000, 0.000000000000000, 0.000000000000000, 0.000000000000000, 0.000000000000000, 0.000000000000000, 0.000000000000000 );
#1198 = DIMENSIONAL_EXPONENTS( 0.000000000000000, 0.000000000000000, 0.000000000000000, 0.000000000000000, 0.000000000000000, 0.000000000000000, 0.000000000000000 );
#1204 = SURFACE_SIDE_STYLE( '', ( #1746 ) );
#1205 = EDGE_LOOP( '', ( #1747, #1748, #1749, #1750, #1751, #1752, #1753, #1754, #1755, #1756 ) );
#1206 = AXIS2_PLACEMENT_3D( '', #1757, #1758, #1759 );
#1207 = SURFACE_SIDE_STYLE( '', ( #1760 ) );
#1208 = EDGE_LOOP( '', ( #1761 ) );
#1209 = EDGE_LOOP( '', ( #1762 ) );
#1210 = AXIS2_PLACEMENT_3D( '', #1763, #1764, #1765 );
#1211 = SURFACE_SIDE_STYLE( '', ( #1766 ) );
#1212 = EDGE_LOOP( '', ( #1767, #1768, #1769, #1770 ) );
#1213 = AXIS2_PLACEMENT_3D( '', #1771, #1772, #1773 );
#1214 = SURFACE_SIDE_STYLE( '', ( #1774 ) );
#1215 = EDGE_LOOP( '', ( #1775, #1776, #1777, #1778 ) );
#1216 = AXIS2_PLACEMENT_3D( '', #1779, #1780, #1781 );
#1217 = SURFACE_SIDE_STYLE( '', ( #1782 ) );
#1218 = EDGE_LOOP( '', ( #1783, #1784, #1785, #1786, #1787, #1788, #1789, #1790 ) );
#1219 = AXIS2_PLACEMENT_3D( '', #1791, #1792, #1793 );
#1220 = SURFACE_SIDE_STYLE( '', ( #1794 ) );
#1221 = EDGE_LOOP( '', ( #1795, #1796, #1797, #1798 ) );
#1222 = AXIS2_PLACEMENT_3D( '', #1799, #1800, #1801 );
#1223 = SURFACE_SIDE_STYLE( '', ( #1802 ) );
#1224 = EDGE_LOOP( '', ( #1803, #1804, #1805, #1806 ) );
#1225 = AXIS2_PLACEMENT_3D( '', #1807, #1808, #1809 );
#1226 = SURFACE_SIDE_STYLE( '', ( #1810 ) );
#1227 = EDGE_LOOP( '', ( #1811, #1812, #1813, #1814, #1815, #1816, #1817, #1818, #1819, #1820, #1821, #1822, #1823, #1824, #1825, #1826 ) );
#1228 = AXIS2_PLACEMENT_3D( '', #1827, #1828, #1829 );
#1229 = SURFACE_SIDE_STYLE( '', ( #1830 ) );
#1230 = EDGE_LOOP( '', ( #1831, #1832, #1833, #1834 ) );
#1231 = AXIS2_PLACEMENT_3D( '', #1835, #1836, #1837 );
#1232 = SURFACE_SIDE_STYLE( '', ( #1838 ) );
#1233 = EDGE_LOOP( '', ( #1839, #1840, #1841, #1842 ) );
#1234 = AXIS2_PLACEMENT_3D( '', #1843, #1844, #1845 );
#1235 = SURFACE_SIDE_STYLE( '', ( #1846 ) );
#1236 = EDGE_LOOP( '', ( #1847, #1848, #1849, #1850 ) );
#1237 = AXIS2_PLACEMENT_3D( '', #1851, #1852, #1853 );
#1238 = SURFACE_SIDE_STYLE( '', ( #1854 ) );
#1239 = EDGE_LOOP( '', ( #1855, #1856, #1857, #1858 ) );
#1240 = AXIS2_PLACEMENT_3D( '', #1859, #1860, #1861 );
#1241 = SURFACE_SIDE_STYLE( '', ( #1862 ) );
#1242 = EDGE_LOOP( '', ( #1863, #1864, #1865, #1866 ) );
#1243 = AXIS2_PLACEMENT_3D( '', #1867, #1868, #1869 );
#1244 = SURFACE_SIDE_STYLE( '', ( #1870 ) );
#1245 = EDGE_LOOP( '', ( #1871, #1872, #1873, #1874 ) );
#1246 = AXIS2_PLACEMENT_3D( '', #1875, #1876, #1877 );
#1247 = SURFACE_SIDE_STYLE( '', ( #1878 ) );
#1248 = EDGE_LOOP( '', ( #1879, #1880, #1881, #1882 ) );
#1249 = AXIS2_PLACEMENT_3D( '', #1883, #1884, #1885 );
#1250 = SURFACE_SIDE_STYLE( '', ( #1886 ) );
#1251 = EDGE_LOOP( '', ( #1887 ) );
#1252 = EDGE_LOOP( '', ( #1888 ) );
#1253 = AXIS2_PLACEMENT_3D( '', #1889, #1890, #1891 );
#1254 = SURFACE_SIDE_STYLE( '', ( #1892 ) );
#1255 = EDGE_LOOP( '', ( #1893, #1894, #1895, #1896, #1897, #1898, #1899, #1900, #1901, #1902, #1903, #1904, #1905, #1906, #1907, #1908 ) );
#1256 = AXIS2_PLACEMENT_3D( '', #1909, #1910, #1911 );
#1257 = SURFACE_SIDE_STYLE( '', ( #1912 ) );
#1258 = EDGE_LOOP( '', ( #1913, #1914, #1915, #1916 ) );
#1259 = AXIS2_PLACEMENT_3D( '', #1917, #1918, #1919 );
#1260 = SURFACE_SIDE_STYLE( '', ( #1920 ) );
#1261 = EDGE_LOOP( '', ( #1921, #1922, #1923, #1924 ) );
#1262 = AXIS2_PLACEMENT_3D( '', #1925, #1926, #1927 );
#1263 = SURFACE_SIDE_STYLE( '', ( #1928 ) );
#1264 = EDGE_LOOP( '', ( #1929 ) );
#1265 = EDGE_LOOP( '', ( #1930 ) );
#1266 = AXIS2_PLACEMENT_3D( '', #1931, #1932, #1933 );
#1267 = SURFACE_SIDE_STYLE( '', ( #1934 ) );
#1268 = EDGE_LOOP( '', ( #1935, #1936, #1937, #1938 ) );
#1269 = AXIS2_PLACEMENT_3D( '', #1939, #1940, #1941 );
#1270 = SURFACE_SIDE_STYLE( '', ( #1942 ) );
#1271 = EDGE_LOOP( '', ( #1943, #1944, #1945, #1946, #1947, #1948, #1949, #1950, #1951, #1952, #1953, #1954 ) );
#1272 = AXIS2_PLACEMENT_3D( '', #1955, #1956, #1957 );
#1273 = SURFACE_SIDE_STYLE( '', ( #1958 ) );
#1274 = EDGE_LOOP( '', ( #1959, #1960, #1961, #1962 ) );
#1275 = AXIS2_PLACEMENT_3D( '', #1963, #1964, #1965 );
#1276 = SURFACE_SIDE_STYLE( '', ( #1966 ) );
#1277 = EDGE_LOOP( '', ( #1967, #1968, #1969, #1970, #1971, #1972 ) );
#1278 = AXIS2_PLACEMENT_3D( '', #1973, #1974, #1975 );
#1279 = SURFACE_SIDE_STYLE( '', ( #1976 ) );
#1280 = EDGE_LOOP( '', ( #1977, #1978, #1979, #1980 ) );
#1281 = AXIS2_PLACEMENT_3D( '', #1981, #1982, #1983 );
#1282 = SURFACE_SIDE_STYLE( '', ( #1984 ) );
#1283 = EDGE_LOOP( '', ( #1985, #1986, #1987, #1988 ) );
#1284 = AXIS2_PLACEMENT_3D( '', #1989, #1990, #1991 );
#1285 = SURFACE_SIDE_STYLE( '', ( #1992 ) );
#1286 = EDGE_LOOP( '', ( #1993, #1994, #1995, #1996, #1997, #1998 ) );
#1287 = AXIS2_PLACEMENT_3D( '', #1999, #2000, #2001 );
#1288 = SURFACE_SIDE_STYLE( '', ( #2002 ) );
#1289 = EDGE_LOOP( '', ( #2003, #2004, #2005, #2006 ) );
#1290 = AXIS2_PLACEMENT_3D( '', #2007, #2008, #2009 );
#1291 = SURFACE_SIDE_STYLE( '', ( #2010 ) );
#1292 = EDGE_LOOP( '', ( #2011, #2012, #2013, #2014 ) );
#1293 = AXIS2_PLACEMENT_3D( '', #2015, #2016, #2017 );
#1294 = SURFACE_SIDE_STYLE( '', ( #2018 ) );
#1295 = EDGE_LOOP( '', ( #2019, #2020, #2021, #2022 ) );
#1296 = AXIS2_PLACEMENT_3D( '', #2023, #2024, #2025 );
#1297 = SURFACE_SIDE_STYLE( '', ( #2026 ) );
#1298 = EDGE_LOOP( '', ( #2027, #2028, #2029, #2030 ) );
#1299 = AXIS2_PLACEMENT_3D( '', #2031, #2032, #2033 );
#1300 = SURFACE_SIDE_STYLE( '', ( #2034 ) );
#1301 = EDGE_LOOP( '', ( #2035, #2036, #2037, #2038 ) );
#1302 = EDGE_LOOP( '', ( #2039 ) );
#1303 = AXIS2_PLACEMENT_3D( '', #2040, #2041, #2042 );
#1304 = SURFACE_SIDE_STYLE( '', ( #2043 ) );
#1305 = EDGE_LOOP( '', ( #2044, #2045, #2046, #2047 ) );
#1306 = AXIS2_PLACEMENT_3D( '', #2048, #2049, #2050 );
#1307 = SURFACE_SIDE_STYLE( '', ( #2051 ) );
#1308 = EDGE_LOOP( '', ( #2052, #2053, #2054, #2055 ) );
#1309 = AXIS2_PLACEMENT_3D( '', #2056, #2057, #2058 );
#1310 = SURFACE_SIDE_STYLE( '', ( #2059 ) );
#1311 = EDGE_LOOP( '', ( #2060, #2061, #2062, #2063 ) );
#1312 = AXIS2_PLACEMENT_3D( '', #2064, #2065, #2066 );
#1313 = SURFACE_SIDE_STYLE( '', ( #2067 ) );
#1314 = EDGE_LOOP( '', ( #2068, #2069, #2070, #2071 ) );
#1315 = AXIS2_PLACEMENT_3D( '', #2072, #2073, #2074 );
#1316 = SURFACE_SIDE_STYLE( '', ( #2075 ) );
#1317 = EDGE_LOOP( '', ( #2076, #2077, #2078, #2079, #2080, #2081, #2082, #2083 ) );
#1318 = AXIS2_PLACEMENT_3D( '', #2084, #2085, #2086 );
#1319 = SURFACE_SIDE_STYLE( '', ( #2087 ) );
#1320 = EDGE_LOOP( '', ( #2088, #2089, #2090, #2091 ) );
#1321 = AXIS2_PLACEMENT_3D( '', #2092, #2093, #2094 );
#1322 = SURFACE_SIDE_STYLE( '', ( #2095 ) );
#1323 = EDGE_LOOP( '', ( #2096, #2097, #2098, #2099 ) );
#1324 = AXIS2_PLACEMENT_3D( '', #2100, #2101, #2102 );
#1325 = SURFACE_SIDE_STYLE( '', ( #2103 ) );
#1326 = EDGE_LOOP( '', ( #2104, #2105, #2106, #2107, #2108, #2109, #2110, #2111 ) );
#1327 = AXIS2_PLACEMENT_3D( '', #2112, #2113, #2114 );
#1328 = SURFACE_SIDE_STYLE( '', ( #2115 ) );
#1329 = EDGE_LOOP( '', ( #2116, #2117, #2118, #2119 ) );
#1330 = AXIS2_PLACEMENT_3D( '', #2120, #2121, #2122 );
#1331 = SURFACE_SIDE_STYLE( '', ( #2123 ) );
#1332 = EDGE_LOOP( '', ( #2124, #2125, #2126, #2127 ) );
#1333 = AXIS2_PLACEMENT_3D( '', #2128, #2129, #2130 );
#1334 = SURFACE_SIDE_STYLE( '', ( #2131 ) );
#1335 = EDGE_LOOP( '', ( #2132, #2133, #2134, #2135 ) );
#1336 = AXIS2_PLACEMENT_3D( '', #2136, #2137, #2138 );
#1337 = SURFACE_SIDE_STYLE( '', ( #2139 ) );
#1338 = EDGE_LOOP( '', ( #2140, #2141, #2142, #2143 ) );
#1339 = AXIS2_PLACEMENT_3D( '', #2144, #2145, #2146 );
#1340 = SURFACE_SIDE_STYLE( '', ( #2147 ) );
#1341 = EDGE_LOOP( '', ( #2148, #2149, #2150, #2151 ) );
#1342 = AXIS2_PLACEMENT_3D( '', #2152, #2153, #2154 );
#1343 = SURFACE_SIDE_STYLE( '', ( #2155 ) );
#1344 = EDGE_LOOP( '', ( #2156, #2157, #2158, #2159 ) );
#1345 = AXIS2_PLACEMENT_3D( '', #2160, #2161, #2162 );
#1346 = SURFACE_SIDE_STYLE( '', ( #2163 ) );
#1347 = EDGE_LOOP( '', ( #2164, #2165, #2166, #2167 ) );
#1348 = AXIS2_PLACEMENT_3D( '', #2168, #2169, #2170 );
#1349 = SURFACE_SIDE_STYLE( '', ( #2171 ) );
#1350 = EDGE_LOOP( '', ( #2172, #2173, #2174, #2175, #2176, #2177, #2178, #2179 ) );
#1351 = AXIS2_PLACEMENT_3D( '', #2180, #2181, #2182 );
#1352 = SURFACE_SIDE_STYLE( '', ( #2183 ) );
#1353 = EDGE_LOOP( '', ( #2184 ) );
#1354 = EDGE_LOOP( '', ( #2185 ) );
#1355 = AXIS2_PLACEMENT_3D( '', #2186, #2187, #2188 );
#1356 = SURFACE_SIDE_STYLE( '', ( #2189 ) );
#1357 = EDGE_LOOP( '', ( #2190, #2191, #2192, #2193, #2194, #2195, #2196, #2197 ) );
#1358 = AXIS2_PLACEMENT_3D( '', #2198, #2199, #2200 );
#1359 = SURFACE_SIDE_STYLE( '', ( #2201 ) );
#1360 = EDGE_LOOP( '', ( #2202, #2203, #2204, #2205, #2206 ) );
#1361 = AXIS2_PLACEMENT_3D( '', #2207, #2208, #2209 );
#1362 = SURFACE_SIDE_STYLE( '', ( #2210 ) );
#1363 = EDGE_LOOP( '', ( #2211, #2212, #2213, #2214 ) );
#1364 = AXIS2_PLACEMENT_3D( '', #2215, #2216, #2217 );
#1365 = SURFACE_SIDE_STYLE( '', ( #2218 ) );
#1366 = EDGE_LOOP( '', ( #2219, #2220, #2221, #2222, #2223, #2224, #2225, #2226, #2227, #2228, #2229, #2230, #2231, #2232, #2233, #2234 ) );
#1367 = AXIS2_PLACEMENT_3D( '', #2235, #2236, #2237 );
#1368 = SURFACE_SIDE_STYLE( '', ( #2238 ) );
#1369 = EDGE_LOOP( '', ( #2239, #2240, #2241 ) );
#1370 = AXIS2_PLACEMENT_3D( '', #2242, #2243, #2244 );
#1371 = SURFACE_SIDE_STYLE( '', ( #2245 ) );
#1372 = EDGE_LOOP( '', ( #2246, #2247, #2248, #2249, #2250, #2251, #2252, #2253 ) );
#1373 = AXIS2_PLACEMENT_3D( '', #2254, #2255, #2256 );
#1374 = SURFACE_SIDE_STYLE( '', ( #2257 ) );
#1375 = EDGE_LOOP( '', ( #2258, #2259, #2260, #2261, #2262, #2263 ) );
#1376 = AXIS2_PLACEMENT_3D( '', #2264, #2265, #2266 );
#1377 = SURFACE_SIDE_STYLE( '', ( #2267 ) );
#1378 = EDGE_LOOP( '', ( #2268 ) );
#1379 = EDGE_LOOP( '', ( #2269, #2270, #2271, #2272, #2273, #2274, #2275, #2276, #2277, #2278, #2279, #2280 ) );
#1380 = AXIS2_PLACEMENT_3D( '', #2281, #2282, #2283 );
#1381 = SURFACE_SIDE_STYLE( '', ( #2284 ) );
#1382 = EDGE_LOOP( '', ( #2285, #2286, #2287, #2288 ) );
#1383 = AXIS2_PLACEMENT_3D( '', #2289, #2290, #2291 );
#1384 = SURFACE_SIDE_STYLE( '', ( #2292 ) );
#1385 = EDGE_LOOP( '', ( #2293, #2294, #2295, #2296 ) );
#1386 = AXIS2_PLACEMENT_3D( '', #2297, #2298, #2299 );
#1387 = SURFACE_SIDE_STYLE( '', ( #2300 ) );
#1388 = EDGE_LOOP( '', ( #2301, #2302, #2303, #2304 ) );
#1389 = EDGE_LOOP( '', ( #2305 ) );
#1390 = AXIS2_PLACEMENT_3D( '', #2306, #2307, #2308 );
#1391 = SURFACE_SIDE_STYLE( '', ( #2309 ) );
#1392 = EDGE_LOOP( '', ( #2310, #2311, #2312, #2313 ) );
#1393 = AXIS2_PLACEMENT_3D( '', #2314, #2315, #2316 );
#1394 = SURFACE_SIDE_STYLE( '', ( #2317 ) );
#1395 = EDGE_LOOP( '', ( #2318, #2319, #2320, #2321, #2322, #2323 ) );
#1396 = AXIS2_PLACEMENT_3D( '', #2324, #2325, #2326 );
#1397 = SURFACE_SIDE_STYLE( '', ( #2327 ) );
#1398 = EDGE_LOOP( '', ( #2328, #2329, #2330, #2331 ) );
#1399 = AXIS2_PLACEMENT_3D( '', #2332, #2333, #2334 );
#1400 = SURFACE_SIDE_STYLE( '', ( #2335 ) );
#1401 = EDGE_LOOP( '', ( #2336, #2337, #2338, #2339 ) );
#1402 = AXIS2_PLACEMENT_3D( '', #2340, #2341, #2342 );
#1403 = SURFACE_SIDE_STYLE( '', ( #2343 ) );
#1404 = EDGE_LOOP( '', ( #2344, #2345, #2346, #2347 ) );
#1405 = AXIS2_PLACEMENT_3D( '', #2348, #2349, #2350 );
#1406 = SURFACE_SIDE_STYLE( '', ( #2351 ) );
#1407 = EDGE_LOOP( '', ( #2352, #2353, #2354, #2355, #2356 ) );
#1408 = AXIS2_PLACEMENT_3D( '', #2357, #2358, #2359 );
#1409 = SURFACE_SIDE_STYLE( '', ( #2360 ) );
#1410 = EDGE_LOOP( '', ( #2361, #2362, #2363, #2364, #2365, #2366, #2367, #2368, #2369, #2370 ) );
#1411 = AXIS2_PLACEMENT_3D( '', #2371, #2372, #2373 );
#1412 = SURFACE_SIDE_STYLE( '', ( #2374 ) );
#1413 = EDGE_LOOP( '', ( #2375, #2376, #2377, #2378 ) );
#1414 = AXIS2_PLACEMENT_3D( '', #2379, #2380, #2381 );
#1415 = SURFACE_SIDE_STYLE( '', ( #2382 ) );
#1416 = EDGE_LOOP( '', ( #2383, #2384, #2385, #2386 ) );
#1417 = AXIS2_PLACEMENT_3D( '', #2387, #2388, #2389 );
#1418 = SURFACE_SIDE_STYLE( '', ( #2390 ) );
#1419 = EDGE_LOOP( '', ( #2391, #2392, #2393, #2394 ) );
#1420 = AXIS2_PLACEMENT_3D( '', #2395, #2396, #2397 );
#1421 = SURFACE_SIDE_STYLE( '', ( #2398 ) );
#1422 = EDGE_LOOP( '', ( #2399, #2400, #2401 ) );
#1423 = AXIS2_PLACEMENT_3D( '', #2402, #2403, #2404 );
#1424 = SURFACE_SIDE_STYLE( '', ( #2405 ) );
#1425 = EDGE_LOOP( '', ( #2406, #2407, #2408, #2409 ) );
#1426 = AXIS2_PLACEMENT_3D( '', #2410, #2411, #2412 );
#1427 = SURFACE_SIDE_STYLE( '', ( #2413 ) );
#1428 = EDGE_LOOP( '', ( #2414, #2415, #2416, #2417, #2418, #2419 ) );
#1429 = AXIS2_PLACEMENT_3D( '', #2420, #2421, #2422 );
#1430 = SURFACE_SIDE_STYLE( '', ( #2423 ) );
#1431 = EDGE_LOOP( '', ( #2424, #2425, #2426, #2427 ) );
#1432 = AXIS2_PLACEMENT_3D( '', #2428, #2429, #2430 );
#1433 = SURFACE_SIDE_STYLE( '', ( #2431 ) );
#1434 = EDGE_LOOP( '', ( #2432, #2433, #2434, #2435 ) );
#1435 = AXIS2_PLACEMENT_3D( '', #2436, #2437, #2438 );
#1436 = SURFACE_SIDE_STYLE( '', ( #2439 ) );
#1437 = EDGE_LOOP( '', ( #2440, #2441, #2442, #2443 ) );
#1438 = AXIS2_PLACEMENT_3D( '', #2444, #2445, #2446 );
#1439 = SURFACE_SIDE_STYLE( '', ( #2447 ) );
#1440 = EDGE_LOOP( '', ( #2448, #2449, #2450, #2451, #2452, #2453 ) );
#1441 = AXIS2_PLACEMENT_3D( '', #2454, #2455, #2456 );
#1442 = SURFACE_SIDE_STYLE( '', ( #2457 ) );
#1443 = EDGE_LOOP( '', ( #2458, #2459, #2460, #2461, #2462, #2463, #2464, #2465 ) );
#1444 = AXIS2_PLACEMENT_3D( '', #2466, #2467, #2468 );
#1445 = SURFACE_SIDE_STYLE( '', ( #2469 ) );
#1446 = EDGE_LOOP( '', ( #2470, #2471, #2472, #2473 ) );
#1447 = AXIS2_PLACEMENT_3D( '', #2474, #2475, #2476 );
#1448 = SURFACE_SIDE_STYLE( '', ( #2477 ) );
#1449 = EDGE_LOOP( '', ( #2478, #2479, #2480, #2481 ) );
#1450 = AXIS2_PLACEMENT_3D( '', #2482, #2483, #2484 );
#1451 = SURFACE_SIDE_STYLE( '', ( #2485 ) );
#1452 = EDGE_LOOP( '', ( #2486, #2487, #2488, #2489 ) );
#1453 = AXIS2_PLACEMENT_3D( '', #2490, #2491, #2492 );
#1454 = SURFACE_SIDE_STYLE( '', ( #2493 ) );
#1455 = EDGE_LOOP( '', ( #2494, #2495, #2496, #2497 ) );
#1456 = AXIS2_PLACEMENT_3D( '', #2498, #2499, #2500 );
#1457 = SURFACE_SIDE_STYLE( '', ( #2501 ) );
#1458 = EDGE_LOOP( '', ( #2502, #2503, #2504, #2505 ) );
#1459 = AXIS2_PLACEMENT_3D( '', #2506, #2507, #2508 );
#1460 = SURFACE_SIDE_STYLE( '', ( #2509 ) );
#1461 = EDGE_LOOP( '', ( #2510, #2511, #2512, #2513 ) );
#1462 = AXIS2_PLACEMENT_3D( '', #2514, #2515, #2516 );
#1463 = SURFACE_SIDE_STYLE( '', ( #2517 ) );
#1464 = EDGE_LOOP( '', ( #2518, #2519, #2520, #2521 ) );
#1465 = EDGE_LOOP( '', ( #2522 ) );
#1466 = AXIS2_PLACEMENT_3D( '', #2523, #2524, #2525 );
#1467 = SURFACE_SIDE_STYLE( '', ( #2526 ) );
#1468 = EDGE_LOOP( '', ( #2527, #2528, #2529, #2530 ) );
#1469 = AXIS2_PLACEMENT_3D( '', #2531, #2532, #2533 );
#1470 = SURFACE_SIDE_STYLE( '', ( #2534 ) );
#1471 = EDGE_LOOP( '', ( #2535, #2536, #2537, #2538 ) );
#1472 = AXIS2_PLACEMENT_3D( '', #2539, #2540, #2541 );
#1473 = SURFACE_SIDE_STYLE( '', ( #2542 ) );
#1474 = EDGE_LOOP( '', ( #2543, #2544, #2545, #2546, #2547, #2548, #2549, #2550 ) );
#1475 = AXIS2_PLACEMENT_3D( '', #2551, #2552, #2553 );
#1476 = SURFACE_SIDE_STYLE( '', ( #2554 ) );
#1477 = EDGE_LOOP( '', ( #2555, #2556, #2557, #2558 ) );
#1478 = AXIS2_PLACEMENT_3D( '', #2559, #2560, #2561 );
#1479 = SURFACE_SIDE_STYLE( '', ( #2562 ) );
#1480 = EDGE_LOOP( '', ( #2563, #2564, #2565, #2566 ) );
#1481 = AXIS2_PLACEMENT_3D( '', #2567, #2568, #2569 );
#1482 = SURFACE_SIDE_STYLE( '', ( #2570 ) );
#1483 = EDGE_LOOP( '', ( #2571, #2572, #2573 ) );
#1484 = AXIS2_PLACEMENT_3D( '', #2574, #2575, #2576 );
#1485 = SURFACE_SIDE_STYLE( '', ( #2577 ) );
#1486 = EDGE_LOOP( '', ( #2578, #2579, #2580, #2581 ) );
#1487 = AXIS2_PLACEMENT_3D( '', #2582, #2583, #2584 );
#1488 = SURFACE_SIDE_STYLE( '', ( #2585 ) );
#1489 = EDGE_LOOP( '', ( #2586 ) );
#1490 = EDGE_LOOP( '', ( #2587 ) );
#1491 = AXIS2_PLACEMENT_3D( '', #2588, #2589, #2590 );
#1492 = SURFACE_SIDE_STYLE( '', ( #2591 ) );
#1493 = EDGE_LOOP( '', ( #2592, #2593, #2594, #2595 ) );
#1494 = AXIS2_PLACEMENT_3D( '', #2596, #2597, #2598 );
#1495 = SURFACE_SIDE_STYLE( '', ( #2599 ) );
#1496 = EDGE_LOOP( '', ( #2600, #2601, #2602, #2603, #2604, #2605 ) );
#1497 = AXIS2_PLACEMENT_3D( '', #2606, #2607, #2608 );
#1498 = SURFACE_SIDE_STYLE( '', ( #2609 ) );
#1499 = EDGE_LOOP( '', ( #2610, #2611, #2612, #2613 ) );
#1500 = AXIS2_PLACEMENT_3D( '', #2614, #2615, #2616 );
#1501 = SURFACE_SIDE_STYLE( '', ( #2617 ) );
#1502 = EDGE_LOOP( '', ( #2618, #2619, #2620, #2621, #2622, #2623, #2624, #2625, #2626, #2627, #2628, #2629, #2630, #2631 ) );
#1503 = AXIS2_PLACEMENT_3D( '', #2632, #2633, #2634 );
#1504 = SURFACE_SIDE_STYLE( '', ( #2635 ) );
#1505 = EDGE_LOOP( '', ( #2636, #2637, #2638 ) );
#1506 = AXIS2_PLACEMENT_3D( '', #2639, #2640, #2641 );
#1507 = SURFACE_SIDE_STYLE( '', ( #2642 ) );
#1508 = EDGE_LOOP( '', ( #2643, #2644, #2645, #2646, #2647, #2648, #2649, #2650, #2651, #2652 ) );
#1509 = AXIS2_PLACEMENT_3D( '', #2653, #2654, #2655 );
#1510 = SURFACE_SIDE_STYLE( '', ( #2656 ) );
#1511 = EDGE_LOOP( '', ( #2657, #2658, #2659, #2660 ) );
#1512 = AXIS2_PLACEMENT_3D( '', #2661, #2662, #2663 );
#1513 = SURFACE_SIDE_STYLE( '', ( #2664 ) );
#1514 = EDGE_LOOP( '', ( #2665, #2666, #2667, #2668, #2669, #2670 ) );
#1515 = AXIS2_PLACEMENT_3D( '', #2671, #2672, #2673 );
#1516 = SURFACE_SIDE_STYLE( '', ( #2674 ) );
#1517 = EDGE_LOOP( '', ( #2675, #2676, #2677, #2678 ) );
#1518 = AXIS2_PLACEMENT_3D( '', #2679, #2680, #2681 );
#1519 = SURFACE_SIDE_STYLE( '', ( #2682 ) );
#1520 = EDGE_LOOP( '', ( #2683, #2684, #2685, #2686 ) );
#1521 = AXIS2_PLACEMENT_3D( '', #2687, #2688, #2689 );
#1522 = SURFACE_SIDE_STYLE( '', ( #2690 ) );
#1523 = EDGE_LOOP( '', ( #2691, #2692, #2693, #2694 ) );
#1524 = AXIS2_PLACEMENT_3D( '', #2695, #2696, #2697 );
#1525 = SURFACE_SIDE_STYLE( '', ( #2698 ) );
#1526 = EDGE_LOOP( '', ( #2699, #2700, #2701, #2702 ) );
#1527 = AXIS2_PLACEMENT_3D( '', #2703, #2704, #2705 );
#1528 = SURFACE_SIDE_STYLE( '', ( #2706 ) );
#1529 = EDGE_LOOP( '', ( #2707, #2708, #2709, #2710 ) );
#1530 = AXIS2_PLACEMENT_3D( '', #2711, #2712, #2713 );
#1531 = SURFACE_SIDE_STYLE( '', ( #2714 ) );
#1532 = EDGE_LOOP( '', ( #2715, #2716, #2717, #2718 ) );
#1533 = AXIS2_PLACEMENT_3D( '', #2719, #2720, #2721 );
#1534 = SURFACE_SIDE_STYLE( '', ( #2722 ) );
#1535 = EDGE_LOOP( '', ( #2723, #2724, #2725, #2726 ) );
#1536 = AXIS2_PLACEMENT_3D( '', #2727, #2728, #2729 );
#1537 = SURFACE_SIDE_STYLE( '', ( #2730 ) );
#1538 = EDGE_LOOP( '', ( #2731, #2732, #2733, #2734, #2735 ) );
#1539 = AXIS2_PLACEMENT_3D( '', #2736, #2737, #2738 );
#1540 = SURFACE_SIDE_STYLE( '', ( #2739 ) );
#1541 = EDGE_LOOP( '', ( #2740 ) );
#1542 = EDGE_LOOP( '', ( #2741 ) );
#1543 = AXIS2_PLACEMENT_3D( '', #2742, #2743, #2744 );
#1544 = SURFACE_SIDE_STYLE( '', ( #2745 ) );
#1545 = EDGE_LOOP( '', ( #2746, #2747, #2748, #2749, #2750 ) );
#1546 = AXIS2_PLACEMENT_3D( '', #2751, #2752, #2753 );
#1547 = SURFACE_SIDE_STYLE( '', ( #2754 ) );
#1548 = EDGE_LOOP( '', ( #2755, #2756, #2757, #2758 ) );
#1549 = AXIS2_PLACEMENT_3D( '', #2759, #2760, #2761 );
#1550 = SURFACE_SIDE_STYLE( '', ( #2762 ) );
#1551 = EDGE_LOOP( '', ( #2763, #2764, #2765, #2766 ) );
#1552 = AXIS2_PLACEMENT_3D( '', #2767, #2768, #2769 );
#1553 = SURFACE_SIDE_STYLE( '', ( #2770 ) );
#1554 = EDGE_LOOP( '', ( #2771, #2772, #2773, #2774 ) );
#1555 = AXIS2_PLACEMENT_3D( '', #2775, #2776, #2777 );
#1556 = SURFACE_SIDE_STYLE( '', ( #2778 ) );
#1557 = EDGE_LOOP( '', ( #2779, #2780, #2781, #2782, #2783, #2784 ) );
#1558 = AXIS2_PLACEMENT_3D( '', #2785, #2786, #2787 );
#1559 = SURFACE_SIDE_STYLE( '', ( #2788 ) );
#1560 = EDGE_LOOP( '', ( #2789, #2790, #2791, #2792 ) );
#1561 = AXIS2_PLACEMENT_3D( '', #2793, #2794, #2795 );
#1562 = SURFACE_SIDE_STYLE( '', ( #2796 ) );
#1563 = EDGE_LOOP( '', ( #2797, #2798, #2799, #2800 ) );
#1564 = AXIS2_PLACEMENT_3D( '', #2801, #2802, #2803 );
#1565 = SURFACE_SIDE_STYLE( '', ( #2804 ) );
#1566 = EDGE_LOOP( '', ( #2805, #2806, #2807, #2808, #2809, #2810 ) );
#1567 = AXIS2_PLACEMENT_3D( '', #2811, #2812, #2813 );
#1568 = SURFACE_SIDE_STYLE( '', ( #2814 ) );
#1569 = EDGE_LOOP( '', ( #2815, #2816, #2817, #2818, #2819, #2820, #2821, #2822, #2823, #2824, #2825, #2826, #2827, #2828, #2829, #2830 ) );
#1570 = AXIS2_PLACEMENT_3D( '', #2831, #2832, #2833 );
#1571 = SURFACE_SIDE_STYLE( '', ( #2834 ) );
#1572 = EDGE_LOOP( '', ( #2835, #2836, #2837, #2838, #2839, #2840, #2841, #2842 ) );
#1573 = AXIS2_PLACEMENT_3D( '', #2843, #2844, #2845 );
#1574 = SURFACE_SIDE_STYLE( '', ( #2846 ) );
#1575 = EDGE_LOOP( '', ( #2847, #2848, #2849, #2850 ) );
#1576 = AXIS2_PLACEMENT_3D( '', #2851, #2852, #2853 );
#1577 = SURFACE_SIDE_STYLE( '', ( #2854 ) );
#1578 = EDGE_LOOP( '', ( #2855, #2856, #2857, #2858 ) );
#1579 = AXIS2_PLACEMENT_3D( '', #2859, #2860, #2861 );
#1580 = SURFACE_SIDE_STYLE( '', ( #2862 ) );
#1581 = EDGE_LOOP( '', ( #2863, #2864, #2865 ) );
#1582 = AXIS2_PLACEMENT_3D( '', #2866, #2867, #2868 );
#1583 = SURFACE_SIDE_STYLE( '', ( #2869 ) );
#1584 = EDGE_LOOP( '', ( #2870, #2871, #2872, #2873 ) );
#1585 = AXIS2_PLACEMENT_3D( '', #2874, #2875, #2876 );
#1586 = SURFACE_SIDE_STYLE( '', ( #2877 ) );
#1587 = EDGE_LOOP( '', ( #2878, #2879, #2880, #2881 ) );
#1588 = AXIS2_PLACEMENT_3D( '', #2882, #2883, #2884 );
#1589 = SURFACE_SIDE_STYLE( '', ( #2885 ) );
#1590 = EDGE_LOOP( '', ( #2886, #2887, #2888 ) );
#1591 = AXIS2_PLACEMENT_3D( '', #2889, #2890, #2891 );
#1592 = SURFACE_SIDE_STYLE( '', ( #2892 ) );
#1593 = EDGE_LOOP( '', ( #2893, #2894, #2895, #2896, #2897, #2898, #2899, #2900, #2901, #2902, #2903, #2904, #2905, #2906, #2907, #2908 ) );
#1594 = AXIS2_PLACEMENT_3D( '', #2909, #2910, #2911 );
#1595 = SURFACE_SIDE_STYLE( '', ( #2912 ) );
#1596 = EDGE_LOOP( '', ( #2913, #2914, #2915, #2916 ) );
#1597 = AXIS2_PLACEMENT_3D( '', #2917, #2918, #2919 );
#1598 = SURFACE_SIDE_STYLE( '', ( #2920 ) );
#1599 = EDGE_LOOP( '', ( #2921, #2922, #2923, #2924, #2925, #2926 ) );
#1600 = AXIS2_PLACEMENT_3D( '', #2927, #2928, #2929 );
#1601 = SURFACE_SIDE_STYLE( '', ( #2930 ) );
#1602 = EDGE_LOOP( '', ( #2931, #2932, #2933, #2934, #2935, #2936 ) );
#1603 = AXIS2_PLACEMENT_3D( '', #2937, #2938, #2939 );
#1604 = SURFACE_SIDE_STYLE( '', ( #2940 ) );
#1605 = EDGE_LOOP( '', ( #2941, #2942, #2943, #2944 ) );
#1606 = AXIS2_PLACEMENT_3D( '', #2945, #2946, #2947 );
#1607 = SURFACE_SIDE_STYLE( '', ( #2948 ) );
#1608 = EDGE_LOOP( '', ( #2949, #2950, #2951, #2952, #2953, #2954, #2955, #2956, #2957, #2958, #2959, #2960, #2961, #2962 ) );
#1609 = EDGE_LOOP( '', ( #2963, #2964, #2965, #2966, #2967, #2968, #2969, #2970, #2971, #2972, #2973, #2974, #2975, #2976, #2977, #2978, #2979, #2980 ) );
#1610 = EDGE_LOOP( '', ( #2981, #2982, #2983, #2984, #2985, #2986, #2987, #2988, #2989, #2990, #2991, #2992, #2993, #2994, #2995, #2996, #2997, #2998 ) );
#1611 = EDGE_LOOP( '', ( #2999, #3000, #3001, #3002, #3003, #3004, #3005, #3006 ) );
#1612 = AXIS2_PLACEMENT_3D( '', #3007, #3008, #3009 );
#1613 = SURFACE_SIDE_STYLE( '', ( #3010 ) );
#1614 = EDGE_LOOP( '', ( #3011, #3012, #3013, #3014 ) );
#1615 = AXIS2_PLACEMENT_3D( '', #3015, #3016, #3017 );
#1616 = SURFACE_SIDE_STYLE( '', ( #3018 ) );
#1617 = EDGE_LOOP( '', ( #3019, #3020, #3021, #3022 ) );
#1618 = AXIS2_PLACEMENT_3D( '', #3023, #3024, #3025 );
#1619 = SURFACE_SIDE_STYLE( '', ( #3026 ) );
#1620 = EDGE_LOOP( '', ( #3027, #3028, #3029, #3030 ) );
#1621 = AXIS2_PLACEMENT_3D( '', #3031, #3032, #3033 );
#1622 = SURFACE_SIDE_STYLE( '', ( #3034 ) );
#1623 = EDGE_LOOP( '', ( #3035, #3036, #3037, #3038 ) );
#1624 = AXIS2_PLACEMENT_3D( '', #3039, #3040, #3041 );
#1625 = SURFACE_SIDE_STYLE( '', ( #3042 ) );
#1626 = EDGE_LOOP( '', ( #3043, #3044, #3045, #3046 ) );
#1627 = AXIS2_PLACEMENT_3D( '', #3047, #3048, #3049 );
#1628 = SURFACE_SIDE_STYLE( '', ( #3050 ) );
#1629 = EDGE_LOOP( '', ( #3051, #3052, #3053, #3054 ) );
#1630 = AXIS2_PLACEMENT_3D( '', #3055, #3056, #3057 );
#1631 = SURFACE_SIDE_STYLE( '', ( #3058 ) );
#1632 = EDGE_LOOP( '', ( #3059, #3060, #3061, #3062 ) );
#1633 = AXIS2_PLACEMENT_3D( '', #3063, #3064, #3065 );
#1634 = SURFACE_SIDE_STYLE( '', ( #3066 ) );
#1635 = EDGE_LOOP( '', ( #3067, #3068, #3069, #3070, #3071, #3072, #3073, #3074 ) );
#1636 = AXIS2_PLACEMENT_3D( '', #3075, #3076, #3077 );
#1637 = SURFACE_SIDE_STYLE( '', ( #3078 ) );
#1638 = EDGE_LOOP( '', ( #3079, #3080, #3081, #3082 ) );
#1639 = AXIS2_PLACEMENT_3D( '', #3083, #3084, #3085 );
#1640 = SURFACE_SIDE_STYLE( '', ( #3086 ) );
#1641 = EDGE_LOOP( '', ( #3087, #3088, #3089, #3090 ) );
#1642 = AXIS2_PLACEMENT_3D( '', #3091, #3092, #3093 );
#1643 = SURFACE_SIDE_STYLE( '', ( #3094 ) );
#1644 = EDGE_LOOP( '', ( #3095, #3096, #3097, #3098 ) );
#1645 = AXIS2_PLACEMENT_3D( '', #3099, #3100, #3101 );
#1646 = SURFACE_SIDE_STYLE( '', ( #3102 ) );
#1647 = EDGE_LOOP( '', ( #3103, #3104, #3105, #3106 ) );
#1648 = AXIS2_PLACEMENT_3D( '', #3107, #3108, #3109 );
#1649 = SURFACE_SIDE_STYLE( '', ( #3110 ) );
#1650 = EDGE_LOOP( '', ( #3111, #3112, #3113, #3114 ) );
#1651 = AXIS2_PLACEMENT_3D( '', #3115, #3116, #3117 );
#1652 = SURFACE_SIDE_STYLE( '', ( #3118 ) );
#1653 = EDGE_LOOP( '', ( #3119, #3120, #3121, #3122, #3123, #3124 ) );
#1654 = AXIS2_PLACEMENT_3D( '', #3125, #3126, #3127 );
#1655 = SURFACE_SIDE_STYLE( '', ( #3128 ) );
#1656 = EDGE_LOOP( '', ( #3129, #3130, #3131, #3132 ) );
#1657 = AXIS2_PLACEMENT_3D( '', #3133, #3134, #3135 );
#1658 = SURFACE_SIDE_STYLE( '', ( #3136 ) );
#1659 = EDGE_LOOP( '', ( #3137, #3138, #3139, #3140 ) );
#1660 = AXIS2_PLACEMENT_3D( '', #3141, #3142, #3143 );
#1661 = SURFACE_SIDE_STYLE( '', ( #3144 ) );
#1662 = EDGE_LOOP( '', ( #3145, #3146, #3147, #3148, #3149, #3150 ) );
#1663 = AXIS2_PLACEMENT_3D( '', #3151, #3152, #3153 );
#1664 = SURFACE_SIDE_STYLE( '', ( #3154 ) );
#1665 = EDGE_LOOP( '', ( #3155, #3156, #3157, #3158, #3159, #3160, #3161, #3162, #3163, #3164, #3165, #3166, #3167, #3168 ) );
#1666 = AXIS2_PLACEMENT_3D( '', #3169, #3170, #3171 );
#1667 = SURFACE_SIDE_STYLE( '', ( #3172 ) );
#1668 = EDGE_LOOP( '', ( #3173, #3174, #3175, #3176, #3177, #3178 ) );
#1669 = AXIS2_PLACEMENT_3D( '', #3179, #3180, #3181 );
#1670 = SURFACE_SIDE_STYLE( '', ( #3182 ) );
#1671 = EDGE_LOOP( '', ( #3183, #3184, #3185, #3186 ) );
#1672 = AXIS2_PLACEMENT_3D( '', #3187, #3188, #3189 );
#1673 = SURFACE_SIDE_STYLE( '', ( #3190 ) );
#1674 = EDGE_LOOP( '', ( #3191, #3192, #3193, #3194 ) );
#1675 = AXIS2_PLACEMENT_3D( '', #3195, #3196, #3197 );
#1676 = SURFACE_SIDE_STYLE( '', ( #3198 ) );
#1677 = EDGE_LOOP( '', ( #3199, #3200, #3201, #3202 ) );
#1678 = AXIS2_PLACEMENT_3D( '', #3203, #3204, #3205 );
#1679 = SURFACE_SIDE_STYLE( '', ( #3206 ) );
#1680 = EDGE_LOOP( '', ( #3207, #3208, #3209, #3210 ) );
#1681 = AXIS2_PLACEMENT_3D( '', #3211, #3212, #3213 );
#1682 = SURFACE_SIDE_STYLE( '', ( #3214 ) );
#1683 = EDGE_LOOP( '', ( #3215, #3216, #3217, #3218, #3219, #3220 ) );
#1684 = AXIS2_PLACEMENT_3D( '', #3221, #3222, #3223 );
#1685 = SURFACE_SIDE_STYLE( '', ( #3224 ) );
#1686 = EDGE_LOOP( '', ( #3225, #3226, #3227, #3228 ) );
#1687 = AXIS2_PLACEMENT_3D( '', #3229, #3230, #3231 );
#1688 = SURFACE_SIDE_STYLE( '', ( #3232 ) );
#1689 = EDGE_LOOP( '', ( #3233, #3234, #3235, #3236 ) );
#1690 = AXIS2_PLACEMENT_3D( '', #3237, #3238, #3239 );
#1691 = SURFACE_SIDE_STYLE( '', ( #3240 ) );
#1692 = EDGE_LOOP( '', ( #3241, #3242, #3243, #3244 ) );
#1693 = AXIS2_PLACEMENT_3D( '', #3245, #3246, #3247 );
#1694 = SURFACE_SIDE_STYLE( '', ( #3248 ) );
#1695 = EDGE_LOOP( '', ( #3249, #3250, #3251, #3252, #3253 ) );
#1696 = AXIS2_PLACEMENT_3D( '', #3254, #3255, #3256 );
#1697 = SURFACE_SIDE_STYLE( '', ( #3257 ) );
#1698 = EDGE_LOOP( '', ( #3258, #3259, #3260, #3261 ) );
#1699 = AXIS2_PLACEMENT_3D( '', #3262, #3263, #3264 );
#1700 = SURFACE_SIDE_STYLE( '', ( #3265 ) );
#1701 = EDGE_LOOP( '', ( #3266, #3267, #3268 ) );
#1702 = AXIS2_PLACEMENT_3D( '', #3269, #3270, #3271 );
#1703 = SURFACE_SIDE_STYLE( '', ( #3272 ) );
#1704 = EDGE_LOOP( '', ( #3273, #3274, #3275, #3276 ) );
#1705 = AXIS2_PLACEMENT_3D( '', #3277, #3278, #3279 );
#1706 = SURFACE_SIDE_STYLE( '', ( #3280 ) );
#1707 = EDGE_LOOP( '', ( #3281, #3282, #3283, #3284 ) );
#1708 = AXIS2_PLACEMENT_3D( '', #3285, #3286, #3287 );
#1709 = SURFACE_SIDE_STYLE( '', ( #3288 ) );
#1710 = EDGE_LOOP( '', ( #3289, #3290, #3291, #3292 ) );
#1711 = AXIS2_PLACEMENT_3D( '', #3293, #3294, #3295 );
#1712 = SURFACE_SIDE_STYLE( '', ( #3296 ) );
#1713 = EDGE_LOOP( '', ( #3297, #3298, #3299, #3300, #3301, #3302, #3303, #3304, #3305, #3306, #3307, #3308 ) );
#1714 = AXIS2_PLACEMENT_3D( '', #3309, #3310, #3311 );
#1715 = SURFACE_SIDE_STYLE( '', ( #3312 ) );
#1716 = EDGE_LOOP( '', ( #3313, #3314, #3315, #3316, #3317, #3318 ) );
#1717 = AXIS2_PLACEMENT_3D( '', #3319, #3320, #3321 );
#1718 = SURFACE_SIDE_STYLE( '', ( #3322 ) );
#1719 = EDGE_LOOP( '', ( #3323, #3324, #3325, #3326 ) );
#1720 = AXIS2_PLACEMENT_3D( '', #3327, #3328, #3329 );
#1721 = SURFACE_SIDE_STYLE( '', ( #3330 ) );
#1722 = EDGE_LOOP( '', ( #3331, #3332, #3333 ) );
#1723 = AXIS2_PLACEMENT_3D( '', #3334, #3335, #3336 );
#1724 = SURFACE_SIDE_STYLE( '', ( #3337 ) );
#1725 = EDGE_LOOP( '', ( #3338, #3339, #3340, #3341, #3342 ) );
#1726 = AXIS2_PLACEMENT_3D( '', #3343, #3344, #3345 );
#1727 = SURFACE_SIDE_STYLE( '', ( #3346 ) );
#1728 = EDGE_LOOP( '', ( #3347, #3348, #3349, #3350 ) );
#1729 = AXIS2_PLACEMENT_3D( '', #3351, #3352, #3353 );
#1730 = SURFACE_SIDE_STYLE( '', ( #3354 ) );
#1731 = EDGE_LOOP( '', ( #3355, #3356, #3357, #3358 ) );
#1732 = AXIS2_PLACEMENT_3D( '', #3359, #3360, #3361 );
#1733 = SURFACE_SIDE_STYLE( '', ( #3362 ) );
#1734 = EDGE_LOOP( '', ( #3363 ) );
#1735 = EDGE_LOOP( '', ( #3364, #3365, #3366, #3367, #3368, #3369, #3370, #3371, #3372, #3373, #3374, #3375 ) );
#1736 = AXIS2_PLACEMENT_3D( '', #3376, #3377, #3378 );
#1737 = SURFACE_SIDE_STYLE( '', ( #3379 ) );
#1738 = EDGE_LOOP( '', ( #3380, #3381, #3382, #3383 ) );
#1739 = AXIS2_PLACEMENT_3D( '', #3384, #3385, #3386 );
#1740 = SURFACE_SIDE_STYLE( '', ( #3387 ) );
#1741 = EDGE_LOOP( '', ( #3388 ) );
#1742 = EDGE_LOOP( '', ( #3389, #3390, #3391, #3392, #3393, #3394, #3395, #3396, #3397, #3398, #3399, #3400 ) );
#1743 = AXIS2_PLACEMENT_3D( '', #3401, #3402, #3403 );
#1745 =  ( LENGTH_UNIT(  )NAMED_UNIT( #1196 )SI_UNIT( .MILLI., .METRE. ) );
#1746 = SURFACE_STYLE_FILL_AREA( #3405 );
#1747 = ORIENTED_EDGE( '', *, *, #3406, .F. );
#1748 = ORIENTED_EDGE( '', *, *, #3407, .F. );
#1749 = ORIENTED_EDGE( '', *, *, #3408, .F. );
#1750 = ORIENTED_EDGE( '', *, *, #3409, .F. );
#1751 = ORIENTED_EDGE( '', *, *, #3410, .F. );
#1752 = ORIENTED_EDGE( '', *, *, #3411, .T. );
#1753 = ORIENTED_EDGE( '', *, *, #3412, .F. );
#1754 = ORIENTED_EDGE( '', *, *, #3413, .F. );
#1755 = ORIENTED_EDGE( '', *, *, #3414, .F. );
#1756 = ORIENTED_EDGE( '', *, *, #3415, .F. );
#1757 = CARTESIAN_POINT( '', ( 5.18500000000000, -3.20000000000000, -1.55000000000000 ) );
#1758 = DIRECTION( '', ( 0.000000000000000, 1.00000000000000, 0.000000000000000 ) );
#1759 = DIRECTION( '', ( 0.000000000000000, 0.000000000000000, 1.00000000000000 ) );
#1760 = SURFACE_STYLE_FILL_AREA( #3416 );
#1761 = ORIENTED_EDGE( '', *, *, #3417, .F. );
#1762 = ORIENTED_EDGE( '', *, *, #3418, .F. );
#1763 = CARTESIAN_POINT( '', ( 3.81000000000000, -0.800000000000000, -1.25000000000000 ) );
#1764 = DIRECTION( '', ( 0.000000000000000, 0.000000000000000, -1.00000000000000 ) );
#1765 = DIRECTION( '', ( -1.00000000000000, 0.000000000000000, 0.000000000000000 ) );
#1766 = SURFACE_STYLE_FILL_AREA( #3419 );
#1767 = ORIENTED_EDGE( '', *, *, #3420, .T. );
#1768 = ORIENTED_EDGE( '', *, *, #3421, .F. );
#1769 = ORIENTED_EDGE( '', *, *, #3422, .F. );
#1770 = ORIENTED_EDGE( '', *, *, #3423, .T. );
#1771 = CARTESIAN_POINT( '', ( 1.00000000000000, 0.900000000000000, -2.60000000000000 ) );
#1772 = DIRECTION( '', ( -1.00000000000000, 0.000000000000000, 0.000000000000000 ) );
#1773 = DIRECTION( '', ( 0.000000000000000, 0.000000000000000, 1.00000000000000 ) );
#1774 = SURFACE_STYLE_FILL_AREA( #3424 );
#1775 = ORIENTED_EDGE( '', *, *, #3425, .F. );
#1776 = ORIENTED_EDGE( '', *, *, #3426, .F. );
#1777 = ORIENTED_EDGE( '', *, *, #3427, .T. );
#1778 = ORIENTED_EDGE( '', *, *, #3428, .T. );
#1779 = CARTESIAN_POINT( '', ( -4.86000000000000, 2.00000000000000, -3.40000000000000 ) );
#1780 = DIRECTION( '', ( 0.000000000000000, 1.00000000000000, 0.000000000000000 ) );
#1781 = DIRECTION( '', ( 0.000000000000000, 0.000000000000000, 1.00000000000000 ) );
#1782 = SURFACE_STYLE_FILL_AREA( #3429 );
#1783 = ORIENTED_EDGE( '', *, *, #3430, .F. );
#1784 = ORIENTED_EDGE( '', *, *, #3431, .T. );
#1785 = ORIENTED_EDGE( '', *, *, #3412, .T. );
#1786 = ORIENTED_EDGE( '', *, *, #3432, .T. );
#1787 = ORIENTED_EDGE( '', *, *, #3433, .T. );
#1788 = ORIENTED_EDGE( '', *, *, #3434, .F. );
#1789 = ORIENTED_EDGE( '', *, *, #3408, .T. );
#1790 = ORIENTED_EDGE( '', *, *, #3435, .F. );
#1791 = CARTESIAN_POINT( '', ( 5.18500000000000, -3.60000000000000, -4.20000000000000 ) );
#1792 = DIRECTION( '', ( 0.000000000000000, 0.000000000000000, 1.00000000000000 ) );
#1793 = DIRECTION( '', ( 1.00000000000000, 0.000000000000000, 0.000000000000000 ) );
#1794 = SURFACE_STYLE_FILL_AREA( #3436 );
#1795 = ORIENTED_EDGE( '', *, *, #3437, .T. );
#1796 = ORIENTED_EDGE( '', *, *, #3438, .F. );
#1797 = ORIENTED_EDGE( '', *, *, #3439, .F. );
#1798 = ORIENTED_EDGE( '', *, *, #3440, .F. );
#1799 = CARTESIAN_POINT( '', ( 0.400000000000000, -0.400000000000000, 4.72500000000000 ) );
#1800 = DIRECTION( '', ( 0.000000000000000, 0.970142500145332, -0.242535625036333 ) );
#1801 = DIRECTION( '', ( -1.00000000000000, 0.000000000000000, 0.000000000000000 ) );
#1802 = SURFACE_STYLE_FILL_AREA( #3441 );
#1803 = ORIENTED_EDGE( '', *, *, #3442, .T. );
#1804 = ORIENTED_EDGE( '', *, *, #3443, .F. );
#1805 = ORIENTED_EDGE( '', *, *, #3444, .F. );
#1806 = ORIENTED_EDGE( '', *, *, #3445, .T. );
#1807 = CARTESIAN_POINT( '', ( -5.41000000000000, -1.30000000000000, -2.60000000000000 ) );
#1808 = DIRECTION( '', ( 0.000000000000000, 1.00000000000000, 0.000000000000000 ) );
#1809 = DIRECTION( '', ( 0.000000000000000, 0.000000000000000, 1.00000000000000 ) );
#1810 = SURFACE_STYLE_FILL_AREA( #3446 );
#1811 = ORIENTED_EDGE( '', *, *, #3447, .F. );
#1812 = ORIENTED_EDGE( '', *, *, #3448, .T. );
#1813 = ORIENTED_EDGE( '', *, *, #3449, .F. );
#1814 = ORIENTED_EDGE( '', *, *, #3450, .F. );
#1815 = ORIENTED_EDGE( '', *, *, #3451, .F. );
#1816 = ORIENTED_EDGE( '', *, *, #3452, .T. );
#1817 = ORIENTED_EDGE( '', *, *, #3453, .F. );
#1818 = ORIENTED_EDGE( '', *, *, #3454, .F. );
#1819 = ORIENTED_EDGE( '', *, *, #3455, .F. );
#1820 = ORIENTED_EDGE( '', *, *, #3456, .T. );
#1821 = ORIENTED_EDGE( '', *, *, #3457, .F. );
#1822 = ORIENTED_EDGE( '', *, *, #3458, .F. );
#1823 = ORIENTED_EDGE( '', *, *, #3459, .T. );
#1824 = ORIENTED_EDGE( '', *, *, #3460, .T. );
#1825 = ORIENTED_EDGE( '', *, *, #3461, .F. );
#1826 = ORIENTED_EDGE( '', *, *, #3462, .F. );
#1827 = CARTESIAN_POINT( '', ( 6.31000000000000, -3.60000000000000, 4.60000000000000 ) );
#1828 = DIRECTION( '', ( 0.000000000000000, 1.00000000000000, 0.000000000000000 ) );
#1829 = DIRECTION( '', ( 0.000000000000000, 0.000000000000000, 1.00000000000000 ) );
#1830 = SURFACE_STYLE_FILL_AREA( #3463 );
#1831 = ORIENTED_EDGE( '', *, *, #3464, .T. );
#1832 = ORIENTED_EDGE( '', *, *, #3465, .F. );
#1833 = ORIENTED_EDGE( '', *, *, #3466, .F. );
#1834 = ORIENTED_EDGE( '', *, *, #3467, .T. );
#1835 = CARTESIAN_POINT( '', ( 2.81000000000000, -0.300000000000000, -2.60000000000000 ) );
#1836 = DIRECTION( '', ( 0.000000000000000, -1.00000000000000, 0.000000000000000 ) );
#1837 = DIRECTION( '', ( 0.000000000000000, 0.000000000000000, -1.00000000000000 ) );
#1838 = SURFACE_STYLE_FILL_AREA( #3468 );
#1839 = ORIENTED_EDGE( '', *, *, #3469, .F. );
#1840 = ORIENTED_EDGE( '', *, *, #3470, .F. );
#1841 = ORIENTED_EDGE( '', *, *, #3471, .T. );
#1842 = ORIENTED_EDGE( '', *, *, #3472, .T. );
#1843 = CARTESIAN_POINT( '', ( 7.46000000000000, -0.500000000000000, 2.45000000000000 ) );
#1844 = DIRECTION( '', ( 0.000000000000000, 0.000000000000000, 1.00000000000000 ) );
#1845 = DIRECTION( '', ( 1.00000000000000, 0.000000000000000, 0.000000000000000 ) );
#1846 = SURFACE_STYLE_FILL_AREA( #3473 );
#1847 = ORIENTED_EDGE( '', *, *, #3474, .F. );
#1848 = ORIENTED_EDGE( '', *, *, #3475, .T. );
#1849 = ORIENTED_EDGE( '', *, *, #3476, .T. );
#1850 = ORIENTED_EDGE( '', *, *, #3477, .T. );
#1851 = CARTESIAN_POINT( '', ( -4.21000000000000, -1.20000000000000, -18.2473190052363 ) );
#1852 = DIRECTION( '', ( 0.000000000000000, -1.00000000000000, 0.000000000000000 ) );
#1853 = DIRECTION( '', ( 0.000000000000000, 0.000000000000000, -1.00000000000000 ) );
#1854 = SURFACE_STYLE_FILL_AREA( #3478 );
#1855 = ORIENTED_EDGE( '', *, *, #3479, .F. );
#1856 = ORIENTED_EDGE( '', *, *, #3480, .F. );
#1857 = ORIENTED_EDGE( '', *, *, #3481, .T. );
#1858 = ORIENTED_EDGE( '', *, *, #3482, .T. );
#1859 = CARTESIAN_POINT( '', ( -7.46000000000000, 0.149999999999997, 2.45000000000000 ) );
#1860 = DIRECTION( '', ( 0.000000000000000, 0.000000000000000, 1.00000000000000 ) );
#1861 = DIRECTION( '', ( 1.00000000000000, 0.000000000000000, 0.000000000000000 ) );
#1862 = SURFACE_STYLE_FILL_AREA( #3483 );
#1863 = ORIENTED_EDGE( '', *, *, #3484, .F. );
#1864 = ORIENTED_EDGE( '', *, *, #3485, .F. );
#1865 = ORIENTED_EDGE( '', *, *, #3486, .T. );
#1866 = ORIENTED_EDGE( '', *, *, #3487, .T. );
#1867 = CARTESIAN_POINT( '', ( -2.21000000000000, -2.90000000000000, -3.40000000000000 ) );
#1868 = DIRECTION( '', ( 1.08420217248551E-015, 1.00000000000000, 0.000000000000000 ) );
#1869 = DIRECTION( '', ( -1.00000000000000, 1.08420217248551E-015, 0.000000000000000 ) );
#1870 = SURFACE_STYLE_FILL_AREA( #3488 );
#1871 = ORIENTED_EDGE( '', *, *, #3489, .F. );
#1872 = ORIENTED_EDGE( '', *, *, #3490, .T. );
#1873 = ORIENTED_EDGE( '', *, *, #3491, .T. );
#1874 = ORIENTED_EDGE( '', *, *, #3492, .T. );
#1875 = CARTESIAN_POINT( '', ( 3.41000000000000, -1.20000000000000, -18.2472207056838 ) );
#1876 = DIRECTION( '', ( 0.000000000000000, -1.00000000000000, 0.000000000000000 ) );
#1877 = DIRECTION( '', ( 0.000000000000000, 0.000000000000000, -1.00000000000000 ) );
#1878 = SURFACE_STYLE_FILL_AREA( #3493 );
#1879 = ORIENTED_EDGE( '', *, *, #3494, .F. );
#1880 = ORIENTED_EDGE( '', *, *, #3495, .F. );
#1881 = ORIENTED_EDGE( '', *, *, #3496, .F. );
#1882 = ORIENTED_EDGE( '', *, *, #3497, .F. );
#1883 = CARTESIAN_POINT( '', ( 0.400000000000000, -0.200000000000000, -5.52500000000000 ) );
#1884 = DIRECTION( '', ( 0.000000000000000, 0.970142500145332, 0.242535625036333 ) );
#1885 = DIRECTION( '', ( -1.00000000000000, 0.000000000000000, 0.000000000000000 ) );
#1886 = SURFACE_STYLE_FILL_AREA( #3498 );
#1887 = ORIENTED_EDGE( '', *, *, #3499, .T. );
#1888 = ORIENTED_EDGE( '', *, *, #3500, .T. );
#1889 = CARTESIAN_POINT( '', ( -1.73472347597680E-015, -0.800000000000000, -1.05000000000000 ) );
#1890 = DIRECTION( '', ( -0.000000000000000, -0.000000000000000, 1.00000000000000 ) );
#1891 = DIRECTION( '', ( -1.00000000000000, 0.000000000000000, 0.000000000000000 ) );
#1892 = SURFACE_STYLE_FILL_AREA( #3501 );
#1893 = ORIENTED_EDGE( '', *, *, #3502, .F. );
#1894 = ORIENTED_EDGE( '', *, *, #3503, .F. );
#1895 = ORIENTED_EDGE( '', *, *, #3504, .F. );
#1896 = ORIENTED_EDGE( '', *, *, #3505, .F. );
#1897 = ORIENTED_EDGE( '', *, *, #3506, .F. );
#1898 = ORIENTED_EDGE( '', *, *, #3507, .F. );
#1899 = ORIENTED_EDGE( '', *, *, #3508, .F. );
#1900 = ORIENTED_EDGE( '', *, *, #3509, .F. );
#1901 = ORIENTED_EDGE( '', *, *, #3510, .F. );
#1902 = ORIENTED_EDGE( '', *, *, #3511, .F. );
#1903 = ORIENTED_EDGE( '', *, *, #3512, .F. );
#1904 = ORIENTED_EDGE( '', *, *, #3513, .F. );
#1905 = ORIENTED_EDGE( '', *, *, #3514, .F. );
#1906 = ORIENTED_EDGE( '', *, *, #3464, .F. );
#1907 = ORIENTED_EDGE( '', *, *, #3515, .F. );
#1908 = ORIENTED_EDGE( '', *, *, #3516, .F. );
#1909 = CARTESIAN_POINT( '', ( 3.81000000000000, -6.40000000000000, -3.40000000000000 ) );
#1910 = DIRECTION( '', ( 0.000000000000000, 0.000000000000000, 1.00000000000000 ) );
#1911 = DIRECTION( '', ( 1.00000000000000, 0.000000000000000, 0.000000000000000 ) );
#1912 = SURFACE_STYLE_FILL_AREA( #3517 );
#1913 = ORIENTED_EDGE( '', *, *, #3518, .T. );
#1914 = ORIENTED_EDGE( '', *, *, #3519, .T. );
#1915 = ORIENTED_EDGE( '', *, *, #3447, .T. );
#1916 = ORIENTED_EDGE( '', *, *, #3520, .T. );
#1917 = CARTESIAN_POINT( '', ( -3.81000000000000, -3.40000000000000, -1.55000000000000 ) );
#1918 = DIRECTION( '', ( 0.000000000000000, 0.000000000000000, 1.00000000000000 ) );
#1919 = DIRECTION( '', ( 1.00000000000000, 0.000000000000000, 0.000000000000000 ) );
#1920 = SURFACE_STYLE_FILL_AREA( #3521 );
#1921 = ORIENTED_EDGE( '', *, *, #3522, .T. );
#1922 = ORIENTED_EDGE( '', *, *, #3523, .T. );
#1923 = ORIENTED_EDGE( '', *, *, #3524, .F. );
#1924 = ORIENTED_EDGE( '', *, *, #3525, .F. );
#1925 = CARTESIAN_POINT( '', ( -10.9719096167061, 3.40000000000000, 0.950000000000000 ) );
#1926 = DIRECTION( '', ( 0.000000000000000, -1.00000000000000, -3.90703485580362E-016 ) );
#1927 = DIRECTION( '', ( 0.000000000000000, 3.90703485580362E-016, -1.00000000000000 ) );
#1928 = SURFACE_STYLE_FILL_AREA( #3526 );
#1929 = ORIENTED_EDGE( '', *, *, #3527, .F. );
#1930 = ORIENTED_EDGE( '', *, *, #3499, .F. );
#1931 = CARTESIAN_POINT( '', ( -1.73472347597680E-015, -0.800000000000000, -1.25000000000000 ) );
#1932 = DIRECTION( '', ( 0.000000000000000, 0.000000000000000, -1.00000000000000 ) );
#1933 = DIRECTION( '', ( -1.00000000000000, 0.000000000000000, 0.000000000000000 ) );
#1934 = SURFACE_STYLE_FILL_AREA( #3528 );
#1935 = ORIENTED_EDGE( '', *, *, #3529, .T. );
#1936 = ORIENTED_EDGE( '', *, *, #3530, .T. );
#1937 = ORIENTED_EDGE( '', *, *, #3451, .T. );
#1938 = ORIENTED_EDGE( '', *, *, #3531, .T. );
#1939 = CARTESIAN_POINT( '', ( -2.60208521396521E-015, -3.40000000000000, -1.55000000000000 ) );
#1940 = DIRECTION( '', ( 0.000000000000000, 0.000000000000000, 1.00000000000000 ) );
#1941 = DIRECTION( '', ( 1.00000000000000, 0.000000000000000, 0.000000000000000 ) );
#1942 = SURFACE_STYLE_FILL_AREA( #3532 );
#1943 = ORIENTED_EDGE( '', *, *, #3533, .T. );
#1944 = ORIENTED_EDGE( '', *, *, #3534, .F. );
#1945 = ORIENTED_EDGE( '', *, *, #3535, .F. );
#1946 = ORIENTED_EDGE( '', *, *, #3536, .T. );
#1947 = ORIENTED_EDGE( '', *, *, #3445, .F. );
#1948 = ORIENTED_EDGE( '', *, *, #3537, .F. );
#1949 = ORIENTED_EDGE( '', *, *, #3538, .T. );
#1950 = ORIENTED_EDGE( '', *, *, #3539, .T. );
#1951 = ORIENTED_EDGE( '', *, *, #3540, .T. );
#1952 = ORIENTED_EDGE( '', *, *, #3541, .F. );
#1953 = ORIENTED_EDGE( '', *, *, #3542, .F. );
#1954 = ORIENTED_EDGE( '', *, *, #3543, .F. );
#1955 = CARTESIAN_POINT( '', ( -5.41000000000000, 1.40000000000000, -3.40000000000000 ) );
#1956 = DIRECTION( '', ( 1.00000000000000, 0.000000000000000, 0.000000000000000 ) );
#1957 = DIRECTION( '', ( 0.000000000000000, 0.000000000000000, -1.00000000000000 ) );
#1958 = SURFACE_STYLE_FILL_AREA( #3544 );
#1959 = ORIENTED_EDGE( '', *, *, #3545, .F. );
#1960 = ORIENTED_EDGE( '', *, *, #3546, .F. );
#1961 = ORIENTED_EDGE( '', *, *, #3547, .T. );
#1962 = ORIENTED_EDGE( '', *, *, #3548, .T. );
#1963 = CARTESIAN_POINT( '', ( -3.11000000000000, 2.00000000000000, -3.40000000000000 ) );
#1964 = DIRECTION( '', ( -1.00000000000000, 0.000000000000000, 0.000000000000000 ) );
#1965 = DIRECTION( '', ( 0.000000000000000, 0.000000000000000, 1.00000000000000 ) );
#1966 = SURFACE_STYLE_FILL_AREA( #3549 );
#1967 = ORIENTED_EDGE( '', *, *, #3550, .T. );
#1968 = ORIENTED_EDGE( '', *, *, #3551, .F. );
#1969 = ORIENTED_EDGE( '', *, *, #3552, .T. );
#1970 = ORIENTED_EDGE( '', *, *, #3430, .T. );
#1971 = ORIENTED_EDGE( '', *, *, #3553, .T. );
#1972 = ORIENTED_EDGE( '', *, *, #3554, .T. );
#1973 = CARTESIAN_POINT( '', ( 4.21000000000000, -0.400000000000000, -18.2472207056838 ) );
#1974 = DIRECTION( '', ( -1.35525271560688E-016, 1.00000000000000, 0.000000000000000 ) );
#1975 = DIRECTION( '', ( -1.00000000000000, -1.35525271560688E-016, 0.000000000000000 ) );
#1976 = SURFACE_STYLE_FILL_AREA( #3555 );
#1977 = ORIENTED_EDGE( '', *, *, #3556, .F. );
#1978 = ORIENTED_EDGE( '', *, *, #3557, .F. );
#1979 = ORIENTED_EDGE( '', *, *, #3558, .T. );
#1980 = ORIENTED_EDGE( '', *, *, #3559, .T. );
#1981 = CARTESIAN_POINT( '', ( 7.46000000000000, 0.149999999999997, 1.80000000000000 ) );
#1982 = DIRECTION( '', ( 0.000000000000000, 0.000000000000000, -1.00000000000000 ) );
#1983 = DIRECTION( '', ( -1.00000000000000, 0.000000000000000, 0.000000000000000 ) );
#1984 = SURFACE_STYLE_FILL_AREA( #3560 );
#1985 = ORIENTED_EDGE( '', *, *, #3561, .F. );
#1986 = ORIENTED_EDGE( '', *, *, #3562, .F. );
#1987 = ORIENTED_EDGE( '', *, *, #3563, .T. );
#1988 = ORIENTED_EDGE( '', *, *, #3543, .T. );
#1989 = CARTESIAN_POINT( '', ( -5.51000000000000, -0.600000000000000, 4.60000000000000 ) );
#1990 = DIRECTION( '', ( 0.999444906979154, 0.000000000000000, 0.0333148302326389 ) );
#1991 = DIRECTION( '', ( 0.0333148302326389, 0.000000000000000, -0.999444906979154 ) );
#1992 = SURFACE_STYLE_FILL_AREA( #3564 );
#1993 = ORIENTED_EDGE( '', *, *, #3476, .F. );
#1994 = ORIENTED_EDGE( '', *, *, #3565, .T. );
#1995 = ORIENTED_EDGE( '', *, *, #3566, .T. );
#1996 = ORIENTED_EDGE( '', *, *, #3567, .F. );
#1997 = ORIENTED_EDGE( '', *, *, #3568, .T. );
#1998 = ORIENTED_EDGE( '', *, *, #3569, .T. );
#1999 = CARTESIAN_POINT( '', ( -4.21000000000000, -0.400000000000000, -18.2473190052363 ) );
#2000 = DIRECTION( '', ( -1.00000000000000, 0.000000000000000, 0.000000000000000 ) );
#2001 = DIRECTION( '', ( 0.000000000000000, 0.000000000000000, 1.00000000000000 ) );
#2002 = SURFACE_STYLE_FILL_AREA( #3570 );
#2003 = ORIENTED_EDGE( '', *, *, #3571, .F. );
#2004 = ORIENTED_EDGE( '', *, *, #3572, .F. );
#2005 = ORIENTED_EDGE( '', *, *, #3573, .T. );
#2006 = ORIENTED_EDGE( '', *, *, #3574, .T. );
#2007 = CARTESIAN_POINT( '', ( -7.46000000000000, -1.75000000000000, 1.80000000000000 ) );
#2008 = DIRECTION( '', ( 0.000000000000000, 0.000000000000000, -1.00000000000000 ) );
#2009 = DIRECTION( '', ( -1.00000000000000, 0.000000000000000, 0.000000000000000 ) );
#2010 = SURFACE_STYLE_FILL_AREA( #3575 );
#2011 = ORIENTED_EDGE( '', *, *, #3576, .F. );
#2012 = ORIENTED_EDGE( '', *, *, #3577, .F. );
#2013 = ORIENTED_EDGE( '', *, *, #3578, .T. );
#2014 = ORIENTED_EDGE( '', *, *, #3579, .T. );
#2015 = CARTESIAN_POINT( '', ( -5.41000000000000, 2.90000000000000, -3.40000000000000 ) );
#2016 = DIRECTION( '', ( 0.000000000000000, -1.00000000000000, 0.000000000000000 ) );
#2017 = DIRECTION( '', ( 0.000000000000000, 0.000000000000000, -1.00000000000000 ) );
#2018 = SURFACE_STYLE_FILL_AREA( #3580 );
#2019 = ORIENTED_EDGE( '', *, *, #3581, .F. );
#2020 = ORIENTED_EDGE( '', *, *, #3582, .F. );
#2021 = ORIENTED_EDGE( '', *, *, #3583, .T. );
#2022 = ORIENTED_EDGE( '', *, *, #3584, .T. );
#2023 = CARTESIAN_POINT( '', ( -1.60000000000000, 2.90000000000000, -3.40000000000000 ) );
#2024 = DIRECTION( '', ( 0.000000000000000, -1.00000000000000, 0.000000000000000 ) );
#2025 = DIRECTION( '', ( 0.000000000000000, 0.000000000000000, -1.00000000000000 ) );
#2026 = SURFACE_STYLE_FILL_AREA( #3585 );
#2027 = ORIENTED_EDGE( '', *, *, #3586, .F. );
#2028 = ORIENTED_EDGE( '', *, *, #3472, .F. );
#2029 = ORIENTED_EDGE( '', *, *, #3587, .T. );
#2030 = ORIENTED_EDGE( '', *, *, #3557, .T. );
#2031 = CARTESIAN_POINT( '', ( 7.46000000000000, 0.149999999999997, 2.45000000000000 ) );
#2032 = DIRECTION( '', ( 0.000000000000000, 1.00000000000000, 0.000000000000000 ) );
#2033 = DIRECTION( '', ( 0.000000000000000, 0.000000000000000, 1.00000000000000 ) );
#2034 = SURFACE_STYLE_FILL_AREA( #3588 );
#2035 = ORIENTED_EDGE( '', *, *, #3589, .F. );
#2036 = ORIENTED_EDGE( '', *, *, #3590, .F. );
#2037 = ORIENTED_EDGE( '', *, *, #3591, .F. );
#2038 = ORIENTED_EDGE( '', *, *, #3592, .F. );
#2039 = ORIENTED_EDGE( '', *, *, #3527, .T. );
#2040 = CARTESIAN_POINT( '', ( -1.73472347597680E-015, -0.800000000000000, -1.05000000000000 ) );
#2041 = DIRECTION( '', ( 0.000000000000000, 0.000000000000000, -1.00000000000000 ) );
#2042 = DIRECTION( '', ( -1.00000000000000, 0.000000000000000, 0.000000000000000 ) );
#2043 = SURFACE_STYLE_FILL_AREA( #3593 );
#2044 = ORIENTED_EDGE( '', *, *, #3594, .F. );
#2045 = ORIENTED_EDGE( '', *, *, #3595, .T. );
#2046 = ORIENTED_EDGE( '', *, *, #3596, .F. );
#2047 = ORIENTED_EDGE( '', *, *, #3597, .T. );
#2048 = CARTESIAN_POINT( '', ( 0.400000000000000, 0.000000000000000, 0.000000000000000 ) );
#2049 = DIRECTION( '', ( -1.00000000000000, 0.000000000000000, 0.000000000000000 ) );
#2050 = DIRECTION( '', ( 0.000000000000000, 0.000000000000000, 1.00000000000000 ) );
#2051 = SURFACE_STYLE_FILL_AREA( #3598 );
#2052 = ORIENTED_EDGE( '', *, *, #3502, .T. );
#2053 = ORIENTED_EDGE( '', *, *, #3599, .F. );
#2054 = ORIENTED_EDGE( '', *, *, #3600, .F. );
#2055 = ORIENTED_EDGE( '', *, *, #3601, .T. );
#2056 = CARTESIAN_POINT( '', ( 4.81000000000000, 0.900000000000000, -2.60000000000000 ) );
#2057 = DIRECTION( '', ( -1.00000000000000, 0.000000000000000, 0.000000000000000 ) );
#2058 = DIRECTION( '', ( 0.000000000000000, 0.000000000000000, 1.00000000000000 ) );
#2059 = SURFACE_STYLE_FILL_AREA( #3602 );
#2060 = ORIENTED_EDGE( '', *, *, #3603, .F. );
#2061 = ORIENTED_EDGE( '', *, *, #3604, .F. );
#2062 = ORIENTED_EDGE( '', *, *, #3605, .T. );
#2063 = ORIENTED_EDGE( '', *, *, #3606, .T. );
#2064 = CARTESIAN_POINT( '', ( -6.31000000000000, -0.500000000000000, 4.60000000000000 ) );
#2065 = DIRECTION( '', ( -0.881784641934692, 0.000000000000000, 0.471652250337160 ) );
#2066 = DIRECTION( '', ( 0.471652250337160, 0.000000000000000, 0.881784641934692 ) );
#2067 = SURFACE_STYLE_FILL_AREA( #3607 );
#2068 = ORIENTED_EDGE( '', *, *, #3608, .T. );
#2069 = ORIENTED_EDGE( '', *, *, #3609, .F. );
#2070 = ORIENTED_EDGE( '', *, *, #3610, .F. );
#2071 = ORIENTED_EDGE( '', *, *, #3611, .T. );
#2072 = CARTESIAN_POINT( '', ( -1.00000000000000, -0.300000000000000, -2.60000000000000 ) );
#2073 = DIRECTION( '', ( 0.000000000000000, -1.00000000000000, 0.000000000000000 ) );
#2074 = DIRECTION( '', ( 0.000000000000000, 0.000000000000000, -1.00000000000000 ) );
#2075 = SURFACE_STYLE_FILL_AREA( #3612 );
#2076 = ORIENTED_EDGE( '', *, *, #3613, .T. );
#2077 = ORIENTED_EDGE( '', *, *, #3614, .T. );
#2078 = ORIENTED_EDGE( '', *, *, #3615, .F. );
#2079 = ORIENTED_EDGE( '', *, *, #3616, .T. );
#2080 = ORIENTED_EDGE( '', *, *, #3617, .T. );
#2081 = ORIENTED_EDGE( '', *, *, #3618, .T. );
#2082 = ORIENTED_EDGE( '', *, *, #3619, .F. );
#2083 = ORIENTED_EDGE( '', *, *, #3620, .F. );
#2084 = CARTESIAN_POINT( '', ( 3.81000000000000, -6.40000000000000, -3.40000000000000 ) );
#2085 = DIRECTION( '', ( -0.000000000000000, -0.000000000000000, -1.00000000000000 ) );
#2086 = DIRECTION( '', ( 1.00000000000000, 0.000000000000000, 0.000000000000000 ) );
#2087 = SURFACE_STYLE_FILL_AREA( #3621 );
#2088 = ORIENTED_EDGE( '', *, *, #3622, .T. );
#2089 = ORIENTED_EDGE( '', *, *, #3623, .F. );
#2090 = ORIENTED_EDGE( '', *, *, #3624, .T. );
#2091 = ORIENTED_EDGE( '', *, *, #3625, .F. );
#2092 = CARTESIAN_POINT( '', ( 0.400000000000000, 0.400000000000000, -4.72500000000000 ) );
#2093 = DIRECTION( '', ( 0.000000000000000, -0.970142500145332, 0.242535625036333 ) );
#2094 = DIRECTION( '', ( -1.00000000000000, 0.000000000000000, 0.000000000000000 ) );
#2095 = SURFACE_STYLE_FILL_AREA( #3626 );
#2096 = ORIENTED_EDGE( '', *, *, #3627, .F. );
#2097 = ORIENTED_EDGE( '', *, *, #3628, .F. );
#2098 = ORIENTED_EDGE( '', *, *, #3629, .F. );
#2099 = ORIENTED_EDGE( '', *, *, #3630, .F. );
#2100 = CARTESIAN_POINT( '', ( 1.00000000000000, -1.30000000000000, -2.60000000000000 ) );
#2101 = DIRECTION( '', ( -1.00000000000000, 1.08420217248550E-015, 0.000000000000000 ) );
#2102 = DIRECTION( '', ( -1.08420217248550E-015, -1.00000000000000, 0.000000000000000 ) );
#2103 = SURFACE_STYLE_FILL_AREA( #3631 );
#2104 = ORIENTED_EDGE( '', *, *, #3632, .F. );
#2105 = ORIENTED_EDGE( '', *, *, #3633, .T. );
#2106 = ORIENTED_EDGE( '', *, *, #3634, .T. );
#2107 = ORIENTED_EDGE( '', *, *, #3635, .T. );
#2108 = ORIENTED_EDGE( '', *, *, #3636, .F. );
#2109 = ORIENTED_EDGE( '', *, *, #3637, .F. );
#2110 = ORIENTED_EDGE( '', *, *, #3638, .T. );
#2111 = ORIENTED_EDGE( '', *, *, #3639, .F. );
#2112 = CARTESIAN_POINT( '', ( 1.60000000000000, 1.40000000000000, -3.40000000000000 ) );
#2113 = DIRECTION( '', ( -1.00000000000000, 0.000000000000000, 0.000000000000000 ) );
#2114 = DIRECTION( '', ( 0.000000000000000, 0.000000000000000, 1.00000000000000 ) );
#2115 = SURFACE_STYLE_FILL_AREA( #3640 );
#2116 = ORIENTED_EDGE( '', *, *, #3410, .T. );
#2117 = ORIENTED_EDGE( '', *, *, #3641, .T. );
#2118 = ORIENTED_EDGE( '', *, *, #3455, .T. );
#2119 = ORIENTED_EDGE( '', *, *, #3642, .T. );
#2120 = CARTESIAN_POINT( '', ( 3.81000000000000, -3.40000000000000, -1.55000000000000 ) );
#2121 = DIRECTION( '', ( 0.000000000000000, 0.000000000000000, 1.00000000000000 ) );
#2122 = DIRECTION( '', ( 1.00000000000000, 0.000000000000000, 0.000000000000000 ) );
#2123 = SURFACE_STYLE_FILL_AREA( #3643 );
#2124 = ORIENTED_EDGE( '', *, *, #3644, .F. );
#2125 = ORIENTED_EDGE( '', *, *, #3645, .F. );
#2126 = ORIENTED_EDGE( '', *, *, #3646, .F. );
#2127 = ORIENTED_EDGE( '', *, *, #3647, .F. );
#2128 = CARTESIAN_POINT( '', ( -2.60208521396521E-015, 0.600000000000000, -4.40000000000000 ) );
#2129 = DIRECTION( '', ( 0.000000000000000, -1.00000000000000, 6.12323399573677E-017 ) );
#2130 = DIRECTION( '', ( 1.00000000000000, 0.000000000000000, 0.000000000000000 ) );
#2131 = SURFACE_STYLE_FILL_AREA( #3648 );
#2132 = ORIENTED_EDGE( '', *, *, #3649, .F. );
#2133 = ORIENTED_EDGE( '', *, *, #3650, .F. );
#2134 = ORIENTED_EDGE( '', *, *, #3437, .F. );
#2135 = ORIENTED_EDGE( '', *, *, #3595, .F. );
#2136 = CARTESIAN_POINT( '', ( 0.200000000000000, 0.400000000000000, 5.52500000000000 ) );
#2137 = DIRECTION( '', ( 0.970142500145332, 0.000000000000000, 0.242535625036333 ) );
#2138 = DIRECTION( '', ( 0.000000000000000, -1.00000000000000, 0.000000000000000 ) );
#2139 = SURFACE_STYLE_FILL_AREA( #3651 );
#2140 = ORIENTED_EDGE( '', *, *, #3652, .F. );
#2141 = ORIENTED_EDGE( '', *, *, #3428, .F. );
#2142 = ORIENTED_EDGE( '', *, *, #3653, .T. );
#2143 = ORIENTED_EDGE( '', *, *, #3577, .T. );
#2144 = CARTESIAN_POINT( '', ( -5.41000000000000, 2.90000000000000, -3.40000000000000 ) );
#2145 = DIRECTION( '', ( 0.853281833651957, 0.521450009453978, 0.000000000000000 ) );
#2146 = DIRECTION( '', ( -0.521450009453978, 0.853281833651957, 0.000000000000000 ) );
#2147 = SURFACE_STYLE_FILL_AREA( #3654 );
#2148 = ORIENTED_EDGE( '', *, *, #3413, .T. );
#2149 = ORIENTED_EDGE( '', *, *, #3431, .F. );
#2150 = ORIENTED_EDGE( '', *, *, #3552, .F. );
#2151 = ORIENTED_EDGE( '', *, *, #3655, .T. );
#2152 = CARTESIAN_POINT( '', ( 3.21000000000000, -0.400000000000000, -4.20000000000000 ) );
#2153 = DIRECTION( '', ( -0.928476690885260, -1.46422755688720E-016, 0.371390676354103 ) );
#2154 = DIRECTION( '', ( 0.371390676354102, 0.000000000000000, 0.928476690885260 ) );
#2155 = SURFACE_STYLE_FILL_AREA( #3656 );
#2156 = ORIENTED_EDGE( '', *, *, #3407, .T. );
#2157 = ORIENTED_EDGE( '', *, *, #3657, .F. );
#2158 = ORIENTED_EDGE( '', *, *, #3553, .F. );
#2159 = ORIENTED_EDGE( '', *, *, #3435, .T. );
#2160 = CARTESIAN_POINT( '', ( 4.21000000000000, -0.400000000000000, -3.70000000000000 ) );
#2161 = DIRECTION( '', ( 0.928476690885260, 1.46422755688720E-016, 0.371390676354103 ) );
#2162 = DIRECTION( '', ( 0.371390676354103, 0.000000000000000, -0.928476690885260 ) );
#2163 = SURFACE_STYLE_FILL_AREA( #3658 );
#2164 = ORIENTED_EDGE( '', *, *, #3659, .F. );
#2165 = ORIENTED_EDGE( '', *, *, #3660, .T. );
#2166 = ORIENTED_EDGE( '', *, *, #3661, .T. );
#2167 = ORIENTED_EDGE( '', *, *, #3589, .T. );
#2168 = CARTESIAN_POINT( '', ( -0.400000000000000, -1.20000000000000, -18.2473190052363 ) );
#2169 = DIRECTION( '', ( 0.000000000000000, -1.00000000000000, 0.000000000000000 ) );
#2170 = DIRECTION( '', ( 0.000000000000000, 0.000000000000000, -1.00000000000000 ) );
#2171 = SURFACE_STYLE_FILL_AREA( #3662 );
#2172 = ORIENTED_EDGE( '', *, *, #3663, .T. );
#2173 = ORIENTED_EDGE( '', *, *, #3664, .T. );
#2174 = ORIENTED_EDGE( '', *, *, #3665, .F. );
#2175 = ORIENTED_EDGE( '', *, *, #3666, .T. );
#2176 = ORIENTED_EDGE( '', *, *, #3667, .T. );
#2177 = ORIENTED_EDGE( '', *, *, #3668, .T. );
#2178 = ORIENTED_EDGE( '', *, *, #3669, .F. );
#2179 = ORIENTED_EDGE( '', *, *, #3487, .F. );
#2180 = CARTESIAN_POINT( '', ( -3.81000000000000, -6.40000000000000, -3.40000000000000 ) );
#2181 = DIRECTION( '', ( -0.000000000000000, -0.000000000000000, -1.00000000000000 ) );
#2182 = DIRECTION( '', ( 1.00000000000000, 0.000000000000000, 0.000000000000000 ) );
#2183 = SURFACE_STYLE_FILL_AREA( #3670 );
#2184 = ORIENTED_EDGE( '', *, *, #3418, .T. );
#2185 = ORIENTED_EDGE( '', *, *, #3671, .T. );
#2186 = CARTESIAN_POINT( '', ( 3.81000000000000, -0.800000000000000, -1.05000000000000 ) );
#2187 = DIRECTION( '', ( -0.000000000000000, -0.000000000000000, 1.00000000000000 ) );
#2188 = DIRECTION( '', ( -1.00000000000000, 0.000000000000000, 0.000000000000000 ) );
#2189 = SURFACE_STYLE_FILL_AREA( #3672 );
#2190 = ORIENTED_EDGE( '', *, *, #3673, .T. );
#2191 = ORIENTED_EDGE( '', *, *, #3627, .T. );
#2192 = ORIENTED_EDGE( '', *, *, #3674, .F. );
#2193 = ORIENTED_EDGE( '', *, *, #3675, .T. );
#2194 = ORIENTED_EDGE( '', *, *, #3676, .T. );
#2195 = ORIENTED_EDGE( '', *, *, #3677, .T. );
#2196 = ORIENTED_EDGE( '', *, *, #3678, .F. );
#2197 = ORIENTED_EDGE( '', *, *, #3679, .F. );
#2198 = CARTESIAN_POINT( '', ( -8.67361737988404E-016, -6.40000000000000, -3.40000000000000 ) );
#2199 = DIRECTION( '', ( -0.000000000000000, -0.000000000000000, -1.00000000000000 ) );
#2200 = DIRECTION( '', ( 1.00000000000000, 0.000000000000000, 0.000000000000000 ) );
#2201 = SURFACE_STYLE_FILL_AREA( #3680 );
#2202 = ORIENTED_EDGE( '', *, *, #3681, .F. );
#2203 = ORIENTED_EDGE( '', *, *, #3442, .F. );
#2204 = ORIENTED_EDGE( '', *, *, #3536, .F. );
#2205 = ORIENTED_EDGE( '', *, *, #3682, .F. );
#2206 = ORIENTED_EDGE( '', *, *, #3667, .F. );
#2207 = CARTESIAN_POINT( '', ( -3.81000000000000, -6.40000000000000, -3.40000000000000 ) );
#2208 = DIRECTION( '', ( 0.000000000000000, 0.000000000000000, 1.00000000000000 ) );
#2209 = DIRECTION( '', ( 1.00000000000000, 0.000000000000000, 0.000000000000000 ) );
#2210 = SURFACE_STYLE_FILL_AREA( #3683 );
#2211 = ORIENTED_EDGE( '', *, *, #3684, .T. );
#2212 = ORIENTED_EDGE( '', *, *, #3623, .T. );
#2213 = ORIENTED_EDGE( '', *, *, #3685, .T. );
#2214 = ORIENTED_EDGE( '', *, *, #3495, .T. );
#2215 = CARTESIAN_POINT( '', ( 0.400000000000000, -0.400000000000000, -5.52500000000000 ) );
#2216 = DIRECTION( '', ( 0.000000000000000, 0.000000000000000, -1.00000000000000 ) );
#2217 = DIRECTION( '', ( -1.00000000000000, 0.000000000000000, 0.000000000000000 ) );
#2218 = SURFACE_STYLE_FILL_AREA( #3686 );
#2219 = ORIENTED_EDGE( '', *, *, #3420, .F. );
#2220 = ORIENTED_EDGE( '', *, *, #3687, .F. );
#2221 = ORIENTED_EDGE( '', *, *, #3638, .F. );
#2222 = ORIENTED_EDGE( '', *, *, #3688, .F. );
#2223 = ORIENTED_EDGE( '', *, *, #3689, .F. );
#2224 = ORIENTED_EDGE( '', *, *, #3690, .F. );
#2225 = ORIENTED_EDGE( '', *, *, #3691, .F. );
#2226 = ORIENTED_EDGE( '', *, *, #3583, .F. );
#2227 = ORIENTED_EDGE( '', *, *, #3692, .F. );
#2228 = ORIENTED_EDGE( '', *, *, #3693, .F. );
#2229 = ORIENTED_EDGE( '', *, *, #3694, .F. );
#2230 = ORIENTED_EDGE( '', *, *, #3695, .F. );
#2231 = ORIENTED_EDGE( '', *, *, #3696, .F. );
#2232 = ORIENTED_EDGE( '', *, *, #3608, .F. );
#2233 = ORIENTED_EDGE( '', *, *, #3697, .F. );
#2234 = ORIENTED_EDGE( '', *, *, #3698, .F. );
#2235 = CARTESIAN_POINT( '', ( -8.67361737988404E-016, -6.40000000000000, -3.40000000000000 ) );
#2236 = DIRECTION( '', ( 0.000000000000000, 0.000000000000000, 1.00000000000000 ) );
#2237 = DIRECTION( '', ( 1.00000000000000, 0.000000000000000, 0.000000000000000 ) );
#2238 = SURFACE_STYLE_FILL_AREA( #3699 );
#2239 = ORIENTED_EDGE( '', *, *, #3700, .F. );
#2240 = ORIENTED_EDGE( '', *, *, #3701, .T. );
#2241 = ORIENTED_EDGE( '', *, *, #3702, .F. );
#2242 = CARTESIAN_POINT( '', ( 7.46000000000000, -1.10000000000000, 4.60000000000000 ) );
#2243 = DIRECTION( '', ( 0.000000000000000, -1.00000000000000, 0.000000000000000 ) );
#2244 = DIRECTION( '', ( 0.000000000000000, 0.000000000000000, -1.00000000000000 ) );
#2245 = SURFACE_STYLE_FILL_AREA( #3703 );
#2246 = ORIENTED_EDGE( '', *, *, #3704, .F. );
#2247 = ORIENTED_EDGE( '', *, *, #3705, .T. );
#2248 = ORIENTED_EDGE( '', *, *, #3706, .T. );
#2249 = ORIENTED_EDGE( '', *, *, #3707, .T. );
#2250 = ORIENTED_EDGE( '', *, *, #3644, .T. );
#2251 = ORIENTED_EDGE( '', *, *, #3708, .F. );
#2252 = ORIENTED_EDGE( '', *, *, #3709, .T. );
#2253 = ORIENTED_EDGE( '', *, *, #3710, .F. );
#2254 = CARTESIAN_POINT( '', ( 1.37500000000000, -3.60000000000000, -4.20000000000000 ) );
#2255 = DIRECTION( '', ( 0.000000000000000, 0.000000000000000, 1.00000000000000 ) );
#2256 = DIRECTION( '', ( 1.00000000000000, 0.000000000000000, 0.000000000000000 ) );
#2257 = SURFACE_STYLE_FILL_AREA( #3711 );
#2258 = ORIENTED_EDGE( '', *, *, #3661, .F. );
#2259 = ORIENTED_EDGE( '', *, *, #3712, .T. );
#2260 = ORIENTED_EDGE( '', *, *, #3713, .T. );
#2261 = ORIENTED_EDGE( '', *, *, #3714, .F. );
#2262 = ORIENTED_EDGE( '', *, *, #3715, .T. );
#2263 = ORIENTED_EDGE( '', *, *, #3590, .T. );
#2264 = CARTESIAN_POINT( '', ( -0.400000000000000, -0.400000000000000, -18.2473190052363 ) );
#2265 = DIRECTION( '', ( -1.00000000000000, 0.000000000000000, 0.000000000000000 ) );
#2266 = DIRECTION( '', ( 0.000000000000000, 0.000000000000000, 1.00000000000000 ) );
#2267 = SURFACE_STYLE_FILL_AREA( #3716 );
#2268 = ORIENTED_EDGE( '', *, *, #3500, .F. );
#2269 = ORIENTED_EDGE( '', *, *, #3717, .T. );
#2270 = ORIENTED_EDGE( '', *, *, #3674, .T. );
#2271 = ORIENTED_EDGE( '', *, *, #3630, .T. );
#2272 = ORIENTED_EDGE( '', *, *, #3718, .T. );
#2273 = ORIENTED_EDGE( '', *, *, #3632, .T. );
#2274 = ORIENTED_EDGE( '', *, *, #3719, .T. );
#2275 = ORIENTED_EDGE( '', *, *, #3422, .T. );
#2276 = ORIENTED_EDGE( '', *, *, #3720, .T. );
#2277 = ORIENTED_EDGE( '', *, *, #3721, .T. );
#2278 = ORIENTED_EDGE( '', *, *, #3610, .T. );
#2279 = ORIENTED_EDGE( '', *, *, #3722, .T. );
#2280 = ORIENTED_EDGE( '', *, *, #3723, .T. );
#2281 = CARTESIAN_POINT( '', ( -2.60208521396521E-015, -2.90000000000000, -2.60000000000000 ) );
#2282 = DIRECTION( '', ( 0.000000000000000, 0.000000000000000, 1.00000000000000 ) );
#2283 = DIRECTION( '', ( 1.00000000000000, 0.000000000000000, 0.000000000000000 ) );
#2284 = SURFACE_STYLE_FILL_AREA( #3724 );
#2285 = ORIENTED_EDGE( '', *, *, #3725, .F. );
#2286 = ORIENTED_EDGE( '', *, *, #3726, .F. );
#2287 = ORIENTED_EDGE( '', *, *, #3727, .F. );
#2288 = ORIENTED_EDGE( '', *, *, #3728, .F. );
#2289 = CARTESIAN_POINT( '', ( -3.81000000000000, 0.600000000000000, -4.40000000000000 ) );
#2290 = DIRECTION( '', ( 0.000000000000000, -1.00000000000000, 6.12323399573677E-017 ) );
#2291 = DIRECTION( '', ( 1.00000000000000, 0.000000000000000, 0.000000000000000 ) );
#2292 = SURFACE_STYLE_FILL_AREA( #3729 );
#2293 = ORIENTED_EDGE( '', *, *, #3730, .F. );
#2294 = ORIENTED_EDGE( '', *, *, #3668, .F. );
#2295 = ORIENTED_EDGE( '', *, *, #3682, .T. );
#2296 = ORIENTED_EDGE( '', *, *, #3535, .T. );
#2297 = CARTESIAN_POINT( '', ( -5.41000000000000, -2.90000000000000, -3.40000000000000 ) );
#2298 = DIRECTION( '', ( -1.08420217248551E-015, 1.00000000000000, 0.000000000000000 ) );
#2299 = DIRECTION( '', ( -1.00000000000000, -1.08420217248551E-015, 0.000000000000000 ) );
#2300 = SURFACE_STYLE_FILL_AREA( #3731 );
#2301 = ORIENTED_EDGE( '', *, *, #3492, .F. );
#2302 = ORIENTED_EDGE( '', *, *, #3732, .F. );
#2303 = ORIENTED_EDGE( '', *, *, #3550, .F. );
#2304 = ORIENTED_EDGE( '', *, *, #3733, .F. );
#2305 = ORIENTED_EDGE( '', *, *, #3417, .T. );
#2306 = CARTESIAN_POINT( '', ( 3.81000000000000, -0.800000000000000, -1.05000000000000 ) );
#2307 = DIRECTION( '', ( 0.000000000000000, 0.000000000000000, -1.00000000000000 ) );
#2308 = DIRECTION( '', ( -1.00000000000000, 0.000000000000000, 0.000000000000000 ) );
#2309 = SURFACE_STYLE_FILL_AREA( #3734 );
#2310 = ORIENTED_EDGE( '', *, *, #3596, .T. );
#2311 = ORIENTED_EDGE( '', *, *, #3440, .T. );
#2312 = ORIENTED_EDGE( '', *, *, #3735, .F. );
#2313 = ORIENTED_EDGE( '', *, *, #3497, .T. );
#2314 = CARTESIAN_POINT( '', ( 0.400000000000000, -0.400000000000000, 5.52500000000000 ) );
#2315 = DIRECTION( '', ( 0.000000000000000, -1.00000000000000, 0.000000000000000 ) );
#2316 = DIRECTION( '', ( 0.000000000000000, 0.000000000000000, -1.00000000000000 ) );
#2317 = SURFACE_STYLE_FILL_AREA( #3736 );
#2318 = ORIENTED_EDGE( '', *, *, #3592, .T. );
#2319 = ORIENTED_EDGE( '', *, *, #3737, .F. );
#2320 = ORIENTED_EDGE( '', *, *, #3738, .T. );
#2321 = ORIENTED_EDGE( '', *, *, #3739, .T. );
#2322 = ORIENTED_EDGE( '', *, *, #3740, .F. );
#2323 = ORIENTED_EDGE( '', *, *, #3659, .T. );
#2324 = CARTESIAN_POINT( '', ( 0.400000000000000, -1.20000000000000, -18.2473190052363 ) );
#2325 = DIRECTION( '', ( 1.00000000000000, 0.000000000000000, 0.000000000000000 ) );
#2326 = DIRECTION( '', ( 0.000000000000000, 0.000000000000000, -1.00000000000000 ) );
#2327 = SURFACE_STYLE_FILL_AREA( #3741 );
#2328 = ORIENTED_EDGE( '', *, *, #3742, .T. );
#2329 = ORIENTED_EDGE( '', *, *, #3743, .F. );
#2330 = ORIENTED_EDGE( '', *, *, #3744, .F. );
#2331 = ORIENTED_EDGE( '', *, *, #3745, .T. );
#2332 = CARTESIAN_POINT( '', ( -2.81000000000000, 0.900000000000000, -2.60000000000000 ) );
#2333 = DIRECTION( '', ( -1.00000000000000, 0.000000000000000, 0.000000000000000 ) );
#2334 = DIRECTION( '', ( 0.000000000000000, 0.000000000000000, 1.00000000000000 ) );
#2335 = SURFACE_STYLE_FILL_AREA( #3746 );
#2336 = ORIENTED_EDGE( '', *, *, #3747, .F. );
#2337 = ORIENTED_EDGE( '', *, *, #3574, .F. );
#2338 = ORIENTED_EDGE( '', *, *, #3748, .T. );
#2339 = ORIENTED_EDGE( '', *, *, #3480, .T. );
#2340 = CARTESIAN_POINT( '', ( -7.46000000000000, 0.149999999999997, 1.80000000000000 ) );
#2341 = DIRECTION( '', ( 0.000000000000000, 1.00000000000000, 0.000000000000000 ) );
#2342 = DIRECTION( '', ( 0.000000000000000, 0.000000000000000, 1.00000000000000 ) );
#2343 = SURFACE_STYLE_FILL_AREA( #3749 );
#2344 = ORIENTED_EDGE( '', *, *, #3750, .F. );
#2345 = ORIENTED_EDGE( '', *, *, #3618, .F. );
#2346 = ORIENTED_EDGE( '', *, *, #3751, .T. );
#2347 = ORIENTED_EDGE( '', *, *, #3752, .T. );
#2348 = CARTESIAN_POINT( '', ( 2.21000000000000, -2.90000000000000, -3.40000000000000 ) );
#2349 = DIRECTION( '', ( -1.08420217248551E-015, 1.00000000000000, 0.000000000000000 ) );
#2350 = DIRECTION( '', ( -1.00000000000000, -1.08420217248551E-015, 0.000000000000000 ) );
#2351 = SURFACE_STYLE_FILL_AREA( #3753 );
#2352 = ORIENTED_EDGE( '', *, *, #3754, .F. );
#2353 = ORIENTED_EDGE( '', *, *, #3755, .F. );
#2354 = ORIENTED_EDGE( '', *, *, #3756, .F. );
#2355 = ORIENTED_EDGE( '', *, *, #3757, .F. );
#2356 = ORIENTED_EDGE( '', *, *, #3676, .F. );
#2357 = CARTESIAN_POINT( '', ( -8.67361737988404E-016, -6.40000000000000, -3.40000000000000 ) );
#2358 = DIRECTION( '', ( 0.000000000000000, 0.000000000000000, 1.00000000000000 ) );
#2359 = DIRECTION( '', ( 1.00000000000000, 0.000000000000000, 0.000000000000000 ) );
#2360 = SURFACE_STYLE_FILL_AREA( #3758 );
#2361 = ORIENTED_EDGE( '', *, *, #3739, .F. );
#2362 = ORIENTED_EDGE( '', *, *, #3759, .F. );
#2363 = ORIENTED_EDGE( '', *, *, #3709, .F. );
#2364 = ORIENTED_EDGE( '', *, *, #3760, .F. );
#2365 = ORIENTED_EDGE( '', *, *, #3529, .F. );
#2366 = ORIENTED_EDGE( '', *, *, #3761, .T. );
#2367 = ORIENTED_EDGE( '', *, *, #3706, .F. );
#2368 = ORIENTED_EDGE( '', *, *, #3762, .F. );
#2369 = ORIENTED_EDGE( '', *, *, #3713, .F. );
#2370 = ORIENTED_EDGE( '', *, *, #3763, .F. );
#2371 = CARTESIAN_POINT( '', ( 1.37500000000000, -3.20000000000000, -1.55000000000000 ) );
#2372 = DIRECTION( '', ( 0.000000000000000, 1.00000000000000, 0.000000000000000 ) );
#2373 = DIRECTION( '', ( 0.000000000000000, 0.000000000000000, 1.00000000000000 ) );
#2374 = SURFACE_STYLE_FILL_AREA( #3764 );
#2375 = ORIENTED_EDGE( '', *, *, #3765, .T. );
#2376 = ORIENTED_EDGE( '', *, *, #3766, .F. );
#2377 = ORIENTED_EDGE( '', *, *, #3767, .F. );
#2378 = ORIENTED_EDGE( '', *, *, #3768, .T. );
#2379 = CARTESIAN_POINT( '', ( 5.41000000000000, -1.30000000000000, -2.60000000000000 ) );
#2380 = DIRECTION( '', ( 0.000000000000000, 1.00000000000000, 0.000000000000000 ) );
#2381 = DIRECTION( '', ( 0.000000000000000, 0.000000000000000, 1.00000000000000 ) );
#2382 = SURFACE_STYLE_FILL_AREA( #3769 );
#2383 = ORIENTED_EDGE( '', *, *, #3701, .F. );
#2384 = ORIENTED_EDGE( '', *, *, #3770, .F. );
#2385 = ORIENTED_EDGE( '', *, *, #3771, .T. );
#2386 = ORIENTED_EDGE( '', *, *, #3772, .T. );
#2387 = CARTESIAN_POINT( '', ( 7.46000000000000, -0.500000000000000, 2.45000000000000 ) );
#2388 = DIRECTION( '', ( 0.881784641934692, 0.000000000000000, 0.471652250337160 ) );
#2389 = DIRECTION( '', ( 0.471652250337160, 0.000000000000000, -0.881784641934692 ) );
#2390 = SURFACE_STYLE_FILL_AREA( #3773 );
#2391 = ORIENTED_EDGE( '', *, *, #3774, .F. );
#2392 = ORIENTED_EDGE( '', *, *, #3775, .F. );
#2393 = ORIENTED_EDGE( '', *, *, #3510, .T. );
#2394 = ORIENTED_EDGE( '', *, *, #3776, .T. );
#2395 = CARTESIAN_POINT( '', ( 2.21000000000000, 2.90000000000000, -3.40000000000000 ) );
#2396 = DIRECTION( '', ( 0.853281833651957, 0.521450009453978, 0.000000000000000 ) );
#2397 = DIRECTION( '', ( -0.521450009453978, 0.853281833651957, 0.000000000000000 ) );
#2398 = SURFACE_STYLE_FILL_AREA( #3777 );
#2399 = ORIENTED_EDGE( '', *, *, #3778, .F. );
#2400 = ORIENTED_EDGE( '', *, *, #3771, .F. );
#2401 = ORIENTED_EDGE( '', *, *, #3470, .T. );
#2402 = CARTESIAN_POINT( '', ( 7.46000000000000, -0.500000000000000, 2.45000000000000 ) );
#2403 = DIRECTION( '', ( 0.000000000000000, 1.00000000000000, 0.000000000000000 ) );
#2404 = DIRECTION( '', ( 0.000000000000000, 0.000000000000000, 1.00000000000000 ) );
#2405 = SURFACE_STYLE_FILL_AREA( #3779 );
#2406 = ORIENTED_EDGE( '', *, *, #3687, .T. );
#2407 = ORIENTED_EDGE( '', *, *, #3423, .F. );
#2408 = ORIENTED_EDGE( '', *, *, #3719, .F. );
#2409 = ORIENTED_EDGE( '', *, *, #3639, .T. );
#2410 = CARTESIAN_POINT( '', ( 1.00000000000000, -0.300000000000000, -2.60000000000000 ) );
#2411 = DIRECTION( '', ( 0.000000000000000, -1.00000000000000, 0.000000000000000 ) );
#2412 = DIRECTION( '', ( 0.000000000000000, 0.000000000000000, -1.00000000000000 ) );
#2413 = SURFACE_STYLE_FILL_AREA( #3780 );
#2414 = ORIENTED_EDGE( '', *, *, #3491, .F. );
#2415 = ORIENTED_EDGE( '', *, *, #3781, .T. );
#2416 = ORIENTED_EDGE( '', *, *, #3414, .T. );
#2417 = ORIENTED_EDGE( '', *, *, #3655, .F. );
#2418 = ORIENTED_EDGE( '', *, *, #3551, .T. );
#2419 = ORIENTED_EDGE( '', *, *, #3732, .T. );
#2420 = CARTESIAN_POINT( '', ( 3.41000000000000, -0.400000000000000, -18.2472207056838 ) );
#2421 = DIRECTION( '', ( -1.00000000000000, 0.000000000000000, 0.000000000000000 ) );
#2422 = DIRECTION( '', ( 0.000000000000000, 0.000000000000000, 1.00000000000000 ) );
#2423 = SURFACE_STYLE_FILL_AREA( #3782 );
#2424 = ORIENTED_EDGE( '', *, *, #3755, .T. );
#2425 = ORIENTED_EDGE( '', *, *, #3783, .F. );
#2426 = ORIENTED_EDGE( '', *, *, #3723, .F. );
#2427 = ORIENTED_EDGE( '', *, *, #3784, .T. );
#2428 = CARTESIAN_POINT( '', ( -1.60000000000000, -1.30000000000000, -2.60000000000000 ) );
#2429 = DIRECTION( '', ( 0.000000000000000, 1.00000000000000, 0.000000000000000 ) );
#2430 = DIRECTION( '', ( 0.000000000000000, 0.000000000000000, 1.00000000000000 ) );
#2431 = SURFACE_STYLE_FILL_AREA( #3785 );
#2432 = ORIENTED_EDGE( '', *, *, #3786, .F. );
#2433 = ORIENTED_EDGE( '', *, *, #3776, .F. );
#2434 = ORIENTED_EDGE( '', *, *, #3509, .T. );
#2435 = ORIENTED_EDGE( '', *, *, #3787, .T. );
#2436 = CARTESIAN_POINT( '', ( 2.21000000000000, 2.90000000000000, -3.40000000000000 ) );
#2437 = DIRECTION( '', ( 0.000000000000000, -1.00000000000000, 0.000000000000000 ) );
#2438 = DIRECTION( '', ( 0.000000000000000, 0.000000000000000, -1.00000000000000 ) );
#2439 = SURFACE_STYLE_FILL_AREA( #3788 );
#2440 = ORIENTED_EDGE( '', *, *, #3789, .F. );
#2441 = ORIENTED_EDGE( '', *, *, #3790, .F. );
#2442 = ORIENTED_EDGE( '', *, *, #3689, .T. );
#2443 = ORIENTED_EDGE( '', *, *, #3791, .T. );
#2444 = CARTESIAN_POINT( '', ( 0.700000000000000, 2.00000000000000, -3.40000000000000 ) );
#2445 = DIRECTION( '', ( -1.00000000000000, 0.000000000000000, 0.000000000000000 ) );
#2446 = DIRECTION( '', ( 0.000000000000000, 0.000000000000000, 1.00000000000000 ) );
#2447 = SURFACE_STYLE_FILL_AREA( #3792 );
#2448 = ORIENTED_EDGE( '', *, *, #3733, .T. );
#2449 = ORIENTED_EDGE( '', *, *, #3554, .F. );
#2450 = ORIENTED_EDGE( '', *, *, #3657, .T. );
#2451 = ORIENTED_EDGE( '', *, *, #3406, .T. );
#2452 = ORIENTED_EDGE( '', *, *, #3793, .F. );
#2453 = ORIENTED_EDGE( '', *, *, #3489, .T. );
#2454 = CARTESIAN_POINT( '', ( 4.21000000000000, -1.20000000000000, -18.2472207056838 ) );
#2455 = DIRECTION( '', ( 1.00000000000000, 0.000000000000000, 0.000000000000000 ) );
#2456 = DIRECTION( '', ( 0.000000000000000, 0.000000000000000, -1.00000000000000 ) );
#2457 = SURFACE_STYLE_FILL_AREA( #3794 );
#2458 = ORIENTED_EDGE( '', *, *, #3795, .F. );
#2459 = ORIENTED_EDGE( '', *, *, #3796, .T. );
#2460 = ORIENTED_EDGE( '', *, *, #3797, .T. );
#2461 = ORIENTED_EDGE( '', *, *, #3485, .T. );
#2462 = ORIENTED_EDGE( '', *, *, #3798, .F. );
#2463 = ORIENTED_EDGE( '', *, *, #3799, .F. );
#2464 = ORIENTED_EDGE( '', *, *, #3800, .T. );
#2465 = ORIENTED_EDGE( '', *, *, #3801, .F. );
#2466 = CARTESIAN_POINT( '', ( -2.21000000000000, 1.40000000000000, -3.40000000000000 ) );
#2467 = DIRECTION( '', ( -1.00000000000000, 0.000000000000000, 0.000000000000000 ) );
#2468 = DIRECTION( '', ( 0.000000000000000, 0.000000000000000, 1.00000000000000 ) );
#2469 = SURFACE_STYLE_FILL_AREA( #3802 );
#2470 = ORIENTED_EDGE( '', *, *, #3793, .T. );
#2471 = ORIENTED_EDGE( '', *, *, #3415, .T. );
#2472 = ORIENTED_EDGE( '', *, *, #3781, .F. );
#2473 = ORIENTED_EDGE( '', *, *, #3490, .F. );
#2474 = CARTESIAN_POINT( '', ( 4.21000000000000, -0.400000000000000, -2.80000000000000 ) );
#2475 = DIRECTION( '', ( -1.18584612615602E-016, -1.87010464903546E-032, 1.00000000000000 ) );
#2476 = DIRECTION( '', ( 1.00000000000000, 0.000000000000000, 1.18584612615602E-016 ) );
#2477 = SURFACE_STYLE_FILL_AREA( #3803 );
#2478 = ORIENTED_EDGE( '', *, *, #3616, .F. );
#2479 = ORIENTED_EDGE( '', *, *, #3804, .F. );
#2480 = ORIENTED_EDGE( '', *, *, #3805, .T. );
#2481 = ORIENTED_EDGE( '', *, *, #3806, .T. );
#2482 = CARTESIAN_POINT( '', ( 2.81000000000000, -1.30000000000000, -2.60000000000000 ) );
#2483 = DIRECTION( '', ( 1.00000000000000, 0.000000000000000, 0.000000000000000 ) );
#2484 = DIRECTION( '', ( 0.000000000000000, 0.000000000000000, -1.00000000000000 ) );
#2485 = SURFACE_STYLE_FILL_AREA( #3807 );
#2486 = ORIENTED_EDGE( '', *, *, #3433, .F. );
#2487 = ORIENTED_EDGE( '', *, *, #3808, .F. );
#2488 = ORIENTED_EDGE( '', *, *, #3809, .F. );
#2489 = ORIENTED_EDGE( '', *, *, #3810, .F. );
#2490 = CARTESIAN_POINT( '', ( 3.81000000000000, 0.600000000000000, -4.40000000000000 ) );
#2491 = DIRECTION( '', ( 0.000000000000000, -1.00000000000000, 6.12323399573677E-017 ) );
#2492 = DIRECTION( '', ( 1.00000000000000, 0.000000000000000, 0.000000000000000 ) );
#2493 = SURFACE_STYLE_FILL_AREA( #3811 );
#2494 = ORIENTED_EDGE( '', *, *, #3812, .T. );
#2495 = ORIENTED_EDGE( '', *, *, #3813, .F. );
#2496 = ORIENTED_EDGE( '', *, *, #3814, .F. );
#2497 = ORIENTED_EDGE( '', *, *, #3815, .T. );
#2498 = CARTESIAN_POINT( '', ( -4.81000000000000, 0.900000000000000, -2.60000000000000 ) );
#2499 = DIRECTION( '', ( 1.00000000000000, 0.000000000000000, 0.000000000000000 ) );
#2500 = DIRECTION( '', ( 0.000000000000000, 0.000000000000000, -1.00000000000000 ) );
#2501 = SURFACE_STYLE_FILL_AREA( #3816 );
#2502 = ORIENTED_EDGE( '', *, *, #3817, .F. );
#2503 = ORIENTED_EDGE( '', *, *, #3818, .F. );
#2504 = ORIENTED_EDGE( '', *, *, #3693, .T. );
#2505 = ORIENTED_EDGE( '', *, *, #3819, .T. );
#2506 = CARTESIAN_POINT( '', ( -1.05000000000000, 2.00000000000000, -3.40000000000000 ) );
#2507 = DIRECTION( '', ( 0.000000000000000, 1.00000000000000, 0.000000000000000 ) );
#2508 = DIRECTION( '', ( 0.000000000000000, 0.000000000000000, 1.00000000000000 ) );
#2509 = SURFACE_STYLE_FILL_AREA( #3820 );
#2510 = ORIENTED_EDGE( '', *, *, #3515, .T. );
#2511 = ORIENTED_EDGE( '', *, *, #3467, .F. );
#2512 = ORIENTED_EDGE( '', *, *, #3821, .F. );
#2513 = ORIENTED_EDGE( '', *, *, #3822, .T. );
#2514 = CARTESIAN_POINT( '', ( 2.81000000000000, 0.900000000000000, -2.60000000000000 ) );
#2515 = DIRECTION( '', ( 1.00000000000000, 0.000000000000000, 0.000000000000000 ) );
#2516 = DIRECTION( '', ( 0.000000000000000, 0.000000000000000, -1.00000000000000 ) );
#2517 = SURFACE_STYLE_FILL_AREA( #3823 );
#2518 = ORIENTED_EDGE( '', *, *, #3477, .F. );
#2519 = ORIENTED_EDGE( '', *, *, #3569, .F. );
#2520 = ORIENTED_EDGE( '', *, *, #3824, .F. );
#2521 = ORIENTED_EDGE( '', *, *, #3825, .F. );
#2522 = ORIENTED_EDGE( '', *, *, #3826, .T. );
#2523 = CARTESIAN_POINT( '', ( -3.81000000000000, -0.800000000000000, -1.05000000000000 ) );
#2524 = DIRECTION( '', ( 0.000000000000000, 0.000000000000000, -1.00000000000000 ) );
#2525 = DIRECTION( '', ( -1.00000000000000, 0.000000000000000, 0.000000000000000 ) );
#2526 = SURFACE_STYLE_FILL_AREA( #3827 );
#2527 = ORIENTED_EDGE( '', *, *, #3828, .T. );
#2528 = ORIENTED_EDGE( '', *, *, #3829, .F. );
#2529 = ORIENTED_EDGE( '', *, *, #3830, .F. );
#2530 = ORIENTED_EDGE( '', *, *, #3831, .T. );
#2531 = CARTESIAN_POINT( '', ( -3.41000000000000, -0.400000000000000, -3.70000000000000 ) );
#2532 = DIRECTION( '', ( 0.928476690885260, 1.46422755688720E-016, 0.371390676354103 ) );
#2533 = DIRECTION( '', ( 0.371390676354103, 0.000000000000000, -0.928476690885260 ) );
#2534 = SURFACE_STYLE_FILL_AREA( #3832 );
#2535 = ORIENTED_EDGE( '', *, *, #3516, .T. );
#2536 = ORIENTED_EDGE( '', *, *, #3822, .F. );
#2537 = ORIENTED_EDGE( '', *, *, #3833, .F. );
#2538 = ORIENTED_EDGE( '', *, *, #3599, .T. );
#2539 = CARTESIAN_POINT( '', ( 2.81000000000000, 0.900000000000000, -2.60000000000000 ) );
#2540 = DIRECTION( '', ( 0.000000000000000, -1.00000000000000, 0.000000000000000 ) );
#2541 = DIRECTION( '', ( 0.000000000000000, 0.000000000000000, -1.00000000000000 ) );
#2542 = SURFACE_STYLE_FILL_AREA( #3834 );
#2543 = ORIENTED_EDGE( '', *, *, #3835, .F. );
#2544 = ORIENTED_EDGE( '', *, *, #3836, .T. );
#2545 = ORIENTED_EDGE( '', *, *, #3837, .T. );
#2546 = ORIENTED_EDGE( '', *, *, #3838, .T. );
#2547 = ORIENTED_EDGE( '', *, *, #3725, .T. );
#2548 = ORIENTED_EDGE( '', *, *, #3839, .F. );
#2549 = ORIENTED_EDGE( '', *, *, #3840, .T. );
#2550 = ORIENTED_EDGE( '', *, *, #3831, .F. );
#2551 = CARTESIAN_POINT( '', ( -2.43500000000000, -3.60000000000000, -4.20000000000000 ) );
#2552 = DIRECTION( '', ( 0.000000000000000, 0.000000000000000, 1.00000000000000 ) );
#2553 = DIRECTION( '', ( 1.00000000000000, 0.000000000000000, 0.000000000000000 ) );
#2554 = SURFACE_STYLE_FILL_AREA( #3841 );
#2555 = ORIENTED_EDGE( '', *, *, #3842, .T. );
#2556 = ORIENTED_EDGE( '', *, *, #3815, .F. );
#2557 = ORIENTED_EDGE( '', *, *, #3843, .F. );
#2558 = ORIENTED_EDGE( '', *, *, #3743, .T. );
#2559 = CARTESIAN_POINT( '', ( -4.81000000000000, 0.900000000000000, -2.60000000000000 ) );
#2560 = DIRECTION( '', ( 0.000000000000000, -1.00000000000000, 0.000000000000000 ) );
#2561 = DIRECTION( '', ( 0.000000000000000, 0.000000000000000, -1.00000000000000 ) );
#2562 = SURFACE_STYLE_FILL_AREA( #3844 );
#2563 = ORIENTED_EDGE( '', *, *, #3762, .T. );
#2564 = ORIENTED_EDGE( '', *, *, #3705, .F. );
#2565 = ORIENTED_EDGE( '', *, *, #3845, .F. );
#2566 = ORIENTED_EDGE( '', *, *, #3714, .T. );
#2567 = CARTESIAN_POINT( '', ( -0.600000000000000, -0.400000000000000, -4.20000000000000 ) );
#2568 = DIRECTION( '', ( -0.928476690885260, -1.46422755688720E-016, 0.371390676354103 ) );
#2569 = DIRECTION( '', ( 0.371390676354102, 0.000000000000000, 0.928476690885260 ) );
#2570 = SURFACE_STYLE_FILL_AREA( #3846 );
#2571 = ORIENTED_EDGE( '', *, *, #3847, .T. );
#2572 = ORIENTED_EDGE( '', *, *, #3848, .T. );
#2573 = ORIENTED_EDGE( '', *, *, #3849, .T. );
#2574 = CARTESIAN_POINT( '', ( 0.000000000000000, 0.600000000000000, 0.000000000000000 ) );
#2575 = DIRECTION( '', ( 0.000000000000000, -1.00000000000000, 0.000000000000000 ) );
#2576 = DIRECTION( '', ( 0.000000000000000, 0.000000000000000, -1.00000000000000 ) );
#2577 = SURFACE_STYLE_FILL_AREA( #3850 );
#2578 = ORIENTED_EDGE( '', *, *, #3851, .F. );
#2579 = ORIENTED_EDGE( '', *, *, #3548, .F. );
#2580 = ORIENTED_EDGE( '', *, *, #3852, .T. );
#2581 = ORIENTED_EDGE( '', *, *, #3799, .T. );
#2582 = CARTESIAN_POINT( '', ( -3.11000000000000, 1.40000000000000, -3.40000000000000 ) );
#2583 = DIRECTION( '', ( 0.000000000000000, -1.00000000000000, 0.000000000000000 ) );
#2584 = DIRECTION( '', ( 0.000000000000000, 0.000000000000000, -1.00000000000000 ) );
#2585 = SURFACE_STYLE_FILL_AREA( #3853 );
#2586 = ORIENTED_EDGE( '', *, *, #3826, .F. );
#2587 = ORIENTED_EDGE( '', *, *, #3854, .F. );
#2588 = CARTESIAN_POINT( '', ( -3.81000000000000, -0.800000000000000, -1.25000000000000 ) );
#2589 = DIRECTION( '', ( 0.000000000000000, 0.000000000000000, -1.00000000000000 ) );
#2590 = DIRECTION( '', ( -1.00000000000000, 0.000000000000000, 0.000000000000000 ) );
#2591 = SURFACE_STYLE_FILL_AREA( #3855 );
#2592 = ORIENTED_EDGE( '', *, *, #3856, .F. );
#2593 = ORIENTED_EDGE( '', *, *, #3584, .F. );
#2594 = ORIENTED_EDGE( '', *, *, #3691, .T. );
#2595 = ORIENTED_EDGE( '', *, *, #3857, .T. );
#2596 = CARTESIAN_POINT( '', ( 1.60000000000000, 2.90000000000000, -3.40000000000000 ) );
#2597 = DIRECTION( '', ( -0.853281833651958, 0.521450009453976, 0.000000000000000 ) );
#2598 = DIRECTION( '', ( -0.521450009453976, -0.853281833651958, 0.000000000000000 ) );
#2599 = SURFACE_STYLE_FILL_AREA( #3858 );
#2600 = ORIENTED_EDGE( '', *, *, #3761, .F. );
#2601 = ORIENTED_EDGE( '', *, *, #3531, .F. );
#2602 = ORIENTED_EDGE( '', *, *, #3450, .T. );
#2603 = ORIENTED_EDGE( '', *, *, #3859, .T. );
#2604 = ORIENTED_EDGE( '', *, *, #3645, .T. );
#2605 = ORIENTED_EDGE( '', *, *, #3707, .F. );
#2606 = CARTESIAN_POINT( '', ( -1.37500000000000, -3.20000000000000, -1.55000000000000 ) );
#2607 = DIRECTION( '', ( -1.00000000000000, 0.000000000000000, 0.000000000000000 ) );
#2608 = DIRECTION( '', ( 0.000000000000000, 0.000000000000000, 1.00000000000000 ) );
#2609 = SURFACE_STYLE_FILL_AREA( #3860 );
#2610 = ORIENTED_EDGE( '', *, *, #3666, .F. );
#2611 = ORIENTED_EDGE( '', *, *, #3861, .F. );
#2612 = ORIENTED_EDGE( '', *, *, #3443, .T. );
#2613 = ORIENTED_EDGE( '', *, *, #3681, .T. );
#2614 = CARTESIAN_POINT( '', ( -4.81000000000000, -1.30000000000000, -2.60000000000000 ) );
#2615 = DIRECTION( '', ( 1.00000000000000, 0.000000000000000, 0.000000000000000 ) );
#2616 = DIRECTION( '', ( 0.000000000000000, 0.000000000000000, -1.00000000000000 ) );
#2617 = SURFACE_STYLE_FILL_AREA( #3862 );
#2618 = ORIENTED_EDGE( '', *, *, #3863, .T. );
#2619 = ORIENTED_EDGE( '', *, *, #3778, .T. );
#2620 = ORIENTED_EDGE( '', *, *, #3469, .T. );
#2621 = ORIENTED_EDGE( '', *, *, #3586, .T. );
#2622 = ORIENTED_EDGE( '', *, *, #3556, .T. );
#2623 = ORIENTED_EDGE( '', *, *, #3864, .T. );
#2624 = ORIENTED_EDGE( '', *, *, #3865, .T. );
#2625 = ORIENTED_EDGE( '', *, *, #3702, .T. );
#2626 = ORIENTED_EDGE( '', *, *, #3866, .T. );
#2627 = ORIENTED_EDGE( '', *, *, #3458, .T. );
#2628 = ORIENTED_EDGE( '', *, *, #3867, .T. );
#2629 = ORIENTED_EDGE( '', *, *, #3523, .F. );
#2630 = ORIENTED_EDGE( '', *, *, #3868, .F. );
#2631 = ORIENTED_EDGE( '', *, *, #3869, .F. );
#2632 = CARTESIAN_POINT( '', ( 6.31000000000000, 0.000000000000000, 0.000000000000000 ) );
#2633 = DIRECTION( '', ( 1.00000000000000, 0.000000000000000, 0.000000000000000 ) );
#2634 = DIRECTION( '', ( 0.000000000000000, 0.000000000000000, -1.00000000000000 ) );
#2635 = SURFACE_STYLE_FILL_AREA( #3870 );
#2636 = ORIENTED_EDGE( '', *, *, #3542, .T. );
#2637 = ORIENTED_EDGE( '', *, *, #3871, .T. );
#2638 = ORIENTED_EDGE( '', *, *, #3561, .T. );
#2639 = CARTESIAN_POINT( '', ( 0.000000000000000, 0.600000000000000, 0.000000000000000 ) );
#2640 = DIRECTION( '', ( 0.000000000000000, -1.00000000000000, 0.000000000000000 ) );
#2641 = DIRECTION( '', ( 0.000000000000000, 0.000000000000000, -1.00000000000000 ) );
#2642 = SURFACE_STYLE_FILL_AREA( #3872 );
#2643 = ORIENTED_EDGE( '', *, *, #3873, .F. );
#2644 = ORIENTED_EDGE( '', *, *, #3828, .F. );
#2645 = ORIENTED_EDGE( '', *, *, #3840, .F. );
#2646 = ORIENTED_EDGE( '', *, *, #3874, .F. );
#2647 = ORIENTED_EDGE( '', *, *, #3518, .F. );
#2648 = ORIENTED_EDGE( '', *, *, #3875, .T. );
#2649 = ORIENTED_EDGE( '', *, *, #3837, .F. );
#2650 = ORIENTED_EDGE( '', *, *, #3876, .F. );
#2651 = ORIENTED_EDGE( '', *, *, #3566, .F. );
#2652 = ORIENTED_EDGE( '', *, *, #3877, .F. );
#2653 = CARTESIAN_POINT( '', ( -2.43500000000000, -3.20000000000000, -1.55000000000000 ) );
#2654 = DIRECTION( '', ( 0.000000000000000, 1.00000000000000, 0.000000000000000 ) );
#2655 = DIRECTION( '', ( 0.000000000000000, 0.000000000000000, 1.00000000000000 ) );
#2656 = SURFACE_STYLE_FILL_AREA( #3878 );
#2657 = ORIENTED_EDGE( '', *, *, #3664, .F. );
#2658 = ORIENTED_EDGE( '', *, *, #3879, .F. );
#2659 = ORIENTED_EDGE( '', *, *, #3880, .F. );
#2660 = ORIENTED_EDGE( '', *, *, #3881, .F. );
#2661 = CARTESIAN_POINT( '', ( -2.81000000000000, -1.30000000000000, -2.60000000000000 ) );
#2662 = DIRECTION( '', ( -1.00000000000000, 1.08420217248550E-015, 0.000000000000000 ) );
#2663 = DIRECTION( '', ( -1.08420217248550E-015, -1.00000000000000, 0.000000000000000 ) );
#2664 = SURFACE_STYLE_FILL_AREA( #3882 );
#2665 = ORIENTED_EDGE( '', *, *, #3456, .F. );
#2666 = ORIENTED_EDGE( '', *, *, #3641, .F. );
#2667 = ORIENTED_EDGE( '', *, *, #3409, .T. );
#2668 = ORIENTED_EDGE( '', *, *, #3434, .T. );
#2669 = ORIENTED_EDGE( '', *, *, #3810, .T. );
#2670 = ORIENTED_EDGE( '', *, *, #3883, .F. );
#2671 = CARTESIAN_POINT( '', ( 5.18500000000000, -3.60000000000000, -1.55000000000000 ) );
#2672 = DIRECTION( '', ( 1.00000000000000, 0.000000000000000, 0.000000000000000 ) );
#2673 = DIRECTION( '', ( 0.000000000000000, 0.000000000000000, -1.00000000000000 ) );
#2674 = SURFACE_STYLE_FILL_AREA( #3884 );
#2675 = ORIENTED_EDGE( '', *, *, #3885, .F. );
#2676 = ORIENTED_EDGE( '', *, *, #3635, .F. );
#2677 = ORIENTED_EDGE( '', *, *, #3886, .T. );
#2678 = ORIENTED_EDGE( '', *, *, #3679, .T. );
#2679 = CARTESIAN_POINT( '', ( 1.60000000000000, -2.90000000000000, -3.40000000000000 ) );
#2680 = DIRECTION( '', ( 1.08420217248551E-015, 1.00000000000000, 0.000000000000000 ) );
#2681 = DIRECTION( '', ( -1.00000000000000, 1.08420217248551E-015, 0.000000000000000 ) );
#2682 = SURFACE_STYLE_FILL_AREA( #3887 );
#2683 = ORIENTED_EDGE( '', *, *, #3888, .F. );
#2684 = ORIENTED_EDGE( '', *, *, #3889, .F. );
#2685 = ORIENTED_EDGE( '', *, *, #3695, .T. );
#2686 = ORIENTED_EDGE( '', *, *, #3890, .T. );
#2687 = CARTESIAN_POINT( '', ( -0.700000000000000, 1.40000000000000, -3.40000000000000 ) );
#2688 = DIRECTION( '', ( 0.000000000000000, -1.00000000000000, 0.000000000000000 ) );
#2689 = DIRECTION( '', ( 0.000000000000000, 0.000000000000000, -1.00000000000000 ) );
#2690 = SURFACE_STYLE_FILL_AREA( #3891 );
#2691 = ORIENTED_EDGE( '', *, *, #3892, .F. );
#2692 = ORIENTED_EDGE( '', *, *, #3857, .F. );
#2693 = ORIENTED_EDGE( '', *, *, #3690, .T. );
#2694 = ORIENTED_EDGE( '', *, *, #3790, .T. );
#2695 = CARTESIAN_POINT( '', ( 1.05000000000000, 2.00000000000000, -3.40000000000000 ) );
#2696 = DIRECTION( '', ( 0.000000000000000, 1.00000000000000, 0.000000000000000 ) );
#2697 = DIRECTION( '', ( 0.000000000000000, 0.000000000000000, 1.00000000000000 ) );
#2698 = SURFACE_STYLE_FILL_AREA( #3893 );
#2699 = ORIENTED_EDGE( '', *, *, #3894, .F. );
#2700 = ORIENTED_EDGE( '', *, *, #3895, .F. );
#2701 = ORIENTED_EDGE( '', *, *, #3513, .T. );
#2702 = ORIENTED_EDGE( '', *, *, #3896, .T. );
#2703 = CARTESIAN_POINT( '', ( 3.11000000000000, 1.40000000000000, -3.40000000000000 ) );
#2704 = DIRECTION( '', ( 0.000000000000000, -1.00000000000000, 0.000000000000000 ) );
#2705 = DIRECTION( '', ( 0.000000000000000, 0.000000000000000, -1.00000000000000 ) );
#2706 = SURFACE_STYLE_FILL_AREA( #3897 );
#2707 = ORIENTED_EDGE( '', *, *, #3503, .T. );
#2708 = ORIENTED_EDGE( '', *, *, #3601, .F. );
#2709 = ORIENTED_EDGE( '', *, *, #3898, .F. );
#2710 = ORIENTED_EDGE( '', *, *, #3899, .T. );
#2711 = CARTESIAN_POINT( '', ( 4.81000000000000, -0.300000000000000, -2.60000000000000 ) );
#2712 = DIRECTION( '', ( 0.000000000000000, -1.00000000000000, 0.000000000000000 ) );
#2713 = DIRECTION( '', ( 0.000000000000000, 0.000000000000000, -1.00000000000000 ) );
#2714 = SURFACE_STYLE_FILL_AREA( #3900 );
#2715 = ORIENTED_EDGE( '', *, *, #3901, .F. );
#2716 = ORIENTED_EDGE( '', *, *, #3902, .F. );
#2717 = ORIENTED_EDGE( '', *, *, #3903, .T. );
#2718 = ORIENTED_EDGE( '', *, *, #3620, .T. );
#2719 = CARTESIAN_POINT( '', ( 5.41000000000000, -2.90000000000000, -3.40000000000000 ) );
#2720 = DIRECTION( '', ( 1.08420217248551E-015, 1.00000000000000, 0.000000000000000 ) );
#2721 = DIRECTION( '', ( -1.00000000000000, 1.08420217248551E-015, 0.000000000000000 ) );
#2722 = SURFACE_STYLE_FILL_AREA( #3904 );
#2723 = ORIENTED_EDGE( '', *, *, #3905, .F. );
#2724 = ORIENTED_EDGE( '', *, *, #3906, .F. );
#2725 = ORIENTED_EDGE( '', *, *, #3507, .T. );
#2726 = ORIENTED_EDGE( '', *, *, #3907, .T. );
#2727 = CARTESIAN_POINT( '', ( 4.86000000000000, 2.00000000000000, -3.40000000000000 ) );
#2728 = DIRECTION( '', ( 0.000000000000000, 1.00000000000000, 0.000000000000000 ) );
#2729 = DIRECTION( '', ( 0.000000000000000, 0.000000000000000, 1.00000000000000 ) );
#2730 = SURFACE_STYLE_FILL_AREA( #3908 );
#2731 = ORIENTED_EDGE( '', *, *, #3909, .F. );
#2732 = ORIENTED_EDGE( '', *, *, #3879, .T. );
#2733 = ORIENTED_EDGE( '', *, *, #3663, .F. );
#2734 = ORIENTED_EDGE( '', *, *, #3486, .F. );
#2735 = ORIENTED_EDGE( '', *, *, #3797, .F. );
#2736 = CARTESIAN_POINT( '', ( -3.81000000000000, -6.40000000000000, -3.40000000000000 ) );
#2737 = DIRECTION( '', ( 0.000000000000000, 0.000000000000000, 1.00000000000000 ) );
#2738 = DIRECTION( '', ( 1.00000000000000, 0.000000000000000, 0.000000000000000 ) );
#2739 = SURFACE_STYLE_FILL_AREA( #3910 );
#2740 = ORIENTED_EDGE( '', *, *, #3854, .T. );
#2741 = ORIENTED_EDGE( '', *, *, #3911, .T. );
#2742 = CARTESIAN_POINT( '', ( -3.81000000000000, -0.800000000000000, -1.05000000000000 ) );
#2743 = DIRECTION( '', ( -0.000000000000000, -0.000000000000000, 1.00000000000000 ) );
#2744 = DIRECTION( '', ( -1.00000000000000, 0.000000000000000, 0.000000000000000 ) );
#2745 = SURFACE_STYLE_FILL_AREA( #3912 );
#2746 = ORIENTED_EDGE( '', *, *, #3806, .F. );
#2747 = ORIENTED_EDGE( '', *, *, #3913, .F. );
#2748 = ORIENTED_EDGE( '', *, *, #3914, .F. );
#2749 = ORIENTED_EDGE( '', *, *, #3751, .F. );
#2750 = ORIENTED_EDGE( '', *, *, #3617, .F. );
#2751 = CARTESIAN_POINT( '', ( 3.81000000000000, -6.40000000000000, -3.40000000000000 ) );
#2752 = DIRECTION( '', ( 0.000000000000000, 0.000000000000000, 1.00000000000000 ) );
#2753 = DIRECTION( '', ( 1.00000000000000, 0.000000000000000, 0.000000000000000 ) );
#2754 = SURFACE_STYLE_FILL_AREA( #3915 );
#2755 = ORIENTED_EDGE( '', *, *, #3916, .F. );
#2756 = ORIENTED_EDGE( '', *, *, #3579, .F. );
#2757 = ORIENTED_EDGE( '', *, *, #3917, .T. );
#2758 = ORIENTED_EDGE( '', *, *, #3918, .T. );
#2759 = CARTESIAN_POINT( '', ( -2.21000000000000, 2.90000000000000, -3.40000000000000 ) );
#2760 = DIRECTION( '', ( -0.853281833651958, 0.521450009453976, 0.000000000000000 ) );
#2761 = DIRECTION( '', ( -0.521450009453976, -0.853281833651958, 0.000000000000000 ) );
#2762 = SURFACE_STYLE_FILL_AREA( #3919 );
#2763 = ORIENTED_EDGE( '', *, *, #3920, .F. );
#2764 = ORIENTED_EDGE( '', *, *, #3540, .F. );
#2765 = ORIENTED_EDGE( '', *, *, #3921, .T. );
#2766 = ORIENTED_EDGE( '', *, *, #3922, .T. );
#2767 = CARTESIAN_POINT( '', ( -4.51000000000000, 1.40000000000000, -3.40000000000000 ) );
#2768 = DIRECTION( '', ( 0.000000000000000, -1.00000000000000, 0.000000000000000 ) );
#2769 = DIRECTION( '', ( 0.000000000000000, 0.000000000000000, -1.00000000000000 ) );
#2770 = SURFACE_STYLE_FILL_AREA( #3923 );
#2771 = ORIENTED_EDGE( '', *, *, #3924, .T. );
#2772 = ORIENTED_EDGE( '', *, *, #3745, .F. );
#2773 = ORIENTED_EDGE( '', *, *, #3925, .F. );
#2774 = ORIENTED_EDGE( '', *, *, #3801, .T. );
#2775 = CARTESIAN_POINT( '', ( -2.81000000000000, -0.300000000000000, -2.60000000000000 ) );
#2776 = DIRECTION( '', ( 0.000000000000000, -1.00000000000000, 0.000000000000000 ) );
#2777 = DIRECTION( '', ( 0.000000000000000, 0.000000000000000, -1.00000000000000 ) );
#2778 = SURFACE_STYLE_FILL_AREA( #3926 );
#2779 = ORIENTED_EDGE( '', *, *, #3927, .F. );
#2780 = ORIENTED_EDGE( '', *, *, #3606, .F. );
#2781 = ORIENTED_EDGE( '', *, *, #3481, .F. );
#2782 = ORIENTED_EDGE( '', *, *, #3748, .F. );
#2783 = ORIENTED_EDGE( '', *, *, #3573, .F. );
#2784 = ORIENTED_EDGE( '', *, *, #3928, .F. );
#2785 = CARTESIAN_POINT( '', ( -7.46000000000000, 0.000000000000000, 0.000000000000000 ) );
#2786 = DIRECTION( '', ( -1.00000000000000, 0.000000000000000, 0.000000000000000 ) );
#2787 = DIRECTION( '', ( 0.000000000000000, 0.000000000000000, 1.00000000000000 ) );
#2788 = SURFACE_STYLE_FILL_AREA( #3929 );
#2789 = ORIENTED_EDGE( '', *, *, #3675, .F. );
#2790 = ORIENTED_EDGE( '', *, *, #3717, .F. );
#2791 = ORIENTED_EDGE( '', *, *, #3783, .T. );
#2792 = ORIENTED_EDGE( '', *, *, #3754, .T. );
#2793 = CARTESIAN_POINT( '', ( -1.00000000000000, -1.30000000000000, -2.60000000000000 ) );
#2794 = DIRECTION( '', ( 1.00000000000000, 0.000000000000000, 0.000000000000000 ) );
#2795 = DIRECTION( '', ( 0.000000000000000, 0.000000000000000, -1.00000000000000 ) );
#2796 = SURFACE_STYLE_FILL_AREA( #3930 );
#2797 = ORIENTED_EDGE( '', *, *, #3614, .F. );
#2798 = ORIENTED_EDGE( '', *, *, #3931, .F. );
#2799 = ORIENTED_EDGE( '', *, *, #3768, .F. );
#2800 = ORIENTED_EDGE( '', *, *, #3932, .F. );
#2801 = CARTESIAN_POINT( '', ( 4.81000000000000, -1.30000000000000, -2.60000000000000 ) );
#2802 = DIRECTION( '', ( -1.00000000000000, 1.08420217248550E-015, 0.000000000000000 ) );
#2803 = DIRECTION( '', ( -1.08420217248550E-015, -1.00000000000000, 0.000000000000000 ) );
#2804 = SURFACE_STYLE_FILL_AREA( #3933 );
#2805 = ORIENTED_EDGE( '', *, *, #3825, .T. );
#2806 = ORIENTED_EDGE( '', *, *, #3934, .F. );
#2807 = ORIENTED_EDGE( '', *, *, #3829, .T. );
#2808 = ORIENTED_EDGE( '', *, *, #3873, .T. );
#2809 = ORIENTED_EDGE( '', *, *, #3935, .F. );
#2810 = ORIENTED_EDGE( '', *, *, #3474, .T. );
#2811 = CARTESIAN_POINT( '', ( -3.41000000000000, -1.20000000000000, -18.2473190052363 ) );
#2812 = DIRECTION( '', ( 1.00000000000000, 0.000000000000000, 0.000000000000000 ) );
#2813 = DIRECTION( '', ( 0.000000000000000, 0.000000000000000, -1.00000000000000 ) );
#2814 = SURFACE_STYLE_FILL_AREA( #3936 );
#2815 = ORIENTED_EDGE( '', *, *, #3449, .T. );
#2816 = ORIENTED_EDGE( '', *, *, #3937, .T. );
#2817 = ORIENTED_EDGE( '', *, *, #3727, .T. );
#2818 = ORIENTED_EDGE( '', *, *, #3938, .F. );
#2819 = ORIENTED_EDGE( '', *, *, #3461, .T. );
#2820 = ORIENTED_EDGE( '', *, *, #3939, .T. );
#2821 = ORIENTED_EDGE( '', *, *, #3524, .T. );
#2822 = ORIENTED_EDGE( '', *, *, #3867, .F. );
#2823 = ORIENTED_EDGE( '', *, *, #3457, .T. );
#2824 = ORIENTED_EDGE( '', *, *, #3883, .T. );
#2825 = ORIENTED_EDGE( '', *, *, #3809, .T. );
#2826 = ORIENTED_EDGE( '', *, *, #3940, .F. );
#2827 = ORIENTED_EDGE( '', *, *, #3453, .T. );
#2828 = ORIENTED_EDGE( '', *, *, #3941, .T. );
#2829 = ORIENTED_EDGE( '', *, *, #3646, .T. );
#2830 = ORIENTED_EDGE( '', *, *, #3859, .F. );
#2831 = CARTESIAN_POINT( '', ( 6.31000000000000, -3.60000000000000, -4.60000000000000 ) );
#2832 = DIRECTION( '', ( 0.000000000000000, 0.000000000000000, 1.00000000000000 ) );
#2833 = DIRECTION( '', ( 1.00000000000000, 0.000000000000000, 0.000000000000000 ) );
#2834 = SURFACE_STYLE_FILL_AREA( #3942 );
#2835 = ORIENTED_EDGE( '', *, *, #3722, .F. );
#2836 = ORIENTED_EDGE( '', *, *, #3609, .T. );
#2837 = ORIENTED_EDGE( '', *, *, #3696, .T. );
#2838 = ORIENTED_EDGE( '', *, *, #3889, .T. );
#2839 = ORIENTED_EDGE( '', *, *, #3943, .F. );
#2840 = ORIENTED_EDGE( '', *, *, #3944, .F. );
#2841 = ORIENTED_EDGE( '', *, *, #3756, .T. );
#2842 = ORIENTED_EDGE( '', *, *, #3784, .F. );
#2843 = CARTESIAN_POINT( '', ( -1.60000000000000, 1.40000000000000, -3.40000000000000 ) );
#2844 = DIRECTION( '', ( 1.00000000000000, 0.000000000000000, 0.000000000000000 ) );
#2845 = DIRECTION( '', ( 0.000000000000000, 0.000000000000000, -1.00000000000000 ) );
#2846 = SURFACE_STYLE_FILL_AREA( #3945 );
#2847 = ORIENTED_EDGE( '', *, *, #3946, .F. );
#2848 = ORIENTED_EDGE( '', *, *, #3947, .F. );
#2849 = ORIENTED_EDGE( '', *, *, #3927, .T. );
#2850 = ORIENTED_EDGE( '', *, *, #3948, .T. );
#2851 = CARTESIAN_POINT( '', ( -7.46000000000000, -1.10000000000000, 2.45000000000000 ) );
#2852 = DIRECTION( '', ( 0.000000000000000, 0.000000000000000, 1.00000000000000 ) );
#2853 = DIRECTION( '', ( 1.00000000000000, 0.000000000000000, 0.000000000000000 ) );
#2854 = SURFACE_STYLE_FILL_AREA( #3949 );
#2855 = ORIENTED_EDGE( '', *, *, #3950, .F. );
#2856 = ORIENTED_EDGE( '', *, *, #3948, .F. );
#2857 = ORIENTED_EDGE( '', *, *, #3928, .T. );
#2858 = ORIENTED_EDGE( '', *, *, #3572, .T. );
#2859 = CARTESIAN_POINT( '', ( -7.46000000000000, -1.75000000000000, 2.45000000000000 ) );
#2860 = DIRECTION( '', ( 0.000000000000000, -1.00000000000000, 0.000000000000000 ) );
#2861 = DIRECTION( '', ( 0.000000000000000, 0.000000000000000, -1.00000000000000 ) );
#2862 = SURFACE_STYLE_FILL_AREA( #3951 );
#2863 = ORIENTED_EDGE( '', *, *, #3952, .F. );
#2864 = ORIENTED_EDGE( '', *, *, #3603, .T. );
#2865 = ORIENTED_EDGE( '', *, *, #3947, .T. );
#2866 = CARTESIAN_POINT( '', ( -7.46000000000000, -1.10000000000000, 4.60000000000000 ) );
#2867 = DIRECTION( '', ( 0.000000000000000, -1.00000000000000, 0.000000000000000 ) );
#2868 = DIRECTION( '', ( 0.000000000000000, 0.000000000000000, -1.00000000000000 ) );
#2869 = SURFACE_STYLE_FILL_AREA( #3953 );
#2870 = ORIENTED_EDGE( '', *, *, #3494, .T. );
#2871 = ORIENTED_EDGE( '', *, *, #3954, .F. );
#2872 = ORIENTED_EDGE( '', *, *, #3624, .F. );
#2873 = ORIENTED_EDGE( '', *, *, #3684, .F. );
#2874 = CARTESIAN_POINT( '', ( -0.400000000000000, 0.000000000000000, -4.72500000000000 ) );
#2875 = DIRECTION( '', ( 0.970142500145332, 0.000000000000000, 0.242535625036333 ) );
#2876 = DIRECTION( '', ( 0.000000000000000, -1.00000000000000, 0.000000000000000 ) );
#2877 = SURFACE_STYLE_FILL_AREA( #3955 );
#2878 = ORIENTED_EDGE( '', *, *, #3865, .F. );
#2879 = ORIENTED_EDGE( '', *, *, #3956, .F. );
#2880 = ORIENTED_EDGE( '', *, *, #3957, .T. );
#2881 = ORIENTED_EDGE( '', *, *, #3700, .T. );
#2882 = CARTESIAN_POINT( '', ( 7.46000000000000, -1.75000000000000, 2.45000000000000 ) );
#2883 = DIRECTION( '', ( 0.000000000000000, 0.000000000000000, 1.00000000000000 ) );
#2884 = DIRECTION( '', ( 1.00000000000000, 0.000000000000000, 0.000000000000000 ) );
#2885 = SURFACE_STYLE_FILL_AREA( #3958 );
#2886 = ORIENTED_EDGE( '', *, *, #3959, .F. );
#2887 = ORIENTED_EDGE( '', *, *, #3960, .F. );
#2888 = ORIENTED_EDGE( '', *, *, #3961, .F. );
#2889 = CARTESIAN_POINT( '', ( 0.000000000000000, -0.600000000000000, 0.000000000000000 ) );
#2890 = DIRECTION( '', ( 0.000000000000000, -1.00000000000000, 0.000000000000000 ) );
#2891 = DIRECTION( '', ( 0.000000000000000, 0.000000000000000, -1.00000000000000 ) );
#2892 = SURFACE_STYLE_FILL_AREA( #3962 );
#2893 = ORIENTED_EDGE( '', *, *, #3742, .F. );
#2894 = ORIENTED_EDGE( '', *, *, #3924, .F. );
#2895 = ORIENTED_EDGE( '', *, *, #3800, .F. );
#2896 = ORIENTED_EDGE( '', *, *, #3852, .F. );
#2897 = ORIENTED_EDGE( '', *, *, #3547, .F. );
#2898 = ORIENTED_EDGE( '', *, *, #3963, .F. );
#2899 = ORIENTED_EDGE( '', *, *, #3917, .F. );
#2900 = ORIENTED_EDGE( '', *, *, #3578, .F. );
#2901 = ORIENTED_EDGE( '', *, *, #3653, .F. );
#2902 = ORIENTED_EDGE( '', *, *, #3427, .F. );
#2903 = ORIENTED_EDGE( '', *, *, #3964, .F. );
#2904 = ORIENTED_EDGE( '', *, *, #3921, .F. );
#2905 = ORIENTED_EDGE( '', *, *, #3539, .F. );
#2906 = ORIENTED_EDGE( '', *, *, #3965, .F. );
#2907 = ORIENTED_EDGE( '', *, *, #3812, .F. );
#2908 = ORIENTED_EDGE( '', *, *, #3842, .F. );
#2909 = CARTESIAN_POINT( '', ( -3.81000000000000, -6.40000000000000, -3.40000000000000 ) );
#2910 = DIRECTION( '', ( 0.000000000000000, 0.000000000000000, 1.00000000000000 ) );
#2911 = DIRECTION( '', ( 1.00000000000000, 0.000000000000000, 0.000000000000000 ) );
#2912 = SURFACE_STYLE_FILL_AREA( #3966 );
#2913 = ORIENTED_EDGE( '', *, *, #3439, .T. );
#2914 = ORIENTED_EDGE( '', *, *, #3967, .F. );
#2915 = ORIENTED_EDGE( '', *, *, #3968, .T. );
#2916 = ORIENTED_EDGE( '', *, *, #3969, .F. );
#2917 = CARTESIAN_POINT( '', ( -0.400000000000000, 0.000000000000000, 4.72500000000000 ) );
#2918 = DIRECTION( '', ( 0.970142500145332, 0.000000000000000, -0.242535625036333 ) );
#2919 = DIRECTION( '', ( 0.000000000000000, 1.00000000000000, 0.000000000000000 ) );
#2920 = SURFACE_STYLE_FILL_AREA( #3970 );
#2921 = ORIENTED_EDGE( '', *, *, #3591, .T. );
#2922 = ORIENTED_EDGE( '', *, *, #3715, .F. );
#2923 = ORIENTED_EDGE( '', *, *, #3845, .T. );
#2924 = ORIENTED_EDGE( '', *, *, #3704, .T. );
#2925 = ORIENTED_EDGE( '', *, *, #3971, .T. );
#2926 = ORIENTED_EDGE( '', *, *, #3737, .T. );
#2927 = CARTESIAN_POINT( '', ( 0.400000000000000, -0.400000000000000, -18.2473190052363 ) );
#2928 = DIRECTION( '', ( -1.35525271560688E-016, 1.00000000000000, 0.000000000000000 ) );
#2929 = DIRECTION( '', ( -1.00000000000000, -1.35525271560688E-016, 0.000000000000000 ) );
#2930 = SURFACE_STYLE_FILL_AREA( #3972 );
#2931 = ORIENTED_EDGE( '', *, *, #3471, .F. );
#2932 = ORIENTED_EDGE( '', *, *, #3770, .T. );
#2933 = ORIENTED_EDGE( '', *, *, #3957, .F. );
#2934 = ORIENTED_EDGE( '', *, *, #3973, .F. );
#2935 = ORIENTED_EDGE( '', *, *, #3558, .F. );
#2936 = ORIENTED_EDGE( '', *, *, #3587, .F. );
#2937 = CARTESIAN_POINT( '', ( 7.46000000000000, 0.000000000000000, 0.000000000000000 ) );
#2938 = DIRECTION( '', ( 1.00000000000000, 0.000000000000000, 0.000000000000000 ) );
#2939 = DIRECTION( '', ( 0.000000000000000, 0.000000000000000, -1.00000000000000 ) );
#2940 = SURFACE_STYLE_FILL_AREA( #3974 );
#2941 = ORIENTED_EDGE( '', *, *, #3864, .F. );
#2942 = ORIENTED_EDGE( '', *, *, #3559, .F. );
#2943 = ORIENTED_EDGE( '', *, *, #3973, .T. );
#2944 = ORIENTED_EDGE( '', *, *, #3956, .T. );
#2945 = CARTESIAN_POINT( '', ( 7.46000000000000, -1.75000000000000, 1.80000000000000 ) );
#2946 = DIRECTION( '', ( 0.000000000000000, -1.00000000000000, 0.000000000000000 ) );
#2947 = DIRECTION( '', ( 0.000000000000000, 0.000000000000000, -1.00000000000000 ) );
#2948 = SURFACE_STYLE_FILL_AREA( #3975 );
#2949 = ORIENTED_EDGE( '', *, *, #3976, .T. );
#2950 = ORIENTED_EDGE( '', *, *, #3581, .T. );
#2951 = ORIENTED_EDGE( '', *, *, #3856, .T. );
#2952 = ORIENTED_EDGE( '', *, *, #3892, .T. );
#2953 = ORIENTED_EDGE( '', *, *, #3789, .T. );
#2954 = ORIENTED_EDGE( '', *, *, #3977, .T. );
#2955 = ORIENTED_EDGE( '', *, *, #3636, .T. );
#2956 = ORIENTED_EDGE( '', *, *, #3885, .T. );
#2957 = ORIENTED_EDGE( '', *, *, #3678, .T. );
#2958 = ORIENTED_EDGE( '', *, *, #3978, .T. );
#2959 = ORIENTED_EDGE( '', *, *, #3943, .T. );
#2960 = ORIENTED_EDGE( '', *, *, #3888, .T. );
#2961 = ORIENTED_EDGE( '', *, *, #3979, .T. );
#2962 = ORIENTED_EDGE( '', *, *, #3817, .T. );
#2963 = ORIENTED_EDGE( '', *, *, #3980, .F. );
#2964 = ORIENTED_EDGE( '', *, *, #3959, .T. );
#2965 = ORIENTED_EDGE( '', *, *, #3981, .T. );
#2966 = ORIENTED_EDGE( '', *, *, #3901, .T. );
#2967 = ORIENTED_EDGE( '', *, *, #3619, .T. );
#2968 = ORIENTED_EDGE( '', *, *, #3750, .T. );
#2969 = ORIENTED_EDGE( '', *, *, #3982, .T. );
#2970 = ORIENTED_EDGE( '', *, *, #3894, .T. );
#2971 = ORIENTED_EDGE( '', *, *, #3983, .T. );
#2972 = ORIENTED_EDGE( '', *, *, #3984, .T. );
#2973 = ORIENTED_EDGE( '', *, *, #3774, .T. );
#2974 = ORIENTED_EDGE( '', *, *, #3786, .T. );
#2975 = ORIENTED_EDGE( '', *, *, #3985, .T. );
#2976 = ORIENTED_EDGE( '', *, *, #3905, .T. );
#2977 = ORIENTED_EDGE( '', *, *, #3986, .T. );
#2978 = ORIENTED_EDGE( '', *, *, #3987, .T. );
#2979 = ORIENTED_EDGE( '', *, *, #3988, .T. );
#2980 = ORIENTED_EDGE( '', *, *, #3847, .F. );
#2981 = ORIENTED_EDGE( '', *, *, #3534, .T. );
#2982 = ORIENTED_EDGE( '', *, *, #3989, .T. );
#2983 = ORIENTED_EDGE( '', *, *, #3562, .T. );
#2984 = ORIENTED_EDGE( '', *, *, #3871, .F. );
#2985 = ORIENTED_EDGE( '', *, *, #3541, .T. );
#2986 = ORIENTED_EDGE( '', *, *, #3920, .T. );
#2987 = ORIENTED_EDGE( '', *, *, #3990, .T. );
#2988 = ORIENTED_EDGE( '', *, *, #3425, .T. );
#2989 = ORIENTED_EDGE( '', *, *, #3652, .T. );
#2990 = ORIENTED_EDGE( '', *, *, #3576, .T. );
#2991 = ORIENTED_EDGE( '', *, *, #3916, .T. );
#2992 = ORIENTED_EDGE( '', *, *, #3991, .T. );
#2993 = ORIENTED_EDGE( '', *, *, #3545, .T. );
#2994 = ORIENTED_EDGE( '', *, *, #3851, .T. );
#2995 = ORIENTED_EDGE( '', *, *, #3798, .T. );
#2996 = ORIENTED_EDGE( '', *, *, #3484, .T. );
#2997 = ORIENTED_EDGE( '', *, *, #3669, .T. );
#2998 = ORIENTED_EDGE( '', *, *, #3730, .T. );
#2999 = ORIENTED_EDGE( '', *, *, #3604, .T. );
#3000 = ORIENTED_EDGE( '', *, *, #3992, .T. );
#3001 = ORIENTED_EDGE( '', *, *, #3459, .F. );
#3002 = ORIENTED_EDGE( '', *, *, #3866, .F. );
#3003 = ORIENTED_EDGE( '', *, *, #3772, .F. );
#3004 = ORIENTED_EDGE( '', *, *, #3863, .F. );
#3005 = ORIENTED_EDGE( '', *, *, #3993, .F. );
#3006 = ORIENTED_EDGE( '', *, *, #3994, .T. );
#3007 = CARTESIAN_POINT( '', ( 6.31000000000000, 3.60000000000000, 4.60000000000000 ) );
#3008 = DIRECTION( '', ( 0.000000000000000, 0.000000000000000, -1.00000000000000 ) );
#3009 = DIRECTION( '', ( -1.00000000000000, 0.000000000000000, 0.000000000000000 ) );
#3010 = SURFACE_STYLE_FILL_AREA( #3995 );
#3011 = ORIENTED_EDGE( '', *, *, #3985, .F. );
#3012 = ORIENTED_EDGE( '', *, *, #3787, .F. );
#3013 = ORIENTED_EDGE( '', *, *, #3508, .T. );
#3014 = ORIENTED_EDGE( '', *, *, #3906, .T. );
#3015 = CARTESIAN_POINT( '', ( 5.41000000000000, 2.90000000000000, -3.40000000000000 ) );
#3016 = DIRECTION( '', ( -0.853281833651958, 0.521450009453976, 0.000000000000000 ) );
#3017 = DIRECTION( '', ( -0.521450009453976, -0.853281833651958, 0.000000000000000 ) );
#3018 = SURFACE_STYLE_FILL_AREA( #3996 );
#3019 = ORIENTED_EDGE( '', *, *, #3849, .F. );
#3020 = ORIENTED_EDGE( '', *, *, #3997, .F. );
#3021 = ORIENTED_EDGE( '', *, *, #3960, .T. );
#3022 = ORIENTED_EDGE( '', *, *, #3980, .T. );
#3023 = CARTESIAN_POINT( '', ( 5.51000000000000, -0.600000000000000, 4.60000000000000 ) );
#3024 = DIRECTION( '', ( -0.999444906979154, 0.000000000000000, 0.0333148302326389 ) );
#3025 = DIRECTION( '', ( 0.0333148302326389, 0.000000000000000, 0.999444906979154 ) );
#3026 = SURFACE_STYLE_FILL_AREA( #3998 );
#3027 = ORIENTED_EDGE( '', *, *, #3935, .T. );
#3028 = ORIENTED_EDGE( '', *, *, #3877, .T. );
#3029 = ORIENTED_EDGE( '', *, *, #3565, .F. );
#3030 = ORIENTED_EDGE( '', *, *, #3475, .F. );
#3031 = CARTESIAN_POINT( '', ( -3.41000000000000, -0.400000000000000, -2.80000000000000 ) );
#3032 = DIRECTION( '', ( -1.18584612615602E-016, -1.87010464903546E-032, 1.00000000000000 ) );
#3033 = DIRECTION( '', ( 1.00000000000000, 0.000000000000000, 1.18584612615602E-016 ) );
#3034 = SURFACE_STYLE_FILL_AREA( #3999 );
#3035 = ORIENTED_EDGE( '', *, *, #3991, .F. );
#3036 = ORIENTED_EDGE( '', *, *, #3918, .F. );
#3037 = ORIENTED_EDGE( '', *, *, #3963, .T. );
#3038 = ORIENTED_EDGE( '', *, *, #3546, .T. );
#3039 = CARTESIAN_POINT( '', ( -2.76000000000000, 2.00000000000000, -3.40000000000000 ) );
#3040 = DIRECTION( '', ( 0.000000000000000, 1.00000000000000, 0.000000000000000 ) );
#3041 = DIRECTION( '', ( 0.000000000000000, 0.000000000000000, 1.00000000000000 ) );
#3042 = SURFACE_STYLE_FILL_AREA( #4000 );
#3043 = ORIENTED_EDGE( '', *, *, #3698, .T. );
#3044 = ORIENTED_EDGE( '', *, *, #4001, .F. );
#3045 = ORIENTED_EDGE( '', *, *, #3720, .F. );
#3046 = ORIENTED_EDGE( '', *, *, #3421, .T. );
#3047 = CARTESIAN_POINT( '', ( -1.00000000000000, 0.900000000000000, -2.60000000000000 ) );
#3048 = DIRECTION( '', ( 0.000000000000000, -1.00000000000000, 0.000000000000000 ) );
#3049 = DIRECTION( '', ( 0.000000000000000, 0.000000000000000, -1.00000000000000 ) );
#3050 = SURFACE_STYLE_FILL_AREA( #4002 );
#3051 = ORIENTED_EDGE( '', *, *, #3735, .T. );
#3052 = ORIENTED_EDGE( '', *, *, #3969, .T. );
#3053 = ORIENTED_EDGE( '', *, *, #4003, .T. );
#3054 = ORIENTED_EDGE( '', *, *, #3954, .T. );
#3055 = CARTESIAN_POINT( '', ( -0.400000000000000, 0.000000000000000, 0.000000000000000 ) );
#3056 = DIRECTION( '', ( -1.00000000000000, 0.000000000000000, 0.000000000000000 ) );
#3057 = DIRECTION( '', ( 0.000000000000000, 0.000000000000000, 1.00000000000000 ) );
#3058 = SURFACE_STYLE_FILL_AREA( #4004 );
#3059 = ORIENTED_EDGE( '', *, *, #3978, .F. );
#3060 = ORIENTED_EDGE( '', *, *, #3677, .F. );
#3061 = ORIENTED_EDGE( '', *, *, #3757, .T. );
#3062 = ORIENTED_EDGE( '', *, *, #3944, .T. );
#3063 = CARTESIAN_POINT( '', ( -1.60000000000000, -2.90000000000000, -3.40000000000000 ) );
#3064 = DIRECTION( '', ( -1.08420217248551E-015, 1.00000000000000, 0.000000000000000 ) );
#3065 = DIRECTION( '', ( -1.00000000000000, -1.08420217248551E-015, 0.000000000000000 ) );
#3066 = SURFACE_STYLE_FILL_AREA( #4005 );
#3067 = ORIENTED_EDGE( '', *, *, #4006, .F. );
#3068 = ORIENTED_EDGE( '', *, *, #3465, .T. );
#3069 = ORIENTED_EDGE( '', *, *, #3514, .T. );
#3070 = ORIENTED_EDGE( '', *, *, #3895, .T. );
#3071 = ORIENTED_EDGE( '', *, *, #3982, .F. );
#3072 = ORIENTED_EDGE( '', *, *, #3752, .F. );
#3073 = ORIENTED_EDGE( '', *, *, #3914, .T. );
#3074 = ORIENTED_EDGE( '', *, *, #4007, .F. );
#3075 = CARTESIAN_POINT( '', ( 2.21000000000000, 1.40000000000000, -3.40000000000000 ) );
#3076 = DIRECTION( '', ( 1.00000000000000, 0.000000000000000, 0.000000000000000 ) );
#3077 = DIRECTION( '', ( 0.000000000000000, 0.000000000000000, -1.00000000000000 ) );
#3078 = SURFACE_STYLE_FILL_AREA( #4008 );
#3079 = ORIENTED_EDGE( '', *, *, #3496, .T. );
#3080 = ORIENTED_EDGE( '', *, *, #3685, .F. );
#3081 = ORIENTED_EDGE( '', *, *, #3622, .F. );
#3082 = ORIENTED_EDGE( '', *, *, #3597, .F. );
#3083 = CARTESIAN_POINT( '', ( 0.200000000000000, -0.400000000000000, -5.52500000000000 ) );
#3084 = DIRECTION( '', ( 0.970142500145332, 0.000000000000000, -0.242535625036333 ) );
#3085 = DIRECTION( '', ( 0.000000000000000, 1.00000000000000, 0.000000000000000 ) );
#3086 = SURFACE_STYLE_FILL_AREA( #4009 );
#3087 = ORIENTED_EDGE( '', *, *, #4010, .T. );
#3088 = ORIENTED_EDGE( '', *, *, #3633, .F. );
#3089 = ORIENTED_EDGE( '', *, *, #3718, .F. );
#3090 = ORIENTED_EDGE( '', *, *, #3629, .T. );
#3091 = CARTESIAN_POINT( '', ( 1.60000000000000, -1.30000000000000, -2.60000000000000 ) );
#3092 = DIRECTION( '', ( 0.000000000000000, 1.00000000000000, 0.000000000000000 ) );
#3093 = DIRECTION( '', ( 0.000000000000000, 0.000000000000000, 1.00000000000000 ) );
#3094 = SURFACE_STYLE_FILL_AREA( #4011 );
#3095 = ORIENTED_EDGE( '', *, *, #4012, .T. );
#3096 = ORIENTED_EDGE( '', *, *, #3967, .T. );
#3097 = ORIENTED_EDGE( '', *, *, #3438, .T. );
#3098 = ORIENTED_EDGE( '', *, *, #3650, .T. );
#3099 = CARTESIAN_POINT( '', ( 0.400000000000000, 0.400000000000000, 5.52500000000000 ) );
#3100 = DIRECTION( '', ( 0.000000000000000, 0.000000000000000, 1.00000000000000 ) );
#3101 = DIRECTION( '', ( 1.00000000000000, 0.000000000000000, 0.000000000000000 ) );
#3102 = SURFACE_STYLE_FILL_AREA( #4013 );
#3103 = ORIENTED_EDGE( '', *, *, #3993, .T. );
#3104 = ORIENTED_EDGE( '', *, *, #3869, .T. );
#3105 = ORIENTED_EDGE( '', *, *, #4014, .F. );
#3106 = ORIENTED_EDGE( '', *, *, #4015, .F. );
#3107 = CARTESIAN_POINT( '', ( -10.9719096167061, 3.40000000000000, 4.60000000000000 ) );
#3108 = DIRECTION( '', ( 0.000000000000000, -1.00000000000000, -1.06752213906265E-015 ) );
#3109 = DIRECTION( '', ( 0.000000000000000, 1.06752213906265E-015, -1.00000000000000 ) );
#3110 = SURFACE_STYLE_FILL_AREA( #4016 );
#3111 = ORIENTED_EDGE( '', *, *, #3965, .T. );
#3112 = ORIENTED_EDGE( '', *, *, #3538, .F. );
#3113 = ORIENTED_EDGE( '', *, *, #4017, .F. );
#3114 = ORIENTED_EDGE( '', *, *, #3813, .T. );
#3115 = CARTESIAN_POINT( '', ( -4.81000000000000, -0.300000000000000, -2.60000000000000 ) );
#3116 = DIRECTION( '', ( 0.000000000000000, -1.00000000000000, 0.000000000000000 ) );
#3117 = DIRECTION( '', ( 0.000000000000000, 0.000000000000000, -1.00000000000000 ) );
#3118 = SURFACE_STYLE_FILL_AREA( #4018 );
#3119 = ORIENTED_EDGE( '', *, *, #3448, .F. );
#3120 = ORIENTED_EDGE( '', *, *, #3519, .F. );
#3121 = ORIENTED_EDGE( '', *, *, #3874, .T. );
#3122 = ORIENTED_EDGE( '', *, *, #3839, .T. );
#3123 = ORIENTED_EDGE( '', *, *, #3728, .T. );
#3124 = ORIENTED_EDGE( '', *, *, #3937, .F. );
#3125 = CARTESIAN_POINT( '', ( -2.43500000000000, -3.60000000000000, -1.55000000000000 ) );
#3126 = DIRECTION( '', ( 1.00000000000000, 0.000000000000000, 0.000000000000000 ) );
#3127 = DIRECTION( '', ( 0.000000000000000, 0.000000000000000, -1.00000000000000 ) );
#3128 = SURFACE_STYLE_FILL_AREA( #4019 );
#3129 = ORIENTED_EDGE( '', *, *, #3987, .F. );
#3130 = ORIENTED_EDGE( '', *, *, #4020, .F. );
#3131 = ORIENTED_EDGE( '', *, *, #3505, .T. );
#3132 = ORIENTED_EDGE( '', *, *, #4021, .T. );
#3133 = CARTESIAN_POINT( '', ( 4.51000000000000, 1.40000000000000, -3.40000000000000 ) );
#3134 = DIRECTION( '', ( 0.000000000000000, -1.00000000000000, 0.000000000000000 ) );
#3135 = DIRECTION( '', ( 0.000000000000000, 0.000000000000000, -1.00000000000000 ) );
#3136 = SURFACE_STYLE_FILL_AREA( #4022 );
#3137 = ORIENTED_EDGE( '', *, *, #3876, .T. );
#3138 = ORIENTED_EDGE( '', *, *, #3836, .F. );
#3139 = ORIENTED_EDGE( '', *, *, #4023, .F. );
#3140 = ORIENTED_EDGE( '', *, *, #3567, .T. );
#3141 = CARTESIAN_POINT( '', ( -4.41000000000000, -0.400000000000000, -4.20000000000000 ) );
#3142 = DIRECTION( '', ( -0.928476690885260, -1.46422755688720E-016, 0.371390676354103 ) );
#3143 = DIRECTION( '', ( 0.371390676354102, 0.000000000000000, 0.928476690885260 ) );
#3144 = SURFACE_STYLE_FILL_AREA( #4024 );
#3145 = ORIENTED_EDGE( '', *, *, #3875, .F. );
#3146 = ORIENTED_EDGE( '', *, *, #3520, .F. );
#3147 = ORIENTED_EDGE( '', *, *, #3462, .T. );
#3148 = ORIENTED_EDGE( '', *, *, #3938, .T. );
#3149 = ORIENTED_EDGE( '', *, *, #3726, .T. );
#3150 = ORIENTED_EDGE( '', *, *, #3838, .F. );
#3151 = CARTESIAN_POINT( '', ( -5.18500000000000, -3.20000000000000, -1.55000000000000 ) );
#3152 = DIRECTION( '', ( -1.00000000000000, 0.000000000000000, 0.000000000000000 ) );
#3153 = DIRECTION( '', ( 0.000000000000000, 0.000000000000000, 1.00000000000000 ) );
#3154 = SURFACE_STYLE_FILL_AREA( #4025 );
#3155 = ORIENTED_EDGE( '', *, *, #3479, .T. );
#3156 = ORIENTED_EDGE( '', *, *, #4026, .T. );
#3157 = ORIENTED_EDGE( '', *, *, #3994, .F. );
#3158 = ORIENTED_EDGE( '', *, *, #4015, .T. );
#3159 = ORIENTED_EDGE( '', *, *, #4027, .T. );
#3160 = ORIENTED_EDGE( '', *, *, #3525, .T. );
#3161 = ORIENTED_EDGE( '', *, *, #3939, .F. );
#3162 = ORIENTED_EDGE( '', *, *, #3460, .F. );
#3163 = ORIENTED_EDGE( '', *, *, #3992, .F. );
#3164 = ORIENTED_EDGE( '', *, *, #3952, .T. );
#3165 = ORIENTED_EDGE( '', *, *, #3946, .T. );
#3166 = ORIENTED_EDGE( '', *, *, #3950, .T. );
#3167 = ORIENTED_EDGE( '', *, *, #3571, .T. );
#3168 = ORIENTED_EDGE( '', *, *, #3747, .T. );
#3169 = CARTESIAN_POINT( '', ( -6.31000000000000, 0.000000000000000, 0.000000000000000 ) );
#3170 = DIRECTION( '', ( 1.00000000000000, 0.000000000000000, 0.000000000000000 ) );
#3171 = DIRECTION( '', ( 0.000000000000000, 0.000000000000000, -1.00000000000000 ) );
#3172 = SURFACE_STYLE_FILL_AREA( #4028 );
#3173 = ORIENTED_EDGE( '', *, *, #3411, .F. );
#3174 = ORIENTED_EDGE( '', *, *, #3642, .F. );
#3175 = ORIENTED_EDGE( '', *, *, #3454, .T. );
#3176 = ORIENTED_EDGE( '', *, *, #3940, .T. );
#3177 = ORIENTED_EDGE( '', *, *, #3808, .T. );
#3178 = ORIENTED_EDGE( '', *, *, #3432, .F. );
#3179 = CARTESIAN_POINT( '', ( 2.43500000000000, -3.20000000000000, -1.55000000000000 ) );
#3180 = DIRECTION( '', ( -1.00000000000000, 0.000000000000000, 0.000000000000000 ) );
#3181 = DIRECTION( '', ( 0.000000000000000, 0.000000000000000, 1.00000000000000 ) );
#3182 = SURFACE_STYLE_FILL_AREA( #4029 );
#3183 = ORIENTED_EDGE( '', *, *, #3868, .T. );
#3184 = ORIENTED_EDGE( '', *, *, #3522, .F. );
#3185 = ORIENTED_EDGE( '', *, *, #4027, .F. );
#3186 = ORIENTED_EDGE( '', *, *, #4014, .T. );
#3187 = CARTESIAN_POINT( '', ( -10.9719096167061, 3.40000000000000, 1.15000000000000 ) );
#3188 = DIRECTION( '', ( -1.00000000000000, -0.000000000000000, -0.000000000000000 ) );
#3189 = DIRECTION( '', ( 0.000000000000000, 0.000000000000000, -1.00000000000000 ) );
#3190 = SURFACE_STYLE_FILL_AREA( #4030 );
#3191 = ORIENTED_EDGE( '', *, *, #3759, .T. );
#3192 = ORIENTED_EDGE( '', *, *, #3738, .F. );
#3193 = ORIENTED_EDGE( '', *, *, #3971, .F. );
#3194 = ORIENTED_EDGE( '', *, *, #3710, .T. );
#3195 = CARTESIAN_POINT( '', ( 0.400000000000000, -0.400000000000000, -3.70000000000000 ) );
#3196 = DIRECTION( '', ( 0.928476690885260, 1.46422755688720E-016, 0.371390676354103 ) );
#3197 = DIRECTION( '', ( 0.371390676354103, 0.000000000000000, -0.928476690885260 ) );
#3198 = SURFACE_STYLE_FILL_AREA( #4031 );
#3199 = ORIENTED_EDGE( '', *, *, #3976, .F. );
#3200 = ORIENTED_EDGE( '', *, *, #3819, .F. );
#3201 = ORIENTED_EDGE( '', *, *, #3692, .T. );
#3202 = ORIENTED_EDGE( '', *, *, #3582, .T. );
#3203 = CARTESIAN_POINT( '', ( -1.60000000000000, 2.90000000000000, -3.40000000000000 ) );
#3204 = DIRECTION( '', ( 0.853281833651957, 0.521450009453978, 0.000000000000000 ) );
#3205 = DIRECTION( '', ( -0.521450009453978, 0.853281833651957, 0.000000000000000 ) );
#3206 = SURFACE_STYLE_FILL_AREA( #4032 );
#3207 = ORIENTED_EDGE( '', *, *, #3979, .F. );
#3208 = ORIENTED_EDGE( '', *, *, #3890, .F. );
#3209 = ORIENTED_EDGE( '', *, *, #3694, .T. );
#3210 = ORIENTED_EDGE( '', *, *, #3818, .T. );
#3211 = CARTESIAN_POINT( '', ( -0.700000000000000, 2.00000000000000, -3.40000000000000 ) );
#3212 = DIRECTION( '', ( 1.00000000000000, 0.000000000000000, 0.000000000000000 ) );
#3213 = DIRECTION( '', ( 0.000000000000000, 0.000000000000000, -1.00000000000000 ) );
#3214 = SURFACE_STYLE_FILL_AREA( #4033 );
#3215 = ORIENTED_EDGE( '', *, *, #3824, .T. );
#3216 = ORIENTED_EDGE( '', *, *, #3568, .F. );
#3217 = ORIENTED_EDGE( '', *, *, #4023, .T. );
#3218 = ORIENTED_EDGE( '', *, *, #3835, .T. );
#3219 = ORIENTED_EDGE( '', *, *, #3830, .T. );
#3220 = ORIENTED_EDGE( '', *, *, #3934, .T. );
#3221 = CARTESIAN_POINT( '', ( -3.41000000000000, -0.400000000000000, -18.2473190052363 ) );
#3222 = DIRECTION( '', ( -1.35525271560688E-016, 1.00000000000000, 0.000000000000000 ) );
#3223 = DIRECTION( '', ( -1.00000000000000, -1.35525271560688E-016, 0.000000000000000 ) );
#3224 = SURFACE_STYLE_FILL_AREA( #4034 );
#3225 = ORIENTED_EDGE( '', *, *, #3909, .T. );
#3226 = ORIENTED_EDGE( '', *, *, #3796, .F. );
#3227 = ORIENTED_EDGE( '', *, *, #4035, .F. );
#3228 = ORIENTED_EDGE( '', *, *, #3880, .T. );
#3229 = CARTESIAN_POINT( '', ( -2.21000000000000, -1.30000000000000, -2.60000000000000 ) );
#3230 = DIRECTION( '', ( 0.000000000000000, 1.00000000000000, 0.000000000000000 ) );
#3231 = DIRECTION( '', ( 0.000000000000000, 0.000000000000000, 1.00000000000000 ) );
#3232 = SURFACE_STYLE_FILL_AREA( #4036 );
#3233 = ORIENTED_EDGE( '', *, *, #3984, .F. );
#3234 = ORIENTED_EDGE( '', *, *, #4037, .F. );
#3235 = ORIENTED_EDGE( '', *, *, #3511, .T. );
#3236 = ORIENTED_EDGE( '', *, *, #3775, .T. );
#3237 = CARTESIAN_POINT( '', ( 2.76000000000000, 2.00000000000000, -3.40000000000000 ) );
#3238 = DIRECTION( '', ( 0.000000000000000, 1.00000000000000, 0.000000000000000 ) );
#3239 = DIRECTION( '', ( 0.000000000000000, 0.000000000000000, 1.00000000000000 ) );
#3240 = SURFACE_STYLE_FILL_AREA( #4038 );
#3241 = ORIENTED_EDGE( '', *, *, #4003, .F. );
#3242 = ORIENTED_EDGE( '', *, *, #4039, .T. );
#3243 = ORIENTED_EDGE( '', *, *, #3594, .T. );
#3244 = ORIENTED_EDGE( '', *, *, #3625, .T. );
#3245 = CARTESIAN_POINT( '', ( 0.400000000000000, 0.400000000000000, 5.52500000000000 ) );
#3246 = DIRECTION( '', ( 0.000000000000000, 1.00000000000000, 0.000000000000000 ) );
#3247 = DIRECTION( '', ( 0.000000000000000, 0.000000000000000, 1.00000000000000 ) );
#3248 = SURFACE_STYLE_FILL_AREA( #4040 );
#3249 = ORIENTED_EDGE( '', *, *, #4010, .F. );
#3250 = ORIENTED_EDGE( '', *, *, #3628, .T. );
#3251 = ORIENTED_EDGE( '', *, *, #3673, .F. );
#3252 = ORIENTED_EDGE( '', *, *, #3886, .F. );
#3253 = ORIENTED_EDGE( '', *, *, #3634, .F. );
#3254 = CARTESIAN_POINT( '', ( -8.67361737988404E-016, -6.40000000000000, -3.40000000000000 ) );
#3255 = DIRECTION( '', ( 0.000000000000000, 0.000000000000000, 1.00000000000000 ) );
#3256 = DIRECTION( '', ( 1.00000000000000, 0.000000000000000, 0.000000000000000 ) );
#3257 = SURFACE_STYLE_FILL_AREA( #4041 );
#3258 = ORIENTED_EDGE( '', *, *, #3986, .F. );
#3259 = ORIENTED_EDGE( '', *, *, #3907, .F. );
#3260 = ORIENTED_EDGE( '', *, *, #3506, .T. );
#3261 = ORIENTED_EDGE( '', *, *, #4020, .T. );
#3262 = CARTESIAN_POINT( '', ( 4.51000000000000, 2.00000000000000, -3.40000000000000 ) );
#3263 = DIRECTION( '', ( -1.00000000000000, 0.000000000000000, 0.000000000000000 ) );
#3264 = DIRECTION( '', ( 0.000000000000000, 0.000000000000000, 1.00000000000000 ) );
#3265 = SURFACE_STYLE_FILL_AREA( #4042 );
#3266 = ORIENTED_EDGE( '', *, *, #3533, .F. );
#3267 = ORIENTED_EDGE( '', *, *, #3563, .F. );
#3268 = ORIENTED_EDGE( '', *, *, #3989, .F. );
#3269 = CARTESIAN_POINT( '', ( 0.000000000000000, -0.600000000000000, 0.000000000000000 ) );
#3270 = DIRECTION( '', ( 0.000000000000000, -1.00000000000000, 0.000000000000000 ) );
#3271 = DIRECTION( '', ( 0.000000000000000, 0.000000000000000, -1.00000000000000 ) );
#3272 = SURFACE_STYLE_FILL_AREA( #4043 );
#3273 = ORIENTED_EDGE( '', *, *, #3740, .T. );
#3274 = ORIENTED_EDGE( '', *, *, #3763, .T. );
#3275 = ORIENTED_EDGE( '', *, *, #3712, .F. );
#3276 = ORIENTED_EDGE( '', *, *, #3660, .F. );
#3277 = CARTESIAN_POINT( '', ( 0.400000000000000, -0.400000000000000, -2.80000000000000 ) );
#3278 = DIRECTION( '', ( -1.18584612615602E-016, -1.87010464903546E-032, 1.00000000000000 ) );
#3279 = DIRECTION( '', ( 1.00000000000000, 0.000000000000000, 1.18584612615602E-016 ) );
#3280 = SURFACE_STYLE_FILL_AREA( #4044 );
#3281 = ORIENTED_EDGE( '', *, *, #3697, .T. );
#3282 = ORIENTED_EDGE( '', *, *, #3611, .F. );
#3283 = ORIENTED_EDGE( '', *, *, #3721, .F. );
#3284 = ORIENTED_EDGE( '', *, *, #4001, .T. );
#3285 = CARTESIAN_POINT( '', ( -1.00000000000000, 0.900000000000000, -2.60000000000000 ) );
#3286 = DIRECTION( '', ( 1.00000000000000, 0.000000000000000, 0.000000000000000 ) );
#3287 = DIRECTION( '', ( 0.000000000000000, 0.000000000000000, -1.00000000000000 ) );
#3288 = SURFACE_STYLE_FILL_AREA( #4045 );
#3289 = ORIENTED_EDGE( '', *, *, #3913, .T. );
#3290 = ORIENTED_EDGE( '', *, *, #3805, .F. );
#3291 = ORIENTED_EDGE( '', *, *, #4046, .F. );
#3292 = ORIENTED_EDGE( '', *, *, #4007, .T. );
#3293 = CARTESIAN_POINT( '', ( 2.21000000000000, -1.30000000000000, -2.60000000000000 ) );
#3294 = DIRECTION( '', ( 0.000000000000000, 1.00000000000000, 0.000000000000000 ) );
#3295 = DIRECTION( '', ( 0.000000000000000, 0.000000000000000, 1.00000000000000 ) );
#3296 = SURFACE_STYLE_FILL_AREA( #4047 );
#3297 = ORIENTED_EDGE( '', *, *, #3961, .T. );
#3298 = ORIENTED_EDGE( '', *, *, #3997, .T. );
#3299 = ORIENTED_EDGE( '', *, *, #3848, .F. );
#3300 = ORIENTED_EDGE( '', *, *, #3988, .F. );
#3301 = ORIENTED_EDGE( '', *, *, #4021, .F. );
#3302 = ORIENTED_EDGE( '', *, *, #3504, .T. );
#3303 = ORIENTED_EDGE( '', *, *, #3899, .F. );
#3304 = ORIENTED_EDGE( '', *, *, #4048, .F. );
#3305 = ORIENTED_EDGE( '', *, *, #3766, .T. );
#3306 = ORIENTED_EDGE( '', *, *, #4049, .T. );
#3307 = ORIENTED_EDGE( '', *, *, #3902, .T. );
#3308 = ORIENTED_EDGE( '', *, *, #3981, .F. );
#3309 = CARTESIAN_POINT( '', ( 5.41000000000000, 1.40000000000000, -3.40000000000000 ) );
#3310 = DIRECTION( '', ( -1.00000000000000, 0.000000000000000, 0.000000000000000 ) );
#3311 = DIRECTION( '', ( 0.000000000000000, 0.000000000000000, 1.00000000000000 ) );
#3312 = SURFACE_STYLE_FILL_AREA( #4050 );
#3313 = ORIENTED_EDGE( '', *, *, #3452, .F. );
#3314 = ORIENTED_EDGE( '', *, *, #3530, .F. );
#3315 = ORIENTED_EDGE( '', *, *, #3760, .T. );
#3316 = ORIENTED_EDGE( '', *, *, #3708, .T. );
#3317 = ORIENTED_EDGE( '', *, *, #3647, .T. );
#3318 = ORIENTED_EDGE( '', *, *, #3941, .F. );
#3319 = CARTESIAN_POINT( '', ( 1.37500000000000, -3.60000000000000, -1.55000000000000 ) );
#3320 = DIRECTION( '', ( 1.00000000000000, 0.000000000000000, 0.000000000000000 ) );
#3321 = DIRECTION( '', ( 0.000000000000000, 0.000000000000000, -1.00000000000000 ) );
#3322 = SURFACE_STYLE_FILL_AREA( #4051 );
#3323 = ORIENTED_EDGE( '', *, *, #3649, .T. );
#3324 = ORIENTED_EDGE( '', *, *, #4039, .F. );
#3325 = ORIENTED_EDGE( '', *, *, #3968, .F. );
#3326 = ORIENTED_EDGE( '', *, *, #4012, .F. );
#3327 = CARTESIAN_POINT( '', ( 0.400000000000000, 0.200000000000000, 5.52500000000000 ) );
#3328 = DIRECTION( '', ( -0.000000000000000, -0.970142500145332, -0.242535625036333 ) );
#3329 = DIRECTION( '', ( -1.00000000000000, 0.000000000000000, 0.000000000000000 ) );
#3330 = SURFACE_STYLE_FILL_AREA( #4052 );
#3331 = ORIENTED_EDGE( '', *, *, #3482, .F. );
#3332 = ORIENTED_EDGE( '', *, *, #3605, .F. );
#3333 = ORIENTED_EDGE( '', *, *, #4026, .F. );
#3334 = CARTESIAN_POINT( '', ( -7.46000000000000, -0.500000000000000, 2.45000000000000 ) );
#3335 = DIRECTION( '', ( 0.000000000000000, 1.00000000000000, 0.000000000000000 ) );
#3336 = DIRECTION( '', ( 0.000000000000000, 0.000000000000000, 1.00000000000000 ) );
#3337 = SURFACE_STYLE_FILL_AREA( #4053 );
#3338 = ORIENTED_EDGE( '', *, *, #3765, .F. );
#3339 = ORIENTED_EDGE( '', *, *, #3931, .T. );
#3340 = ORIENTED_EDGE( '', *, *, #3613, .F. );
#3341 = ORIENTED_EDGE( '', *, *, #3903, .F. );
#3342 = ORIENTED_EDGE( '', *, *, #4049, .F. );
#3343 = CARTESIAN_POINT( '', ( 3.81000000000000, -6.40000000000000, -3.40000000000000 ) );
#3344 = DIRECTION( '', ( 0.000000000000000, 0.000000000000000, 1.00000000000000 ) );
#3345 = DIRECTION( '', ( 1.00000000000000, 0.000000000000000, 0.000000000000000 ) );
#3346 = SURFACE_STYLE_FILL_AREA( #4054 );
#3347 = ORIENTED_EDGE( '', *, *, #3990, .F. );
#3348 = ORIENTED_EDGE( '', *, *, #3922, .F. );
#3349 = ORIENTED_EDGE( '', *, *, #3964, .T. );
#3350 = ORIENTED_EDGE( '', *, *, #3426, .T. );
#3351 = CARTESIAN_POINT( '', ( -4.51000000000000, 2.00000000000000, -3.40000000000000 ) );
#3352 = DIRECTION( '', ( 1.00000000000000, 0.000000000000000, 0.000000000000000 ) );
#3353 = DIRECTION( '', ( 0.000000000000000, 0.000000000000000, -1.00000000000000 ) );
#3354 = SURFACE_STYLE_FILL_AREA( #4055 );
#3355 = ORIENTED_EDGE( '', *, *, #3983, .F. );
#3356 = ORIENTED_EDGE( '', *, *, #3896, .F. );
#3357 = ORIENTED_EDGE( '', *, *, #3512, .T. );
#3358 = ORIENTED_EDGE( '', *, *, #4037, .T. );
#3359 = CARTESIAN_POINT( '', ( 3.11000000000000, 2.00000000000000, -3.40000000000000 ) );
#3360 = DIRECTION( '', ( 1.00000000000000, 0.000000000000000, 0.000000000000000 ) );
#3361 = DIRECTION( '', ( 0.000000000000000, 0.000000000000000, -1.00000000000000 ) );
#3362 = SURFACE_STYLE_FILL_AREA( #4056 );
#3363 = ORIENTED_EDGE( '', *, *, #3911, .F. );
#3364 = ORIENTED_EDGE( '', *, *, #3861, .T. );
#3365 = ORIENTED_EDGE( '', *, *, #3665, .T. );
#3366 = ORIENTED_EDGE( '', *, *, #3881, .T. );
#3367 = ORIENTED_EDGE( '', *, *, #4035, .T. );
#3368 = ORIENTED_EDGE( '', *, *, #3795, .T. );
#3369 = ORIENTED_EDGE( '', *, *, #3925, .T. );
#3370 = ORIENTED_EDGE( '', *, *, #3744, .T. );
#3371 = ORIENTED_EDGE( '', *, *, #3843, .T. );
#3372 = ORIENTED_EDGE( '', *, *, #3814, .T. );
#3373 = ORIENTED_EDGE( '', *, *, #4017, .T. );
#3374 = ORIENTED_EDGE( '', *, *, #3537, .T. );
#3375 = ORIENTED_EDGE( '', *, *, #3444, .T. );
#3376 = CARTESIAN_POINT( '', ( -3.81000000000000, -2.90000000000000, -2.60000000000000 ) );
#3377 = DIRECTION( '', ( 0.000000000000000, 0.000000000000000, 1.00000000000000 ) );
#3378 = DIRECTION( '', ( 1.00000000000000, 0.000000000000000, 0.000000000000000 ) );
#3379 = SURFACE_STYLE_FILL_AREA( #4057 );
#3380 = ORIENTED_EDGE( '', *, *, #3977, .F. );
#3381 = ORIENTED_EDGE( '', *, *, #3791, .F. );
#3382 = ORIENTED_EDGE( '', *, *, #3688, .T. );
#3383 = ORIENTED_EDGE( '', *, *, #3637, .T. );
#3384 = CARTESIAN_POINT( '', ( 0.700000000000000, 1.40000000000000, -3.40000000000000 ) );
#3385 = DIRECTION( '', ( 0.000000000000000, -1.00000000000000, 0.000000000000000 ) );
#3386 = DIRECTION( '', ( 0.000000000000000, 0.000000000000000, -1.00000000000000 ) );
#3387 = SURFACE_STYLE_FILL_AREA( #4058 );
#3388 = ORIENTED_EDGE( '', *, *, #3671, .F. );
#3389 = ORIENTED_EDGE( '', *, *, #3804, .T. );
#3390 = ORIENTED_EDGE( '', *, *, #3615, .T. );
#3391 = ORIENTED_EDGE( '', *, *, #3932, .T. );
#3392 = ORIENTED_EDGE( '', *, *, #3767, .T. );
#3393 = ORIENTED_EDGE( '', *, *, #4048, .T. );
#3394 = ORIENTED_EDGE( '', *, *, #3898, .T. );
#3395 = ORIENTED_EDGE( '', *, *, #3600, .T. );
#3396 = ORIENTED_EDGE( '', *, *, #3833, .T. );
#3397 = ORIENTED_EDGE( '', *, *, #3821, .T. );
#3398 = ORIENTED_EDGE( '', *, *, #3466, .T. );
#3399 = ORIENTED_EDGE( '', *, *, #4006, .T. );
#3400 = ORIENTED_EDGE( '', *, *, #4046, .T. );
#3401 = CARTESIAN_POINT( '', ( 3.81000000000000, -2.90000000000000, -2.60000000000000 ) );
#3402 = DIRECTION( '', ( 0.000000000000000, 0.000000000000000, 1.00000000000000 ) );
#3403 = DIRECTION( '', ( 1.00000000000000, 0.000000000000000, 0.000000000000000 ) );
#3405 = FILL_AREA_STYLE( '', ( #4059 ) );
#3406 = EDGE_CURVE( '', #4060, #4061, #4062, .T. );
#3407 = EDGE_CURVE( '', #4063, #4060, #4064, .T. );
#3408 = EDGE_CURVE( '', #4065, #4063, #4066, .T. );
#3409 = EDGE_CURVE( '', #4067, #4065, #4068, .T. );
#3410 = EDGE_CURVE( '', #4069, #4067, #4070, .F. );
#3411 = EDGE_CURVE( '', #4069, #4071, #4072, .T. );
#3412 = EDGE_CURVE( '', #4073, #4071, #4074, .T. );
#3413 = EDGE_CURVE( '', #4075, #4073, #4076, .T. );
#3414 = EDGE_CURVE( '', #4077, #4075, #4078, .T. );
#3415 = EDGE_CURVE( '', #4061, #4077, #4079, .T. );
#3416 = FILL_AREA_STYLE( '', ( #4080 ) );
#3417 = EDGE_CURVE( '', #4081, #4081, #4082, .F. );
#3418 = EDGE_CURVE( '', #4083, #4083, #4084, .T. );
#3419 = FILL_AREA_STYLE( '', ( #4085 ) );
#3420 = EDGE_CURVE( '', #4086, #4087, #4088, .T. );
#3421 = EDGE_CURVE( '', #4089, #4087, #4090, .T. );
#3422 = EDGE_CURVE( '', #4091, #4089, #4092, .T. );
#3423 = EDGE_CURVE( '', #4091, #4086, #4093, .T. );
#3424 = FILL_AREA_STYLE( '', ( #4094 ) );
#3425 = EDGE_CURVE( '', #4095, #4096, #4097, .T. );
#3426 = EDGE_CURVE( '', #4098, #4095, #4099, .T. );
#3427 = EDGE_CURVE( '', #4098, #4100, #4101, .T. );
#3428 = EDGE_CURVE( '', #4100, #4096, #4102, .T. );
#3429 = FILL_AREA_STYLE( '', ( #4103 ) );
#3430 = EDGE_CURVE( '', #4104, #4105, #4106, .T. );
#3431 = EDGE_CURVE( '', #4104, #4073, #4107, .T. );
#3432 = EDGE_CURVE( '', #4071, #4108, #4109, .T. );
#3433 = EDGE_CURVE( '', #4108, #4110, #4111, .F. );
#3434 = EDGE_CURVE( '', #4065, #4110, #4112, .T. );
#3435 = EDGE_CURVE( '', #4105, #4063, #4113, .T. );
#3436 = FILL_AREA_STYLE( '', ( #4114 ) );
#3437 = EDGE_CURVE( '', #4115, #4116, #4117, .T. );
#3438 = EDGE_CURVE( '', #4118, #4116, #4119, .T. );
#3439 = EDGE_CURVE( '', #4120, #4118, #4121, .F. );
#3440 = EDGE_CURVE( '', #4115, #4120, #4122, .T. );
#3441 = FILL_AREA_STYLE( '', ( #4123 ) );
#3442 = EDGE_CURVE( '', #4124, #4125, #4126, .T. );
#3443 = EDGE_CURVE( '', #4127, #4125, #4128, .T. );
#3444 = EDGE_CURVE( '', #4129, #4127, #4130, .T. );
#3445 = EDGE_CURVE( '', #4129, #4124, #4131, .T. );
#3446 = FILL_AREA_STYLE( '', ( #4132 ) );
#3447 = EDGE_CURVE( '', #4133, #4134, #4135, .F. );
#3448 = EDGE_CURVE( '', #4133, #4136, #4137, .T. );
#3449 = EDGE_CURVE( '', #4138, #4136, #4139, .T. );
#3450 = EDGE_CURVE( '', #4140, #4138, #4141, .T. );
#3451 = EDGE_CURVE( '', #4142, #4140, #4143, .F. );
#3452 = EDGE_CURVE( '', #4142, #4144, #4145, .T. );
#3453 = EDGE_CURVE( '', #4146, #4144, #4147, .T. );
#3454 = EDGE_CURVE( '', #4148, #4146, #4149, .T. );
#3455 = EDGE_CURVE( '', #4150, #4148, #4151, .F. );
#3456 = EDGE_CURVE( '', #4150, #4152, #4153, .T. );
#3457 = EDGE_CURVE( '', #4154, #4152, #4155, .T. );
#3458 = EDGE_CURVE( '', #4156, #4154, #4157, .T. );
#3459 = EDGE_CURVE( '', #4156, #4158, #4159, .T. );
#3460 = EDGE_CURVE( '', #4158, #4160, #4161, .T. );
#3461 = EDGE_CURVE( '', #4162, #4160, #4163, .T. );
#3462 = EDGE_CURVE( '', #4134, #4162, #4164, .T. );
#3463 = FILL_AREA_STYLE( '', ( #4165 ) );
#3464 = EDGE_CURVE( '', #4166, #4167, #4168, .T. );
#3465 = EDGE_CURVE( '', #4169, #4167, #4170, .T. );
#3466 = EDGE_CURVE( '', #4171, #4169, #4172, .T. );
#3467 = EDGE_CURVE( '', #4171, #4166, #4173, .T. );
#3468 = FILL_AREA_STYLE( '', ( #4174 ) );
#3469 = EDGE_CURVE( '', #4175, #4176, #4177, .T. );
#3470 = EDGE_CURVE( '', #4178, #4175, #4179, .T. );
#3471 = EDGE_CURVE( '', #4178, #4180, #4181, .T. );
#3472 = EDGE_CURVE( '', #4180, #4176, #4182, .T. );
#3473 = FILL_AREA_STYLE( '', ( #4183 ) );
#3474 = EDGE_CURVE( '', #4184, #4185, #4186, .T. );
#3475 = EDGE_CURVE( '', #4184, #4187, #4188, .T. );
#3476 = EDGE_CURVE( '', #4187, #4189, #4190, .T. );
#3477 = EDGE_CURVE( '', #4189, #4185, #4191, .T. );
#3478 = FILL_AREA_STYLE( '', ( #4192 ) );
#3479 = EDGE_CURVE( '', #4193, #4194, #4195, .T. );
#3480 = EDGE_CURVE( '', #4196, #4193, #4197, .T. );
#3481 = EDGE_CURVE( '', #4196, #4198, #4199, .T. );
#3482 = EDGE_CURVE( '', #4198, #4194, #4200, .T. );
#3483 = FILL_AREA_STYLE( '', ( #4201 ) );
#3484 = EDGE_CURVE( '', #4202, #4203, #4204, .T. );
#3485 = EDGE_CURVE( '', #4205, #4202, #4206, .T. );
#3486 = EDGE_CURVE( '', #4205, #4207, #4208, .T. );
#3487 = EDGE_CURVE( '', #4207, #4203, #4209, .T. );
#3488 = FILL_AREA_STYLE( '', ( #4210 ) );
#3489 = EDGE_CURVE( '', #4211, #4212, #4213, .T. );
#3490 = EDGE_CURVE( '', #4211, #4214, #4215, .T. );
#3491 = EDGE_CURVE( '', #4214, #4216, #4217, .T. );
#3492 = EDGE_CURVE( '', #4216, #4212, #4218, .T. );
#3493 = FILL_AREA_STYLE( '', ( #4219 ) );
#3494 = EDGE_CURVE( '', #4220, #4221, #4222, .F. );
#3495 = EDGE_CURVE( '', #4223, #4220, #4224, .T. );
#3496 = EDGE_CURVE( '', #4225, #4223, #4226, .F. );
#3497 = EDGE_CURVE( '', #4221, #4225, #4227, .T. );
#3498 = FILL_AREA_STYLE( '', ( #4228 ) );
#3499 = EDGE_CURVE( '', #4229, #4229, #4230, .T. );
#3500 = EDGE_CURVE( '', #4231, #4231, #4232, .T. );
#3501 = FILL_AREA_STYLE( '', ( #4233 ) );
#3502 = EDGE_CURVE( '', #4234, #4235, #4236, .T. );
#3503 = EDGE_CURVE( '', #4237, #4234, #4238, .T. );
#3504 = EDGE_CURVE( '', #4239, #4237, #4240, .T. );
#3505 = EDGE_CURVE( '', #4241, #4239, #4242, .T. );
#3506 = EDGE_CURVE( '', #4243, #4241, #4244, .T. );
#3507 = EDGE_CURVE( '', #4245, #4243, #4246, .T. );
#3508 = EDGE_CURVE( '', #4247, #4245, #4248, .T. );
#3509 = EDGE_CURVE( '', #4249, #4247, #4250, .T. );
#3510 = EDGE_CURVE( '', #4251, #4249, #4252, .T. );
#3511 = EDGE_CURVE( '', #4253, #4251, #4254, .T. );
#3512 = EDGE_CURVE( '', #4255, #4253, #4256, .T. );
#3513 = EDGE_CURVE( '', #4257, #4255, #4258, .T. );
#3514 = EDGE_CURVE( '', #4167, #4257, #4259, .T. );
#3515 = EDGE_CURVE( '', #4260, #4166, #4261, .T. );
#3516 = EDGE_CURVE( '', #4235, #4260, #4262, .T. );
#3517 = FILL_AREA_STYLE( '', ( #4263 ) );
#3518 = EDGE_CURVE( '', #4264, #4265, #4266, .F. );
#3519 = EDGE_CURVE( '', #4265, #4133, #4267, .F. );
#3520 = EDGE_CURVE( '', #4134, #4264, #4268, .F. );
#3521 = FILL_AREA_STYLE( '', ( #4269 ) );
#3522 = EDGE_CURVE( '', #4270, #4271, #4272, .T. );
#3523 = EDGE_CURVE( '', #4271, #4273, #4274, .T. );
#3524 = EDGE_CURVE( '', #4275, #4273, #4276, .T. );
#3525 = EDGE_CURVE( '', #4270, #4275, #4277, .T. );
#3526 = FILL_AREA_STYLE( '', ( #4278 ) );
#3527 = EDGE_CURVE( '', #4279, #4279, #4280, .F. );
#3528 = FILL_AREA_STYLE( '', ( #4281 ) );
#3529 = EDGE_CURVE( '', #4282, #4283, #4284, .F. );
#3530 = EDGE_CURVE( '', #4283, #4142, #4285, .F. );
#3531 = EDGE_CURVE( '', #4140, #4282, #4286, .F. );
#3532 = FILL_AREA_STYLE( '', ( #4287 ) );
#3533 = EDGE_CURVE( '', #4288, #4289, #4290, .T. );
#3534 = EDGE_CURVE( '', #4291, #4289, #4292, .T. );
#3535 = EDGE_CURVE( '', #4293, #4291, #4294, .T. );
#3536 = EDGE_CURVE( '', #4293, #4124, #4295, .T. );
#3537 = EDGE_CURVE( '', #4296, #4129, #4297, .T. );
#3538 = EDGE_CURVE( '', #4296, #4298, #4299, .T. );
#3539 = EDGE_CURVE( '', #4298, #4300, #4301, .T. );
#3540 = EDGE_CURVE( '', #4300, #4302, #4303, .T. );
#3541 = EDGE_CURVE( '', #4304, #4302, #4305, .T. );
#3542 = EDGE_CURVE( '', #4306, #4304, #4307, .T. );
#3543 = EDGE_CURVE( '', #4288, #4306, #4308, .T. );
#3544 = FILL_AREA_STYLE( '', ( #4309 ) );
#3545 = EDGE_CURVE( '', #4310, #4311, #4312, .T. );
#3546 = EDGE_CURVE( '', #4313, #4310, #4314, .T. );
#3547 = EDGE_CURVE( '', #4313, #4315, #4316, .T. );
#3548 = EDGE_CURVE( '', #4315, #4311, #4317, .T. );
#3549 = FILL_AREA_STYLE( '', ( #4318 ) );
#3550 = EDGE_CURVE( '', #4319, #4320, #4321, .T. );
#3551 = EDGE_CURVE( '', #4322, #4320, #4323, .T. );
#3552 = EDGE_CURVE( '', #4322, #4104, #4324, .T. );
#3553 = EDGE_CURVE( '', #4105, #4325, #4326, .T. );
#3554 = EDGE_CURVE( '', #4325, #4319, #4327, .T. );
#3555 = FILL_AREA_STYLE( '', ( #4328 ) );
#3556 = EDGE_CURVE( '', #4329, #4330, #4331, .T. );
#3557 = EDGE_CURVE( '', #4332, #4329, #4333, .T. );
#3558 = EDGE_CURVE( '', #4332, #4334, #4335, .T. );
#3559 = EDGE_CURVE( '', #4334, #4330, #4336, .T. );
#3560 = FILL_AREA_STYLE( '', ( #4337 ) );
#3561 = EDGE_CURVE( '', #4338, #4306, #4339, .T. );
#3562 = EDGE_CURVE( '', #4340, #4338, #4341, .T. );
#3563 = EDGE_CURVE( '', #4340, #4288, #4342, .T. );
#3564 = FILL_AREA_STYLE( '', ( #4343 ) );
#3565 = EDGE_CURVE( '', #4187, #4344, #4345, .T. );
#3566 = EDGE_CURVE( '', #4344, #4346, #4347, .T. );
#3567 = EDGE_CURVE( '', #4348, #4346, #4349, .T. );
#3568 = EDGE_CURVE( '', #4348, #4350, #4351, .T. );
#3569 = EDGE_CURVE( '', #4350, #4189, #4352, .T. );
#3570 = FILL_AREA_STYLE( '', ( #4353 ) );
#3571 = EDGE_CURVE( '', #4354, #4355, #4356, .T. );
#3572 = EDGE_CURVE( '', #4357, #4354, #4358, .T. );
#3573 = EDGE_CURVE( '', #4357, #4359, #4360, .T. );
#3574 = EDGE_CURVE( '', #4359, #4355, #4361, .T. );
#3575 = FILL_AREA_STYLE( '', ( #4362 ) );
#3576 = EDGE_CURVE( '', #4363, #4364, #4365, .T. );
#3577 = EDGE_CURVE( '', #4366, #4363, #4367, .T. );
#3578 = EDGE_CURVE( '', #4366, #4368, #4369, .T. );
#3579 = EDGE_CURVE( '', #4368, #4364, #4370, .T. );
#3580 = FILL_AREA_STYLE( '', ( #4371 ) );
#3581 = EDGE_CURVE( '', #4372, #4373, #4374, .T. );
#3582 = EDGE_CURVE( '', #4375, #4372, #4376, .T. );
#3583 = EDGE_CURVE( '', #4375, #4377, #4378, .T. );
#3584 = EDGE_CURVE( '', #4377, #4373, #4379, .T. );
#3585 = FILL_AREA_STYLE( '', ( #4380 ) );
#3586 = EDGE_CURVE( '', #4176, #4329, #4381, .T. );
#3587 = EDGE_CURVE( '', #4180, #4332, #4382, .T. );
#3588 = FILL_AREA_STYLE( '', ( #4383 ) );
#3589 = EDGE_CURVE( '', #4384, #4385, #4386, .T. );
#3590 = EDGE_CURVE( '', #4387, #4384, #4388, .T. );
#3591 = EDGE_CURVE( '', #4389, #4387, #4390, .T. );
#3592 = EDGE_CURVE( '', #4385, #4389, #4391, .T. );
#3593 = FILL_AREA_STYLE( '', ( #4392 ) );
#3594 = EDGE_CURVE( '', #4393, #4394, #4395, .T. );
#3595 = EDGE_CURVE( '', #4393, #4115, #4396, .T. );
#3596 = EDGE_CURVE( '', #4225, #4115, #4397, .T. );
#3597 = EDGE_CURVE( '', #4225, #4394, #4398, .T. );
#3598 = FILL_AREA_STYLE( '', ( #4399 ) );
#3599 = EDGE_CURVE( '', #4400, #4235, #4401, .T. );
#3600 = EDGE_CURVE( '', #4402, #4400, #4403, .T. );
#3601 = EDGE_CURVE( '', #4402, #4234, #4404, .T. );
#3602 = FILL_AREA_STYLE( '', ( #4405 ) );
#3603 = EDGE_CURVE( '', #4406, #4407, #4408, .T. );
#3604 = EDGE_CURVE( '', #4409, #4406, #4410, .T. );
#3605 = EDGE_CURVE( '', #4409, #4198, #4411, .T. );
#3606 = EDGE_CURVE( '', #4198, #4407, #4412, .T. );
#3607 = FILL_AREA_STYLE( '', ( #4413 ) );
#3608 = EDGE_CURVE( '', #4414, #4415, #4416, .T. );
#3609 = EDGE_CURVE( '', #4417, #4415, #4418, .T. );
#3610 = EDGE_CURVE( '', #4419, #4417, #4420, .T. );
#3611 = EDGE_CURVE( '', #4419, #4414, #4421, .T. );
#3612 = FILL_AREA_STYLE( '', ( #4422 ) );
#3613 = EDGE_CURVE( '', #4423, #4424, #4425, .T. );
#3614 = EDGE_CURVE( '', #4424, #4426, #4427, .T. );
#3615 = EDGE_CURVE( '', #4428, #4426, #4429, .F. );
#3616 = EDGE_CURVE( '', #4428, #4430, #4431, .F. );
#3617 = EDGE_CURVE( '', #4430, #4432, #4433, .T. );
#3618 = EDGE_CURVE( '', #4432, #4434, #4435, .T. );
#3619 = EDGE_CURVE( '', #4436, #4434, #4437, .T. );
#3620 = EDGE_CURVE( '', #4423, #4436, #4438, .T. );
#3621 = FILL_AREA_STYLE( '', ( #4439 ) );
#3622 = EDGE_CURVE( '', #4394, #4440, #4441, .T. );
#3623 = EDGE_CURVE( '', #4442, #4440, #4443, .T. );
#3624 = EDGE_CURVE( '', #4442, #4444, #4445, .F. );
#3625 = EDGE_CURVE( '', #4394, #4444, #4446, .T. );
#3626 = FILL_AREA_STYLE( '', ( #4447 ) );
#3627 = EDGE_CURVE( '', #4448, #4449, #4450, .T. );
#3628 = EDGE_CURVE( '', #4451, #4448, #4452, .T. );
#3629 = EDGE_CURVE( '', #4453, #4451, #4454, .T. );
#3630 = EDGE_CURVE( '', #4449, #4453, #4455, .T. );
#3631 = FILL_AREA_STYLE( '', ( #4456 ) );
#3632 = EDGE_CURVE( '', #4457, #4458, #4459, .T. );
#3633 = EDGE_CURVE( '', #4457, #4460, #4461, .T. );
#3634 = EDGE_CURVE( '', #4460, #4462, #4463, .T. );
#3635 = EDGE_CURVE( '', #4462, #4464, #4465, .T. );
#3636 = EDGE_CURVE( '', #4466, #4464, #4467, .T. );
#3637 = EDGE_CURVE( '', #4468, #4466, #4469, .T. );
#3638 = EDGE_CURVE( '', #4468, #4470, #4471, .T. );
#3639 = EDGE_CURVE( '', #4458, #4470, #4472, .T. );
#3640 = FILL_AREA_STYLE( '', ( #4473 ) );
#3641 = EDGE_CURVE( '', #4067, #4150, #4474, .F. );
#3642 = EDGE_CURVE( '', #4148, #4069, #4475, .F. );
#3643 = FILL_AREA_STYLE( '', ( #4476 ) );
#3644 = EDGE_CURVE( '', #4477, #4478, #4479, .F. );
#3645 = EDGE_CURVE( '', #4480, #4477, #4481, .F. );
#3646 = EDGE_CURVE( '', #4482, #4480, #4483, .F. );
#3647 = EDGE_CURVE( '', #4478, #4482, #4484, .F. );
#3648 = FILL_AREA_STYLE( '', ( #4485 ) );
#3649 = EDGE_CURVE( '', #4486, #4393, #4487, .F. );
#3650 = EDGE_CURVE( '', #4116, #4486, #4488, .T. );
#3651 = FILL_AREA_STYLE( '', ( #4489 ) );
#3652 = EDGE_CURVE( '', #4096, #4363, #4490, .T. );
#3653 = EDGE_CURVE( '', #4100, #4366, #4491, .T. );
#3654 = FILL_AREA_STYLE( '', ( #4492 ) );
#3655 = EDGE_CURVE( '', #4322, #4075, #4493, .T. );
#3656 = FILL_AREA_STYLE( '', ( #4494 ) );
#3657 = EDGE_CURVE( '', #4325, #4060, #4495, .T. );
#3658 = FILL_AREA_STYLE( '', ( #4496 ) );
#3659 = EDGE_CURVE( '', #4497, #4385, #4498, .T. );
#3660 = EDGE_CURVE( '', #4497, #4499, #4500, .T. );
#3661 = EDGE_CURVE( '', #4499, #4384, #4501, .T. );
#3662 = FILL_AREA_STYLE( '', ( #4502 ) );
#3663 = EDGE_CURVE( '', #4207, #4503, #4504, .T. );
#3664 = EDGE_CURVE( '', #4503, #4505, #4506, .T. );
#3665 = EDGE_CURVE( '', #4507, #4505, #4508, .F. );
#3666 = EDGE_CURVE( '', #4507, #4509, #4510, .F. );
#3667 = EDGE_CURVE( '', #4509, #4511, #4512, .T. );
#3668 = EDGE_CURVE( '', #4511, #4513, #4514, .T. );
#3669 = EDGE_CURVE( '', #4203, #4513, #4515, .T. );
#3670 = FILL_AREA_STYLE( '', ( #4516 ) );
#3671 = EDGE_CURVE( '', #4517, #4517, #4518, .T. );
#3672 = FILL_AREA_STYLE( '', ( #4519 ) );
#3673 = EDGE_CURVE( '', #4520, #4448, #4521, .T. );
#3674 = EDGE_CURVE( '', #4522, #4449, #4523, .F. );
#3675 = EDGE_CURVE( '', #4522, #4524, #4525, .F. );
#3676 = EDGE_CURVE( '', #4524, #4526, #4527, .T. );
#3677 = EDGE_CURVE( '', #4526, #4528, #4529, .T. );
#3678 = EDGE_CURVE( '', #4530, #4528, #4531, .T. );
#3679 = EDGE_CURVE( '', #4520, #4530, #4532, .T. );
#3680 = FILL_AREA_STYLE( '', ( #4533 ) );
#3681 = EDGE_CURVE( '', #4125, #4509, #4534, .T. );
#3682 = EDGE_CURVE( '', #4511, #4293, #4535, .T. );
#3683 = FILL_AREA_STYLE( '', ( #4536 ) );
#3684 = EDGE_CURVE( '', #4220, #4442, #4537, .T. );
#3685 = EDGE_CURVE( '', #4440, #4223, #4538, .T. );
#3686 = FILL_AREA_STYLE( '', ( #4539 ) );
#3687 = EDGE_CURVE( '', #4470, #4086, #4540, .T. );
#3688 = EDGE_CURVE( '', #4541, #4468, #4542, .T. );
#3689 = EDGE_CURVE( '', #4543, #4541, #4544, .T. );
#3690 = EDGE_CURVE( '', #4545, #4543, #4546, .T. );
#3691 = EDGE_CURVE( '', #4377, #4545, #4547, .T. );
#3692 = EDGE_CURVE( '', #4548, #4375, #4549, .T. );
#3693 = EDGE_CURVE( '', #4550, #4548, #4551, .T. );
#3694 = EDGE_CURVE( '', #4552, #4550, #4553, .T. );
#3695 = EDGE_CURVE( '', #4554, #4552, #4555, .T. );
#3696 = EDGE_CURVE( '', #4415, #4554, #4556, .T. );
#3697 = EDGE_CURVE( '', #4557, #4414, #4558, .T. );
#3698 = EDGE_CURVE( '', #4087, #4557, #4559, .T. );
#3699 = FILL_AREA_STYLE( '', ( #4560 ) );
#3700 = EDGE_CURVE( '', #4561, #4562, #4563, .T. );
#3701 = EDGE_CURVE( '', #4561, #4564, #4565, .T. );
#3702 = EDGE_CURVE( '', #4562, #4564, #4566, .T. );
#3703 = FILL_AREA_STYLE( '', ( #4567 ) );
#3704 = EDGE_CURVE( '', #4568, #4569, #4570, .T. );
#3705 = EDGE_CURVE( '', #4568, #4571, #4572, .T. );
#3706 = EDGE_CURVE( '', #4571, #4573, #4574, .T. );
#3707 = EDGE_CURVE( '', #4573, #4477, #4575, .T. );
#3708 = EDGE_CURVE( '', #4576, #4478, #4577, .T. );
#3709 = EDGE_CURVE( '', #4576, #4578, #4579, .T. );
#3710 = EDGE_CURVE( '', #4569, #4578, #4580, .T. );
#3711 = FILL_AREA_STYLE( '', ( #4581 ) );
#3712 = EDGE_CURVE( '', #4499, #4582, #4583, .T. );
#3713 = EDGE_CURVE( '', #4582, #4584, #4585, .T. );
#3714 = EDGE_CURVE( '', #4586, #4584, #4587, .T. );
#3715 = EDGE_CURVE( '', #4586, #4387, #4588, .T. );
#3716 = FILL_AREA_STYLE( '', ( #4589 ) );
#3717 = EDGE_CURVE( '', #4590, #4522, #4591, .T. );
#3718 = EDGE_CURVE( '', #4453, #4457, #4592, .T. );
#3719 = EDGE_CURVE( '', #4458, #4091, #4593, .T. );
#3720 = EDGE_CURVE( '', #4089, #4594, #4595, .T. );
#3721 = EDGE_CURVE( '', #4594, #4419, #4596, .T. );
#3722 = EDGE_CURVE( '', #4417, #4597, #4598, .T. );
#3723 = EDGE_CURVE( '', #4597, #4590, #4599, .T. );
#3724 = FILL_AREA_STYLE( '', ( #4600 ) );
#3725 = EDGE_CURVE( '', #4601, #4602, #4603, .F. );
#3726 = EDGE_CURVE( '', #4604, #4601, #4605, .F. );
#3727 = EDGE_CURVE( '', #4606, #4604, #4607, .F. );
#3728 = EDGE_CURVE( '', #4602, #4606, #4608, .F. );
#3729 = FILL_AREA_STYLE( '', ( #4609 ) );
#3730 = EDGE_CURVE( '', #4513, #4291, #4610, .T. );
#3731 = FILL_AREA_STYLE( '', ( #4611 ) );
#3732 = EDGE_CURVE( '', #4320, #4216, #4612, .T. );
#3733 = EDGE_CURVE( '', #4212, #4319, #4613, .T. );
#3734 = FILL_AREA_STYLE( '', ( #4614 ) );
#3735 = EDGE_CURVE( '', #4221, #4120, #4615, .T. );
#3736 = FILL_AREA_STYLE( '', ( #4616 ) );
#3737 = EDGE_CURVE( '', #4617, #4389, #4618, .T. );
#3738 = EDGE_CURVE( '', #4617, #4619, #4620, .T. );
#3739 = EDGE_CURVE( '', #4619, #4621, #4622, .T. );
#3740 = EDGE_CURVE( '', #4497, #4621, #4623, .T. );
#3741 = FILL_AREA_STYLE( '', ( #4624 ) );
#3742 = EDGE_CURVE( '', #4625, #4626, #4627, .T. );
#3743 = EDGE_CURVE( '', #4628, #4626, #4629, .T. );
#3744 = EDGE_CURVE( '', #4630, #4628, #4631, .T. );
#3745 = EDGE_CURVE( '', #4630, #4625, #4632, .T. );
#3746 = FILL_AREA_STYLE( '', ( #4633 ) );
#3747 = EDGE_CURVE( '', #4355, #4193, #4634, .T. );
#3748 = EDGE_CURVE( '', #4359, #4196, #4635, .T. );
#3749 = FILL_AREA_STYLE( '', ( #4636 ) );
#3750 = EDGE_CURVE( '', #4434, #4637, #4638, .T. );
#3751 = EDGE_CURVE( '', #4432, #4639, #4640, .T. );
#3752 = EDGE_CURVE( '', #4639, #4637, #4641, .T. );
#3753 = FILL_AREA_STYLE( '', ( #4642 ) );
#3754 = EDGE_CURVE( '', #4643, #4524, #4644, .T. );
#3755 = EDGE_CURVE( '', #4645, #4643, #4646, .T. );
#3756 = EDGE_CURVE( '', #4647, #4645, #4648, .T. );
#3757 = EDGE_CURVE( '', #4526, #4647, #4649, .T. );
#3758 = FILL_AREA_STYLE( '', ( #4650 ) );
#3759 = EDGE_CURVE( '', #4578, #4619, #4651, .T. );
#3760 = EDGE_CURVE( '', #4283, #4576, #4652, .T. );
#3761 = EDGE_CURVE( '', #4282, #4573, #4653, .T. );
#3762 = EDGE_CURVE( '', #4584, #4571, #4654, .T. );
#3763 = EDGE_CURVE( '', #4621, #4582, #4655, .T. );
#3764 = FILL_AREA_STYLE( '', ( #4656 ) );
#3765 = EDGE_CURVE( '', #4657, #4658, #4659, .T. );
#3766 = EDGE_CURVE( '', #4660, #4658, #4661, .T. );
#3767 = EDGE_CURVE( '', #4662, #4660, #4663, .T. );
#3768 = EDGE_CURVE( '', #4662, #4657, #4664, .T. );
#3769 = FILL_AREA_STYLE( '', ( #4665 ) );
#3770 = EDGE_CURVE( '', #4178, #4561, #4666, .T. );
#3771 = EDGE_CURVE( '', #4178, #4667, #4668, .T. );
#3772 = EDGE_CURVE( '', #4667, #4564, #4669, .T. );
#3773 = FILL_AREA_STYLE( '', ( #4670 ) );
#3774 = EDGE_CURVE( '', #4671, #4672, #4673, .T. );
#3775 = EDGE_CURVE( '', #4251, #4671, #4674, .T. );
#3776 = EDGE_CURVE( '', #4249, #4672, #4675, .T. );
#3777 = FILL_AREA_STYLE( '', ( #4676 ) );
#3778 = EDGE_CURVE( '', #4667, #4175, #4677, .T. );
#3779 = FILL_AREA_STYLE( '', ( #4678 ) );
#3780 = FILL_AREA_STYLE( '', ( #4679 ) );
#3781 = EDGE_CURVE( '', #4214, #4077, #4680, .T. );
#3782 = FILL_AREA_STYLE( '', ( #4681 ) );
#3783 = EDGE_CURVE( '', #4590, #4643, #4682, .T. );
#3784 = EDGE_CURVE( '', #4597, #4645, #4683, .T. );
#3785 = FILL_AREA_STYLE( '', ( #4684 ) );
#3786 = EDGE_CURVE( '', #4672, #4685, #4686, .T. );
#3787 = EDGE_CURVE( '', #4247, #4685, #4687, .T. );
#3788 = FILL_AREA_STYLE( '', ( #4688 ) );
#3789 = EDGE_CURVE( '', #4689, #4690, #4691, .T. );
#3790 = EDGE_CURVE( '', #4543, #4689, #4692, .T. );
#3791 = EDGE_CURVE( '', #4541, #4690, #4693, .T. );
#3792 = FILL_AREA_STYLE( '', ( #4694 ) );
#3793 = EDGE_CURVE( '', #4211, #4061, #4695, .T. );
#3794 = FILL_AREA_STYLE( '', ( #4696 ) );
#3795 = EDGE_CURVE( '', #4697, #4698, #4699, .T. );
#3796 = EDGE_CURVE( '', #4697, #4700, #4701, .T. );
#3797 = EDGE_CURVE( '', #4700, #4205, #4702, .T. );
#3798 = EDGE_CURVE( '', #4703, #4202, #4704, .T. );
#3799 = EDGE_CURVE( '', #4705, #4703, #4706, .T. );
#3800 = EDGE_CURVE( '', #4705, #4707, #4708, .T. );
#3801 = EDGE_CURVE( '', #4698, #4707, #4709, .T. );
#3802 = FILL_AREA_STYLE( '', ( #4710 ) );
#3803 = FILL_AREA_STYLE( '', ( #4711 ) );
#3804 = EDGE_CURVE( '', #4712, #4428, #4713, .T. );
#3805 = EDGE_CURVE( '', #4712, #4714, #4715, .T. );
#3806 = EDGE_CURVE( '', #4714, #4430, #4716, .T. );
#3807 = FILL_AREA_STYLE( '', ( #4717 ) );
#3808 = EDGE_CURVE( '', #4718, #4108, #4719, .F. );
#3809 = EDGE_CURVE( '', #4720, #4718, #4721, .F. );
#3810 = EDGE_CURVE( '', #4110, #4720, #4722, .F. );
#3811 = FILL_AREA_STYLE( '', ( #4723 ) );
#3812 = EDGE_CURVE( '', #4724, #4725, #4726, .T. );
#3813 = EDGE_CURVE( '', #4727, #4725, #4728, .T. );
#3814 = EDGE_CURVE( '', #4729, #4727, #4730, .T. );
#3815 = EDGE_CURVE( '', #4729, #4724, #4731, .T. );
#3816 = FILL_AREA_STYLE( '', ( #4732 ) );
#3817 = EDGE_CURVE( '', #4733, #4734, #4735, .T. );
#3818 = EDGE_CURVE( '', #4550, #4733, #4736, .T. );
#3819 = EDGE_CURVE( '', #4548, #4734, #4737, .T. );
#3820 = FILL_AREA_STYLE( '', ( #4738 ) );
#3821 = EDGE_CURVE( '', #4739, #4171, #4740, .T. );
#3822 = EDGE_CURVE( '', #4739, #4260, #4741, .T. );
#3823 = FILL_AREA_STYLE( '', ( #4742 ) );
#3824 = EDGE_CURVE( '', #4743, #4350, #4744, .T. );
#3825 = EDGE_CURVE( '', #4185, #4743, #4745, .T. );
#3826 = EDGE_CURVE( '', #4746, #4746, #4747, .F. );
#3827 = FILL_AREA_STYLE( '', ( #4748 ) );
#3828 = EDGE_CURVE( '', #4749, #4750, #4751, .T. );
#3829 = EDGE_CURVE( '', #4752, #4750, #4753, .T. );
#3830 = EDGE_CURVE( '', #4754, #4752, #4755, .T. );
#3831 = EDGE_CURVE( '', #4754, #4749, #4756, .T. );
#3832 = FILL_AREA_STYLE( '', ( #4757 ) );
#3833 = EDGE_CURVE( '', #4400, #4739, #4758, .T. );
#3834 = FILL_AREA_STYLE( '', ( #4759 ) );
#3835 = EDGE_CURVE( '', #4760, #4754, #4761, .T. );
#3836 = EDGE_CURVE( '', #4760, #4762, #4763, .T. );
#3837 = EDGE_CURVE( '', #4762, #4764, #4765, .T. );
#3838 = EDGE_CURVE( '', #4764, #4601, #4766, .T. );
#3839 = EDGE_CURVE( '', #4767, #4602, #4768, .T. );
#3840 = EDGE_CURVE( '', #4767, #4749, #4769, .T. );
#3841 = FILL_AREA_STYLE( '', ( #4770 ) );
#3842 = EDGE_CURVE( '', #4626, #4724, #4771, .T. );
#3843 = EDGE_CURVE( '', #4628, #4729, #4772, .T. );
#3844 = FILL_AREA_STYLE( '', ( #4773 ) );
#3845 = EDGE_CURVE( '', #4586, #4568, #4774, .T. );
#3846 = FILL_AREA_STYLE( '', ( #4775 ) );
#3847 = EDGE_CURVE( '', #4776, #4777, #4778, .T. );
#3848 = EDGE_CURVE( '', #4777, #4779, #4780, .T. );
#3849 = EDGE_CURVE( '', #4779, #4776, #4781, .T. );
#3850 = FILL_AREA_STYLE( '', ( #4782 ) );
#3851 = EDGE_CURVE( '', #4311, #4703, #4783, .T. );
#3852 = EDGE_CURVE( '', #4315, #4705, #4784, .T. );
#3853 = FILL_AREA_STYLE( '', ( #4785 ) );
#3854 = EDGE_CURVE( '', #4786, #4786, #4787, .T. );
#3855 = FILL_AREA_STYLE( '', ( #4788 ) );
#3856 = EDGE_CURVE( '', #4373, #4789, #4790, .T. );
#3857 = EDGE_CURVE( '', #4545, #4789, #4791, .T. );
#3858 = FILL_AREA_STYLE( '', ( #4792 ) );
#3859 = EDGE_CURVE( '', #4138, #4480, #4793, .T. );
#3860 = FILL_AREA_STYLE( '', ( #4794 ) );
#3861 = EDGE_CURVE( '', #4127, #4507, #4795, .T. );
#3862 = FILL_AREA_STYLE( '', ( #4796 ) );
#3863 = EDGE_CURVE( '', #4797, #4667, #4798, .T. );
#3864 = EDGE_CURVE( '', #4330, #4799, #4800, .T. );
#3865 = EDGE_CURVE( '', #4799, #4562, #4801, .T. );
#3866 = EDGE_CURVE( '', #4564, #4156, #4802, .T. );
#3867 = EDGE_CURVE( '', #4154, #4273, #4803, .T. );
#3868 = EDGE_CURVE( '', #4804, #4271, #4805, .T. );
#3869 = EDGE_CURVE( '', #4797, #4804, #4806, .T. );
#3870 = FILL_AREA_STYLE( '', ( #4807 ) );
#3871 = EDGE_CURVE( '', #4304, #4338, #4808, .T. );
#3872 = FILL_AREA_STYLE( '', ( #4809 ) );
#3873 = EDGE_CURVE( '', #4750, #4810, #4811, .T. );
#3874 = EDGE_CURVE( '', #4265, #4767, #4812, .T. );
#3875 = EDGE_CURVE( '', #4264, #4764, #4813, .T. );
#3876 = EDGE_CURVE( '', #4346, #4762, #4814, .T. );
#3877 = EDGE_CURVE( '', #4810, #4344, #4815, .T. );
#3878 = FILL_AREA_STYLE( '', ( #4816 ) );
#3879 = EDGE_CURVE( '', #4817, #4503, #4818, .T. );
#3880 = EDGE_CURVE( '', #4819, #4817, #4820, .T. );
#3881 = EDGE_CURVE( '', #4505, #4819, #4821, .T. );
#3882 = FILL_AREA_STYLE( '', ( #4822 ) );
#3883 = EDGE_CURVE( '', #4152, #4720, #4823, .T. );
#3884 = FILL_AREA_STYLE( '', ( #4824 ) );
#3885 = EDGE_CURVE( '', #4464, #4530, #4825, .T. );
#3886 = EDGE_CURVE( '', #4462, #4520, #4826, .T. );
#3887 = FILL_AREA_STYLE( '', ( #4827 ) );
#3888 = EDGE_CURVE( '', #4828, #4829, #4830, .T. );
#3889 = EDGE_CURVE( '', #4554, #4828, #4831, .T. );
#3890 = EDGE_CURVE( '', #4552, #4829, #4832, .T. );
#3891 = FILL_AREA_STYLE( '', ( #4833 ) );
#3892 = EDGE_CURVE( '', #4789, #4689, #4834, .T. );
#3893 = FILL_AREA_STYLE( '', ( #4835 ) );
#3894 = EDGE_CURVE( '', #4836, #4837, #4838, .T. );
#3895 = EDGE_CURVE( '', #4257, #4836, #4839, .T. );
#3896 = EDGE_CURVE( '', #4255, #4837, #4840, .T. );
#3897 = FILL_AREA_STYLE( '', ( #4841 ) );
#3898 = EDGE_CURVE( '', #4842, #4402, #4843, .T. );
#3899 = EDGE_CURVE( '', #4842, #4237, #4844, .T. );
#3900 = FILL_AREA_STYLE( '', ( #4845 ) );
#3901 = EDGE_CURVE( '', #4846, #4436, #4847, .T. );
#3902 = EDGE_CURVE( '', #4848, #4846, #4849, .T. );
#3903 = EDGE_CURVE( '', #4848, #4423, #4850, .T. );
#3904 = FILL_AREA_STYLE( '', ( #4851 ) );
#3905 = EDGE_CURVE( '', #4852, #4853, #4854, .T. );
#3906 = EDGE_CURVE( '', #4245, #4852, #4855, .T. );
#3907 = EDGE_CURVE( '', #4243, #4853, #4856, .T. );
#3908 = FILL_AREA_STYLE( '', ( #4857 ) );
#3909 = EDGE_CURVE( '', #4817, #4700, #4858, .T. );
#3910 = FILL_AREA_STYLE( '', ( #4859 ) );
#3911 = EDGE_CURVE( '', #4860, #4860, #4861, .T. );
#3912 = FILL_AREA_STYLE( '', ( #4862 ) );
#3913 = EDGE_CURVE( '', #4863, #4714, #4864, .T. );
#3914 = EDGE_CURVE( '', #4639, #4863, #4865, .T. );
#3915 = FILL_AREA_STYLE( '', ( #4866 ) );
#3916 = EDGE_CURVE( '', #4364, #4867, #4868, .T. );
#3917 = EDGE_CURVE( '', #4368, #4869, #4870, .T. );
#3918 = EDGE_CURVE( '', #4869, #4867, #4871, .T. );
#3919 = FILL_AREA_STYLE( '', ( #4872 ) );
#3920 = EDGE_CURVE( '', #4302, #4873, #4874, .T. );
#3921 = EDGE_CURVE( '', #4300, #4875, #4876, .T. );
#3922 = EDGE_CURVE( '', #4875, #4873, #4877, .T. );
#3923 = FILL_AREA_STYLE( '', ( #4878 ) );
#3924 = EDGE_CURVE( '', #4707, #4625, #4879, .T. );
#3925 = EDGE_CURVE( '', #4698, #4630, #4880, .T. );
#3926 = FILL_AREA_STYLE( '', ( #4881 ) );
#3927 = EDGE_CURVE( '', #4407, #4882, #4883, .T. );
#3928 = EDGE_CURVE( '', #4882, #4357, #4884, .T. );
#3929 = FILL_AREA_STYLE( '', ( #4885 ) );
#3930 = FILL_AREA_STYLE( '', ( #4886 ) );
#3931 = EDGE_CURVE( '', #4657, #4424, #4887, .T. );
#3932 = EDGE_CURVE( '', #4426, #4662, #4888, .T. );
#3933 = FILL_AREA_STYLE( '', ( #4889 ) );
#3934 = EDGE_CURVE( '', #4752, #4743, #4890, .T. );
#3935 = EDGE_CURVE( '', #4184, #4810, #4891, .T. );
#3936 = FILL_AREA_STYLE( '', ( #4892 ) );
#3937 = EDGE_CURVE( '', #4136, #4606, #4893, .T. );
#3938 = EDGE_CURVE( '', #4162, #4604, #4894, .T. );
#3939 = EDGE_CURVE( '', #4160, #4275, #4895, .T. );
#3940 = EDGE_CURVE( '', #4146, #4718, #4896, .T. );
#3941 = EDGE_CURVE( '', #4144, #4482, #4897, .T. );
#3942 = FILL_AREA_STYLE( '', ( #4898 ) );
#3943 = EDGE_CURVE( '', #4899, #4828, #4900, .T. );
#3944 = EDGE_CURVE( '', #4647, #4899, #4901, .T. );
#3945 = FILL_AREA_STYLE( '', ( #4902 ) );
#3946 = EDGE_CURVE( '', #4903, #4904, #4905, .T. );
#3947 = EDGE_CURVE( '', #4407, #4903, #4906, .T. );
#3948 = EDGE_CURVE( '', #4882, #4904, #4907, .T. );
#3949 = FILL_AREA_STYLE( '', ( #4908 ) );
#3950 = EDGE_CURVE( '', #4904, #4354, #4909, .T. );
#3951 = FILL_AREA_STYLE( '', ( #4910 ) );
#3952 = EDGE_CURVE( '', #4406, #4903, #4911, .T. );
#3953 = FILL_AREA_STYLE( '', ( #4912 ) );
#3954 = EDGE_CURVE( '', #4444, #4221, #4913, .T. );
#3955 = FILL_AREA_STYLE( '', ( #4914 ) );
#3956 = EDGE_CURVE( '', #4915, #4799, #4916, .T. );
#3957 = EDGE_CURVE( '', #4915, #4561, #4917, .T. );
#3958 = FILL_AREA_STYLE( '', ( #4918 ) );
#3959 = EDGE_CURVE( '', #4919, #4920, #4921, .T. );
#3960 = EDGE_CURVE( '', #4922, #4919, #4923, .T. );
#3961 = EDGE_CURVE( '', #4920, #4922, #4924, .T. );
#3962 = FILL_AREA_STYLE( '', ( #4925 ) );
#3963 = EDGE_CURVE( '', #4869, #4313, #4926, .T. );
#3964 = EDGE_CURVE( '', #4875, #4098, #4927, .T. );
#3965 = EDGE_CURVE( '', #4725, #4298, #4928, .T. );
#3966 = FILL_AREA_STYLE( '', ( #4929 ) );
#3967 = EDGE_CURVE( '', #4930, #4118, #4931, .T. );
#3968 = EDGE_CURVE( '', #4930, #4932, #4933, .F. );
#3969 = EDGE_CURVE( '', #4120, #4932, #4934, .T. );
#3970 = FILL_AREA_STYLE( '', ( #4935 ) );
#3971 = EDGE_CURVE( '', #4569, #4617, #4936, .T. );
#3972 = FILL_AREA_STYLE( '', ( #4937 ) );
#3973 = EDGE_CURVE( '', #4334, #4915, #4938, .T. );
#3974 = FILL_AREA_STYLE( '', ( #4939 ) );
#3975 = FILL_AREA_STYLE( '', ( #4940 ) );
#3976 = EDGE_CURVE( '', #4734, #4372, #4941, .T. );
#3977 = EDGE_CURVE( '', #4690, #4466, #4942, .T. );
#3978 = EDGE_CURVE( '', #4528, #4899, #4943, .T. );
#3979 = EDGE_CURVE( '', #4829, #4733, #4944, .T. );
#3980 = EDGE_CURVE( '', #4919, #4776, #4945, .T. );
#3981 = EDGE_CURVE( '', #4920, #4846, #4946, .T. );
#3982 = EDGE_CURVE( '', #4637, #4836, #4947, .T. );
#3983 = EDGE_CURVE( '', #4837, #4948, #4949, .T. );
#3984 = EDGE_CURVE( '', #4948, #4671, #4950, .T. );
#3985 = EDGE_CURVE( '', #4685, #4852, #4951, .T. );
#3986 = EDGE_CURVE( '', #4853, #4952, #4953, .T. );
#3987 = EDGE_CURVE( '', #4952, #4954, #4955, .T. );
#3988 = EDGE_CURVE( '', #4954, #4777, #4956, .T. );
#3989 = EDGE_CURVE( '', #4289, #4340, #4957, .T. );
#3990 = EDGE_CURVE( '', #4873, #4095, #4958, .T. );
#3991 = EDGE_CURVE( '', #4867, #4310, #4959, .T. );
#3992 = EDGE_CURVE( '', #4406, #4158, #4960, .T. );
#3993 = EDGE_CURVE( '', #4961, #4797, #4962, .T. );
#3994 = EDGE_CURVE( '', #4961, #4409, #4963, .T. );
#3995 = FILL_AREA_STYLE( '', ( #4964 ) );
#3996 = FILL_AREA_STYLE( '', ( #4965 ) );
#3997 = EDGE_CURVE( '', #4922, #4779, #4966, .T. );
#3998 = FILL_AREA_STYLE( '', ( #4967 ) );
#3999 = FILL_AREA_STYLE( '', ( #4968 ) );
#4000 = FILL_AREA_STYLE( '', ( #4969 ) );
#4001 = EDGE_CURVE( '', #4594, #4557, #4970, .T. );
#4002 = FILL_AREA_STYLE( '', ( #4971 ) );
#4003 = EDGE_CURVE( '', #4932, #4444, #4972, .T. );
#4004 = FILL_AREA_STYLE( '', ( #4973 ) );
#4005 = FILL_AREA_STYLE( '', ( #4974 ) );
#4006 = EDGE_CURVE( '', #4169, #4975, #4976, .T. );
#4007 = EDGE_CURVE( '', #4975, #4863, #4977, .T. );
#4008 = FILL_AREA_STYLE( '', ( #4978 ) );
#4009 = FILL_AREA_STYLE( '', ( #4979 ) );
#4010 = EDGE_CURVE( '', #4451, #4460, #4980, .T. );
#4011 = FILL_AREA_STYLE( '', ( #4981 ) );
#4012 = EDGE_CURVE( '', #4486, #4930, #4982, .T. );
#4013 = FILL_AREA_STYLE( '', ( #4983 ) );
#4014 = EDGE_CURVE( '', #4984, #4804, #4985, .T. );
#4015 = EDGE_CURVE( '', #4961, #4984, #4986, .T. );
#4016 = FILL_AREA_STYLE( '', ( #4987 ) );
#4017 = EDGE_CURVE( '', #4727, #4296, #4988, .T. );
#4018 = FILL_AREA_STYLE( '', ( #4989 ) );
#4019 = FILL_AREA_STYLE( '', ( #4990 ) );
#4020 = EDGE_CURVE( '', #4241, #4952, #4991, .T. );
#4021 = EDGE_CURVE( '', #4239, #4954, #4992, .T. );
#4022 = FILL_AREA_STYLE( '', ( #4993 ) );
#4023 = EDGE_CURVE( '', #4348, #4760, #4994, .T. );
#4024 = FILL_AREA_STYLE( '', ( #4995 ) );
#4025 = FILL_AREA_STYLE( '', ( #4996 ) );
#4026 = EDGE_CURVE( '', #4194, #4409, #4997, .T. );
#4027 = EDGE_CURVE( '', #4984, #4270, #4998, .F. );
#4028 = FILL_AREA_STYLE( '', ( #4999 ) );
#4029 = FILL_AREA_STYLE( '', ( #5000 ) );
#4030 = FILL_AREA_STYLE( '', ( #5001 ) );
#4031 = FILL_AREA_STYLE( '', ( #5002 ) );
#4032 = FILL_AREA_STYLE( '', ( #5003 ) );
#4033 = FILL_AREA_STYLE( '', ( #5004 ) );
#4034 = FILL_AREA_STYLE( '', ( #5005 ) );
#4035 = EDGE_CURVE( '', #4819, #4697, #5006, .T. );
#4036 = FILL_AREA_STYLE( '', ( #5007 ) );
#4037 = EDGE_CURVE( '', #4253, #4948, #5008, .T. );
#4038 = FILL_AREA_STYLE( '', ( #5009 ) );
#4039 = EDGE_CURVE( '', #4932, #4393, #5010, .T. );
#4040 = FILL_AREA_STYLE( '', ( #5011 ) );
#4041 = FILL_AREA_STYLE( '', ( #5012 ) );
#4042 = FILL_AREA_STYLE( '', ( #5013 ) );
#4043 = FILL_AREA_STYLE( '', ( #5014 ) );
#4044 = FILL_AREA_STYLE( '', ( #5015 ) );
#4045 = FILL_AREA_STYLE( '', ( #5016 ) );
#4046 = EDGE_CURVE( '', #4975, #4712, #5017, .T. );
#4047 = FILL_AREA_STYLE( '', ( #5018 ) );
#4048 = EDGE_CURVE( '', #4660, #4842, #5019, .T. );
#4049 = EDGE_CURVE( '', #4658, #4848, #5020, .T. );
#4050 = FILL_AREA_STYLE( '', ( #5021 ) );
#4051 = FILL_AREA_STYLE( '', ( #5022 ) );
#4052 = FILL_AREA_STYLE( '', ( #5023 ) );
#4053 = FILL_AREA_STYLE( '', ( #5024 ) );
#4054 = FILL_AREA_STYLE( '', ( #5025 ) );
#4055 = FILL_AREA_STYLE( '', ( #5026 ) );
#4056 = FILL_AREA_STYLE( '', ( #5027 ) );
#4057 = FILL_AREA_STYLE( '', ( #5028 ) );
#4058 = FILL_AREA_STYLE( '', ( #5029 ) );
#4059 = FILL_AREA_STYLE_COLOUR( '', #5030 );
#4060 = VERTEX_POINT( '', #5031 );
#4061 = VERTEX_POINT( '', #5032 );
#4062 = LINE( '', #5033, #5034 );
#4063 = VERTEX_POINT( '', #5035 );
#4064 = LINE( '', #5036, #5037 );
#4065 = VERTEX_POINT( '', #5038 );
#4066 = LINE( '', #5039, #5040 );
#4067 = VERTEX_POINT( '', #5041 );
#4068 = LINE( '', #5042, #5043 );
#4069 = VERTEX_POINT( '', #5044 );
#4070 = LINE( '', #5045, #5046 );
#4071 = VERTEX_POINT( '', #5047 );
#4072 = LINE( '', #5048, #5049 );
#4073 = VERTEX_POINT( '', #5050 );
#4074 = LINE( '', #5051, #5052 );
#4075 = VERTEX_POINT( '', #5053 );
#4076 = LINE( '', #5054, #5055 );
#4077 = VERTEX_POINT( '', #5056 );
#4078 = LINE( '', #5057, #5058 );
#4079 = LINE( '', #5059, #5060 );
#4080 = FILL_AREA_STYLE_COLOUR( '', #5061 );
#4081 = VERTEX_POINT( '', #5062 );
#4082 = CIRCLE( '', #5063, 0.700000000000000 );
#4083 = VERTEX_POINT( '', #5064 );
#4084 = CIRCLE( '', #5065, 0.900000000000000 );
#4085 = FILL_AREA_STYLE_COLOUR( '', #5066 );
#4086 = VERTEX_POINT( '', #5067 );
#4087 = VERTEX_POINT( '', #5068 );
#4088 = LINE( '', #5069, #5070 );
#4089 = VERTEX_POINT( '', #5071 );
#4090 = LINE( '', #5072, #5073 );
#4091 = VERTEX_POINT( '', #5074 );
#4092 = LINE( '', #5075, #5076 );
#4093 = LINE( '', #5077, #5078 );
#4094 = FILL_AREA_STYLE_COLOUR( '', #5079 );
#4095 = VERTEX_POINT( '', #5080 );
#4096 = VERTEX_POINT( '', #5081 );
#4097 = LINE( '', #5082, #5083 );
#4098 = VERTEX_POINT( '', #5084 );
#4099 = LINE( '', #5085, #5086 );
#4100 = VERTEX_POINT( '', #5087 );
#4101 = LINE( '', #5088, #5089 );
#4102 = LINE( '', #5090, #5091 );
#4103 = FILL_AREA_STYLE_COLOUR( '', #5092 );
#4104 = VERTEX_POINT( '', #5093 );
#4105 = VERTEX_POINT( '', #5094 );
#4106 = LINE( '', #5095, #5096 );
#4107 = LINE( '', #5097, #5098 );
#4108 = VERTEX_POINT( '', #5099 );
#4109 = LINE( '', #5100, #5101 );
#4110 = VERTEX_POINT( '', #5102 );
#4111 = LINE( '', #5103, #5104 );
#4112 = LINE( '', #5105, #5106 );
#4113 = LINE( '', #5107, #5108 );
#4114 = FILL_AREA_STYLE_COLOUR( '', #5109 );
#4115 = VERTEX_POINT( '', #5110 );
#4116 = VERTEX_POINT( '', #5111 );
#4117 = LINE( '', #5112, #5113 );
#4118 = VERTEX_POINT( '', #5114 );
#4119 = LINE( '', #5115, #5116 );
#4120 = VERTEX_POINT( '', #5117 );
#4121 = LINE( '', #5118, #5119 );
#4122 = LINE( '', #5120, #5121 );
#4123 = FILL_AREA_STYLE_COLOUR( '', #5122 );
#4124 = VERTEX_POINT( '', #5123 );
#4125 = VERTEX_POINT( '', #5124 );
#4126 = LINE( '', #5125, #5126 );
#4127 = VERTEX_POINT( '', #5127 );
#4128 = LINE( '', #5128, #5129 );
#4129 = VERTEX_POINT( '', #5130 );
#4130 = LINE( '', #5131, #5132 );
#4131 = LINE( '', #5133, #5134 );
#4132 = FILL_AREA_STYLE_COLOUR( '', #5135 );
#4133 = VERTEX_POINT( '', #5136 );
#4134 = VERTEX_POINT( '', #5137 );
#4135 = LINE( '', #5138, #5139 );
#4136 = VERTEX_POINT( '', #5140 );
#4137 = LINE( '', #5141, #5142 );
#4138 = VERTEX_POINT( '', #5143 );
#4139 = LINE( '', #5144, #5145 );
#4140 = VERTEX_POINT( '', #5146 );
#4141 = LINE( '', #5147, #5148 );
#4142 = VERTEX_POINT( '', #5149 );
#4143 = LINE( '', #5150, #5151 );
#4144 = VERTEX_POINT( '', #5152 );
#4145 = LINE( '', #5153, #5154 );
#4146 = VERTEX_POINT( '', #5155 );
#4147 = LINE( '', #5156, #5157 );
#4148 = VERTEX_POINT( '', #5158 );
#4149 = LINE( '', #5159, #5160 );
#4150 = VERTEX_POINT( '', #5161 );
#4151 = LINE( '', #5162, #5163 );
#4152 = VERTEX_POINT( '', #5164 );
#4153 = LINE( '', #5165, #5166 );
#4154 = VERTEX_POINT( '', #5167 );
#4155 = LINE( '', #5168, #5169 );
#4156 = VERTEX_POINT( '', #5170 );
#4157 = LINE( '', #5171, #5172 );
#4158 = VERTEX_POINT( '', #5173 );
#4159 = LINE( '', #5174, #5175 );
#4160 = VERTEX_POINT( '', #5176 );
#4161 = LINE( '', #5177, #5178 );
#4162 = VERTEX_POINT( '', #5179 );
#4163 = LINE( '', #5180, #5181 );
#4164 = LINE( '', #5182, #5183 );
#4165 = FILL_AREA_STYLE_COLOUR( '', #5184 );
#4166 = VERTEX_POINT( '', #5185 );
#4167 = VERTEX_POINT( '', #5186 );
#4168 = LINE( '', #5187, #5188 );
#4169 = VERTEX_POINT( '', #5189 );
#4170 = LINE( '', #5190, #5191 );
#4171 = VERTEX_POINT( '', #5192 );
#4172 = LINE( '', #5193, #5194 );
#4173 = LINE( '', #5195, #5196 );
#4174 = FILL_AREA_STYLE_COLOUR( '', #5197 );
#4175 = VERTEX_POINT( '', #5198 );
#4176 = VERTEX_POINT( '', #5199 );
#4177 = LINE( '', #5200, #5201 );
#4178 = VERTEX_POINT( '', #5202 );
#4179 = LINE( '', #5203, #5204 );
#4180 = VERTEX_POINT( '', #5205 );
#4181 = LINE( '', #5206, #5207 );
#4182 = LINE( '', #5208, #5209 );
#4183 = FILL_AREA_STYLE_COLOUR( '', #5210 );
#4184 = VERTEX_POINT( '', #5211 );
#4185 = VERTEX_POINT( '', #5212 );
#4186 = LINE( '', #5213, #5214 );
#4187 = VERTEX_POINT( '', #5215 );
#4188 = LINE( '', #5216, #5217 );
#4189 = VERTEX_POINT( '', #5218 );
#4190 = LINE( '', #5219, #5220 );
#4191 = LINE( '', #5221, #5222 );
#4192 = FILL_AREA_STYLE_COLOUR( '', #5223 );
#4193 = VERTEX_POINT( '', #5224 );
#4194 = VERTEX_POINT( '', #5225 );
#4195 = LINE( '', #5226, #5227 );
#4196 = VERTEX_POINT( '', #5228 );
#4197 = LINE( '', #5229, #5230 );
#4198 = VERTEX_POINT( '', #5231 );
#4199 = LINE( '', #5232, #5233 );
#4200 = LINE( '', #5234, #5235 );
#4201 = FILL_AREA_STYLE_COLOUR( '', #5236 );
#4202 = VERTEX_POINT( '', #5237 );
#4203 = VERTEX_POINT( '', #5238 );
#4204 = LINE( '', #5239, #5240 );
#4205 = VERTEX_POINT( '', #5241 );
#4206 = LINE( '', #5242, #5243 );
#4207 = VERTEX_POINT( '', #5244 );
#4208 = LINE( '', #5245, #5246 );
#4209 = LINE( '', #5247, #5248 );
#4210 = FILL_AREA_STYLE_COLOUR( '', #5249 );
#4211 = VERTEX_POINT( '', #5250 );
#4212 = VERTEX_POINT( '', #5251 );
#4213 = LINE( '', #5252, #5253 );
#4214 = VERTEX_POINT( '', #5254 );
#4215 = LINE( '', #5255, #5256 );
#4216 = VERTEX_POINT( '', #5257 );
#4217 = LINE( '', #5258, #5259 );
#4218 = LINE( '', #5260, #5261 );
#4219 = FILL_AREA_STYLE_COLOUR( '', #5262 );
#4220 = VERTEX_POINT( '', #5263 );
#4221 = VERTEX_POINT( '', #5264 );
#4222 = LINE( '', #5265, #5266 );
#4223 = VERTEX_POINT( '', #5267 );
#4224 = LINE( '', #5268, #5269 );
#4225 = VERTEX_POINT( '', #5270 );
#4226 = LINE( '', #5271, #5272 );
#4227 = LINE( '', #5273, #5274 );
#4228 = FILL_AREA_STYLE_COLOUR( '', #5275 );
#4229 = VERTEX_POINT( '', #5276 );
#4230 = CIRCLE( '', #5277, 0.900000000000000 );
#4231 = VERTEX_POINT( '', #5278 );
#4232 = CIRCLE( '', #5279, 0.900000000000000 );
#4233 = FILL_AREA_STYLE_COLOUR( '', #5280 );
#4234 = VERTEX_POINT( '', #5281 );
#4235 = VERTEX_POINT( '', #5282 );
#4236 = LINE( '', #5283, #5284 );
#4237 = VERTEX_POINT( '', #5285 );
#4238 = LINE( '', #5286, #5287 );
#4239 = VERTEX_POINT( '', #5288 );
#4240 = LINE( '', #5289, #5290 );
#4241 = VERTEX_POINT( '', #5291 );
#4242 = LINE( '', #5292, #5293 );
#4243 = VERTEX_POINT( '', #5294 );
#4244 = LINE( '', #5295, #5296 );
#4245 = VERTEX_POINT( '', #5297 );
#4246 = LINE( '', #5298, #5299 );
#4247 = VERTEX_POINT( '', #5300 );
#4248 = LINE( '', #5301, #5302 );
#4249 = VERTEX_POINT( '', #5303 );
#4250 = LINE( '', #5304, #5305 );
#4251 = VERTEX_POINT( '', #5306 );
#4252 = LINE( '', #5307, #5308 );
#4253 = VERTEX_POINT( '', #5309 );
#4254 = LINE( '', #5310, #5311 );
#4255 = VERTEX_POINT( '', #5312 );
#4256 = LINE( '', #5313, #5314 );
#4257 = VERTEX_POINT( '', #5315 );
#4258 = LINE( '', #5316, #5317 );
#4259 = LINE( '', #5318, #5319 );
#4260 = VERTEX_POINT( '', #5320 );
#4261 = LINE( '', #5321, #5322 );
#4262 = LINE( '', #5323, #5324 );
#4263 = FILL_AREA_STYLE_COLOUR( '', #5325 );
#4264 = VERTEX_POINT( '', #5326 );
#4265 = VERTEX_POINT( '', #5327 );
#4266 = LINE( '', #5328, #5329 );
#4267 = LINE( '', #5330, #5331 );
#4268 = LINE( '', #5332, #5333 );
#4269 = FILL_AREA_STYLE_COLOUR( '', #5334 );
#4270 = VERTEX_POINT( '', #5335 );
#4271 = VERTEX_POINT( '', #5336 );
#4272 = LINE( '', #5337, #5338 );
#4273 = VERTEX_POINT( '', #5339 );
#4274 = LINE( '', #5340, #5341 );
#4275 = VERTEX_POINT( '', #5342 );
#4276 = LINE( '', #5343, #5344 );
#4277 = LINE( '', #5345, #5346 );
#4278 = FILL_AREA_STYLE_COLOUR( '', #5347 );
#4279 = VERTEX_POINT( '', #5348 );
#4280 = CIRCLE( '', #5349, 0.700000000000000 );
#4281 = FILL_AREA_STYLE_COLOUR( '', #5350 );
#4282 = VERTEX_POINT( '', #5351 );
#4283 = VERTEX_POINT( '', #5352 );
#4284 = LINE( '', #5353, #5354 );
#4285 = LINE( '', #5355, #5356 );
#4286 = LINE( '', #5357, #5358 );
#4287 = FILL_AREA_STYLE_COLOUR( '', #5359 );
#4288 = VERTEX_POINT( '', #5360 );
#4289 = VERTEX_POINT( '', #5361 );
#4290 = LINE( '', #5362, #5363 );
#4291 = VERTEX_POINT( '', #5364 );
#4292 = LINE( '', #5365, #5366 );
#4293 = VERTEX_POINT( '', #5367 );
#4294 = LINE( '', #5368, #5369 );
#4295 = LINE( '', #5370, #5371 );
#4296 = VERTEX_POINT( '', #5372 );
#4297 = LINE( '', #5373, #5374 );
#4298 = VERTEX_POINT( '', #5375 );
#4299 = LINE( '', #5376, #5377 );
#4300 = VERTEX_POINT( '', #5378 );
#4301 = LINE( '', #5379, #5380 );
#4302 = VERTEX_POINT( '', #5381 );
#4303 = LINE( '', #5382, #5383 );
#4304 = VERTEX_POINT( '', #5384 );
#4305 = LINE( '', #5385, #5386 );
#4306 = VERTEX_POINT( '', #5387 );
#4307 = LINE( '', #5388, #5389 );
#4308 = LINE( '', #5390, #5391 );
#4309 = FILL_AREA_STYLE_COLOUR( '', #5392 );
#4310 = VERTEX_POINT( '', #5393 );
#4311 = VERTEX_POINT( '', #5394 );
#4312 = LINE( '', #5395, #5396 );
#4313 = VERTEX_POINT( '', #5397 );
#4314 = LINE( '', #5398, #5399 );
#4315 = VERTEX_POINT( '', #5400 );
#4316 = LINE( '', #5401, #5402 );
#4317 = LINE( '', #5403, #5404 );
#4318 = FILL_AREA_STYLE_COLOUR( '', #5405 );
#4319 = VERTEX_POINT( '', #5406 );
#4320 = VERTEX_POINT( '', #5407 );
#4321 = LINE( '', #5408, #5409 );
#4322 = VERTEX_POINT( '', #5410 );
#4323 = LINE( '', #5411, #5412 );
#4324 = LINE( '', #5413, #5414 );
#4325 = VERTEX_POINT( '', #5415 );
#4326 = LINE( '', #5416, #5417 );
#4327 = LINE( '', #5418, #5419 );
#4328 = FILL_AREA_STYLE_COLOUR( '', #5420 );
#4329 = VERTEX_POINT( '', #5421 );
#4330 = VERTEX_POINT( '', #5422 );
#4331 = LINE( '', #5423, #5424 );
#4332 = VERTEX_POINT( '', #5425 );
#4333 = LINE( '', #5426, #5427 );
#4334 = VERTEX_POINT( '', #5428 );
#4335 = LINE( '', #5429, #5430 );
#4336 = LINE( '', #5431, #5432 );
#4337 = FILL_AREA_STYLE_COLOUR( '', #5433 );
#4338 = VERTEX_POINT( '', #5434 );
#4339 = LINE( '', #5435, #5436 );
#4340 = VERTEX_POINT( '', #5437 );
#4341 = LINE( '', #5438, #5439 );
#4342 = LINE( '', #5440, #5441 );
#4343 = FILL_AREA_STYLE_COLOUR( '', #5442 );
#4344 = VERTEX_POINT( '', #5443 );
#4345 = LINE( '', #5444, #5445 );
#4346 = VERTEX_POINT( '', #5446 );
#4347 = LINE( '', #5447, #5448 );
#4348 = VERTEX_POINT( '', #5449 );
#4349 = LINE( '', #5450, #5451 );
#4350 = VERTEX_POINT( '', #5452 );
#4351 = LINE( '', #5453, #5454 );
#4352 = LINE( '', #5455, #5456 );
#4353 = FILL_AREA_STYLE_COLOUR( '', #5457 );
#4354 = VERTEX_POINT( '', #5458 );
#4355 = VERTEX_POINT( '', #5459 );
#4356 = LINE( '', #5460, #5461 );
#4357 = VERTEX_POINT( '', #5462 );
#4358 = LINE( '', #5463, #5464 );
#4359 = VERTEX_POINT( '', #5465 );
#4360 = LINE( '', #5466, #5467 );
#4361 = LINE( '', #5468, #5469 );
#4362 = FILL_AREA_STYLE_COLOUR( '', #5470 );
#4363 = VERTEX_POINT( '', #5471 );
#4364 = VERTEX_POINT( '', #5472 );
#4365 = LINE( '', #5473, #5474 );
#4366 = VERTEX_POINT( '', #5475 );
#4367 = LINE( '', #5476, #5477 );
#4368 = VERTEX_POINT( '', #5478 );
#4369 = LINE( '', #5479, #5480 );
#4370 = LINE( '', #5481, #5482 );
#4371 = FILL_AREA_STYLE_COLOUR( '', #5483 );
#4372 = VERTEX_POINT( '', #5484 );
#4373 = VERTEX_POINT( '', #5485 );
#4374 = LINE( '', #5486, #5487 );
#4375 = VERTEX_POINT( '', #5488 );
#4376 = LINE( '', #5489, #5490 );
#4377 = VERTEX_POINT( '', #5491 );
#4378 = LINE( '', #5492, #5493 );
#4379 = LINE( '', #5494, #5495 );
#4380 = FILL_AREA_STYLE_COLOUR( '', #5496 );
#4381 = LINE( '', #5497, #5498 );
#4382 = LINE( '', #5499, #5500 );
#4383 = FILL_AREA_STYLE_COLOUR( '', #5501 );
#4384 = VERTEX_POINT( '', #5502 );
#4385 = VERTEX_POINT( '', #5503 );
#4386 = LINE( '', #5504, #5505 );
#4387 = VERTEX_POINT( '', #5506 );
#4388 = LINE( '', #5507, #5508 );
#4389 = VERTEX_POINT( '', #5509 );
#4390 = LINE( '', #5510, #5511 );
#4391 = LINE( '', #5512, #5513 );
#4392 = FILL_AREA_STYLE_COLOUR( '', #5514 );
#4393 = VERTEX_POINT( '', #5515 );
#4394 = VERTEX_POINT( '', #5516 );
#4395 = LINE( '', #5517, #5518 );
#4396 = LINE( '', #5519, #5520 );
#4397 = LINE( '', #5521, #5522 );
#4398 = LINE( '', #5523, #5524 );
#4399 = FILL_AREA_STYLE_COLOUR( '', #5525 );
#4400 = VERTEX_POINT( '', #5526 );
#4401 = LINE( '', #5527, #5528 );
#4402 = VERTEX_POINT( '', #5529 );
#4403 = LINE( '', #5530, #5531 );
#4404 = LINE( '', #5532, #5533 );
#4405 = FILL_AREA_STYLE_COLOUR( '', #5534 );
#4406 = VERTEX_POINT( '', #5535 );
#4407 = VERTEX_POINT( '', #5536 );
#4408 = LINE( '', #5537, #5538 );
#4409 = VERTEX_POINT( '', #5539 );
#4410 = LINE( '', #5540, #5541 );
#4411 = LINE( '', #5542, #5543 );
#4412 = LINE( '', #5544, #5545 );
#4413 = FILL_AREA_STYLE_COLOUR( '', #5546 );
#4414 = VERTEX_POINT( '', #5547 );
#4415 = VERTEX_POINT( '', #5548 );
#4416 = LINE( '', #5549, #5550 );
#4417 = VERTEX_POINT( '', #5551 );
#4418 = LINE( '', #5552, #5553 );
#4419 = VERTEX_POINT( '', #5554 );
#4420 = LINE( '', #5555, #5556 );
#4421 = LINE( '', #5557, #5558 );
#4422 = FILL_AREA_STYLE_COLOUR( '', #5559 );
#4423 = VERTEX_POINT( '', #5560 );
#4424 = VERTEX_POINT( '', #5561 );
#4425 = CIRCLE( '', #5562, 3.70000000000000 );
#4426 = VERTEX_POINT( '', #5563 );
#4427 = LINE( '', #5564, #5565 );
#4428 = VERTEX_POINT( '', #5566 );
#4429 = CIRCLE( '', #5567, 3.70000000000000 );
#4430 = VERTEX_POINT( '', #5568 );
#4431 = LINE( '', #5569, #5570 );
#4432 = VERTEX_POINT( '', #5571 );
#4433 = CIRCLE( '', #5572, 3.70000000000000 );
#4434 = VERTEX_POINT( '', #5573 );
#4435 = LINE( '', #5574, #5575 );
#4436 = VERTEX_POINT( '', #5576 );
#4437 = CIRCLE( '', #5577, 3.70000000000000 );
#4438 = LINE( '', #5578, #5579 );
#4439 = FILL_AREA_STYLE_COLOUR( '', #5580 );
#4440 = VERTEX_POINT( '', #5581 );
#4441 = LINE( '', #5582, #5583 );
#4442 = VERTEX_POINT( '', #5584 );
#4443 = LINE( '', #5585, #5586 );
#4444 = VERTEX_POINT( '', #5587 );
#4445 = LINE( '', #5588, #5589 );
#4446 = LINE( '', #5590, #5591 );
#4447 = FILL_AREA_STYLE_COLOUR( '', #5592 );
#4448 = VERTEX_POINT( '', #5593 );
#4449 = VERTEX_POINT( '', #5594 );
#4450 = LINE( '', #5595, #5596 );
#4451 = VERTEX_POINT( '', #5597 );
#4452 = LINE( '', #5598, #5599 );
#4453 = VERTEX_POINT( '', #5600 );
#4454 = LINE( '', #5601, #5602 );
#4455 = LINE( '', #5603, #5604 );
#4456 = FILL_AREA_STYLE_COLOUR( '', #5605 );
#4457 = VERTEX_POINT( '', #5606 );
#4458 = VERTEX_POINT( '', #5607 );
#4459 = LINE( '', #5608, #5609 );
#4460 = VERTEX_POINT( '', #5610 );
#4461 = LINE( '', #5611, #5612 );
#4462 = VERTEX_POINT( '', #5613 );
#4463 = LINE( '', #5614, #5615 );
#4464 = VERTEX_POINT( '', #5616 );
#4465 = LINE( '', #5617, #5618 );
#4466 = VERTEX_POINT( '', #5619 );
#4467 = LINE( '', #5620, #5621 );
#4468 = VERTEX_POINT( '', #5622 );
#4469 = LINE( '', #5623, #5624 );
#4470 = VERTEX_POINT( '', #5625 );
#4471 = LINE( '', #5626, #5627 );
#4472 = LINE( '', #5628, #5629 );
#4473 = FILL_AREA_STYLE_COLOUR( '', #5630 );
#4474 = LINE( '', #5631, #5632 );
#4475 = LINE( '', #5633, #5634 );
#4476 = FILL_AREA_STYLE_COLOUR( '', #5635 );
#4477 = VERTEX_POINT( '', #5636 );
#4478 = VERTEX_POINT( '', #5637 );
#4479 = LINE( '', #5638, #5639 );
#4480 = VERTEX_POINT( '', #5640 );
#4481 = LINE( '', #5641, #5642 );
#4482 = VERTEX_POINT( '', #5643 );
#4483 = LINE( '', #5644, #5645 );
#4484 = LINE( '', #5646, #5647 );
#4485 = FILL_AREA_STYLE_COLOUR( '', #5648 );
#4486 = VERTEX_POINT( '', #5649 );
#4487 = LINE( '', #5650, #5651 );
#4488 = LINE( '', #5652, #5653 );
#4489 = FILL_AREA_STYLE_COLOUR( '', #5654 );
#4490 = LINE( '', #5655, #5656 );
#4491 = LINE( '', #5657, #5658 );
#4492 = FILL_AREA_STYLE_COLOUR( '', #5659 );
#4493 = LINE( '', #5660, #5661 );
#4494 = FILL_AREA_STYLE_COLOUR( '', #5662 );
#4495 = LINE( '', #5663, #5664 );
#4496 = FILL_AREA_STYLE_COLOUR( '', #5665 );
#4497 = VERTEX_POINT( '', #5666 );
#4498 = LINE( '', #5667, #5668 );
#4499 = VERTEX_POINT( '', #5669 );
#4500 = LINE( '', #5670, #5671 );
#4501 = LINE( '', #5672, #5673 );
#4502 = FILL_AREA_STYLE_COLOUR( '', #5674 );
#4503 = VERTEX_POINT( '', #5675 );
#4504 = CIRCLE( '', #5676, 3.70000000000000 );
#4505 = VERTEX_POINT( '', #5677 );
#4506 = LINE( '', #5678, #5679 );
#4507 = VERTEX_POINT( '', #5680 );
#4508 = CIRCLE( '', #5681, 3.70000000000000 );
#4509 = VERTEX_POINT( '', #5682 );
#4510 = LINE( '', #5683, #5684 );
#4511 = VERTEX_POINT( '', #5685 );
#4512 = CIRCLE( '', #5686, 3.70000000000000 );
#4513 = VERTEX_POINT( '', #5687 );
#4514 = LINE( '', #5688, #5689 );
#4515 = CIRCLE( '', #5690, 3.70000000000000 );
#4516 = FILL_AREA_STYLE_COLOUR( '', #5691 );
#4517 = VERTEX_POINT( '', #5692 );
#4518 = CIRCLE( '', #5693, 0.900000000000000 );
#4519 = FILL_AREA_STYLE_COLOUR( '', #5694 );
#4520 = VERTEX_POINT( '', #5695 );
#4521 = CIRCLE( '', #5696, 3.70000000000000 );
#4522 = VERTEX_POINT( '', #5697 );
#4523 = CIRCLE( '', #5698, 3.70000000000000 );
#4524 = VERTEX_POINT( '', #5699 );
#4525 = LINE( '', #5700, #5701 );
#4526 = VERTEX_POINT( '', #5702 );
#4527 = CIRCLE( '', #5703, 3.70000000000000 );
#4528 = VERTEX_POINT( '', #5704 );
#4529 = LINE( '', #5705, #5706 );
#4530 = VERTEX_POINT( '', #5707 );
#4531 = CIRCLE( '', #5708, 3.70000000000000 );
#4532 = LINE( '', #5709, #5710 );
#4533 = FILL_AREA_STYLE_COLOUR( '', #5711 );
#4534 = LINE( '', #5712, #5713 );
#4535 = LINE( '', #5714, #5715 );
#4536 = FILL_AREA_STYLE_COLOUR( '', #5716 );
#4537 = LINE( '', #5717, #5718 );
#4538 = LINE( '', #5719, #5720 );
#4539 = FILL_AREA_STYLE_COLOUR( '', #5721 );
#4540 = LINE( '', #5722, #5723 );
#4541 = VERTEX_POINT( '', #5724 );
#4542 = LINE( '', #5725, #5726 );
#4543 = VERTEX_POINT( '', #5727 );
#4544 = LINE( '', #5728, #5729 );
#4545 = VERTEX_POINT( '', #5730 );
#4546 = LINE( '', #5731, #5732 );
#4547 = LINE( '', #5733, #5734 );
#4548 = VERTEX_POINT( '', #5735 );
#4549 = LINE( '', #5736, #5737 );
#4550 = VERTEX_POINT( '', #5738 );
#4551 = LINE( '', #5739, #5740 );
#4552 = VERTEX_POINT( '', #5741 );
#4553 = LINE( '', #5742, #5743 );
#4554 = VERTEX_POINT( '', #5744 );
#4555 = LINE( '', #5745, #5746 );
#4556 = LINE( '', #5747, #5748 );
#4557 = VERTEX_POINT( '', #5749 );
#4558 = LINE( '', #5750, #5751 );
#4559 = LINE( '', #5752, #5753 );
#4560 = FILL_AREA_STYLE_COLOUR( '', #5754 );
#4561 = VERTEX_POINT( '', #5755 );
#4562 = VERTEX_POINT( '', #5756 );
#4563 = LINE( '', #5757, #5758 );
#4564 = VERTEX_POINT( '', #5759 );
#4565 = LINE( '', #5760, #5761 );
#4566 = LINE( '', #5762, #5763 );
#4567 = FILL_AREA_STYLE_COLOUR( '', #5764 );
#4568 = VERTEX_POINT( '', #5765 );
#4569 = VERTEX_POINT( '', #5766 );
#4570 = LINE( '', #5767, #5768 );
#4571 = VERTEX_POINT( '', #5769 );
#4572 = LINE( '', #5770, #5771 );
#4573 = VERTEX_POINT( '', #5772 );
#4574 = LINE( '', #5773, #5774 );
#4575 = LINE( '', #5775, #5776 );
#4576 = VERTEX_POINT( '', #5777 );
#4577 = LINE( '', #5778, #5779 );
#4578 = VERTEX_POINT( '', #5780 );
#4579 = LINE( '', #5781, #5782 );
#4580 = LINE( '', #5783, #5784 );
#4581 = FILL_AREA_STYLE_COLOUR( '', #5785 );
#4582 = VERTEX_POINT( '', #5786 );
#4583 = LINE( '', #5787, #5788 );
#4584 = VERTEX_POINT( '', #5789 );
#4585 = LINE( '', #5790, #5791 );
#4586 = VERTEX_POINT( '', #5792 );
#4587 = LINE( '', #5793, #5794 );
#4588 = LINE( '', #5795, #5796 );
#4589 = FILL_AREA_STYLE_COLOUR( '', #5797 );
#4590 = VERTEX_POINT( '', #5798 );
#4591 = LINE( '', #5799, #5800 );
#4592 = LINE( '', #5801, #5802 );
#4593 = LINE( '', #5803, #5804 );
#4594 = VERTEX_POINT( '', #5805 );
#4595 = LINE( '', #5806, #5807 );
#4596 = LINE( '', #5808, #5809 );
#4597 = VERTEX_POINT( '', #5810 );
#4598 = LINE( '', #5811, #5812 );
#4599 = LINE( '', #5813, #5814 );
#4600 = FILL_AREA_STYLE_COLOUR( '', #5815 );
#4601 = VERTEX_POINT( '', #5816 );
#4602 = VERTEX_POINT( '', #5817 );
#4603 = LINE( '', #5818, #5819 );
#4604 = VERTEX_POINT( '', #5820 );
#4605 = LINE( '', #5821, #5822 );
#4606 = VERTEX_POINT( '', #5823 );
#4607 = LINE( '', #5824, #5825 );
#4608 = LINE( '', #5826, #5827 );
#4609 = FILL_AREA_STYLE_COLOUR( '', #5828 );
#4610 = LINE( '', #5829, #5830 );
#4611 = FILL_AREA_STYLE_COLOUR( '', #5831 );
#4612 = LINE( '', #5832, #5833 );
#4613 = LINE( '', #5834, #5835 );
#4614 = FILL_AREA_STYLE_COLOUR( '', #5836 );
#4615 = LINE( '', #5837, #5838 );
#4616 = FILL_AREA_STYLE_COLOUR( '', #5839 );
#4617 = VERTEX_POINT( '', #5840 );
#4618 = LINE( '', #5841, #5842 );
#4619 = VERTEX_POINT( '', #5843 );
#4620 = LINE( '', #5844, #5845 );
#4621 = VERTEX_POINT( '', #5846 );
#4622 = LINE( '', #5847, #5848 );
#4623 = LINE( '', #5849, #5850 );
#4624 = FILL_AREA_STYLE_COLOUR( '', #5851 );
#4625 = VERTEX_POINT( '', #5852 );
#4626 = VERTEX_POINT( '', #5853 );
#4627 = LINE( '', #5854, #5855 );
#4628 = VERTEX_POINT( '', #5856 );
#4629 = LINE( '', #5857, #5858 );
#4630 = VERTEX_POINT( '', #5859 );
#4631 = LINE( '', #5860, #5861 );
#4632 = LINE( '', #5862, #5863 );
#4633 = FILL_AREA_STYLE_COLOUR( '', #5864 );
#4634 = LINE( '', #5865, #5866 );
#4635 = LINE( '', #5867, #5868 );
#4636 = FILL_AREA_STYLE_COLOUR( '', #5869 );
#4637 = VERTEX_POINT( '', #5870 );
#4638 = LINE( '', #5871, #5872 );
#4639 = VERTEX_POINT( '', #5873 );
#4640 = LINE( '', #5874, #5875 );
#4641 = LINE( '', #5876, #5877 );
#4642 = FILL_AREA_STYLE_COLOUR( '', #5878 );
#4643 = VERTEX_POINT( '', #5879 );
#4644 = LINE( '', #5880, #5881 );
#4645 = VERTEX_POINT( '', #5882 );
#4646 = LINE( '', #5883, #5884 );
#4647 = VERTEX_POINT( '', #5885 );
#4648 = LINE( '', #5886, #5887 );
#4649 = LINE( '', #5888, #5889 );
#4650 = FILL_AREA_STYLE_COLOUR( '', #5890 );
#4651 = LINE( '', #5891, #5892 );
#4652 = LINE( '', #5893, #5894 );
#4653 = LINE( '', #5895, #5896 );
#4654 = LINE( '', #5897, #5898 );
#4655 = LINE( '', #5899, #5900 );
#4656 = FILL_AREA_STYLE_COLOUR( '', #5901 );
#4657 = VERTEX_POINT( '', #5902 );
#4658 = VERTEX_POINT( '', #5903 );
#4659 = LINE( '', #5904, #5905 );
#4660 = VERTEX_POINT( '', #5906 );
#4661 = LINE( '', #5907, #5908 );
#4662 = VERTEX_POINT( '', #5909 );
#4663 = LINE( '', #5910, #5911 );
#4664 = LINE( '', #5912, #5913 );
#4665 = FILL_AREA_STYLE_COLOUR( '', #5914 );
#4666 = LINE( '', #5915, #5916 );
#4667 = VERTEX_POINT( '', #5917 );
#4668 = LINE( '', #5918, #5919 );
#4669 = LINE( '', #5920, #5921 );
#4670 = FILL_AREA_STYLE_COLOUR( '', #5922 );
#4671 = VERTEX_POINT( '', #5923 );
#4672 = VERTEX_POINT( '', #5924 );
#4673 = LINE( '', #5925, #5926 );
#4674 = LINE( '', #5927, #5928 );
#4675 = LINE( '', #5929, #5930 );
#4676 = FILL_AREA_STYLE_COLOUR( '', #5931 );
#4677 = LINE( '', #5932, #5933 );
#4678 = FILL_AREA_STYLE_COLOUR( '', #5934 );
#4679 = FILL_AREA_STYLE_COLOUR( '', #5935 );
#4680 = LINE( '', #5936, #5937 );
#4681 = FILL_AREA_STYLE_COLOUR( '', #5938 );
#4682 = LINE( '', #5939, #5940 );
#4683 = LINE( '', #5941, #5942 );
#4684 = FILL_AREA_STYLE_COLOUR( '', #5943 );
#4685 = VERTEX_POINT( '', #5944 );
#4686 = LINE( '', #5945, #5946 );
#4687 = LINE( '', #5947, #5948 );
#4688 = FILL_AREA_STYLE_COLOUR( '', #5949 );
#4689 = VERTEX_POINT( '', #5950 );
#4690 = VERTEX_POINT( '', #5951 );
#4691 = LINE( '', #5952, #5953 );
#4692 = LINE( '', #5954, #5955 );
#4693 = LINE( '', #5956, #5957 );
#4694 = FILL_AREA_STYLE_COLOUR( '', #5958 );
#4695 = LINE( '', #5959, #5960 );
#4696 = FILL_AREA_STYLE_COLOUR( '', #5961 );
#4697 = VERTEX_POINT( '', #5962 );
#4698 = VERTEX_POINT( '', #5963 );
#4699 = LINE( '', #5964, #5965 );
#4700 = VERTEX_POINT( '', #5966 );
#4701 = LINE( '', #5967, #5968 );
#4702 = LINE( '', #5969, #5970 );
#4703 = VERTEX_POINT( '', #5971 );
#4704 = LINE( '', #5972, #5973 );
#4705 = VERTEX_POINT( '', #5974 );
#4706 = LINE( '', #5975, #5976 );
#4707 = VERTEX_POINT( '', #5977 );
#4708 = LINE( '', #5978, #5979 );
#4709 = LINE( '', #5980, #5981 );
#4710 = FILL_AREA_STYLE_COLOUR( '', #5982 );
#4711 = FILL_AREA_STYLE_COLOUR( '', #5983 );
#4712 = VERTEX_POINT( '', #5984 );
#4713 = LINE( '', #5985, #5986 );
#4714 = VERTEX_POINT( '', #5987 );
#4715 = LINE( '', #5988, #5989 );
#4716 = LINE( '', #5990, #5991 );
#4717 = FILL_AREA_STYLE_COLOUR( '', #5992 );
#4718 = VERTEX_POINT( '', #5993 );
#4719 = LINE( '', #5994, #5995 );
#4720 = VERTEX_POINT( '', #5996 );
#4721 = LINE( '', #5997, #5998 );
#4722 = LINE( '', #5999, #6000 );
#4723 = FILL_AREA_STYLE_COLOUR( '', #6001 );
#4724 = VERTEX_POINT( '', #6002 );
#4725 = VERTEX_POINT( '', #6003 );
#4726 = LINE( '', #6004, #6005 );
#4727 = VERTEX_POINT( '', #6006 );
#4728 = LINE( '', #6007, #6008 );
#4729 = VERTEX_POINT( '', #6009 );
#4730 = LINE( '', #6010, #6011 );
#4731 = LINE( '', #6012, #6013 );
#4732 = FILL_AREA_STYLE_COLOUR( '', #6014 );
#4733 = VERTEX_POINT( '', #6015 );
#4734 = VERTEX_POINT( '', #6016 );
#4735 = LINE( '', #6017, #6018 );
#4736 = LINE( '', #6019, #6020 );
#4737 = LINE( '', #6021, #6022 );
#4738 = FILL_AREA_STYLE_COLOUR( '', #6023 );
#4739 = VERTEX_POINT( '', #6024 );
#4740 = LINE( '', #6025, #6026 );
#4741 = LINE( '', #6027, #6028 );
#4742 = FILL_AREA_STYLE_COLOUR( '', #6029 );
#4743 = VERTEX_POINT( '', #6030 );
#4744 = LINE( '', #6031, #6032 );
#4745 = LINE( '', #6033, #6034 );
#4746 = VERTEX_POINT( '', #6035 );
#4747 = CIRCLE( '', #6036, 0.700000000000000 );
#4748 = FILL_AREA_STYLE_COLOUR( '', #6037 );
#4749 = VERTEX_POINT( '', #6038 );
#4750 = VERTEX_POINT( '', #6039 );
#4751 = LINE( '', #6040, #6041 );
#4752 = VERTEX_POINT( '', #6042 );
#4753 = LINE( '', #6043, #6044 );
#4754 = VERTEX_POINT( '', #6045 );
#4755 = LINE( '', #6046, #6047 );
#4756 = LINE( '', #6048, #6049 );
#4757 = FILL_AREA_STYLE_COLOUR( '', #6050 );
#4758 = LINE( '', #6051, #6052 );
#4759 = FILL_AREA_STYLE_COLOUR( '', #6053 );
#4760 = VERTEX_POINT( '', #6054 );
#4761 = LINE( '', #6055, #6056 );
#4762 = VERTEX_POINT( '', #6057 );
#4763 = LINE( '', #6058, #6059 );
#4764 = VERTEX_POINT( '', #6060 );
#4765 = LINE( '', #6061, #6062 );
#4766 = LINE( '', #6063, #6064 );
#4767 = VERTEX_POINT( '', #6065 );
#4768 = LINE( '', #6066, #6067 );
#4769 = LINE( '', #6068, #6069 );
#4770 = FILL_AREA_STYLE_COLOUR( '', #6070 );
#4771 = LINE( '', #6071, #6072 );
#4772 = LINE( '', #6073, #6074 );
#4773 = FILL_AREA_STYLE_COLOUR( '', #6075 );
#4774 = LINE( '', #6076, #6077 );
#4775 = FILL_AREA_STYLE_COLOUR( '', #6078 );
#4776 = VERTEX_POINT( '', #6079 );
#4777 = VERTEX_POINT( '', #6080 );
#4778 = LINE( '', #6081, #6082 );
#4779 = VERTEX_POINT( '', #6083 );
#4780 = LINE( '', #6084, #6085 );
#4781 = LINE( '', #6086, #6087 );
#4782 = FILL_AREA_STYLE_COLOUR( '', #6088 );
#4783 = LINE( '', #6089, #6090 );
#4784 = LINE( '', #6091, #6092 );
#4785 = FILL_AREA_STYLE_COLOUR( '', #6093 );
#4786 = VERTEX_POINT( '', #6094 );
#4787 = CIRCLE( '', #6095, 0.900000000000000 );
#4788 = FILL_AREA_STYLE_COLOUR( '', #6096 );
#4789 = VERTEX_POINT( '', #6097 );
#4790 = LINE( '', #6098, #6099 );
#4791 = LINE( '', #6100, #6101 );
#4792 = FILL_AREA_STYLE_COLOUR( '', #6102 );
#4793 = LINE( '', #6103, #6104 );
#4794 = FILL_AREA_STYLE_COLOUR( '', #6105 );
#4795 = LINE( '', #6106, #6107 );
#4796 = FILL_AREA_STYLE_COLOUR( '', #6108 );
#4797 = VERTEX_POINT( '', #6109 );
#4798 = LINE( '', #6110, #6111 );
#4799 = VERTEX_POINT( '', #6112 );
#4800 = LINE( '', #6113, #6114 );
#4801 = LINE( '', #6115, #6116 );
#4802 = LINE( '', #6117, #6118 );
#4803 = LINE( '', #6119, #6120 );
#4804 = VERTEX_POINT( '', #6121 );
#4805 = CIRCLE( '', #6122, 0.200000000000000 );
#4806 = LINE( '', #6123, #6124 );
#4807 = FILL_AREA_STYLE_COLOUR( '', #6125 );
#4808 = LINE( '', #6126, #6127 );
#4809 = FILL_AREA_STYLE_COLOUR( '', #6128 );
#4810 = VERTEX_POINT( '', #6129 );
#4811 = LINE( '', #6130, #6131 );
#4812 = LINE( '', #6132, #6133 );
#4813 = LINE( '', #6134, #6135 );
#4814 = LINE( '', #6136, #6137 );
#4815 = LINE( '', #6138, #6139 );
#4816 = FILL_AREA_STYLE_COLOUR( '', #6140 );
#4817 = VERTEX_POINT( '', #6141 );
#4818 = LINE( '', #6142, #6143 );
#4819 = VERTEX_POINT( '', #6144 );
#4820 = LINE( '', #6145, #6146 );
#4821 = LINE( '', #6147, #6148 );
#4822 = FILL_AREA_STYLE_COLOUR( '', #6149 );
#4823 = LINE( '', #6150, #6151 );
#4824 = FILL_AREA_STYLE_COLOUR( '', #6152 );
#4825 = LINE( '', #6153, #6154 );
#4826 = LINE( '', #6155, #6156 );
#4827 = FILL_AREA_STYLE_COLOUR( '', #6157 );
#4828 = VERTEX_POINT( '', #6158 );
#4829 = VERTEX_POINT( '', #6159 );
#4830 = LINE( '', #6160, #6161 );
#4831 = LINE( '', #6162, #6163 );
#4832 = LINE( '', #6164, #6165 );
#4833 = FILL_AREA_STYLE_COLOUR( '', #6166 );
#4834 = LINE( '', #6167, #6168 );
#4835 = FILL_AREA_STYLE_COLOUR( '', #6169 );
#4836 = VERTEX_POINT( '', #6170 );
#4837 = VERTEX_POINT( '', #6171 );
#4838 = LINE( '', #6172, #6173 );
#4839 = LINE( '', #6174, #6175 );
#4840 = LINE( '', #6176, #6177 );
#4841 = FILL_AREA_STYLE_COLOUR( '', #6178 );
#4842 = VERTEX_POINT( '', #6179 );
#4843 = LINE( '', #6180, #6181 );
#4844 = LINE( '', #6182, #6183 );
#4845 = FILL_AREA_STYLE_COLOUR( '', #6184 );
#4846 = VERTEX_POINT( '', #6185 );
#4847 = LINE( '', #6186, #6187 );
#4848 = VERTEX_POINT( '', #6188 );
#4849 = LINE( '', #6189, #6190 );
#4850 = LINE( '', #6191, #6192 );
#4851 = FILL_AREA_STYLE_COLOUR( '', #6193 );
#4852 = VERTEX_POINT( '', #6194 );
#4853 = VERTEX_POINT( '', #6195 );
#4854 = LINE( '', #6196, #6197 );
#4855 = LINE( '', #6198, #6199 );
#4856 = LINE( '', #6200, #6201 );
#4857 = FILL_AREA_STYLE_COLOUR( '', #6202 );
#4858 = LINE( '', #6203, #6204 );
#4859 = FILL_AREA_STYLE_COLOUR( '', #6205 );
#4860 = VERTEX_POINT( '', #6206 );
#4861 = CIRCLE( '', #6207, 0.900000000000000 );
#4862 = FILL_AREA_STYLE_COLOUR( '', #6208 );
#4863 = VERTEX_POINT( '', #6209 );
#4864 = LINE( '', #6210, #6211 );
#4865 = LINE( '', #6212, #6213 );
#4866 = FILL_AREA_STYLE_COLOUR( '', #6214 );
#4867 = VERTEX_POINT( '', #6215 );
#4868 = LINE( '', #6216, #6217 );
#4869 = VERTEX_POINT( '', #6218 );
#4870 = LINE( '', #6219, #6220 );
#4871 = LINE( '', #6221, #6222 );
#4872 = FILL_AREA_STYLE_COLOUR( '', #6223 );
#4873 = VERTEX_POINT( '', #6224 );
#4874 = LINE( '', #6225, #6226 );
#4875 = VERTEX_POINT( '', #6227 );
#4876 = LINE( '', #6228, #6229 );
#4877 = LINE( '', #6230, #6231 );
#4878 = FILL_AREA_STYLE_COLOUR( '', #6232 );
#4879 = LINE( '', #6233, #6234 );
#4880 = LINE( '', #6235, #6236 );
#4881 = FILL_AREA_STYLE_COLOUR( '', #6237 );
#4882 = VERTEX_POINT( '', #6238 );
#4883 = LINE( '', #6239, #6240 );
#4884 = LINE( '', #6241, #6242 );
#4885 = FILL_AREA_STYLE_COLOUR( '', #6243 );
#4886 = FILL_AREA_STYLE_COLOUR( '', #6244 );
#4887 = LINE( '', #6245, #6246 );
#4888 = LINE( '', #6247, #6248 );
#4889 = FILL_AREA_STYLE_COLOUR( '', #6249 );
#4890 = LINE( '', #6250, #6251 );
#4891 = LINE( '', #6252, #6253 );
#4892 = FILL_AREA_STYLE_COLOUR( '', #6254 );
#4893 = LINE( '', #6255, #6256 );
#4894 = LINE( '', #6257, #6258 );
#4895 = LINE( '', #6259, #6260 );
#4896 = LINE( '', #6261, #6262 );
#4897 = LINE( '', #6263, #6264 );
#4898 = FILL_AREA_STYLE_COLOUR( '', #6265 );
#4899 = VERTEX_POINT( '', #6266 );
#4900 = LINE( '', #6267, #6268 );
#4901 = LINE( '', #6269, #6270 );
#4902 = FILL_AREA_STYLE_COLOUR( '', #6271 );
#4903 = VERTEX_POINT( '', #6272 );
#4904 = VERTEX_POINT( '', #6273 );
#4905 = LINE( '', #6274, #6275 );
#4906 = LINE( '', #6276, #6277 );
#4907 = LINE( '', #6278, #6279 );
#4908 = FILL_AREA_STYLE_COLOUR( '', #6280 );
#4909 = LINE( '', #6281, #6282 );
#4910 = FILL_AREA_STYLE_COLOUR( '', #6283 );
#4911 = LINE( '', #6284, #6285 );
#4912 = FILL_AREA_STYLE_COLOUR( '', #6286 );
#4913 = LINE( '', #6287, #6288 );
#4914 = FILL_AREA_STYLE_COLOUR( '', #6289 );
#4915 = VERTEX_POINT( '', #6290 );
#4916 = LINE( '', #6291, #6292 );
#4917 = LINE( '', #6293, #6294 );
#4918 = FILL_AREA_STYLE_COLOUR( '', #6295 );
#4919 = VERTEX_POINT( '', #6296 );
#4920 = VERTEX_POINT( '', #6297 );
#4921 = LINE( '', #6298, #6299 );
#4922 = VERTEX_POINT( '', #6300 );
#4923 = LINE( '', #6301, #6302 );
#4924 = LINE( '', #6303, #6304 );
#4925 = FILL_AREA_STYLE_COLOUR( '', #6305 );
#4926 = LINE( '', #6306, #6307 );
#4927 = LINE( '', #6308, #6309 );
#4928 = LINE( '', #6310, #6311 );
#4929 = FILL_AREA_STYLE_COLOUR( '', #6312 );
#4930 = VERTEX_POINT( '', #6313 );
#4931 = LINE( '', #6314, #6315 );
#4932 = VERTEX_POINT( '', #6316 );
#4933 = LINE( '', #6317, #6318 );
#4934 = LINE( '', #6319, #6320 );
#4935 = FILL_AREA_STYLE_COLOUR( '', #6321 );
#4936 = LINE( '', #6322, #6323 );
#4937 = FILL_AREA_STYLE_COLOUR( '', #6324 );
#4938 = LINE( '', #6325, #6326 );
#4939 = FILL_AREA_STYLE_COLOUR( '', #6327 );
#4940 = FILL_AREA_STYLE_COLOUR( '', #6328 );
#4941 = LINE( '', #6329, #6330 );
#4942 = LINE( '', #6331, #6332 );
#4943 = LINE( '', #6333, #6334 );
#4944 = LINE( '', #6335, #6336 );
#4945 = LINE( '', #6337, #6338 );
#4946 = LINE( '', #6339, #6340 );
#4947 = LINE( '', #6341, #6342 );
#4948 = VERTEX_POINT( '', #6343 );
#4949 = LINE( '', #6344, #6345 );
#4950 = LINE( '', #6346, #6347 );
#4951 = LINE( '', #6348, #6349 );
#4952 = VERTEX_POINT( '', #6350 );
#4953 = LINE( '', #6351, #6352 );
#4954 = VERTEX_POINT( '', #6353 );
#4955 = LINE( '', #6354, #6355 );
#4956 = LINE( '', #6356, #6357 );
#4957 = LINE( '', #6358, #6359 );
#4958 = LINE( '', #6360, #6361 );
#4959 = LINE( '', #6362, #6363 );
#4960 = LINE( '', #6364, #6365 );
#4961 = VERTEX_POINT( '', #6366 );
#4962 = LINE( '', #6367, #6368 );
#4963 = LINE( '', #6369, #6370 );
#4964 = FILL_AREA_STYLE_COLOUR( '', #6371 );
#4965 = FILL_AREA_STYLE_COLOUR( '', #6372 );
#4966 = LINE( '', #6373, #6374 );
#4967 = FILL_AREA_STYLE_COLOUR( '', #6375 );
#4968 = FILL_AREA_STYLE_COLOUR( '', #6376 );
#4969 = FILL_AREA_STYLE_COLOUR( '', #6377 );
#4970 = LINE( '', #6378, #6379 );
#4971 = FILL_AREA_STYLE_COLOUR( '', #6380 );
#4972 = LINE( '', #6381, #6382 );
#4973 = FILL_AREA_STYLE_COLOUR( '', #6383 );
#4974 = FILL_AREA_STYLE_COLOUR( '', #6384 );
#4975 = VERTEX_POINT( '', #6385 );
#4976 = LINE( '', #6386, #6387 );
#4977 = LINE( '', #6388, #6389 );
#4978 = FILL_AREA_STYLE_COLOUR( '', #6390 );
#4979 = FILL_AREA_STYLE_COLOUR( '', #6391 );
#4980 = LINE( '', #6392, #6393 );
#4981 = FILL_AREA_STYLE_COLOUR( '', #6394 );
#4982 = LINE( '', #6395, #6396 );
#4983 = FILL_AREA_STYLE_COLOUR( '', #6397 );
#4984 = VERTEX_POINT( '', #6398 );
#4985 = LINE( '', #6399, #6400 );
#4986 = LINE( '', #6401, #6402 );
#4987 = FILL_AREA_STYLE_COLOUR( '', #6403 );
#4988 = LINE( '', #6404, #6405 );
#4989 = FILL_AREA_STYLE_COLOUR( '', #6406 );
#4990 = FILL_AREA_STYLE_COLOUR( '', #6407 );
#4991 = LINE( '', #6408, #6409 );
#4992 = LINE( '', #6410, #6411 );
#4993 = FILL_AREA_STYLE_COLOUR( '', #6412 );
#4994 = LINE( '', #6413, #6414 );
#4995 = FILL_AREA_STYLE_COLOUR( '', #6415 );
#4996 = FILL_AREA_STYLE_COLOUR( '', #6416 );
#4997 = LINE( '', #6417, #6418 );
#4998 = CIRCLE( '', #6419, 0.200000000000000 );
#4999 = FILL_AREA_STYLE_COLOUR( '', #6420 );
#5000 = FILL_AREA_STYLE_COLOUR( '', #6421 );
#5001 = FILL_AREA_STYLE_COLOUR( '', #6422 );
#5002 = FILL_AREA_STYLE_COLOUR( '', #6423 );
#5003 = FILL_AREA_STYLE_COLOUR( '', #6424 );
#5004 = FILL_AREA_STYLE_COLOUR( '', #6425 );
#5005 = FILL_AREA_STYLE_COLOUR( '', #6426 );
#5006 = LINE( '', #6427, #6428 );
#5007 = FILL_AREA_STYLE_COLOUR( '', #6429 );
#5008 = LINE( '', #6430, #6431 );
#5009 = FILL_AREA_STYLE_COLOUR( '', #6432 );
#5010 = LINE( '', #6433, #6434 );
#5011 = FILL_AREA_STYLE_COLOUR( '', #6435 );
#5012 = FILL_AREA_STYLE_COLOUR( '', #6436 );
#5013 = FILL_AREA_STYLE_COLOUR( '', #6437 );
#5014 = FILL_AREA_STYLE_COLOUR( '', #6438 );
#5015 = FILL_AREA_STYLE_COLOUR( '', #6439 );
#5016 = FILL_AREA_STYLE_COLOUR( '', #6440 );
#5017 = LINE( '', #6441, #6442 );
#5018 = FILL_AREA_STYLE_COLOUR( '', #6443 );
#5019 = LINE( '', #6444, #6445 );
#5020 = LINE( '', #6446, #6447 );
#5021 = FILL_AREA_STYLE_COLOUR( '', #6448 );
#5022 = FILL_AREA_STYLE_COLOUR( '', #6449 );
#5023 = FILL_AREA_STYLE_COLOUR( '', #6450 );
#5024 = FILL_AREA_STYLE_COLOUR( '', #6451 );
#5025 = FILL_AREA_STYLE_COLOUR( '', #6452 );
#5026 = FILL_AREA_STYLE_COLOUR( '', #6453 );
#5027 = FILL_AREA_STYLE_COLOUR( '', #6454 );
#5028 = FILL_AREA_STYLE_COLOUR( '', #6455 );
#5029 = FILL_AREA_STYLE_COLOUR( '', #6456 );
#5030 = COLOUR_RGB( '', 0.392156869200000, 0.600000023800000, 0.392156869200000 );
#5031 = CARTESIAN_POINT( '', ( 4.21000000000000, -3.20000000000000, -3.70000000000000 ) );
#5032 = CARTESIAN_POINT( '', ( 4.21000000000000, -3.20000000000000, -2.80000000000000 ) );
#5033 = CARTESIAN_POINT( '', ( 4.21000000000000, -3.20000000000000, -3.70000000000000 ) );
#5034 = VECTOR( '', #6457, 1000.00000000000 );
#5035 = CARTESIAN_POINT( '', ( 4.41000000000000, -3.20000000000000, -4.20000000000000 ) );
#5036 = CARTESIAN_POINT( '', ( 4.21000000000000, -3.20000000000000, -3.70000000000000 ) );
#5037 = VECTOR( '', #6458, 1000.00000000000 );
#5038 = CARTESIAN_POINT( '', ( 5.18500000000000, -3.20000000000000, -4.20000000000000 ) );
#5039 = CARTESIAN_POINT( '', ( 5.18500000000000, -3.20000000000000, -4.20000000000000 ) );
#5040 = VECTOR( '', #6459, 1000.00000000000 );
#5041 = CARTESIAN_POINT( '', ( 5.18500000000000, -3.20000000000000, -1.55000000000000 ) );
#5042 = CARTESIAN_POINT( '', ( 5.18500000000000, -3.20000000000000, -1.55000000000000 ) );
#5043 = VECTOR( '', #6460, 1000.00000000000 );
#5044 = CARTESIAN_POINT( '', ( 2.43500000000000, -3.20000000000000, -1.55000000000000 ) );
#5045 = CARTESIAN_POINT( '', ( 5.18500000000000, -3.20000000000000, -1.55000000000000 ) );
#5046 = VECTOR( '', #6461, 1000.00000000000 );
#5047 = CARTESIAN_POINT( '', ( 2.43500000000000, -3.20000000000000, -4.20000000000000 ) );
#5048 = CARTESIAN_POINT( '', ( 2.43500000000000, -3.20000000000000, -1.55000000000000 ) );
#5049 = VECTOR( '', #6462, 1000.00000000000 );
#5050 = CARTESIAN_POINT( '', ( 3.21000000000000, -3.20000000000000, -4.20000000000000 ) );
#5051 = CARTESIAN_POINT( '', ( 5.18500000000000, -3.20000000000000, -4.20000000000000 ) );
#5052 = VECTOR( '', #6463, 1000.00000000000 );
#5053 = CARTESIAN_POINT( '', ( 3.41000000000000, -3.20000000000000, -3.70000000000000 ) );
#5054 = CARTESIAN_POINT( '', ( 3.21000000000000, -3.20000000000000, -4.20000000000000 ) );
#5055 = VECTOR( '', #6464, 1000.00000000000 );
#5056 = CARTESIAN_POINT( '', ( 3.41000000000000, -3.20000000000000, -2.80000000000000 ) );
#5057 = CARTESIAN_POINT( '', ( 3.41000000000000, -3.20000000000000, -2.80000000000000 ) );
#5058 = VECTOR( '', #6465, 1000.00000000000 );
#5059 = CARTESIAN_POINT( '', ( 4.21000000000000, -3.20000000000000, -2.80000000000000 ) );
#5060 = VECTOR( '', #6466, 1000.00000000000 );
#5061 = COLOUR_RGB( '', 0.392156869200000, 0.600000023800000, 0.392156869200000 );
#5062 = CARTESIAN_POINT( '', ( 3.11000000000000, -0.800000000000000, -1.05000000000000 ) );
#5063 = AXIS2_PLACEMENT_3D( '', #6467, #6468, #6469 );
#5064 = CARTESIAN_POINT( '', ( 2.91000000000000, -0.800000000000000, -1.25000000000000 ) );
#5065 = AXIS2_PLACEMENT_3D( '', #6470, #6471, #6472 );
#5066 = COLOUR_RGB( '', 0.392156869200000, 0.600000023800000, 0.392156869200000 );
#5067 = CARTESIAN_POINT( '', ( 1.00000000000000, -0.300000000000000, -3.40000000000000 ) );
#5068 = CARTESIAN_POINT( '', ( 1.00000000000000, 0.900000000000000, -3.40000000000000 ) );
#5069 = CARTESIAN_POINT( '', ( 1.00000000000000, 0.900000000000000, -3.40000000000000 ) );
#5070 = VECTOR( '', #6473, 1000.00000000000 );
#5071 = CARTESIAN_POINT( '', ( 1.00000000000000, 0.900000000000000, -2.60000000000000 ) );
#5072 = CARTESIAN_POINT( '', ( 1.00000000000000, 0.900000000000000, -2.60000000000000 ) );
#5073 = VECTOR( '', #6474, 1000.00000000000 );
#5074 = CARTESIAN_POINT( '', ( 1.00000000000000, -0.300000000000000, -2.60000000000000 ) );
#5075 = CARTESIAN_POINT( '', ( 1.00000000000000, 0.900000000000000, -2.60000000000000 ) );
#5076 = VECTOR( '', #6475, 1000.00000000000 );
#5077 = CARTESIAN_POINT( '', ( 1.00000000000000, -0.300000000000000, -2.60000000000000 ) );
#5078 = VECTOR( '', #6476, 1000.00000000000 );
#5079 = COLOUR_RGB( '', 0.392156869200000, 0.600000023800000, 0.392156869200000 );
#5080 = CARTESIAN_POINT( '', ( -4.51000000000000, 2.00000000000000, 4.60000000000000 ) );
#5081 = CARTESIAN_POINT( '', ( -4.86000000000000, 2.00000000000000, 4.60000000000000 ) );
#5082 = CARTESIAN_POINT( '', ( -4.86000000000000, 2.00000000000000, 4.60000000000000 ) );
#5083 = VECTOR( '', #6477, 1000.00000000000 );
#5084 = CARTESIAN_POINT( '', ( -4.51000000000000, 2.00000000000000, -3.40000000000000 ) );
#5085 = CARTESIAN_POINT( '', ( -4.51000000000000, 2.00000000000000, -3.40000000000000 ) );
#5086 = VECTOR( '', #6478, 1000.00000000000 );
#5087 = CARTESIAN_POINT( '', ( -4.86000000000000, 2.00000000000000, -3.40000000000000 ) );
#5088 = CARTESIAN_POINT( '', ( -4.86000000000000, 2.00000000000000, -3.40000000000000 ) );
#5089 = VECTOR( '', #6479, 1000.00000000000 );
#5090 = CARTESIAN_POINT( '', ( -4.86000000000000, 2.00000000000000, -3.40000000000000 ) );
#5091 = VECTOR( '', #6480, 1000.00000000000 );
#5092 = COLOUR_RGB( '', 0.392156869200000, 0.600000023800000, 0.392156869200000 );
#5093 = CARTESIAN_POINT( '', ( 3.21000000000000, -0.400000000000000, -4.20000000000000 ) );
#5094 = CARTESIAN_POINT( '', ( 4.41000000000000, -0.400000000000000, -4.20000000000000 ) );
#5095 = CARTESIAN_POINT( '', ( 4.21000000000000, -0.400000000000000, -4.20000000000000 ) );
#5096 = VECTOR( '', #6481, 1000.00000000000 );
#5097 = CARTESIAN_POINT( '', ( 3.21000000000000, -0.400000000000000, -4.20000000000000 ) );
#5098 = VECTOR( '', #6482, 1000.00000000000 );
#5099 = CARTESIAN_POINT( '', ( 2.43500000000000, 0.600000000000000, -4.20000000000000 ) );
#5100 = CARTESIAN_POINT( '', ( 2.43500000000000, -3.60000000000000, -4.20000000000000 ) );
#5101 = VECTOR( '', #6483, 1000.00000000000 );
#5102 = CARTESIAN_POINT( '', ( 5.18500000000000, 0.600000000000000, -4.20000000000000 ) );
#5103 = CARTESIAN_POINT( '', ( 5.18500000000000, 0.600000000000000, -4.20000000000000 ) );
#5104 = VECTOR( '', #6484, 1000.00000000000 );
#5105 = CARTESIAN_POINT( '', ( 5.18500000000000, -3.60000000000000, -4.20000000000000 ) );
#5106 = VECTOR( '', #6485, 1000.00000000000 );
#5107 = CARTESIAN_POINT( '', ( 4.41000000000000, -0.400000000000000, -4.20000000000000 ) );
#5108 = VECTOR( '', #6486, 1000.00000000000 );
#5109 = COLOUR_RGB( '', 0.740392148500000, 0.778039217000000, 0.800000011900000 );
#5110 = CARTESIAN_POINT( '', ( 0.400000000000000, -0.400000000000000, 4.72500000000000 ) );
#5111 = CARTESIAN_POINT( '', ( 0.200000000000000, -0.200000000000000, 5.52500000000000 ) );
#5112 = CARTESIAN_POINT( '', ( 0.166666666666666, -0.166666666666667, 5.65833333333333 ) );
#5113 = VECTOR( '', #6487, 1000.00000000000 );
#5114 = CARTESIAN_POINT( '', ( -0.200000000000000, -0.200000000000000, 5.52500000000000 ) );
#5115 = CARTESIAN_POINT( '', ( 0.400000000000000, -0.200000000000000, 5.52500000000000 ) );
#5116 = VECTOR( '', #6488, 1000.00000000000 );
#5117 = CARTESIAN_POINT( '', ( -0.400000000000000, -0.400000000000000, 4.72500000000000 ) );
#5118 = CARTESIAN_POINT( '', ( -0.355555555555556, -0.355555555555556, 4.90277777777778 ) );
#5119 = VECTOR( '', #6489, 1000.00000000000 );
#5120 = CARTESIAN_POINT( '', ( 0.400000000000000, -0.400000000000000, 4.72500000000000 ) );
#5121 = VECTOR( '', #6490, 1000.00000000000 );
#5122 = COLOUR_RGB( '', 0.392156869200000, 0.600000023800000, 0.392156869200000 );
#5123 = CARTESIAN_POINT( '', ( -5.41000000000000, -1.30000000000000, -3.40000000000000 ) );
#5124 = CARTESIAN_POINT( '', ( -4.81000000000000, -1.30000000000000, -3.40000000000000 ) );
#5125 = CARTESIAN_POINT( '', ( -5.41000000000000, -1.30000000000000, -3.40000000000000 ) );
#5126 = VECTOR( '', #6491, 1000.00000000000 );
#5127 = CARTESIAN_POINT( '', ( -4.81000000000000, -1.30000000000000, -2.60000000000000 ) );
#5128 = CARTESIAN_POINT( '', ( -4.81000000000000, -1.30000000000000, -2.60000000000000 ) );
#5129 = VECTOR( '', #6492, 1000.00000000000 );
#5130 = CARTESIAN_POINT( '', ( -5.41000000000000, -1.30000000000000, -2.60000000000000 ) );
#5131 = CARTESIAN_POINT( '', ( -5.41000000000000, -1.30000000000000, -2.60000000000000 ) );
#5132 = VECTOR( '', #6493, 1000.00000000000 );
#5133 = CARTESIAN_POINT( '', ( -5.41000000000000, -1.30000000000000, -2.60000000000000 ) );
#5134 = VECTOR( '', #6494, 1000.00000000000 );
#5135 = COLOUR_RGB( '', 0.392156869200000, 0.600000023800000, 0.392156869200000 );
#5136 = CARTESIAN_POINT( '', ( -2.43500000000000, -3.60000000000000, -1.55000000000000 ) );
#5137 = CARTESIAN_POINT( '', ( -5.18500000000000, -3.60000000000000, -1.55000000000000 ) );
#5138 = CARTESIAN_POINT( '', ( -5.18500000000000, -3.60000000000000, -1.55000000000000 ) );
#5139 = VECTOR( '', #6495, 1000.00000000000 );
#5140 = CARTESIAN_POINT( '', ( -2.43500000000000, -3.60000000000000, -4.60000000000000 ) );
#5141 = CARTESIAN_POINT( '', ( -2.43500000000000, -3.60000000000000, -1.55000000000000 ) );
#5142 = VECTOR( '', #6496, 1000.00000000000 );
#5143 = CARTESIAN_POINT( '', ( -1.37500000000000, -3.60000000000000, -4.60000000000000 ) );
#5144 = CARTESIAN_POINT( '', ( 6.31000000000000, -3.60000000000000, -4.60000000000000 ) );
#5145 = VECTOR( '', #6497, 1000.00000000000 );
#5146 = CARTESIAN_POINT( '', ( -1.37500000000000, -3.60000000000000, -1.55000000000000 ) );
#5147 = CARTESIAN_POINT( '', ( -1.37500000000000, -3.60000000000000, -1.55000000000000 ) );
#5148 = VECTOR( '', #6498, 1000.00000000000 );
#5149 = CARTESIAN_POINT( '', ( 1.37500000000000, -3.60000000000000, -1.55000000000000 ) );
#5150 = CARTESIAN_POINT( '', ( -1.37500000000000, -3.60000000000000, -1.55000000000000 ) );
#5151 = VECTOR( '', #6499, 1000.00000000000 );
#5152 = CARTESIAN_POINT( '', ( 1.37500000000000, -3.60000000000000, -4.60000000000000 ) );
#5153 = CARTESIAN_POINT( '', ( 1.37500000000000, -3.60000000000000, -1.55000000000000 ) );
#5154 = VECTOR( '', #6500, 1000.00000000000 );
#5155 = CARTESIAN_POINT( '', ( 2.43500000000000, -3.60000000000000, -4.60000000000000 ) );
#5156 = CARTESIAN_POINT( '', ( 6.31000000000000, -3.60000000000000, -4.60000000000000 ) );
#5157 = VECTOR( '', #6501, 1000.00000000000 );
#5158 = CARTESIAN_POINT( '', ( 2.43500000000000, -3.60000000000000, -1.55000000000000 ) );
#5159 = CARTESIAN_POINT( '', ( 2.43500000000000, -3.60000000000000, -1.55000000000000 ) );
#5160 = VECTOR( '', #6502, 1000.00000000000 );
#5161 = CARTESIAN_POINT( '', ( 5.18500000000000, -3.60000000000000, -1.55000000000000 ) );
#5162 = CARTESIAN_POINT( '', ( 2.43500000000000, -3.60000000000000, -1.55000000000000 ) );
#5163 = VECTOR( '', #6503, 1000.00000000000 );
#5164 = CARTESIAN_POINT( '', ( 5.18500000000000, -3.60000000000000, -4.60000000000000 ) );
#5165 = CARTESIAN_POINT( '', ( 5.18500000000000, -3.60000000000000, -1.55000000000000 ) );
#5166 = VECTOR( '', #6504, 1000.00000000000 );
#5167 = CARTESIAN_POINT( '', ( 6.31000000000000, -3.60000000000000, -4.60000000000000 ) );
#5168 = CARTESIAN_POINT( '', ( 6.31000000000000, -3.60000000000000, -4.60000000000000 ) );
#5169 = VECTOR( '', #6505, 1000.00000000000 );
#5170 = CARTESIAN_POINT( '', ( 6.31000000000000, -3.60000000000000, 4.60000000000000 ) );
#5171 = CARTESIAN_POINT( '', ( 6.31000000000000, -3.60000000000000, 4.60000000000000 ) );
#5172 = VECTOR( '', #6506, 1000.00000000000 );
#5173 = CARTESIAN_POINT( '', ( -6.31000000000000, -3.60000000000000, 4.60000000000000 ) );
#5174 = CARTESIAN_POINT( '', ( 6.31000000000000, -3.60000000000000, 4.60000000000000 ) );
#5175 = VECTOR( '', #6507, 1000.00000000000 );
#5176 = CARTESIAN_POINT( '', ( -6.31000000000000, -3.60000000000000, -4.60000000000000 ) );
#5177 = CARTESIAN_POINT( '', ( -6.31000000000000, -3.60000000000000, 4.60000000000000 ) );
#5178 = VECTOR( '', #6508, 1000.00000000000 );
#5179 = CARTESIAN_POINT( '', ( -5.18500000000000, -3.60000000000000, -4.60000000000000 ) );
#5180 = CARTESIAN_POINT( '', ( 6.31000000000000, -3.60000000000000, -4.60000000000000 ) );
#5181 = VECTOR( '', #6509, 1000.00000000000 );
#5182 = CARTESIAN_POINT( '', ( -5.18500000000000, -3.60000000000000, -1.55000000000000 ) );
#5183 = VECTOR( '', #6510, 1000.00000000000 );
#5184 = COLOUR_RGB( '', 0.392156869200000, 0.600000023800000, 0.392156869200000 );
#5185 = CARTESIAN_POINT( '', ( 2.81000000000000, -0.300000000000000, -3.40000000000000 ) );
#5186 = CARTESIAN_POINT( '', ( 2.21000000000000, -0.300000000000000, -3.40000000000000 ) );
#5187 = CARTESIAN_POINT( '', ( 2.81000000000000, -0.300000000000000, -3.40000000000000 ) );
#5188 = VECTOR( '', #6511, 1000.00000000000 );
#5189 = CARTESIAN_POINT( '', ( 2.21000000000000, -0.300000000000000, -2.60000000000000 ) );
#5190 = CARTESIAN_POINT( '', ( 2.21000000000000, -0.300000000000000, -2.60000000000000 ) );
#5191 = VECTOR( '', #6512, 1000.00000000000 );
#5192 = CARTESIAN_POINT( '', ( 2.81000000000000, -0.300000000000000, -2.60000000000000 ) );
#5193 = CARTESIAN_POINT( '', ( 2.81000000000000, -0.300000000000000, -2.60000000000000 ) );
#5194 = VECTOR( '', #6513, 1000.00000000000 );
#5195 = CARTESIAN_POINT( '', ( 2.81000000000000, -0.300000000000000, -2.60000000000000 ) );
#5196 = VECTOR( '', #6514, 1000.00000000000 );
#5197 = COLOUR_RGB( '', 0.392156869200000, 0.600000023800000, 0.392156869200000 );
#5198 = CARTESIAN_POINT( '', ( 6.31000000000000, -0.500000000000000, 2.45000000000000 ) );
#5199 = CARTESIAN_POINT( '', ( 6.31000000000000, 0.149999999999997, 2.45000000000000 ) );
#5200 = CARTESIAN_POINT( '', ( 6.31000000000000, -0.500000000000000, 2.45000000000000 ) );
#5201 = VECTOR( '', #6515, 1000.00000000000 );
#5202 = CARTESIAN_POINT( '', ( 7.46000000000000, -0.500000000000000, 2.45000000000000 ) );
#5203 = CARTESIAN_POINT( '', ( 7.46000000000000, -0.500000000000000, 2.45000000000000 ) );
#5204 = VECTOR( '', #6516, 1000.00000000000 );
#5205 = CARTESIAN_POINT( '', ( 7.46000000000000, 0.149999999999997, 2.45000000000000 ) );
#5206 = CARTESIAN_POINT( '', ( 7.46000000000000, -0.500000000000000, 2.45000000000000 ) );
#5207 = VECTOR( '', #6517, 1000.00000000000 );
#5208 = CARTESIAN_POINT( '', ( 7.46000000000000, 0.149999999999997, 2.45000000000000 ) );
#5209 = VECTOR( '', #6518, 1000.00000000000 );
#5210 = COLOUR_RGB( '', 0.392156869200000, 0.600000023800000, 0.392156869200000 );
#5211 = CARTESIAN_POINT( '', ( -3.41000000000000, -1.20000000000000, -2.80000000000000 ) );
#5212 = CARTESIAN_POINT( '', ( -3.41000000000000, -1.20000000000000, -1.05000000000000 ) );
#5213 = CARTESIAN_POINT( '', ( -3.41000000000000, -1.20000000000000, -18.2473190052363 ) );
#5214 = VECTOR( '', #6519, 1000.00000000000 );
#5215 = CARTESIAN_POINT( '', ( -4.21000000000000, -1.20000000000000, -2.80000000000000 ) );
#5216 = CARTESIAN_POINT( '', ( -4.21000000000000, -1.20000000000000, -2.80000000000000 ) );
#5217 = VECTOR( '', #6520, 1000.00000000000 );
#5218 = CARTESIAN_POINT( '', ( -4.21000000000000, -1.20000000000000, -1.05000000000000 ) );
#5219 = CARTESIAN_POINT( '', ( -4.21000000000000, -1.20000000000000, -18.2473190052363 ) );
#5220 = VECTOR( '', #6521, 1000.00000000000 );
#5221 = CARTESIAN_POINT( '', ( -4.21000000000000, -1.20000000000000, -1.05000000000000 ) );
#5222 = VECTOR( '', #6522, 1000.00000000000 );
#5223 = COLOUR_RGB( '', 0.392156869200000, 0.600000023800000, 0.392156869200000 );
#5224 = CARTESIAN_POINT( '', ( -6.31000000000000, 0.149999999999997, 2.45000000000000 ) );
#5225 = CARTESIAN_POINT( '', ( -6.31000000000000, -0.500000000000000, 2.45000000000000 ) );
#5226 = CARTESIAN_POINT( '', ( -6.31000000000000, 0.149999999999997, 2.45000000000000 ) );
#5227 = VECTOR( '', #6523, 1000.00000000000 );
#5228 = CARTESIAN_POINT( '', ( -7.46000000000000, 0.149999999999997, 2.45000000000000 ) );
#5229 = CARTESIAN_POINT( '', ( -7.46000000000000, 0.149999999999997, 2.45000000000000 ) );
#5230 = VECTOR( '', #6524, 1000.00000000000 );
#5231 = CARTESIAN_POINT( '', ( -7.46000000000000, -0.500000000000000, 2.45000000000000 ) );
#5232 = CARTESIAN_POINT( '', ( -7.46000000000000, 0.149999999999997, 2.45000000000000 ) );
#5233 = VECTOR( '', #6525, 1000.00000000000 );
#5234 = CARTESIAN_POINT( '', ( -7.46000000000000, -0.500000000000000, 2.45000000000000 ) );
#5235 = VECTOR( '', #6526, 1000.00000000000 );
#5236 = COLOUR_RGB( '', 0.392156869200000, 0.600000023800000, 0.392156869200000 );
#5237 = CARTESIAN_POINT( '', ( -2.21000000000000, -2.90000000000000, 4.60000000000000 ) );
#5238 = CARTESIAN_POINT( '', ( -2.61000000000000, -2.90000000000000, 4.60000000000000 ) );
#5239 = CARTESIAN_POINT( '', ( -2.21000000000000, -2.90000000000000, 4.60000000000000 ) );
#5240 = VECTOR( '', #6527, 1000.00000000000 );
#5241 = CARTESIAN_POINT( '', ( -2.21000000000000, -2.90000000000000, -3.40000000000000 ) );
#5242 = CARTESIAN_POINT( '', ( -2.21000000000000, -2.90000000000000, -3.40000000000000 ) );
#5243 = VECTOR( '', #6528, 1000.00000000000 );
#5244 = CARTESIAN_POINT( '', ( -2.61000000000000, -2.90000000000000, -3.40000000000000 ) );
#5245 = CARTESIAN_POINT( '', ( -2.21000000000000, -2.90000000000000, -3.40000000000000 ) );
#5246 = VECTOR( '', #6529, 1000.00000000000 );
#5247 = CARTESIAN_POINT( '', ( -2.61000000000000, -2.90000000000000, -3.40000000000000 ) );
#5248 = VECTOR( '', #6530, 1000.00000000000 );
#5249 = COLOUR_RGB( '', 0.392156869200000, 0.600000023800000, 0.392156869200000 );
#5250 = CARTESIAN_POINT( '', ( 4.21000000000000, -1.20000000000000, -2.80000000000000 ) );
#5251 = CARTESIAN_POINT( '', ( 4.21000000000000, -1.20000000000000, -1.05000000000000 ) );
#5252 = CARTESIAN_POINT( '', ( 4.21000000000000, -1.20000000000000, -18.2472207056838 ) );
#5253 = VECTOR( '', #6531, 1000.00000000000 );
#5254 = CARTESIAN_POINT( '', ( 3.41000000000000, -1.20000000000000, -2.80000000000000 ) );
#5255 = CARTESIAN_POINT( '', ( 3.41000000000000, -1.20000000000000, -2.80000000000000 ) );
#5256 = VECTOR( '', #6532, 1000.00000000000 );
#5257 = CARTESIAN_POINT( '', ( 3.41000000000000, -1.20000000000000, -1.05000000000000 ) );
#5258 = CARTESIAN_POINT( '', ( 3.41000000000000, -1.20000000000000, -18.2472207056838 ) );
#5259 = VECTOR( '', #6533, 1000.00000000000 );
#5260 = CARTESIAN_POINT( '', ( 3.41000000000000, -1.20000000000000, -1.05000000000000 ) );
#5261 = VECTOR( '', #6534, 1000.00000000000 );
#5262 = COLOUR_RGB( '', 0.740392148500000, 0.778039217000000, 0.800000011900000 );
#5263 = CARTESIAN_POINT( '', ( -0.200000000000000, -0.200000000000000, -5.52500000000000 ) );
#5264 = CARTESIAN_POINT( '', ( -0.400000000000000, -0.400000000000000, -4.72500000000000 ) );
#5265 = CARTESIAN_POINT( '', ( -0.166666666666666, -0.166666666666667, -5.65833333333333 ) );
#5266 = VECTOR( '', #6535, 1000.00000000000 );
#5267 = CARTESIAN_POINT( '', ( 0.200000000000000, -0.200000000000000, -5.52500000000000 ) );
#5268 = CARTESIAN_POINT( '', ( 0.400000000000000, -0.200000000000000, -5.52500000000000 ) );
#5269 = VECTOR( '', #6536, 1000.00000000000 );
#5270 = CARTESIAN_POINT( '', ( 0.400000000000000, -0.400000000000000, -4.72500000000000 ) );
#5271 = CARTESIAN_POINT( '', ( 0.211111111111111, -0.211111111111112, -5.48055555555556 ) );
#5272 = VECTOR( '', #6537, 1000.00000000000 );
#5273 = CARTESIAN_POINT( '', ( 0.400000000000000, -0.400000000000000, -4.72500000000000 ) );
#5274 = VECTOR( '', #6538, 1000.00000000000 );
#5275 = COLOUR_RGB( '', 0.392156869200000, 0.600000023800000, 0.392156869200000 );
#5276 = CARTESIAN_POINT( '', ( -0.900000000000002, -0.800000000000000, -1.25000000000000 ) );
#5277 = AXIS2_PLACEMENT_3D( '', #6539, #6540, #6541 );
#5278 = CARTESIAN_POINT( '', ( 0.899999999999998, -0.800000000000000, -2.60000000000000 ) );
#5279 = AXIS2_PLACEMENT_3D( '', #6542, #6543, #6544 );
#5280 = COLOUR_RGB( '', 0.392156869200000, 0.600000023800000, 0.392156869200000 );
#5281 = CARTESIAN_POINT( '', ( 4.81000000000000, -0.300000000000000, -3.40000000000000 ) );
#5282 = CARTESIAN_POINT( '', ( 4.81000000000000, 0.900000000000000, -3.40000000000000 ) );
#5283 = CARTESIAN_POINT( '', ( 4.81000000000000, 0.900000000000000, -3.40000000000000 ) );
#5284 = VECTOR( '', #6545, 1000.00000000000 );
#5285 = CARTESIAN_POINT( '', ( 5.41000000000000, -0.300000000000000, -3.40000000000000 ) );
#5286 = CARTESIAN_POINT( '', ( 4.81000000000000, -0.300000000000000, -3.40000000000000 ) );
#5287 = VECTOR( '', #6546, 1000.00000000000 );
#5288 = CARTESIAN_POINT( '', ( 5.41000000000000, 1.40000000000000, -3.40000000000000 ) );
#5289 = CARTESIAN_POINT( '', ( 5.41000000000000, 1.40000000000000, -3.40000000000000 ) );
#5290 = VECTOR( '', #6547, 1000.00000000000 );
#5291 = CARTESIAN_POINT( '', ( 4.51000000000000, 1.40000000000000, -3.40000000000000 ) );
#5292 = CARTESIAN_POINT( '', ( 4.51000000000000, 1.40000000000000, -3.40000000000000 ) );
#5293 = VECTOR( '', #6548, 1000.00000000000 );
#5294 = CARTESIAN_POINT( '', ( 4.51000000000000, 2.00000000000000, -3.40000000000000 ) );
#5295 = CARTESIAN_POINT( '', ( 4.51000000000000, 2.00000000000000, -3.40000000000000 ) );
#5296 = VECTOR( '', #6549, 1000.00000000000 );
#5297 = CARTESIAN_POINT( '', ( 4.86000000000000, 2.00000000000000, -3.40000000000000 ) );
#5298 = CARTESIAN_POINT( '', ( 4.86000000000000, 2.00000000000000, -3.40000000000000 ) );
#5299 = VECTOR( '', #6550, 1000.00000000000 );
#5300 = CARTESIAN_POINT( '', ( 5.41000000000000, 2.90000000000000, -3.40000000000000 ) );
#5301 = CARTESIAN_POINT( '', ( 5.41000000000000, 2.90000000000000, -3.40000000000000 ) );
#5302 = VECTOR( '', #6551, 1000.00000000000 );
#5303 = CARTESIAN_POINT( '', ( 2.21000000000000, 2.90000000000000, -3.40000000000000 ) );
#5304 = CARTESIAN_POINT( '', ( 2.21000000000000, 2.90000000000000, -3.40000000000000 ) );
#5305 = VECTOR( '', #6552, 1000.00000000000 );
#5306 = CARTESIAN_POINT( '', ( 2.76000000000000, 2.00000000000000, -3.40000000000000 ) );
#5307 = CARTESIAN_POINT( '', ( 2.21000000000000, 2.90000000000000, -3.40000000000000 ) );
#5308 = VECTOR( '', #6553, 1000.00000000000 );
#5309 = CARTESIAN_POINT( '', ( 3.11000000000000, 2.00000000000000, -3.40000000000000 ) );
#5310 = CARTESIAN_POINT( '', ( 2.76000000000000, 2.00000000000000, -3.40000000000000 ) );
#5311 = VECTOR( '', #6554, 1000.00000000000 );
#5312 = CARTESIAN_POINT( '', ( 3.11000000000000, 1.40000000000000, -3.40000000000000 ) );
#5313 = CARTESIAN_POINT( '', ( 3.11000000000000, 2.00000000000000, -3.40000000000000 ) );
#5314 = VECTOR( '', #6555, 1000.00000000000 );
#5315 = CARTESIAN_POINT( '', ( 2.21000000000000, 1.40000000000000, -3.40000000000000 ) );
#5316 = CARTESIAN_POINT( '', ( 3.11000000000000, 1.40000000000000, -3.40000000000000 ) );
#5317 = VECTOR( '', #6556, 1000.00000000000 );
#5318 = CARTESIAN_POINT( '', ( 2.21000000000000, 1.40000000000000, -3.40000000000000 ) );
#5319 = VECTOR( '', #6557, 1000.00000000000 );
#5320 = CARTESIAN_POINT( '', ( 2.81000000000000, 0.900000000000000, -3.40000000000000 ) );
#5321 = CARTESIAN_POINT( '', ( 2.81000000000000, 0.900000000000000, -3.40000000000000 ) );
#5322 = VECTOR( '', #6558, 1000.00000000000 );
#5323 = CARTESIAN_POINT( '', ( 2.81000000000000, 0.900000000000000, -3.40000000000000 ) );
#5324 = VECTOR( '', #6559, 1000.00000000000 );
#5325 = COLOUR_RGB( '', 0.392156869200000, 0.600000023800000, 0.392156869200000 );
#5326 = CARTESIAN_POINT( '', ( -5.18500000000000, -3.20000000000000, -1.55000000000000 ) );
#5327 = CARTESIAN_POINT( '', ( -2.43500000000000, -3.20000000000000, -1.55000000000000 ) );
#5328 = CARTESIAN_POINT( '', ( -2.43500000000000, -3.20000000000000, -1.55000000000000 ) );
#5329 = VECTOR( '', #6560, 1000.00000000000 );
#5330 = CARTESIAN_POINT( '', ( -2.43500000000000, -3.60000000000000, -1.55000000000000 ) );
#5331 = VECTOR( '', #6561, 1000.00000000000 );
#5332 = CARTESIAN_POINT( '', ( -5.18500000000000, -3.20000000000000, -1.55000000000000 ) );
#5333 = VECTOR( '', #6562, 1000.00000000000 );
#5334 = COLOUR_RGB( '', 0.392156869200000, 0.600000023800000, 0.392156869200000 );
#5335 = CARTESIAN_POINT( '', ( -6.31000000000000, 3.40000000000000, 0.950000000000000 ) );
#5336 = CARTESIAN_POINT( '', ( 6.31000000000000, 3.40000000000000, 0.950000000000000 ) );
#5337 = CARTESIAN_POINT( '', ( -10.9719096167061, 3.40000000000000, 0.950000000000000 ) );
#5338 = VECTOR( '', #6563, 1000.00000000000 );
#5339 = CARTESIAN_POINT( '', ( 6.31000000000000, 3.40000000000000, -4.60000000000000 ) );
#5340 = CARTESIAN_POINT( '', ( 6.31000000000000, 3.40000000000000, 0.950000000000000 ) );
#5341 = VECTOR( '', #6564, 1000.00000000000 );
#5342 = CARTESIAN_POINT( '', ( -6.31000000000000, 3.40000000000000, -4.60000000000000 ) );
#5343 = CARTESIAN_POINT( '', ( -10.9719096167061, 3.40000000000000, -4.60000000000000 ) );
#5344 = VECTOR( '', #6565, 1000.00000000000 );
#5345 = CARTESIAN_POINT( '', ( -6.31000000000000, 3.40000000000000, 1.32839185097323E-015 ) );
#5346 = VECTOR( '', #6566, 1000.00000000000 );
#5347 = COLOUR_RGB( '', 0.392156869200000, 0.600000023800000, 0.392156869200000 );
#5348 = CARTESIAN_POINT( '', ( -0.700000000000002, -0.800000000000000, -1.05000000000000 ) );
#5349 = AXIS2_PLACEMENT_3D( '', #6567, #6568, #6569 );
#5350 = COLOUR_RGB( '', 0.392156869200000, 0.600000023800000, 0.392156869200000 );
#5351 = CARTESIAN_POINT( '', ( -1.37500000000000, -3.20000000000000, -1.55000000000000 ) );
#5352 = CARTESIAN_POINT( '', ( 1.37500000000000, -3.20000000000000, -1.55000000000000 ) );
#5353 = CARTESIAN_POINT( '', ( 1.37500000000000, -3.20000000000000, -1.55000000000000 ) );
#5354 = VECTOR( '', #6570, 1000.00000000000 );
#5355 = CARTESIAN_POINT( '', ( 1.37500000000000, -3.60000000000000, -1.55000000000000 ) );
#5356 = VECTOR( '', #6571, 1000.00000000000 );
#5357 = CARTESIAN_POINT( '', ( -1.37500000000000, -3.20000000000000, -1.55000000000000 ) );
#5358 = VECTOR( '', #6572, 1000.00000000000 );
#5359 = COLOUR_RGB( '', 0.392156869200000, 0.600000023800000, 0.392156869200000 );
#5360 = CARTESIAN_POINT( '', ( -5.41000000000000, -0.600000000000000, 1.60000000000000 ) );
#5361 = CARTESIAN_POINT( '', ( -5.41000000000000, -0.600000000000000, 4.60000000000000 ) );
#5362 = CARTESIAN_POINT( '', ( -5.41000000000000, -0.600000000000000, 1.60000000000000 ) );
#5363 = VECTOR( '', #6573, 1000.00000000000 );
#5364 = CARTESIAN_POINT( '', ( -5.41000000000000, -2.90000000000000, 4.60000000000000 ) );
#5365 = CARTESIAN_POINT( '', ( -5.41000000000000, 1.40000000000000, 4.60000000000000 ) );
#5366 = VECTOR( '', #6574, 1000.00000000000 );
#5367 = CARTESIAN_POINT( '', ( -5.41000000000000, -2.90000000000000, -3.40000000000000 ) );
#5368 = CARTESIAN_POINT( '', ( -5.41000000000000, -2.90000000000000, -3.40000000000000 ) );
#5369 = VECTOR( '', #6575, 1000.00000000000 );
#5370 = CARTESIAN_POINT( '', ( -5.41000000000000, 1.40000000000000, -3.40000000000000 ) );
#5371 = VECTOR( '', #6576, 1000.00000000000 );
#5372 = CARTESIAN_POINT( '', ( -5.41000000000000, -0.300000000000000, -2.60000000000000 ) );
#5373 = CARTESIAN_POINT( '', ( -5.41000000000000, -0.300000000000000, -2.60000000000000 ) );
#5374 = VECTOR( '', #6577, 1000.00000000000 );
#5375 = CARTESIAN_POINT( '', ( -5.41000000000000, -0.300000000000000, -3.40000000000000 ) );
#5376 = CARTESIAN_POINT( '', ( -5.41000000000000, -0.300000000000000, -2.60000000000000 ) );
#5377 = VECTOR( '', #6578, 1000.00000000000 );
#5378 = CARTESIAN_POINT( '', ( -5.41000000000000, 1.40000000000000, -3.40000000000000 ) );
#5379 = CARTESIAN_POINT( '', ( -5.41000000000000, 1.40000000000000, -3.40000000000000 ) );
#5380 = VECTOR( '', #6579, 1000.00000000000 );
#5381 = CARTESIAN_POINT( '', ( -5.41000000000000, 1.40000000000000, 4.60000000000000 ) );
#5382 = CARTESIAN_POINT( '', ( -5.41000000000000, 1.40000000000000, -3.40000000000000 ) );
#5383 = VECTOR( '', #6580, 1000.00000000000 );
#5384 = CARTESIAN_POINT( '', ( -5.41000000000000, 0.600000000000000, 4.60000000000000 ) );
#5385 = CARTESIAN_POINT( '', ( -5.41000000000000, 1.40000000000000, 4.60000000000000 ) );
#5386 = VECTOR( '', #6581, 1000.00000000000 );
#5387 = CARTESIAN_POINT( '', ( -5.41000000000000, 0.600000000000000, 1.60000000000000 ) );
#5388 = CARTESIAN_POINT( '', ( -5.41000000000000, 0.600000000000000, 1.60000000000000 ) );
#5389 = VECTOR( '', #6582, 1000.00000000000 );
#5390 = CARTESIAN_POINT( '', ( -5.41000000000000, -0.600000000000000, 1.60000000000000 ) );
#5391 = VECTOR( '', #6583, 1000.00000000000 );
#5392 = COLOUR_RGB( '', 0.392156869200000, 0.600000023800000, 0.392156869200000 );
#5393 = CARTESIAN_POINT( '', ( -3.11000000000000, 2.00000000000000, 4.60000000000000 ) );
#5394 = CARTESIAN_POINT( '', ( -3.11000000000000, 1.40000000000000, 4.60000000000000 ) );
#5395 = CARTESIAN_POINT( '', ( -3.11000000000000, 2.00000000000000, 4.60000000000000 ) );
#5396 = VECTOR( '', #6584, 1000.00000000000 );
#5397 = CARTESIAN_POINT( '', ( -3.11000000000000, 2.00000000000000, -3.40000000000000 ) );
#5398 = CARTESIAN_POINT( '', ( -3.11000000000000, 2.00000000000000, -3.40000000000000 ) );
#5399 = VECTOR( '', #6585, 1000.00000000000 );
#5400 = CARTESIAN_POINT( '', ( -3.11000000000000, 1.40000000000000, -3.40000000000000 ) );
#5401 = CARTESIAN_POINT( '', ( -3.11000000000000, 2.00000000000000, -3.40000000000000 ) );
#5402 = VECTOR( '', #6586, 1000.00000000000 );
#5403 = CARTESIAN_POINT( '', ( -3.11000000000000, 1.40000000000000, -3.40000000000000 ) );
#5404 = VECTOR( '', #6587, 1000.00000000000 );
#5405 = COLOUR_RGB( '', 0.392156869200000, 0.600000023800000, 0.392156869200000 );
#5406 = CARTESIAN_POINT( '', ( 4.21000000000000, -0.400000000000000, -1.05000000000000 ) );
#5407 = CARTESIAN_POINT( '', ( 3.41000000000000, -0.400000000000000, -1.05000000000000 ) );
#5408 = CARTESIAN_POINT( '', ( 4.21000000000000, -0.400000000000000, -1.05000000000000 ) );
#5409 = VECTOR( '', #6588, 1000.00000000000 );
#5410 = CARTESIAN_POINT( '', ( 3.41000000000000, -0.400000000000000, -3.70000000000000 ) );
#5411 = CARTESIAN_POINT( '', ( 3.41000000000000, -0.400000000000000, -18.2472207056838 ) );
#5412 = VECTOR( '', #6589, 1000.00000000000 );
#5413 = CARTESIAN_POINT( '', ( 3.21000000000000, -0.400000000000000, -4.20000000000000 ) );
#5414 = VECTOR( '', #6590, 1000.00000000000 );
#5415 = CARTESIAN_POINT( '', ( 4.21000000000000, -0.400000000000000, -3.70000000000000 ) );
#5416 = CARTESIAN_POINT( '', ( 4.21000000000000, -0.400000000000000, -3.70000000000000 ) );
#5417 = VECTOR( '', #6591, 1000.00000000000 );
#5418 = CARTESIAN_POINT( '', ( 4.21000000000000, -0.400000000000000, -18.2472207056838 ) );
#5419 = VECTOR( '', #6592, 1000.00000000000 );
#5420 = COLOUR_RGB( '', 0.392156869200000, 0.600000023800000, 0.392156869200000 );
#5421 = CARTESIAN_POINT( '', ( 6.31000000000000, 0.149999999999997, 1.80000000000000 ) );
#5422 = CARTESIAN_POINT( '', ( 6.31000000000000, -1.75000000000000, 1.80000000000000 ) );
#5423 = CARTESIAN_POINT( '', ( 6.31000000000000, 0.149999999999997, 1.80000000000000 ) );
#5424 = VECTOR( '', #6593, 1000.00000000000 );
#5425 = CARTESIAN_POINT( '', ( 7.46000000000000, 0.149999999999997, 1.80000000000000 ) );
#5426 = CARTESIAN_POINT( '', ( 7.46000000000000, 0.149999999999997, 1.80000000000000 ) );
#5427 = VECTOR( '', #6594, 1000.00000000000 );
#5428 = CARTESIAN_POINT( '', ( 7.46000000000000, -1.75000000000000, 1.80000000000000 ) );
#5429 = CARTESIAN_POINT( '', ( 7.46000000000000, 0.149999999999997, 1.80000000000000 ) );
#5430 = VECTOR( '', #6595, 1000.00000000000 );
#5431 = CARTESIAN_POINT( '', ( 7.46000000000000, -1.75000000000000, 1.80000000000000 ) );
#5432 = VECTOR( '', #6596, 1000.00000000000 );
#5433 = COLOUR_RGB( '', 0.392156869200000, 0.600000023800000, 0.392156869200000 );
#5434 = CARTESIAN_POINT( '', ( -5.51000000000000, 0.600000000000000, 4.60000000000000 ) );
#5435 = CARTESIAN_POINT( '', ( -5.51000000000000, 0.600000000000000, 4.60000000000000 ) );
#5436 = VECTOR( '', #6597, 1000.00000000000 );
#5437 = CARTESIAN_POINT( '', ( -5.51000000000000, -0.600000000000000, 4.60000000000000 ) );
#5438 = CARTESIAN_POINT( '', ( -5.51000000000000, -0.600000000000000, 4.60000000000000 ) );
#5439 = VECTOR( '', #6598, 1000.00000000000 );
#5440 = CARTESIAN_POINT( '', ( -5.51000000000000, -0.600000000000000, 4.60000000000000 ) );
#5441 = VECTOR( '', #6599, 1000.00000000000 );
#5442 = COLOUR_RGB( '', 0.392156869200000, 0.600000023800000, 0.392156869200000 );
#5443 = CARTESIAN_POINT( '', ( -4.21000000000000, -3.20000000000000, -2.80000000000000 ) );
#5444 = CARTESIAN_POINT( '', ( -4.21000000000000, -0.400000000000000, -2.80000000000000 ) );
#5445 = VECTOR( '', #6600, 1000.00000000000 );
#5446 = CARTESIAN_POINT( '', ( -4.21000000000000, -3.20000000000000, -3.70000000000000 ) );
#5447 = CARTESIAN_POINT( '', ( -4.21000000000000, -3.20000000000000, -2.80000000000000 ) );
#5448 = VECTOR( '', #6601, 1000.00000000000 );
#5449 = CARTESIAN_POINT( '', ( -4.21000000000000, -0.400000000000000, -3.70000000000000 ) );
#5450 = CARTESIAN_POINT( '', ( -4.21000000000000, -0.400000000000000, -3.70000000000000 ) );
#5451 = VECTOR( '', #6602, 1000.00000000000 );
#5452 = CARTESIAN_POINT( '', ( -4.21000000000000, -0.400000000000000, -1.05000000000000 ) );
#5453 = CARTESIAN_POINT( '', ( -4.21000000000000, -0.400000000000000, -18.2473190052363 ) );
#5454 = VECTOR( '', #6603, 1000.00000000000 );
#5455 = CARTESIAN_POINT( '', ( -4.21000000000000, -0.400000000000000, -1.05000000000000 ) );
#5456 = VECTOR( '', #6604, 1000.00000000000 );
#5457 = COLOUR_RGB( '', 0.392156869200000, 0.600000023800000, 0.392156869200000 );
#5458 = CARTESIAN_POINT( '', ( -6.31000000000000, -1.75000000000000, 1.80000000000000 ) );
#5459 = CARTESIAN_POINT( '', ( -6.31000000000000, 0.149999999999997, 1.80000000000000 ) );
#5460 = CARTESIAN_POINT( '', ( -6.31000000000000, -1.75000000000000, 1.80000000000000 ) );
#5461 = VECTOR( '', #6605, 1000.00000000000 );
#5462 = CARTESIAN_POINT( '', ( -7.46000000000000, -1.75000000000000, 1.80000000000000 ) );
#5463 = CARTESIAN_POINT( '', ( -7.46000000000000, -1.75000000000000, 1.80000000000000 ) );
#5464 = VECTOR( '', #6606, 1000.00000000000 );
#5465 = CARTESIAN_POINT( '', ( -7.46000000000000, 0.149999999999997, 1.80000000000000 ) );
#5466 = CARTESIAN_POINT( '', ( -7.46000000000000, -1.75000000000000, 1.80000000000000 ) );
#5467 = VECTOR( '', #6607, 1000.00000000000 );
#5468 = CARTESIAN_POINT( '', ( -7.46000000000000, 0.149999999999997, 1.80000000000000 ) );
#5469 = VECTOR( '', #6608, 1000.00000000000 );
#5470 = COLOUR_RGB( '', 0.392156869200000, 0.600000023800000, 0.392156869200000 );
#5471 = CARTESIAN_POINT( '', ( -5.41000000000000, 2.90000000000000, 4.60000000000000 ) );
#5472 = CARTESIAN_POINT( '', ( -2.21000000000000, 2.90000000000000, 4.60000000000000 ) );
#5473 = CARTESIAN_POINT( '', ( -5.41000000000000, 2.90000000000000, 4.60000000000000 ) );
#5474 = VECTOR( '', #6609, 1000.00000000000 );
#5475 = CARTESIAN_POINT( '', ( -5.41000000000000, 2.90000000000000, -3.40000000000000 ) );
#5476 = CARTESIAN_POINT( '', ( -5.41000000000000, 2.90000000000000, -3.40000000000000 ) );
#5477 = VECTOR( '', #6610, 1000.00000000000 );
#5478 = CARTESIAN_POINT( '', ( -2.21000000000000, 2.90000000000000, -3.40000000000000 ) );
#5479 = CARTESIAN_POINT( '', ( -5.41000000000000, 2.90000000000000, -3.40000000000000 ) );
#5480 = VECTOR( '', #6611, 1000.00000000000 );
#5481 = CARTESIAN_POINT( '', ( -2.21000000000000, 2.90000000000000, -3.40000000000000 ) );
#5482 = VECTOR( '', #6612, 1000.00000000000 );
#5483 = COLOUR_RGB( '', 0.392156869200000, 0.600000023800000, 0.392156869200000 );
#5484 = CARTESIAN_POINT( '', ( -1.60000000000000, 2.90000000000000, 4.60000000000000 ) );
#5485 = CARTESIAN_POINT( '', ( 1.60000000000000, 2.90000000000000, 4.60000000000000 ) );
#5486 = CARTESIAN_POINT( '', ( -1.60000000000000, 2.90000000000000, 4.60000000000000 ) );
#5487 = VECTOR( '', #6613, 1000.00000000000 );
#5488 = CARTESIAN_POINT( '', ( -1.60000000000000, 2.90000000000000, -3.40000000000000 ) );
#5489 = CARTESIAN_POINT( '', ( -1.60000000000000, 2.90000000000000, -3.40000000000000 ) );
#5490 = VECTOR( '', #6614, 1000.00000000000 );
#5491 = CARTESIAN_POINT( '', ( 1.60000000000000, 2.90000000000000, -3.40000000000000 ) );
#5492 = CARTESIAN_POINT( '', ( -1.60000000000000, 2.90000000000000, -3.40000000000000 ) );
#5493 = VECTOR( '', #6615, 1000.00000000000 );
#5494 = CARTESIAN_POINT( '', ( 1.60000000000000, 2.90000000000000, -3.40000000000000 ) );
#5495 = VECTOR( '', #6616, 1000.00000000000 );
#5496 = COLOUR_RGB( '', 0.392156869200000, 0.600000023800000, 0.392156869200000 );
#5497 = CARTESIAN_POINT( '', ( 6.31000000000000, 0.149999999999997, 2.45000000000000 ) );
#5498 = VECTOR( '', #6617, 1000.00000000000 );
#5499 = CARTESIAN_POINT( '', ( 7.46000000000000, 0.149999999999997, 2.45000000000000 ) );
#5500 = VECTOR( '', #6618, 1000.00000000000 );
#5501 = COLOUR_RGB( '', 0.392156869200000, 0.600000023800000, 0.392156869200000 );
#5502 = CARTESIAN_POINT( '', ( -0.400000000000000, -1.20000000000000, -1.05000000000000 ) );
#5503 = CARTESIAN_POINT( '', ( 0.400000000000000, -1.20000000000000, -1.05000000000000 ) );
#5504 = CARTESIAN_POINT( '', ( -0.400000000000000, -1.20000000000000, -1.05000000000000 ) );
#5505 = VECTOR( '', #6619, 1000.00000000000 );
#5506 = CARTESIAN_POINT( '', ( -0.400000000000000, -0.400000000000000, -1.05000000000000 ) );
#5507 = CARTESIAN_POINT( '', ( -0.400000000000000, -0.400000000000000, -1.05000000000000 ) );
#5508 = VECTOR( '', #6620, 1000.00000000000 );
#5509 = CARTESIAN_POINT( '', ( 0.400000000000000, -0.400000000000000, -1.05000000000000 ) );
#5510 = CARTESIAN_POINT( '', ( 0.400000000000000, -0.400000000000000, -1.05000000000000 ) );
#5511 = VECTOR( '', #6621, 1000.00000000000 );
#5512 = CARTESIAN_POINT( '', ( 0.400000000000000, -1.20000000000000, -1.05000000000000 ) );
#5513 = VECTOR( '', #6622, 1000.00000000000 );
#5514 = COLOUR_RGB( '', 0.740392148500000, 0.778039217000000, 0.800000011900000 );
#5515 = CARTESIAN_POINT( '', ( 0.400000000000000, 0.400000000000000, 4.72500000000000 ) );
#5516 = CARTESIAN_POINT( '', ( 0.400000000000000, 0.400000000000000, -4.72500000000000 ) );
#5517 = CARTESIAN_POINT( '', ( 0.400000000000000, 0.400000000000000, 5.52500000000000 ) );
#5518 = VECTOR( '', #6623, 1000.00000000000 );
#5519 = CARTESIAN_POINT( '', ( 0.400000000000000, -0.400000000000000, 4.72500000000000 ) );
#5520 = VECTOR( '', #6624, 1000.00000000000 );
#5521 = CARTESIAN_POINT( '', ( 0.400000000000000, -0.400000000000000, 5.52500000000000 ) );
#5522 = VECTOR( '', #6625, 1000.00000000000 );
#5523 = CARTESIAN_POINT( '', ( 0.400000000000000, 0.400000000000000, -4.72500000000000 ) );
#5524 = VECTOR( '', #6626, 1000.00000000000 );
#5525 = COLOUR_RGB( '', 0.392156869200000, 0.600000023800000, 0.392156869200000 );
#5526 = CARTESIAN_POINT( '', ( 4.81000000000000, 0.900000000000000, -2.60000000000000 ) );
#5527 = CARTESIAN_POINT( '', ( 4.81000000000000, 0.900000000000000, -2.60000000000000 ) );
#5528 = VECTOR( '', #6627, 1000.00000000000 );
#5529 = CARTESIAN_POINT( '', ( 4.81000000000000, -0.300000000000000, -2.60000000000000 ) );
#5530 = CARTESIAN_POINT( '', ( 4.81000000000000, 0.900000000000000, -2.60000000000000 ) );
#5531 = VECTOR( '', #6628, 1000.00000000000 );
#5532 = CARTESIAN_POINT( '', ( 4.81000000000000, -0.300000000000000, -2.60000000000000 ) );
#5533 = VECTOR( '', #6629, 1000.00000000000 );
#5534 = COLOUR_RGB( '', 0.392156869200000, 0.600000023800000, 0.392156869200000 );
#5535 = CARTESIAN_POINT( '', ( -6.31000000000000, -1.10000000000000, 4.60000000000000 ) );
#5536 = CARTESIAN_POINT( '', ( -7.46000000000000, -1.10000000000000, 2.45000000000000 ) );
#5537 = CARTESIAN_POINT( '', ( -6.31000000000000, -1.10000000000000, 4.60000000000000 ) );
#5538 = VECTOR( '', #6630, 1000.00000000000 );
#5539 = CARTESIAN_POINT( '', ( -6.31000000000000, -0.500000000000000, 4.60000000000000 ) );
#5540 = CARTESIAN_POINT( '', ( -6.31000000000000, -0.500000000000000, 4.60000000000000 ) );
#5541 = VECTOR( '', #6631, 1000.00000000000 );
#5542 = CARTESIAN_POINT( '', ( -6.31000000000000, -0.500000000000000, 4.60000000000000 ) );
#5543 = VECTOR( '', #6632, 1000.00000000000 );
#5544 = CARTESIAN_POINT( '', ( -7.46000000000000, -0.500000000000000, 2.45000000000000 ) );
#5545 = VECTOR( '', #6633, 1000.00000000000 );
#5546 = COLOUR_RGB( '', 0.392156869200000, 0.600000023800000, 0.392156869200000 );
#5547 = CARTESIAN_POINT( '', ( -1.00000000000000, -0.300000000000000, -3.40000000000000 ) );
#5548 = CARTESIAN_POINT( '', ( -1.60000000000000, -0.300000000000000, -3.40000000000000 ) );
#5549 = CARTESIAN_POINT( '', ( -1.00000000000000, -0.300000000000000, -3.40000000000000 ) );
#5550 = VECTOR( '', #6634, 1000.00000000000 );
#5551 = CARTESIAN_POINT( '', ( -1.60000000000000, -0.300000000000000, -2.60000000000000 ) );
#5552 = CARTESIAN_POINT( '', ( -1.60000000000000, -0.300000000000000, -2.60000000000000 ) );
#5553 = VECTOR( '', #6635, 1000.00000000000 );
#5554 = CARTESIAN_POINT( '', ( -1.00000000000000, -0.300000000000000, -2.60000000000000 ) );
#5555 = CARTESIAN_POINT( '', ( -1.00000000000000, -0.300000000000000, -2.60000000000000 ) );
#5556 = VECTOR( '', #6636, 1000.00000000000 );
#5557 = CARTESIAN_POINT( '', ( -1.00000000000000, -0.300000000000000, -2.60000000000000 ) );
#5558 = VECTOR( '', #6637, 1000.00000000000 );
#5559 = COLOUR_RGB( '', 0.392156869200000, 0.600000023800000, 0.392156869200000 );
#5560 = CARTESIAN_POINT( '', ( 5.01000000000000, -2.90000000000000, -3.40000000000000 ) );
#5561 = CARTESIAN_POINT( '', ( 4.81000000000000, -2.83769737388862, -3.40000000000000 ) );
#5562 = AXIS2_PLACEMENT_3D( '', #6638, #6639, #6640 );
#5563 = CARTESIAN_POINT( '', ( 4.81000000000000, -2.83769737388862, -2.60000000000000 ) );
#5564 = CARTESIAN_POINT( '', ( 4.81000000000000, -2.83769737388862, -3.40000000000000 ) );
#5565 = VECTOR( '', #6641, 1000.00000000000 );
#5566 = CARTESIAN_POINT( '', ( 2.81000000000000, -2.83769737388862, -2.60000000000000 ) );
#5567 = AXIS2_PLACEMENT_3D( '', #6642, #6643, #6644 );
#5568 = CARTESIAN_POINT( '', ( 2.81000000000000, -2.83769737388862, -3.40000000000000 ) );
#5569 = CARTESIAN_POINT( '', ( 2.81000000000000, -2.83769737388862, -3.40000000000000 ) );
#5570 = VECTOR( '', #6645, 1000.00000000000 );
#5571 = CARTESIAN_POINT( '', ( 2.61000000000000, -2.90000000000000, -3.40000000000000 ) );
#5572 = AXIS2_PLACEMENT_3D( '', #6646, #6647, #6648 );
#5573 = CARTESIAN_POINT( '', ( 2.61000000000000, -2.90000000000000, 4.60000000000000 ) );
#5574 = CARTESIAN_POINT( '', ( 2.61000000000000, -2.90000000000000, -3.40000000000000 ) );
#5575 = VECTOR( '', #6649, 1000.00000000000 );
#5576 = CARTESIAN_POINT( '', ( 5.01000000000000, -2.90000000000000, 4.60000000000000 ) );
#5577 = AXIS2_PLACEMENT_3D( '', #6650, #6651, #6652 );
#5578 = CARTESIAN_POINT( '', ( 5.01000000000000, -2.90000000000000, -3.40000000000000 ) );
#5579 = VECTOR( '', #6653, 1000.00000000000 );
#5580 = COLOUR_RGB( '', 0.740392148500000, 0.778039217000000, 0.800000011900000 );
#5581 = CARTESIAN_POINT( '', ( 0.200000000000000, 0.200000000000000, -5.52500000000000 ) );
#5582 = CARTESIAN_POINT( '', ( 0.166666666666666, 0.166666666666668, -5.65833333333333 ) );
#5583 = VECTOR( '', #6654, 1000.00000000000 );
#5584 = CARTESIAN_POINT( '', ( -0.200000000000000, 0.200000000000000, -5.52500000000000 ) );
#5585 = CARTESIAN_POINT( '', ( 0.400000000000000, 0.200000000000000, -5.52500000000000 ) );
#5586 = VECTOR( '', #6655, 1000.00000000000 );
#5587 = CARTESIAN_POINT( '', ( -0.400000000000000, 0.400000000000000, -4.72500000000000 ) );
#5588 = CARTESIAN_POINT( '', ( -0.377777777777777, 0.377777777777779, -4.81388888888889 ) );
#5589 = VECTOR( '', #6656, 1000.00000000000 );
#5590 = CARTESIAN_POINT( '', ( 0.400000000000000, 0.400000000000000, -4.72500000000000 ) );
#5591 = VECTOR( '', #6657, 1000.00000000000 );
#5592 = COLOUR_RGB( '', 0.392156869200000, 0.600000023800000, 0.392156869200000 );
#5593 = CARTESIAN_POINT( '', ( 1.00000000000000, -2.83769737388862, -3.40000000000000 ) );
#5594 = CARTESIAN_POINT( '', ( 1.00000000000000, -2.83769737388862, -2.60000000000000 ) );
#5595 = CARTESIAN_POINT( '', ( 1.00000000000000, -2.83769737388862, -3.40000000000000 ) );
#5596 = VECTOR( '', #6658, 1000.00000000000 );
#5597 = CARTESIAN_POINT( '', ( 1.00000000000000, -1.30000000000000, -3.40000000000000 ) );
#5598 = CARTESIAN_POINT( '', ( 1.00000000000000, -6.40000000000000, -3.40000000000000 ) );
#5599 = VECTOR( '', #6659, 1000.00000000000 );
#5600 = CARTESIAN_POINT( '', ( 1.00000000000000, -1.30000000000000, -2.60000000000000 ) );
#5601 = CARTESIAN_POINT( '', ( 1.00000000000000, -1.30000000000000, -2.60000000000000 ) );
#5602 = VECTOR( '', #6660, 1000.00000000000 );
#5603 = CARTESIAN_POINT( '', ( 1.00000000000000, -1.30000000000000, -2.60000000000000 ) );
#5604 = VECTOR( '', #6661, 1000.00000000000 );
#5605 = COLOUR_RGB( '', 0.392156869200000, 0.600000023800000, 0.392156869200000 );
#5606 = CARTESIAN_POINT( '', ( 1.60000000000000, -1.30000000000000, -2.60000000000000 ) );
#5607 = CARTESIAN_POINT( '', ( 1.60000000000000, -0.300000000000000, -2.60000000000000 ) );
#5608 = CARTESIAN_POINT( '', ( 1.60000000000000, -0.300000000000000, -2.60000000000000 ) );
#5609 = VECTOR( '', #6662, 1000.00000000000 );
#5610 = CARTESIAN_POINT( '', ( 1.60000000000000, -1.30000000000000, -3.40000000000000 ) );
#5611 = CARTESIAN_POINT( '', ( 1.60000000000000, -1.30000000000000, -2.60000000000000 ) );
#5612 = VECTOR( '', #6663, 1000.00000000000 );
#5613 = CARTESIAN_POINT( '', ( 1.60000000000000, -2.90000000000000, -3.40000000000000 ) );
#5614 = CARTESIAN_POINT( '', ( 1.60000000000000, 1.40000000000000, -3.40000000000000 ) );
#5615 = VECTOR( '', #6664, 1000.00000000000 );
#5616 = CARTESIAN_POINT( '', ( 1.60000000000000, -2.90000000000000, 4.60000000000000 ) );
#5617 = CARTESIAN_POINT( '', ( 1.60000000000000, -2.90000000000000, -3.40000000000000 ) );
#5618 = VECTOR( '', #6665, 1000.00000000000 );
#5619 = CARTESIAN_POINT( '', ( 1.60000000000000, 1.40000000000000, 4.60000000000000 ) );
#5620 = CARTESIAN_POINT( '', ( 1.60000000000000, 1.40000000000000, 4.60000000000000 ) );
#5621 = VECTOR( '', #6666, 1000.00000000000 );
#5622 = CARTESIAN_POINT( '', ( 1.60000000000000, 1.40000000000000, -3.40000000000000 ) );
#5623 = CARTESIAN_POINT( '', ( 1.60000000000000, 1.40000000000000, -3.40000000000000 ) );
#5624 = VECTOR( '', #6667, 1000.00000000000 );
#5625 = CARTESIAN_POINT( '', ( 1.60000000000000, -0.300000000000000, -3.40000000000000 ) );
#5626 = CARTESIAN_POINT( '', ( 1.60000000000000, 1.40000000000000, -3.40000000000000 ) );
#5627 = VECTOR( '', #6668, 1000.00000000000 );
#5628 = CARTESIAN_POINT( '', ( 1.60000000000000, -0.300000000000000, -2.60000000000000 ) );
#5629 = VECTOR( '', #6669, 1000.00000000000 );
#5630 = COLOUR_RGB( '', 0.392156869200000, 0.600000023800000, 0.392156869200000 );
#5631 = CARTESIAN_POINT( '', ( 5.18500000000000, -3.60000000000000, -1.55000000000000 ) );
#5632 = VECTOR( '', #6670, 1000.00000000000 );
#5633 = CARTESIAN_POINT( '', ( 2.43500000000000, -3.20000000000000, -1.55000000000000 ) );
#5634 = VECTOR( '', #6671, 1000.00000000000 );
#5635 = COLOUR_RGB( '', 0.392156869200000, 0.600000023800000, 0.392156869200000 );
#5636 = CARTESIAN_POINT( '', ( -1.37500000000000, 0.600000000000000, -4.20000000000000 ) );
#5637 = CARTESIAN_POINT( '', ( 1.37500000000000, 0.600000000000000, -4.20000000000000 ) );
#5638 = CARTESIAN_POINT( '', ( 1.37500000000000, 0.600000000000000, -4.20000000000000 ) );
#5639 = VECTOR( '', #6672, 1000.00000000000 );
#5640 = CARTESIAN_POINT( '', ( -1.37500000000000, 0.600000000000000, -4.60000000000000 ) );
#5641 = CARTESIAN_POINT( '', ( -1.37500000000000, 0.600000000000000, -4.20000000000000 ) );
#5642 = VECTOR( '', #6673, 1000.00000000000 );
#5643 = CARTESIAN_POINT( '', ( 1.37500000000000, 0.600000000000000, -4.60000000000000 ) );
#5644 = CARTESIAN_POINT( '', ( -1.37500000000000, 0.600000000000000, -4.60000000000000 ) );
#5645 = VECTOR( '', #6674, 1000.00000000000 );
#5646 = CARTESIAN_POINT( '', ( 1.37500000000000, 0.600000000000000, -4.60000000000000 ) );
#5647 = VECTOR( '', #6675, 1000.00000000000 );
#5648 = COLOUR_RGB( '', 0.740392148500000, 0.778039217000000, 0.800000011900000 );
#5649 = CARTESIAN_POINT( '', ( 0.200000000000000, 0.200000000000000, 5.52500000000000 ) );
#5650 = CARTESIAN_POINT( '', ( 0.211111111111111, 0.211111111111113, 5.48055555555556 ) );
#5651 = VECTOR( '', #6676, 1000.00000000000 );
#5652 = CARTESIAN_POINT( '', ( 0.200000000000000, 0.400000000000000, 5.52500000000000 ) );
#5653 = VECTOR( '', #6677, 1000.00000000000 );
#5654 = COLOUR_RGB( '', 0.392156869200000, 0.600000023800000, 0.392156869200000 );
#5655 = CARTESIAN_POINT( '', ( -5.41000000000000, 2.90000000000000, 4.60000000000000 ) );
#5656 = VECTOR( '', #6678, 1000.00000000000 );
#5657 = CARTESIAN_POINT( '', ( -5.41000000000000, 2.90000000000000, -3.40000000000000 ) );
#5658 = VECTOR( '', #6679, 1000.00000000000 );
#5659 = COLOUR_RGB( '', 0.392156869200000, 0.600000023800000, 0.392156869200000 );
#5660 = CARTESIAN_POINT( '', ( 3.41000000000000, -0.400000000000000, -3.70000000000000 ) );
#5661 = VECTOR( '', #6680, 1000.00000000000 );
#5662 = COLOUR_RGB( '', 0.392156869200000, 0.600000023800000, 0.392156869200000 );
#5663 = CARTESIAN_POINT( '', ( 4.21000000000000, -0.400000000000000, -3.70000000000000 ) );
#5664 = VECTOR( '', #6681, 1000.00000000000 );
#5665 = COLOUR_RGB( '', 0.392156869200000, 0.600000023800000, 0.392156869200000 );
#5666 = CARTESIAN_POINT( '', ( 0.400000000000000, -1.20000000000000, -2.80000000000000 ) );
#5667 = CARTESIAN_POINT( '', ( 0.400000000000000, -1.20000000000000, -18.2473190052363 ) );
#5668 = VECTOR( '', #6682, 1000.00000000000 );
#5669 = CARTESIAN_POINT( '', ( -0.400000000000006, -1.20000000000000, -2.80000000000000 ) );
#5670 = CARTESIAN_POINT( '', ( -0.400000000000000, -1.20000000000000, -2.80000000000000 ) );
#5671 = VECTOR( '', #6683, 1000.00000000000 );
#5672 = CARTESIAN_POINT( '', ( -0.400000000000000, -1.20000000000000, -18.2473190052363 ) );
#5673 = VECTOR( '', #6684, 1000.00000000000 );
#5674 = COLOUR_RGB( '', 0.392156869200000, 0.600000023800000, 0.392156869200000 );
#5675 = CARTESIAN_POINT( '', ( -2.81000000000000, -2.83769737388862, -3.40000000000000 ) );
#5676 = AXIS2_PLACEMENT_3D( '', #6685, #6686, #6687 );
#5677 = CARTESIAN_POINT( '', ( -2.81000000000000, -2.83769737388862, -2.60000000000000 ) );
#5678 = CARTESIAN_POINT( '', ( -2.81000000000000, -2.83769737388862, -3.40000000000000 ) );
#5679 = VECTOR( '', #6688, 1000.00000000000 );
#5680 = CARTESIAN_POINT( '', ( -4.81000000000000, -2.83769737388862, -2.60000000000000 ) );
#5681 = AXIS2_PLACEMENT_3D( '', #6689, #6690, #6691 );
#5682 = CARTESIAN_POINT( '', ( -4.81000000000000, -2.83769737388862, -3.40000000000000 ) );
#5683 = CARTESIAN_POINT( '', ( -4.81000000000000, -2.83769737388862, -3.40000000000000 ) );
#5684 = VECTOR( '', #6692, 1000.00000000000 );
#5685 = CARTESIAN_POINT( '', ( -5.01000000000000, -2.90000000000000, -3.40000000000000 ) );
#5686 = AXIS2_PLACEMENT_3D( '', #6693, #6694, #6695 );
#5687 = CARTESIAN_POINT( '', ( -5.01000000000000, -2.90000000000000, 4.60000000000000 ) );
#5688 = CARTESIAN_POINT( '', ( -5.01000000000000, -2.90000000000000, -3.40000000000000 ) );
#5689 = VECTOR( '', #6696, 1000.00000000000 );
#5690 = AXIS2_PLACEMENT_3D( '', #6697, #6698, #6699 );
#5691 = COLOUR_RGB( '', 0.392156869200000, 0.600000023800000, 0.392156869200000 );
#5692 = CARTESIAN_POINT( '', ( 4.71000000000000, -0.800000000000000, -2.60000000000000 ) );
#5693 = AXIS2_PLACEMENT_3D( '', #6700, #6701, #6702 );
#5694 = COLOUR_RGB( '', 0.392156869200000, 0.600000023800000, 0.392156869200000 );
#5695 = CARTESIAN_POINT( '', ( 1.20000000000000, -2.90000000000000, -3.40000000000000 ) );
#5696 = AXIS2_PLACEMENT_3D( '', #6703, #6704, #6705 );
#5697 = CARTESIAN_POINT( '', ( -1.00000000000000, -2.83769737388862, -2.60000000000000 ) );
#5698 = AXIS2_PLACEMENT_3D( '', #6706, #6707, #6708 );
#5699 = CARTESIAN_POINT( '', ( -1.00000000000000, -2.83769737388862, -3.40000000000000 ) );
#5700 = CARTESIAN_POINT( '', ( -1.00000000000000, -2.83769737388862, -3.40000000000000 ) );
#5701 = VECTOR( '', #6709, 1000.00000000000 );
#5702 = CARTESIAN_POINT( '', ( -1.20000000000000, -2.90000000000000, -3.40000000000000 ) );
#5703 = AXIS2_PLACEMENT_3D( '', #6710, #6711, #6712 );
#5704 = CARTESIAN_POINT( '', ( -1.20000000000000, -2.90000000000000, 4.60000000000000 ) );
#5705 = CARTESIAN_POINT( '', ( -1.20000000000000, -2.90000000000000, -3.40000000000000 ) );
#5706 = VECTOR( '', #6713, 1000.00000000000 );
#5707 = CARTESIAN_POINT( '', ( 1.20000000000000, -2.90000000000000, 4.60000000000000 ) );
#5708 = AXIS2_PLACEMENT_3D( '', #6714, #6715, #6716 );
#5709 = CARTESIAN_POINT( '', ( 1.20000000000000, -2.90000000000000, -3.40000000000000 ) );
#5710 = VECTOR( '', #6717, 1000.00000000000 );
#5711 = COLOUR_RGB( '', 0.392156869200000, 0.600000023800000, 0.392156869200000 );
#5712 = CARTESIAN_POINT( '', ( -4.81000000000000, -1.30000000000000, -3.40000000000000 ) );
#5713 = VECTOR( '', #6718, 1000.00000000000 );
#5714 = CARTESIAN_POINT( '', ( -5.41000000000000, -2.90000000000000, -3.40000000000000 ) );
#5715 = VECTOR( '', #6719, 1000.00000000000 );
#5716 = COLOUR_RGB( '', 0.740392148500000, 0.778039217000000, 0.800000011900000 );
#5717 = CARTESIAN_POINT( '', ( -0.200000000000000, -0.400000000000000, -5.52500000000000 ) );
#5718 = VECTOR( '', #6720, 1000.00000000000 );
#5719 = CARTESIAN_POINT( '', ( 0.200000000000000, -0.400000000000000, -5.52500000000000 ) );
#5720 = VECTOR( '', #6721, 1000.00000000000 );
#5721 = COLOUR_RGB( '', 0.392156869200000, 0.600000023800000, 0.392156869200000 );
#5722 = CARTESIAN_POINT( '', ( 1.00000000000000, -0.300000000000000, -3.40000000000000 ) );
#5723 = VECTOR( '', #6722, 1000.00000000000 );
#5724 = CARTESIAN_POINT( '', ( 0.700000000000000, 1.40000000000000, -3.40000000000000 ) );
#5725 = CARTESIAN_POINT( '', ( 0.700000000000000, 1.40000000000000, -3.40000000000000 ) );
#5726 = VECTOR( '', #6723, 1000.00000000000 );
#5727 = CARTESIAN_POINT( '', ( 0.700000000000000, 2.00000000000000, -3.40000000000000 ) );
#5728 = CARTESIAN_POINT( '', ( 0.700000000000000, 2.00000000000000, -3.40000000000000 ) );
#5729 = VECTOR( '', #6724, 1000.00000000000 );
#5730 = CARTESIAN_POINT( '', ( 1.05000000000000, 2.00000000000000, -3.40000000000000 ) );
#5731 = CARTESIAN_POINT( '', ( 1.05000000000000, 2.00000000000000, -3.40000000000000 ) );
#5732 = VECTOR( '', #6725, 1000.00000000000 );
#5733 = CARTESIAN_POINT( '', ( 1.60000000000000, 2.90000000000000, -3.40000000000000 ) );
#5734 = VECTOR( '', #6726, 1000.00000000000 );
#5735 = CARTESIAN_POINT( '', ( -1.05000000000000, 2.00000000000000, -3.40000000000000 ) );
#5736 = CARTESIAN_POINT( '', ( -1.60000000000000, 2.90000000000000, -3.40000000000000 ) );
#5737 = VECTOR( '', #6727, 1000.00000000000 );
#5738 = CARTESIAN_POINT( '', ( -0.700000000000000, 2.00000000000000, -3.40000000000000 ) );
#5739 = CARTESIAN_POINT( '', ( -1.05000000000000, 2.00000000000000, -3.40000000000000 ) );
#5740 = VECTOR( '', #6728, 1000.00000000000 );
#5741 = CARTESIAN_POINT( '', ( -0.700000000000000, 1.40000000000000, -3.40000000000000 ) );
#5742 = CARTESIAN_POINT( '', ( -0.700000000000000, 2.00000000000000, -3.40000000000000 ) );
#5743 = VECTOR( '', #6729, 1000.00000000000 );
#5744 = CARTESIAN_POINT( '', ( -1.60000000000000, 1.40000000000000, -3.40000000000000 ) );
#5745 = CARTESIAN_POINT( '', ( -0.700000000000000, 1.40000000000000, -3.40000000000000 ) );
#5746 = VECTOR( '', #6730, 1000.00000000000 );
#5747 = CARTESIAN_POINT( '', ( -1.60000000000000, 1.40000000000000, -3.40000000000000 ) );
#5748 = VECTOR( '', #6731, 1000.00000000000 );
#5749 = CARTESIAN_POINT( '', ( -1.00000000000000, 0.900000000000000, -3.40000000000000 ) );
#5750 = CARTESIAN_POINT( '', ( -1.00000000000000, 0.900000000000000, -3.40000000000000 ) );
#5751 = VECTOR( '', #6732, 1000.00000000000 );
#5752 = CARTESIAN_POINT( '', ( -1.00000000000000, 0.900000000000000, -3.40000000000000 ) );
#5753 = VECTOR( '', #6733, 1000.00000000000 );
#5754 = COLOUR_RGB( '', 0.392156869200000, 0.600000023800000, 0.392156869200000 );
#5755 = CARTESIAN_POINT( '', ( 7.46000000000000, -1.10000000000000, 2.45000000000000 ) );
#5756 = CARTESIAN_POINT( '', ( 6.31000000000000, -1.10000000000000, 2.45000000000000 ) );
#5757 = CARTESIAN_POINT( '', ( 7.46000000000000, -1.10000000000000, 2.45000000000000 ) );
#5758 = VECTOR( '', #6734, 1000.00000000000 );
#5759 = CARTESIAN_POINT( '', ( 6.31000000000000, -1.10000000000000, 4.60000000000000 ) );
#5760 = CARTESIAN_POINT( '', ( 7.46000000000000, -1.10000000000000, 2.45000000000000 ) );
#5761 = VECTOR( '', #6735, 1000.00000000000 );
#5762 = CARTESIAN_POINT( '', ( 6.31000000000000, -1.10000000000000, 4.60000000000000 ) );
#5763 = VECTOR( '', #6736, 1000.00000000000 );
#5764 = COLOUR_RGB( '', 0.392156869200000, 0.600000023800000, 0.392156869200000 );
#5765 = CARTESIAN_POINT( '', ( -0.600000000000000, -0.400000000000000, -4.20000000000000 ) );
#5766 = CARTESIAN_POINT( '', ( 0.600000000000000, -0.400000000000000, -4.20000000000000 ) );
#5767 = CARTESIAN_POINT( '', ( 0.400000000000000, -0.400000000000000, -4.20000000000000 ) );
#5768 = VECTOR( '', #6737, 1000.00000000000 );
#5769 = CARTESIAN_POINT( '', ( -0.600000000000000, -3.20000000000000, -4.20000000000000 ) );
#5770 = CARTESIAN_POINT( '', ( -0.600000000000000, -0.400000000000000, -4.20000000000000 ) );
#5771 = VECTOR( '', #6738, 1000.00000000000 );
#5772 = CARTESIAN_POINT( '', ( -1.37500000000000, -3.20000000000000, -4.20000000000000 ) );
#5773 = CARTESIAN_POINT( '', ( 1.37500000000000, -3.20000000000000, -4.20000000000000 ) );
#5774 = VECTOR( '', #6739, 1000.00000000000 );
#5775 = CARTESIAN_POINT( '', ( -1.37500000000000, -3.60000000000000, -4.20000000000000 ) );
#5776 = VECTOR( '', #6740, 1000.00000000000 );
#5777 = CARTESIAN_POINT( '', ( 1.37500000000000, -3.20000000000000, -4.20000000000000 ) );
#5778 = CARTESIAN_POINT( '', ( 1.37500000000000, -3.60000000000000, -4.20000000000000 ) );
#5779 = VECTOR( '', #6741, 1000.00000000000 );
#5780 = CARTESIAN_POINT( '', ( 0.600000000000000, -3.20000000000000, -4.20000000000000 ) );
#5781 = CARTESIAN_POINT( '', ( 1.37500000000000, -3.20000000000000, -4.20000000000000 ) );
#5782 = VECTOR( '', #6742, 1000.00000000000 );
#5783 = CARTESIAN_POINT( '', ( 0.600000000000000, -0.400000000000000, -4.20000000000000 ) );
#5784 = VECTOR( '', #6743, 1000.00000000000 );
#5785 = COLOUR_RGB( '', 0.392156869200000, 0.600000023800000, 0.392156869200000 );
#5786 = CARTESIAN_POINT( '', ( -0.400000000000005, -3.20000000000000, -2.80000000000000 ) );
#5787 = CARTESIAN_POINT( '', ( -0.400000000000006, -0.400000000000000, -2.80000000000000 ) );
#5788 = VECTOR( '', #6744, 1000.00000000000 );
#5789 = CARTESIAN_POINT( '', ( -0.400000000000005, -3.20000000000000, -3.70000000000000 ) );
#5790 = CARTESIAN_POINT( '', ( -0.400000000000005, -3.20000000000000, -2.80000000000000 ) );
#5791 = VECTOR( '', #6745, 1000.00000000000 );
#5792 = CARTESIAN_POINT( '', ( -0.400000000000005, -0.400000000000000, -3.70000000000000 ) );
#5793 = CARTESIAN_POINT( '', ( -0.400000000000005, -0.400000000000000, -3.70000000000000 ) );
#5794 = VECTOR( '', #6746, 1000.00000000000 );
#5795 = CARTESIAN_POINT( '', ( -0.400000000000000, -0.400000000000000, -18.2473190052363 ) );
#5796 = VECTOR( '', #6747, 1000.00000000000 );
#5797 = COLOUR_RGB( '', 0.392156869200000, 0.600000023800000, 0.392156869200000 );
#5798 = CARTESIAN_POINT( '', ( -1.00000000000000, -1.30000000000000, -2.60000000000000 ) );
#5799 = CARTESIAN_POINT( '', ( -1.00000000000000, -1.30000000000000, -2.60000000000000 ) );
#5800 = VECTOR( '', #6748, 1000.00000000000 );
#5801 = CARTESIAN_POINT( '', ( 1.60000000000000, -1.30000000000000, -2.60000000000000 ) );
#5802 = VECTOR( '', #6749, 1000.00000000000 );
#5803 = CARTESIAN_POINT( '', ( 1.00000000000000, -0.300000000000000, -2.60000000000000 ) );
#5804 = VECTOR( '', #6750, 1000.00000000000 );
#5805 = CARTESIAN_POINT( '', ( -1.00000000000000, 0.900000000000000, -2.60000000000000 ) );
#5806 = CARTESIAN_POINT( '', ( -1.00000000000000, 0.900000000000000, -2.60000000000000 ) );
#5807 = VECTOR( '', #6751, 1000.00000000000 );
#5808 = CARTESIAN_POINT( '', ( -1.00000000000000, 0.900000000000000, -2.60000000000000 ) );
#5809 = VECTOR( '', #6752, 1000.00000000000 );
#5810 = CARTESIAN_POINT( '', ( -1.60000000000000, -1.30000000000000, -2.60000000000000 ) );
#5811 = CARTESIAN_POINT( '', ( -1.60000000000000, -0.300000000000000, -2.60000000000000 ) );
#5812 = VECTOR( '', #6753, 1000.00000000000 );
#5813 = CARTESIAN_POINT( '', ( -1.60000000000000, -1.30000000000000, -2.60000000000000 ) );
#5814 = VECTOR( '', #6754, 1000.00000000000 );
#5815 = COLOUR_RGB( '', 0.392156869200000, 0.600000023800000, 0.392156869200000 );
#5816 = CARTESIAN_POINT( '', ( -5.18500000000000, 0.600000000000000, -4.20000000000000 ) );
#5817 = CARTESIAN_POINT( '', ( -2.43500000000000, 0.600000000000000, -4.20000000000000 ) );
#5818 = CARTESIAN_POINT( '', ( -2.43500000000000, 0.600000000000000, -4.20000000000000 ) );
#5819 = VECTOR( '', #6755, 1000.00000000000 );
#5820 = CARTESIAN_POINT( '', ( -5.18500000000000, 0.600000000000000, -4.60000000000000 ) );
#5821 = CARTESIAN_POINT( '', ( -5.18500000000000, 0.600000000000000, -4.20000000000000 ) );
#5822 = VECTOR( '', #6756, 1000.00000000000 );
#5823 = CARTESIAN_POINT( '', ( -2.43500000000000, 0.600000000000000, -4.60000000000000 ) );
#5824 = CARTESIAN_POINT( '', ( -5.18500000000000, 0.600000000000000, -4.60000000000000 ) );
#5825 = VECTOR( '', #6757, 1000.00000000000 );
#5826 = CARTESIAN_POINT( '', ( -2.43500000000000, 0.600000000000000, -4.60000000000000 ) );
#5827 = VECTOR( '', #6758, 1000.00000000000 );
#5828 = COLOUR_RGB( '', 0.392156869200000, 0.600000023800000, 0.392156869200000 );
#5829 = CARTESIAN_POINT( '', ( -5.41000000000000, -2.90000000000000, 4.60000000000000 ) );
#5830 = VECTOR( '', #6759, 1000.00000000000 );
#5831 = COLOUR_RGB( '', 0.392156869200000, 0.600000023800000, 0.392156869200000 );
#5832 = CARTESIAN_POINT( '', ( 3.41000000000000, -0.400000000000000, -1.05000000000000 ) );
#5833 = VECTOR( '', #6760, 1000.00000000000 );
#5834 = CARTESIAN_POINT( '', ( 4.21000000000000, -1.20000000000000, -1.05000000000000 ) );
#5835 = VECTOR( '', #6761, 1000.00000000000 );
#5836 = COLOUR_RGB( '', 0.740392148500000, 0.778039217000000, 0.800000011900000 );
#5837 = CARTESIAN_POINT( '', ( -0.400000000000000, -0.400000000000000, 5.52500000000000 ) );
#5838 = VECTOR( '', #6762, 1000.00000000000 );
#5839 = COLOUR_RGB( '', 0.392156869200000, 0.600000023800000, 0.392156869200000 );
#5840 = CARTESIAN_POINT( '', ( 0.400000000000000, -0.400000000000000, -3.70000000000000 ) );
#5841 = CARTESIAN_POINT( '', ( 0.400000000000000, -0.400000000000000, -18.2473190052363 ) );
#5842 = VECTOR( '', #6763, 1000.00000000000 );
#5843 = CARTESIAN_POINT( '', ( 0.400000000000000, -3.20000000000000, -3.70000000000000 ) );
#5844 = CARTESIAN_POINT( '', ( 0.400000000000000, -0.400000000000000, -3.70000000000000 ) );
#5845 = VECTOR( '', #6764, 1000.00000000000 );
#5846 = CARTESIAN_POINT( '', ( 0.400000000000000, -3.20000000000000, -2.80000000000000 ) );
#5847 = CARTESIAN_POINT( '', ( 0.400000000000000, -3.20000000000000, -3.70000000000000 ) );
#5848 = VECTOR( '', #6765, 1000.00000000000 );
#5849 = CARTESIAN_POINT( '', ( 0.400000000000000, -0.400000000000000, -2.80000000000000 ) );
#5850 = VECTOR( '', #6766, 1000.00000000000 );
#5851 = COLOUR_RGB( '', 0.392156869200000, 0.600000023800000, 0.392156869200000 );
#5852 = CARTESIAN_POINT( '', ( -2.81000000000000, -0.300000000000000, -3.40000000000000 ) );
#5853 = CARTESIAN_POINT( '', ( -2.81000000000000, 0.900000000000000, -3.40000000000000 ) );
#5854 = CARTESIAN_POINT( '', ( -2.81000000000000, 0.900000000000000, -3.40000000000000 ) );
#5855 = VECTOR( '', #6767, 1000.00000000000 );
#5856 = CARTESIAN_POINT( '', ( -2.81000000000000, 0.900000000000000, -2.60000000000000 ) );
#5857 = CARTESIAN_POINT( '', ( -2.81000000000000, 0.900000000000000, -2.60000000000000 ) );
#5858 = VECTOR( '', #6768, 1000.00000000000 );
#5859 = CARTESIAN_POINT( '', ( -2.81000000000000, -0.300000000000000, -2.60000000000000 ) );
#5860 = CARTESIAN_POINT( '', ( -2.81000000000000, 0.900000000000000, -2.60000000000000 ) );
#5861 = VECTOR( '', #6769, 1000.00000000000 );
#5862 = CARTESIAN_POINT( '', ( -2.81000000000000, -0.300000000000000, -2.60000000000000 ) );
#5863 = VECTOR( '', #6770, 1000.00000000000 );
#5864 = COLOUR_RGB( '', 0.392156869200000, 0.600000023800000, 0.392156869200000 );
#5865 = CARTESIAN_POINT( '', ( -6.31000000000000, 0.149999999999997, 1.80000000000000 ) );
#5866 = VECTOR( '', #6771, 1000.00000000000 );
#5867 = CARTESIAN_POINT( '', ( -7.46000000000000, 0.149999999999997, 1.80000000000000 ) );
#5868 = VECTOR( '', #6772, 1000.00000000000 );
#5869 = COLOUR_RGB( '', 0.392156869200000, 0.600000023800000, 0.392156869200000 );
#5870 = CARTESIAN_POINT( '', ( 2.21000000000000, -2.90000000000000, 4.60000000000000 ) );
#5871 = CARTESIAN_POINT( '', ( 2.21000000000000, -2.90000000000000, 4.60000000000000 ) );
#5872 = VECTOR( '', #6773, 1000.00000000000 );
#5873 = CARTESIAN_POINT( '', ( 2.21000000000000, -2.90000000000000, -3.40000000000000 ) );
#5874 = CARTESIAN_POINT( '', ( 2.21000000000000, -2.90000000000000, -3.40000000000000 ) );
#5875 = VECTOR( '', #6774, 1000.00000000000 );
#5876 = CARTESIAN_POINT( '', ( 2.21000000000000, -2.90000000000000, -3.40000000000000 ) );
#5877 = VECTOR( '', #6775, 1000.00000000000 );
#5878 = COLOUR_RGB( '', 0.392156869200000, 0.600000023800000, 0.392156869200000 );
#5879 = CARTESIAN_POINT( '', ( -1.00000000000000, -1.30000000000000, -3.40000000000000 ) );
#5880 = CARTESIAN_POINT( '', ( -1.00000000000000, -1.30000000000000, -3.40000000000000 ) );
#5881 = VECTOR( '', #6776, 1000.00000000000 );
#5882 = CARTESIAN_POINT( '', ( -1.60000000000000, -1.30000000000000, -3.40000000000000 ) );
#5883 = CARTESIAN_POINT( '', ( -1.60000000000000, -1.30000000000000, -3.40000000000000 ) );
#5884 = VECTOR( '', #6777, 1000.00000000000 );
#5885 = CARTESIAN_POINT( '', ( -1.60000000000000, -2.90000000000000, -3.40000000000000 ) );
#5886 = CARTESIAN_POINT( '', ( -1.60000000000000, 1.40000000000000, -3.40000000000000 ) );
#5887 = VECTOR( '', #6778, 1000.00000000000 );
#5888 = CARTESIAN_POINT( '', ( -1.60000000000000, -2.90000000000000, -3.40000000000000 ) );
#5889 = VECTOR( '', #6779, 1000.00000000000 );
#5890 = COLOUR_RGB( '', 0.392156869200000, 0.600000023800000, 0.392156869200000 );
#5891 = CARTESIAN_POINT( '', ( 0.400000000000000, -3.20000000000000, -3.70000000000000 ) );
#5892 = VECTOR( '', #6780, 1000.00000000000 );
#5893 = CARTESIAN_POINT( '', ( 1.37500000000000, -3.20000000000000, -1.55000000000000 ) );
#5894 = VECTOR( '', #6781, 1000.00000000000 );
#5895 = CARTESIAN_POINT( '', ( -1.37500000000000, -3.20000000000000, -1.55000000000000 ) );
#5896 = VECTOR( '', #6782, 1000.00000000000 );
#5897 = CARTESIAN_POINT( '', ( -0.600000000000000, -3.20000000000000, -4.20000000000000 ) );
#5898 = VECTOR( '', #6783, 1000.00000000000 );
#5899 = CARTESIAN_POINT( '', ( 0.400000000000000, -3.20000000000000, -2.80000000000000 ) );
#5900 = VECTOR( '', #6784, 1000.00000000000 );
#5901 = COLOUR_RGB( '', 0.392156869200000, 0.600000023800000, 0.392156869200000 );
#5902 = CARTESIAN_POINT( '', ( 4.81000000000000, -1.30000000000000, -3.40000000000000 ) );
#5903 = CARTESIAN_POINT( '', ( 5.41000000000000, -1.30000000000000, -3.40000000000000 ) );
#5904 = CARTESIAN_POINT( '', ( 5.41000000000000, -1.30000000000000, -3.40000000000000 ) );
#5905 = VECTOR( '', #6785, 1000.00000000000 );
#5906 = CARTESIAN_POINT( '', ( 5.41000000000000, -1.30000000000000, -2.60000000000000 ) );
#5907 = CARTESIAN_POINT( '', ( 5.41000000000000, -1.30000000000000, -2.60000000000000 ) );
#5908 = VECTOR( '', #6786, 1000.00000000000 );
#5909 = CARTESIAN_POINT( '', ( 4.81000000000000, -1.30000000000000, -2.60000000000000 ) );
#5910 = CARTESIAN_POINT( '', ( 5.41000000000000, -1.30000000000000, -2.60000000000000 ) );
#5911 = VECTOR( '', #6787, 1000.00000000000 );
#5912 = CARTESIAN_POINT( '', ( 4.81000000000000, -1.30000000000000, -2.60000000000000 ) );
#5913 = VECTOR( '', #6788, 1000.00000000000 );
#5914 = COLOUR_RGB( '', 0.392156869200000, 0.600000023800000, 0.392156869200000 );
#5915 = CARTESIAN_POINT( '', ( 7.46000000000000, -0.500000000000000, 2.45000000000000 ) );
#5916 = VECTOR( '', #6789, 1000.00000000000 );
#5917 = CARTESIAN_POINT( '', ( 6.31000000000000, -0.500000000000000, 4.60000000000000 ) );
#5918 = CARTESIAN_POINT( '', ( 7.46000000000000, -0.500000000000000, 2.45000000000000 ) );
#5919 = VECTOR( '', #6790, 1000.00000000000 );
#5920 = CARTESIAN_POINT( '', ( 6.31000000000000, -0.500000000000000, 4.60000000000000 ) );
#5921 = VECTOR( '', #6791, 1000.00000000000 );
#5922 = COLOUR_RGB( '', 0.392156869200000, 0.600000023800000, 0.392156869200000 );
#5923 = CARTESIAN_POINT( '', ( 2.76000000000000, 2.00000000000000, 4.60000000000000 ) );
#5924 = CARTESIAN_POINT( '', ( 2.21000000000000, 2.90000000000000, 4.60000000000000 ) );
#5925 = CARTESIAN_POINT( '', ( 2.21000000000000, 2.90000000000000, 4.60000000000000 ) );
#5926 = VECTOR( '', #6792, 1000.00000000000 );
#5927 = CARTESIAN_POINT( '', ( 2.76000000000000, 2.00000000000000, -3.40000000000000 ) );
#5928 = VECTOR( '', #6793, 1000.00000000000 );
#5929 = CARTESIAN_POINT( '', ( 2.21000000000000, 2.90000000000000, -3.40000000000000 ) );
#5930 = VECTOR( '', #6794, 1000.00000000000 );
#5931 = COLOUR_RGB( '', 0.392156869200000, 0.600000023800000, 0.392156869200000 );
#5932 = CARTESIAN_POINT( '', ( 6.31000000000000, -0.500000000000000, 2.45000000000000 ) );
#5933 = VECTOR( '', #6795, 1000.00000000000 );
#5934 = COLOUR_RGB( '', 0.392156869200000, 0.600000023800000, 0.392156869200000 );
#5935 = COLOUR_RGB( '', 0.392156869200000, 0.600000023800000, 0.392156869200000 );
#5936 = CARTESIAN_POINT( '', ( 3.41000000000000, -0.400000000000000, -2.80000000000000 ) );
#5937 = VECTOR( '', #6796, 1000.00000000000 );
#5938 = COLOUR_RGB( '', 0.392156869200000, 0.600000023800000, 0.392156869200000 );
#5939 = CARTESIAN_POINT( '', ( -1.00000000000000, -1.30000000000000, -2.60000000000000 ) );
#5940 = VECTOR( '', #6797, 1000.00000000000 );
#5941 = CARTESIAN_POINT( '', ( -1.60000000000000, -1.30000000000000, -2.60000000000000 ) );
#5942 = VECTOR( '', #6798, 1000.00000000000 );
#5943 = COLOUR_RGB( '', 0.392156869200000, 0.600000023800000, 0.392156869200000 );
#5944 = CARTESIAN_POINT( '', ( 5.41000000000000, 2.90000000000000, 4.60000000000000 ) );
#5945 = CARTESIAN_POINT( '', ( 2.21000000000000, 2.90000000000000, 4.60000000000000 ) );
#5946 = VECTOR( '', #6799, 1000.00000000000 );
#5947 = CARTESIAN_POINT( '', ( 5.41000000000000, 2.90000000000000, -3.40000000000000 ) );
#5948 = VECTOR( '', #6800, 1000.00000000000 );
#5949 = COLOUR_RGB( '', 0.392156869200000, 0.600000023800000, 0.392156869200000 );
#5950 = CARTESIAN_POINT( '', ( 0.700000000000000, 2.00000000000000, 4.60000000000000 ) );
#5951 = CARTESIAN_POINT( '', ( 0.700000000000000, 1.40000000000000, 4.60000000000000 ) );
#5952 = CARTESIAN_POINT( '', ( 0.700000000000000, 2.00000000000000, 4.60000000000000 ) );
#5953 = VECTOR( '', #6801, 1000.00000000000 );
#5954 = CARTESIAN_POINT( '', ( 0.700000000000000, 2.00000000000000, -3.40000000000000 ) );
#5955 = VECTOR( '', #6802, 1000.00000000000 );
#5956 = CARTESIAN_POINT( '', ( 0.700000000000000, 1.40000000000000, -3.40000000000000 ) );
#5957 = VECTOR( '', #6803, 1000.00000000000 );
#5958 = COLOUR_RGB( '', 0.392156869200000, 0.600000023800000, 0.392156869200000 );
#5959 = CARTESIAN_POINT( '', ( 4.21000000000000, -0.400000000000000, -2.80000000000000 ) );
#5960 = VECTOR( '', #6804, 1000.00000000000 );
#5961 = COLOUR_RGB( '', 0.392156869200000, 0.600000023800000, 0.392156869200000 );
#5962 = CARTESIAN_POINT( '', ( -2.21000000000000, -1.30000000000000, -2.60000000000000 ) );
#5963 = CARTESIAN_POINT( '', ( -2.21000000000000, -0.300000000000000, -2.60000000000000 ) );
#5964 = CARTESIAN_POINT( '', ( -2.21000000000000, -0.300000000000000, -2.60000000000000 ) );
#5965 = VECTOR( '', #6805, 1000.00000000000 );
#5966 = CARTESIAN_POINT( '', ( -2.21000000000000, -1.30000000000000, -3.40000000000000 ) );
#5967 = CARTESIAN_POINT( '', ( -2.21000000000000, -1.30000000000000, -2.60000000000000 ) );
#5968 = VECTOR( '', #6806, 1000.00000000000 );
#5969 = CARTESIAN_POINT( '', ( -2.21000000000000, 1.40000000000000, -3.40000000000000 ) );
#5970 = VECTOR( '', #6807, 1000.00000000000 );
#5971 = CARTESIAN_POINT( '', ( -2.21000000000000, 1.40000000000000, 4.60000000000000 ) );
#5972 = CARTESIAN_POINT( '', ( -2.21000000000000, 1.40000000000000, 4.60000000000000 ) );
#5973 = VECTOR( '', #6808, 1000.00000000000 );
#5974 = CARTESIAN_POINT( '', ( -2.21000000000000, 1.40000000000000, -3.40000000000000 ) );
#5975 = CARTESIAN_POINT( '', ( -2.21000000000000, 1.40000000000000, -3.40000000000000 ) );
#5976 = VECTOR( '', #6809, 1000.00000000000 );
#5977 = CARTESIAN_POINT( '', ( -2.21000000000000, -0.300000000000000, -3.40000000000000 ) );
#5978 = CARTESIAN_POINT( '', ( -2.21000000000000, 1.40000000000000, -3.40000000000000 ) );
#5979 = VECTOR( '', #6810, 1000.00000000000 );
#5980 = CARTESIAN_POINT( '', ( -2.21000000000000, -0.300000000000000, -2.60000000000000 ) );
#5981 = VECTOR( '', #6811, 1000.00000000000 );
#5982 = COLOUR_RGB( '', 0.392156869200000, 0.600000023800000, 0.392156869200000 );
#5983 = COLOUR_RGB( '', 0.392156869200000, 0.600000023800000, 0.392156869200000 );
#5984 = CARTESIAN_POINT( '', ( 2.81000000000000, -1.30000000000000, -2.60000000000000 ) );
#5985 = CARTESIAN_POINT( '', ( 2.81000000000000, -1.30000000000000, -2.60000000000000 ) );
#5986 = VECTOR( '', #6812, 1000.00000000000 );
#5987 = CARTESIAN_POINT( '', ( 2.81000000000000, -1.30000000000000, -3.40000000000000 ) );
#5988 = CARTESIAN_POINT( '', ( 2.81000000000000, -1.30000000000000, -2.60000000000000 ) );
#5989 = VECTOR( '', #6813, 1000.00000000000 );
#5990 = CARTESIAN_POINT( '', ( 2.81000000000000, -1.30000000000000, -3.40000000000000 ) );
#5991 = VECTOR( '', #6814, 1000.00000000000 );
#5992 = COLOUR_RGB( '', 0.392156869200000, 0.600000023800000, 0.392156869200000 );
#5993 = CARTESIAN_POINT( '', ( 2.43500000000000, 0.600000000000000, -4.60000000000000 ) );
#5994 = CARTESIAN_POINT( '', ( 2.43500000000000, 0.600000000000000, -4.20000000000000 ) );
#5995 = VECTOR( '', #6815, 1000.00000000000 );
#5996 = CARTESIAN_POINT( '', ( 5.18500000000000, 0.600000000000000, -4.60000000000000 ) );
#5997 = CARTESIAN_POINT( '', ( 2.43500000000000, 0.600000000000000, -4.60000000000000 ) );
#5998 = VECTOR( '', #6816, 1000.00000000000 );
#5999 = CARTESIAN_POINT( '', ( 5.18500000000000, 0.600000000000000, -4.60000000000000 ) );
#6000 = VECTOR( '', #6817, 1000.00000000000 );
#6001 = COLOUR_RGB( '', 0.392156869200000, 0.600000023800000, 0.392156869200000 );
#6002 = CARTESIAN_POINT( '', ( -4.81000000000000, 0.900000000000000, -3.40000000000000 ) );
#6003 = CARTESIAN_POINT( '', ( -4.81000000000000, -0.300000000000000, -3.40000000000000 ) );
#6004 = CARTESIAN_POINT( '', ( -4.81000000000000, 0.900000000000000, -3.40000000000000 ) );
#6005 = VECTOR( '', #6818, 1000.00000000000 );
#6006 = CARTESIAN_POINT( '', ( -4.81000000000000, -0.300000000000000, -2.60000000000000 ) );
#6007 = CARTESIAN_POINT( '', ( -4.81000000000000, -0.300000000000000, -2.60000000000000 ) );
#6008 = VECTOR( '', #6819, 1000.00000000000 );
#6009 = CARTESIAN_POINT( '', ( -4.81000000000000, 0.900000000000000, -2.60000000000000 ) );
#6010 = CARTESIAN_POINT( '', ( -4.81000000000000, 0.900000000000000, -2.60000000000000 ) );
#6011 = VECTOR( '', #6820, 1000.00000000000 );
#6012 = CARTESIAN_POINT( '', ( -4.81000000000000, 0.900000000000000, -2.60000000000000 ) );
#6013 = VECTOR( '', #6821, 1000.00000000000 );
#6014 = COLOUR_RGB( '', 0.392156869200000, 0.600000023800000, 0.392156869200000 );
#6015 = CARTESIAN_POINT( '', ( -0.700000000000000, 2.00000000000000, 4.60000000000000 ) );
#6016 = CARTESIAN_POINT( '', ( -1.05000000000000, 2.00000000000000, 4.60000000000000 ) );
#6017 = CARTESIAN_POINT( '', ( -1.05000000000000, 2.00000000000000, 4.60000000000000 ) );
#6018 = VECTOR( '', #6822, 1000.00000000000 );
#6019 = CARTESIAN_POINT( '', ( -0.700000000000000, 2.00000000000000, -3.40000000000000 ) );
#6020 = VECTOR( '', #6823, 1000.00000000000 );
#6021 = CARTESIAN_POINT( '', ( -1.05000000000000, 2.00000000000000, -3.40000000000000 ) );
#6022 = VECTOR( '', #6824, 1000.00000000000 );
#6023 = COLOUR_RGB( '', 0.392156869200000, 0.600000023800000, 0.392156869200000 );
#6024 = CARTESIAN_POINT( '', ( 2.81000000000000, 0.900000000000000, -2.60000000000000 ) );
#6025 = CARTESIAN_POINT( '', ( 2.81000000000000, 0.900000000000000, -2.60000000000000 ) );
#6026 = VECTOR( '', #6825, 1000.00000000000 );
#6027 = CARTESIAN_POINT( '', ( 2.81000000000000, 0.900000000000000, -2.60000000000000 ) );
#6028 = VECTOR( '', #6826, 1000.00000000000 );
#6029 = COLOUR_RGB( '', 0.392156869200000, 0.600000023800000, 0.392156869200000 );
#6030 = CARTESIAN_POINT( '', ( -3.41000000000000, -0.400000000000000, -1.05000000000000 ) );
#6031 = CARTESIAN_POINT( '', ( -3.41000000000000, -0.400000000000000, -1.05000000000000 ) );
#6032 = VECTOR( '', #6827, 1000.00000000000 );
#6033 = CARTESIAN_POINT( '', ( -3.41000000000000, -1.20000000000000, -1.05000000000000 ) );
#6034 = VECTOR( '', #6828, 1000.00000000000 );
#6035 = CARTESIAN_POINT( '', ( -4.51000000000000, -0.800000000000000, -1.05000000000000 ) );
#6036 = AXIS2_PLACEMENT_3D( '', #6829, #6830, #6831 );
#6037 = COLOUR_RGB( '', 0.392156869200000, 0.600000023800000, 0.392156869200000 );
#6038 = CARTESIAN_POINT( '', ( -3.21000000000000, -3.20000000000000, -4.20000000000000 ) );
#6039 = CARTESIAN_POINT( '', ( -3.41000000000000, -3.20000000000000, -3.70000000000000 ) );
#6040 = CARTESIAN_POINT( '', ( -3.41000000000000, -3.20000000000000, -3.70000000000000 ) );
#6041 = VECTOR( '', #6832, 1000.00000000000 );
#6042 = CARTESIAN_POINT( '', ( -3.41000000000000, -0.400000000000000, -3.70000000000000 ) );
#6043 = CARTESIAN_POINT( '', ( -3.41000000000000, -0.400000000000000, -3.70000000000000 ) );
#6044 = VECTOR( '', #6833, 1000.00000000000 );
#6045 = CARTESIAN_POINT( '', ( -3.21000000000000, -0.400000000000000, -4.20000000000000 ) );
#6046 = CARTESIAN_POINT( '', ( -3.41000000000000, -0.400000000000000, -3.70000000000000 ) );
#6047 = VECTOR( '', #6834, 1000.00000000000 );
#6048 = CARTESIAN_POINT( '', ( -3.21000000000000, -0.400000000000000, -4.20000000000000 ) );
#6049 = VECTOR( '', #6835, 1000.00000000000 );
#6050 = COLOUR_RGB( '', 0.392156869200000, 0.600000023800000, 0.392156869200000 );
#6051 = CARTESIAN_POINT( '', ( 2.81000000000000, 0.900000000000000, -2.60000000000000 ) );
#6052 = VECTOR( '', #6836, 1000.00000000000 );
#6053 = COLOUR_RGB( '', 0.392156869200000, 0.600000023800000, 0.392156869200000 );
#6054 = CARTESIAN_POINT( '', ( -4.41000000000000, -0.400000000000000, -4.20000000000000 ) );
#6055 = CARTESIAN_POINT( '', ( -3.41000000000000, -0.400000000000000, -4.20000000000000 ) );
#6056 = VECTOR( '', #6837, 1000.00000000000 );
#6057 = CARTESIAN_POINT( '', ( -4.41000000000000, -3.20000000000000, -4.20000000000000 ) );
#6058 = CARTESIAN_POINT( '', ( -4.41000000000000, -0.400000000000000, -4.20000000000000 ) );
#6059 = VECTOR( '', #6838, 1000.00000000000 );
#6060 = CARTESIAN_POINT( '', ( -5.18500000000000, -3.20000000000000, -4.20000000000000 ) );
#6061 = CARTESIAN_POINT( '', ( -2.43500000000000, -3.20000000000000, -4.20000000000000 ) );
#6062 = VECTOR( '', #6839, 1000.00000000000 );
#6063 = CARTESIAN_POINT( '', ( -5.18500000000000, -3.60000000000000, -4.20000000000000 ) );
#6064 = VECTOR( '', #6840, 1000.00000000000 );
#6065 = CARTESIAN_POINT( '', ( -2.43500000000000, -3.20000000000000, -4.20000000000000 ) );
#6066 = CARTESIAN_POINT( '', ( -2.43500000000000, -3.60000000000000, -4.20000000000000 ) );
#6067 = VECTOR( '', #6841, 1000.00000000000 );
#6068 = CARTESIAN_POINT( '', ( -2.43500000000000, -3.20000000000000, -4.20000000000000 ) );
#6069 = VECTOR( '', #6842, 1000.00000000000 );
#6070 = COLOUR_RGB( '', 0.392156869200000, 0.600000023800000, 0.392156869200000 );
#6071 = CARTESIAN_POINT( '', ( -4.81000000000000, 0.900000000000000, -3.40000000000000 ) );
#6072 = VECTOR( '', #6843, 1000.00000000000 );
#6073 = CARTESIAN_POINT( '', ( -4.81000000000000, 0.900000000000000, -2.60000000000000 ) );
#6074 = VECTOR( '', #6844, 1000.00000000000 );
#6075 = COLOUR_RGB( '', 0.392156869200000, 0.600000023800000, 0.392156869200000 );
#6076 = CARTESIAN_POINT( '', ( -0.600000000000000, -0.400000000000000, -4.20000000000000 ) );
#6077 = VECTOR( '', #6845, 1000.00000000000 );
#6078 = COLOUR_RGB( '', 0.392156869200000, 0.600000023800000, 0.392156869200000 );
#6079 = CARTESIAN_POINT( '', ( 5.51000000000000, 0.600000000000000, 4.60000000000000 ) );
#6080 = CARTESIAN_POINT( '', ( 5.41000000000000, 0.600000000000000, 4.60000000000000 ) );
#6081 = CARTESIAN_POINT( '', ( 5.41000000000000, 0.600000000000000, 4.60000000000000 ) );
#6082 = VECTOR( '', #6846, 1000.00000000000 );
#6083 = CARTESIAN_POINT( '', ( 5.41000000000000, 0.600000000000000, 1.60000000000000 ) );
#6084 = CARTESIAN_POINT( '', ( 5.41000000000000, 0.600000000000000, 4.60000000000000 ) );
#6085 = VECTOR( '', #6847, 1000.00000000000 );
#6086 = CARTESIAN_POINT( '', ( 5.51000000000000, 0.600000000000000, 4.60000000000000 ) );
#6087 = VECTOR( '', #6848, 1000.00000000000 );
#6088 = COLOUR_RGB( '', 0.392156869200000, 0.600000023800000, 0.392156869200000 );
#6089 = CARTESIAN_POINT( '', ( -3.11000000000000, 1.40000000000000, 4.60000000000000 ) );
#6090 = VECTOR( '', #6849, 1000.00000000000 );
#6091 = CARTESIAN_POINT( '', ( -3.11000000000000, 1.40000000000000, -3.40000000000000 ) );
#6092 = VECTOR( '', #6850, 1000.00000000000 );
#6093 = COLOUR_RGB( '', 0.392156869200000, 0.600000023800000, 0.392156869200000 );
#6094 = CARTESIAN_POINT( '', ( -4.71000000000000, -0.800000000000000, -1.25000000000000 ) );
#6095 = AXIS2_PLACEMENT_3D( '', #6851, #6852, #6853 );
#6096 = COLOUR_RGB( '', 0.392156869200000, 0.600000023800000, 0.392156869200000 );
#6097 = CARTESIAN_POINT( '', ( 1.05000000000000, 2.00000000000000, 4.60000000000000 ) );
#6098 = CARTESIAN_POINT( '', ( 1.60000000000000, 2.90000000000000, 4.60000000000000 ) );
#6099 = VECTOR( '', #6854, 1000.00000000000 );
#6100 = CARTESIAN_POINT( '', ( 1.05000000000000, 2.00000000000000, -3.40000000000000 ) );
#6101 = VECTOR( '', #6855, 1000.00000000000 );
#6102 = COLOUR_RGB( '', 0.392156869200000, 0.600000023800000, 0.392156869200000 );
#6103 = CARTESIAN_POINT( '', ( -1.37500000000000, -3.60000000000000, -4.60000000000000 ) );
#6104 = VECTOR( '', #6856, 1000.00000000000 );
#6105 = COLOUR_RGB( '', 0.392156869200000, 0.600000023800000, 0.392156869200000 );
#6106 = CARTESIAN_POINT( '', ( -4.81000000000000, -1.30000000000000, -2.60000000000000 ) );
#6107 = VECTOR( '', #6857, 1000.00000000000 );
#6108 = COLOUR_RGB( '', 0.392156869200000, 0.600000023800000, 0.392156869200000 );
#6109 = CARTESIAN_POINT( '', ( 6.31000000000000, 3.40000000000000, 4.60000000000000 ) );
#6110 = CARTESIAN_POINT( '', ( 6.31000000000000, 3.60000000000000, 4.60000000000000 ) );
#6111 = VECTOR( '', #6858, 1000.00000000000 );
#6112 = CARTESIAN_POINT( '', ( 6.31000000000000, -1.75000000000000, 2.45000000000000 ) );
#6113 = CARTESIAN_POINT( '', ( 6.31000000000000, -1.75000000000000, 1.80000000000000 ) );
#6114 = VECTOR( '', #6859, 1000.00000000000 );
#6115 = CARTESIAN_POINT( '', ( 6.31000000000000, -1.75000000000000, 2.45000000000000 ) );
#6116 = VECTOR( '', #6860, 1000.00000000000 );
#6117 = CARTESIAN_POINT( '', ( 6.31000000000000, 3.60000000000000, 4.60000000000000 ) );
#6118 = VECTOR( '', #6861, 1000.00000000000 );
#6119 = CARTESIAN_POINT( '', ( 6.31000000000000, -3.60000000000000, -4.60000000000000 ) );
#6120 = VECTOR( '', #6862, 1000.00000000000 );
#6121 = CARTESIAN_POINT( '', ( 6.31000000000000, 3.40000000000000, 1.35000000000000 ) );
#6122 = AXIS2_PLACEMENT_3D( '', #6863, #6864, #6865 );
#6123 = CARTESIAN_POINT( '', ( 6.31000000000000, 3.40000000000000, 4.60000000000000 ) );
#6124 = VECTOR( '', #6866, 1000.00000000000 );
#6125 = COLOUR_RGB( '', 0.392156869200000, 0.600000023800000, 0.392156869200000 );
#6126 = CARTESIAN_POINT( '', ( -5.41000000000000, 0.600000000000000, 4.60000000000000 ) );
#6127 = VECTOR( '', #6867, 1000.00000000000 );
#6128 = COLOUR_RGB( '', 0.392156869200000, 0.600000023800000, 0.392156869200000 );
#6129 = CARTESIAN_POINT( '', ( -3.41000000000000, -3.20000000000000, -2.80000000000000 ) );
#6130 = CARTESIAN_POINT( '', ( -3.41000000000000, -3.20000000000000, -3.70000000000000 ) );
#6131 = VECTOR( '', #6868, 1000.00000000000 );
#6132 = CARTESIAN_POINT( '', ( -2.43500000000000, -3.20000000000000, -1.55000000000000 ) );
#6133 = VECTOR( '', #6869, 1000.00000000000 );
#6134 = CARTESIAN_POINT( '', ( -5.18500000000000, -3.20000000000000, -1.55000000000000 ) );
#6135 = VECTOR( '', #6870, 1000.00000000000 );
#6136 = CARTESIAN_POINT( '', ( -4.41000000000000, -3.20000000000000, -4.20000000000000 ) );
#6137 = VECTOR( '', #6871, 1000.00000000000 );
#6138 = CARTESIAN_POINT( '', ( -3.41000000000000, -3.20000000000000, -2.80000000000000 ) );
#6139 = VECTOR( '', #6872, 1000.00000000000 );
#6140 = COLOUR_RGB( '', 0.392156869200000, 0.600000023800000, 0.392156869200000 );
#6141 = CARTESIAN_POINT( '', ( -2.81000000000000, -1.30000000000000, -3.40000000000000 ) );
#6142 = CARTESIAN_POINT( '', ( -2.81000000000000, -6.40000000000000, -3.40000000000000 ) );
#6143 = VECTOR( '', #6873, 1000.00000000000 );
#6144 = CARTESIAN_POINT( '', ( -2.81000000000000, -1.30000000000000, -2.60000000000000 ) );
#6145 = CARTESIAN_POINT( '', ( -2.81000000000000, -1.30000000000000, -2.60000000000000 ) );
#6146 = VECTOR( '', #6874, 1000.00000000000 );
#6147 = CARTESIAN_POINT( '', ( -2.81000000000000, -1.30000000000000, -2.60000000000000 ) );
#6148 = VECTOR( '', #6875, 1000.00000000000 );
#6149 = COLOUR_RGB( '', 0.392156869200000, 0.600000023800000, 0.392156869200000 );
#6150 = CARTESIAN_POINT( '', ( 5.18500000000000, -3.60000000000000, -4.60000000000000 ) );
#6151 = VECTOR( '', #6876, 1000.00000000000 );
#6152 = COLOUR_RGB( '', 0.392156869200000, 0.600000023800000, 0.392156869200000 );
#6153 = CARTESIAN_POINT( '', ( 1.60000000000000, -2.90000000000000, 4.60000000000000 ) );
#6154 = VECTOR( '', #6877, 1000.00000000000 );
#6155 = CARTESIAN_POINT( '', ( 1.60000000000000, -2.90000000000000, -3.40000000000000 ) );
#6156 = VECTOR( '', #6878, 1000.00000000000 );
#6157 = COLOUR_RGB( '', 0.392156869200000, 0.600000023800000, 0.392156869200000 );
#6158 = CARTESIAN_POINT( '', ( -1.60000000000000, 1.40000000000000, 4.60000000000000 ) );
#6159 = CARTESIAN_POINT( '', ( -0.700000000000000, 1.40000000000000, 4.60000000000000 ) );
#6160 = CARTESIAN_POINT( '', ( -0.700000000000000, 1.40000000000000, 4.60000000000000 ) );
#6161 = VECTOR( '', #6879, 1000.00000000000 );
#6162 = CARTESIAN_POINT( '', ( -1.60000000000000, 1.40000000000000, -3.40000000000000 ) );
#6163 = VECTOR( '', #6880, 1000.00000000000 );
#6164 = CARTESIAN_POINT( '', ( -0.700000000000000, 1.40000000000000, -3.40000000000000 ) );
#6165 = VECTOR( '', #6881, 1000.00000000000 );
#6166 = COLOUR_RGB( '', 0.392156869200000, 0.600000023800000, 0.392156869200000 );
#6167 = CARTESIAN_POINT( '', ( 1.05000000000000, 2.00000000000000, 4.60000000000000 ) );
#6168 = VECTOR( '', #6882, 1000.00000000000 );
#6169 = COLOUR_RGB( '', 0.392156869200000, 0.600000023800000, 0.392156869200000 );
#6170 = CARTESIAN_POINT( '', ( 2.21000000000000, 1.40000000000000, 4.60000000000000 ) );
#6171 = CARTESIAN_POINT( '', ( 3.11000000000000, 1.40000000000000, 4.60000000000000 ) );
#6172 = CARTESIAN_POINT( '', ( 3.11000000000000, 1.40000000000000, 4.60000000000000 ) );
#6173 = VECTOR( '', #6883, 1000.00000000000 );
#6174 = CARTESIAN_POINT( '', ( 2.21000000000000, 1.40000000000000, -3.40000000000000 ) );
#6175 = VECTOR( '', #6884, 1000.00000000000 );
#6176 = CARTESIAN_POINT( '', ( 3.11000000000000, 1.40000000000000, -3.40000000000000 ) );
#6177 = VECTOR( '', #6885, 1000.00000000000 );
#6178 = COLOUR_RGB( '', 0.392156869200000, 0.600000023800000, 0.392156869200000 );
#6179 = CARTESIAN_POINT( '', ( 5.41000000000000, -0.300000000000000, -2.60000000000000 ) );
#6180 = CARTESIAN_POINT( '', ( 4.81000000000000, -0.300000000000000, -2.60000000000000 ) );
#6181 = VECTOR( '', #6886, 1000.00000000000 );
#6182 = CARTESIAN_POINT( '', ( 5.41000000000000, -0.300000000000000, -2.60000000000000 ) );
#6183 = VECTOR( '', #6887, 1000.00000000000 );
#6184 = COLOUR_RGB( '', 0.392156869200000, 0.600000023800000, 0.392156869200000 );
#6185 = CARTESIAN_POINT( '', ( 5.41000000000000, -2.90000000000000, 4.60000000000000 ) );
#6186 = CARTESIAN_POINT( '', ( 5.41000000000000, -2.90000000000000, 4.60000000000000 ) );
#6187 = VECTOR( '', #6888, 1000.00000000000 );
#6188 = CARTESIAN_POINT( '', ( 5.41000000000000, -2.90000000000000, -3.40000000000000 ) );
#6189 = CARTESIAN_POINT( '', ( 5.41000000000000, -2.90000000000000, -3.40000000000000 ) );
#6190 = VECTOR( '', #6889, 1000.00000000000 );
#6191 = CARTESIAN_POINT( '', ( 5.41000000000000, -2.90000000000000, -3.40000000000000 ) );
#6192 = VECTOR( '', #6890, 1000.00000000000 );
#6193 = COLOUR_RGB( '', 0.392156869200000, 0.600000023800000, 0.392156869200000 );
#6194 = CARTESIAN_POINT( '', ( 4.86000000000000, 2.00000000000000, 4.60000000000000 ) );
#6195 = CARTESIAN_POINT( '', ( 4.51000000000000, 2.00000000000000, 4.60000000000000 ) );
#6196 = CARTESIAN_POINT( '', ( 4.86000000000000, 2.00000000000000, 4.60000000000000 ) );
#6197 = VECTOR( '', #6891, 1000.00000000000 );
#6198 = CARTESIAN_POINT( '', ( 4.86000000000000, 2.00000000000000, -3.40000000000000 ) );
#6199 = VECTOR( '', #6892, 1000.00000000000 );
#6200 = CARTESIAN_POINT( '', ( 4.51000000000000, 2.00000000000000, -3.40000000000000 ) );
#6201 = VECTOR( '', #6893, 1000.00000000000 );
#6202 = COLOUR_RGB( '', 0.392156869200000, 0.600000023800000, 0.392156869200000 );
#6203 = CARTESIAN_POINT( '', ( -2.21000000000000, -1.30000000000000, -3.40000000000000 ) );
#6204 = VECTOR( '', #6894, 1000.00000000000 );
#6205 = COLOUR_RGB( '', 0.392156869200000, 0.600000023800000, 0.392156869200000 );
#6206 = CARTESIAN_POINT( '', ( -2.91000000000000, -0.800000000000000, -2.60000000000000 ) );
#6207 = AXIS2_PLACEMENT_3D( '', #6895, #6896, #6897 );
#6208 = COLOUR_RGB( '', 0.392156869200000, 0.600000023800000, 0.392156869200000 );
#6209 = CARTESIAN_POINT( '', ( 2.21000000000000, -1.30000000000000, -3.40000000000000 ) );
#6210 = CARTESIAN_POINT( '', ( 2.21000000000000, -1.30000000000000, -3.40000000000000 ) );
#6211 = VECTOR( '', #6898, 1000.00000000000 );
#6212 = CARTESIAN_POINT( '', ( 2.21000000000000, 1.40000000000000, -3.40000000000000 ) );
#6213 = VECTOR( '', #6899, 1000.00000000000 );
#6214 = COLOUR_RGB( '', 0.392156869200000, 0.600000023800000, 0.392156869200000 );
#6215 = CARTESIAN_POINT( '', ( -2.76000000000000, 2.00000000000000, 4.60000000000000 ) );
#6216 = CARTESIAN_POINT( '', ( -2.21000000000000, 2.90000000000000, 4.60000000000000 ) );
#6217 = VECTOR( '', #6900, 1000.00000000000 );
#6218 = CARTESIAN_POINT( '', ( -2.76000000000000, 2.00000000000000, -3.40000000000000 ) );
#6219 = CARTESIAN_POINT( '', ( -2.21000000000000, 2.90000000000000, -3.40000000000000 ) );
#6220 = VECTOR( '', #6901, 1000.00000000000 );
#6221 = CARTESIAN_POINT( '', ( -2.76000000000000, 2.00000000000000, -3.40000000000000 ) );
#6222 = VECTOR( '', #6902, 1000.00000000000 );
#6223 = COLOUR_RGB( '', 0.392156869200000, 0.600000023800000, 0.392156869200000 );
#6224 = CARTESIAN_POINT( '', ( -4.51000000000000, 1.40000000000000, 4.60000000000000 ) );
#6225 = CARTESIAN_POINT( '', ( -4.51000000000000, 1.40000000000000, 4.60000000000000 ) );
#6226 = VECTOR( '', #6903, 1000.00000000000 );
#6227 = CARTESIAN_POINT( '', ( -4.51000000000000, 1.40000000000000, -3.40000000000000 ) );
#6228 = CARTESIAN_POINT( '', ( -4.51000000000000, 1.40000000000000, -3.40000000000000 ) );
#6229 = VECTOR( '', #6904, 1000.00000000000 );
#6230 = CARTESIAN_POINT( '', ( -4.51000000000000, 1.40000000000000, -3.40000000000000 ) );
#6231 = VECTOR( '', #6905, 1000.00000000000 );
#6232 = COLOUR_RGB( '', 0.392156869200000, 0.600000023800000, 0.392156869200000 );
#6233 = CARTESIAN_POINT( '', ( -2.81000000000000, -0.300000000000000, -3.40000000000000 ) );
#6234 = VECTOR( '', #6906, 1000.00000000000 );
#6235 = CARTESIAN_POINT( '', ( -2.81000000000000, -0.300000000000000, -2.60000000000000 ) );
#6236 = VECTOR( '', #6907, 1000.00000000000 );
#6237 = COLOUR_RGB( '', 0.392156869200000, 0.600000023800000, 0.392156869200000 );
#6238 = CARTESIAN_POINT( '', ( -7.46000000000000, -1.75000000000000, 2.45000000000000 ) );
#6239 = CARTESIAN_POINT( '', ( -7.46000000000000, -1.10000000000000, 2.45000000000000 ) );
#6240 = VECTOR( '', #6908, 1000.00000000000 );
#6241 = CARTESIAN_POINT( '', ( -7.46000000000000, -1.75000000000000, 2.45000000000000 ) );
#6242 = VECTOR( '', #6909, 1000.00000000000 );
#6243 = COLOUR_RGB( '', 0.392156869200000, 0.600000023800000, 0.392156869200000 );
#6244 = COLOUR_RGB( '', 0.392156869200000, 0.600000023800000, 0.392156869200000 );
#6245 = CARTESIAN_POINT( '', ( 4.81000000000000, -6.40000000000000, -3.40000000000000 ) );
#6246 = VECTOR( '', #6910, 1000.00000000000 );
#6247 = CARTESIAN_POINT( '', ( 4.81000000000000, -1.30000000000000, -2.60000000000000 ) );
#6248 = VECTOR( '', #6911, 1000.00000000000 );
#6249 = COLOUR_RGB( '', 0.392156869200000, 0.600000023800000, 0.392156869200000 );
#6250 = CARTESIAN_POINT( '', ( -3.41000000000000, -0.400000000000000, -18.2473190052363 ) );
#6251 = VECTOR( '', #6912, 1000.00000000000 );
#6252 = CARTESIAN_POINT( '', ( -3.41000000000000, -0.400000000000000, -2.80000000000000 ) );
#6253 = VECTOR( '', #6913, 1000.00000000000 );
#6254 = COLOUR_RGB( '', 0.392156869200000, 0.600000023800000, 0.392156869200000 );
#6255 = CARTESIAN_POINT( '', ( -2.43500000000000, -3.60000000000000, -4.60000000000000 ) );
#6256 = VECTOR( '', #6914, 1000.00000000000 );
#6257 = CARTESIAN_POINT( '', ( -5.18500000000000, -3.60000000000000, -4.60000000000000 ) );
#6258 = VECTOR( '', #6915, 1000.00000000000 );
#6259 = CARTESIAN_POINT( '', ( -6.31000000000000, -3.60000000000000, -4.60000000000000 ) );
#6260 = VECTOR( '', #6916, 1000.00000000000 );
#6261 = CARTESIAN_POINT( '', ( 2.43500000000000, -3.60000000000000, -4.60000000000000 ) );
#6262 = VECTOR( '', #6917, 1000.00000000000 );
#6263 = CARTESIAN_POINT( '', ( 1.37500000000000, -3.60000000000000, -4.60000000000000 ) );
#6264 = VECTOR( '', #6918, 1000.00000000000 );
#6265 = COLOUR_RGB( '', 0.392156869200000, 0.600000023800000, 0.392156869200000 );
#6266 = CARTESIAN_POINT( '', ( -1.60000000000000, -2.90000000000000, 4.60000000000000 ) );
#6267 = CARTESIAN_POINT( '', ( -1.60000000000000, 1.40000000000000, 4.60000000000000 ) );
#6268 = VECTOR( '', #6919, 1000.00000000000 );
#6269 = CARTESIAN_POINT( '', ( -1.60000000000000, -2.90000000000000, -3.40000000000000 ) );
#6270 = VECTOR( '', #6920, 1000.00000000000 );
#6271 = COLOUR_RGB( '', 0.392156869200000, 0.600000023800000, 0.392156869200000 );
#6272 = CARTESIAN_POINT( '', ( -6.31000000000000, -1.10000000000000, 2.45000000000000 ) );
#6273 = CARTESIAN_POINT( '', ( -6.31000000000000, -1.75000000000000, 2.45000000000000 ) );
#6274 = CARTESIAN_POINT( '', ( -6.31000000000000, -1.10000000000000, 2.45000000000000 ) );
#6275 = VECTOR( '', #6921, 1000.00000000000 );
#6276 = CARTESIAN_POINT( '', ( -7.46000000000000, -1.10000000000000, 2.45000000000000 ) );
#6277 = VECTOR( '', #6922, 1000.00000000000 );
#6278 = CARTESIAN_POINT( '', ( -7.46000000000000, -1.75000000000000, 2.45000000000000 ) );
#6279 = VECTOR( '', #6923, 1000.00000000000 );
#6280 = COLOUR_RGB( '', 0.392156869200000, 0.600000023800000, 0.392156869200000 );
#6281 = CARTESIAN_POINT( '', ( -6.31000000000000, -1.75000000000000, 2.45000000000000 ) );
#6282 = VECTOR( '', #6924, 1000.00000000000 );
#6283 = COLOUR_RGB( '', 0.392156869200000, 0.600000023800000, 0.392156869200000 );
#6284 = CARTESIAN_POINT( '', ( -6.31000000000000, -1.10000000000000, 4.60000000000000 ) );
#6285 = VECTOR( '', #6925, 1000.00000000000 );
#6286 = COLOUR_RGB( '', 0.740392148500000, 0.778039217000000, 0.800000011900000 );
#6287 = CARTESIAN_POINT( '', ( -0.400000000000000, 0.000000000000000, -4.72500000000000 ) );
#6288 = VECTOR( '', #6926, 1000.00000000000 );
#6289 = COLOUR_RGB( '', 0.392156869200000, 0.600000023800000, 0.392156869200000 );
#6290 = CARTESIAN_POINT( '', ( 7.46000000000000, -1.75000000000000, 2.45000000000000 ) );
#6291 = CARTESIAN_POINT( '', ( 7.46000000000000, -1.75000000000000, 2.45000000000000 ) );
#6292 = VECTOR( '', #6927, 1000.00000000000 );
#6293 = CARTESIAN_POINT( '', ( 7.46000000000000, -1.75000000000000, 2.45000000000000 ) );
#6294 = VECTOR( '', #6928, 1000.00000000000 );
#6295 = COLOUR_RGB( '', 0.392156869200000, 0.600000023800000, 0.392156869200000 );
#6296 = CARTESIAN_POINT( '', ( 5.51000000000000, -0.600000000000000, 4.60000000000000 ) );
#6297 = CARTESIAN_POINT( '', ( 5.41000000000000, -0.600000000000000, 4.60000000000000 ) );
#6298 = CARTESIAN_POINT( '', ( 5.41000000000000, -0.600000000000000, 4.60000000000000 ) );
#6299 = VECTOR( '', #6929, 1000.00000000000 );
#6300 = CARTESIAN_POINT( '', ( 5.41000000000000, -0.600000000000000, 1.60000000000000 ) );
#6301 = CARTESIAN_POINT( '', ( 5.51000000000000, -0.600000000000000, 4.60000000000000 ) );
#6302 = VECTOR( '', #6930, 1000.00000000000 );
#6303 = CARTESIAN_POINT( '', ( 5.41000000000000, -0.600000000000000, 4.60000000000000 ) );
#6304 = VECTOR( '', #6931, 1000.00000000000 );
#6305 = COLOUR_RGB( '', 0.392156869200000, 0.600000023800000, 0.392156869200000 );
#6306 = CARTESIAN_POINT( '', ( -2.76000000000000, 2.00000000000000, -3.40000000000000 ) );
#6307 = VECTOR( '', #6932, 1000.00000000000 );
#6308 = CARTESIAN_POINT( '', ( -4.51000000000000, 2.00000000000000, -3.40000000000000 ) );
#6309 = VECTOR( '', #6933, 1000.00000000000 );
#6310 = CARTESIAN_POINT( '', ( -4.81000000000000, -0.300000000000000, -3.40000000000000 ) );
#6311 = VECTOR( '', #6934, 1000.00000000000 );
#6312 = COLOUR_RGB( '', 0.740392148500000, 0.778039217000000, 0.800000011900000 );
#6313 = CARTESIAN_POINT( '', ( -0.200000000000000, 0.200000000000000, 5.52500000000000 ) );
#6314 = CARTESIAN_POINT( '', ( -0.200000000000000, 0.400000000000000, 5.52500000000000 ) );
#6315 = VECTOR( '', #6935, 1000.00000000000 );
#6316 = CARTESIAN_POINT( '', ( -0.400000000000000, 0.400000000000000, 4.72500000000000 ) );
#6317 = CARTESIAN_POINT( '', ( -0.166666666666666, 0.166666666666669, 5.65833333333333 ) );
#6318 = VECTOR( '', #6936, 1000.00000000000 );
#6319 = CARTESIAN_POINT( '', ( -0.400000000000000, 0.000000000000000, 4.72500000000000 ) );
#6320 = VECTOR( '', #6937, 1000.00000000000 );
#6321 = COLOUR_RGB( '', 0.392156869200000, 0.600000023800000, 0.392156869200000 );
#6322 = CARTESIAN_POINT( '', ( 0.400000000000000, -0.400000000000000, -3.70000000000000 ) );
#6323 = VECTOR( '', #6938, 1000.00000000000 );
#6324 = COLOUR_RGB( '', 0.392156869200000, 0.600000023800000, 0.392156869200000 );
#6325 = CARTESIAN_POINT( '', ( 7.46000000000000, -1.75000000000000, 1.80000000000000 ) );
#6326 = VECTOR( '', #6939, 1000.00000000000 );
#6327 = COLOUR_RGB( '', 0.392156869200000, 0.600000023800000, 0.392156869200000 );
#6328 = COLOUR_RGB( '', 0.392156869200000, 0.600000023800000, 0.392156869200000 );
#6329 = CARTESIAN_POINT( '', ( -1.60000000000000, 2.90000000000000, 4.60000000000000 ) );
#6330 = VECTOR( '', #6940, 1000.00000000000 );
#6331 = CARTESIAN_POINT( '', ( 0.700000000000000, 1.40000000000000, 4.60000000000000 ) );
#6332 = VECTOR( '', #6941, 1000.00000000000 );
#6333 = CARTESIAN_POINT( '', ( -1.60000000000000, -2.90000000000000, 4.60000000000000 ) );
#6334 = VECTOR( '', #6942, 1000.00000000000 );
#6335 = CARTESIAN_POINT( '', ( -0.700000000000000, 2.00000000000000, 4.60000000000000 ) );
#6336 = VECTOR( '', #6943, 1000.00000000000 );
#6337 = CARTESIAN_POINT( '', ( 5.51000000000000, -0.600000000000000, 4.60000000000000 ) );
#6338 = VECTOR( '', #6944, 1000.00000000000 );
#6339 = CARTESIAN_POINT( '', ( 5.41000000000000, 1.40000000000000, 4.60000000000000 ) );
#6340 = VECTOR( '', #6945, 1000.00000000000 );
#6341 = CARTESIAN_POINT( '', ( 2.21000000000000, 1.40000000000000, 4.60000000000000 ) );
#6342 = VECTOR( '', #6946, 1000.00000000000 );
#6343 = CARTESIAN_POINT( '', ( 3.11000000000000, 2.00000000000000, 4.60000000000000 ) );
#6344 = CARTESIAN_POINT( '', ( 3.11000000000000, 2.00000000000000, 4.60000000000000 ) );
#6345 = VECTOR( '', #6947, 1000.00000000000 );
#6346 = CARTESIAN_POINT( '', ( 2.76000000000000, 2.00000000000000, 4.60000000000000 ) );
#6347 = VECTOR( '', #6948, 1000.00000000000 );
#6348 = CARTESIAN_POINT( '', ( 5.41000000000000, 2.90000000000000, 4.60000000000000 ) );
#6349 = VECTOR( '', #6949, 1000.00000000000 );
#6350 = CARTESIAN_POINT( '', ( 4.51000000000000, 1.40000000000000, 4.60000000000000 ) );
#6351 = CARTESIAN_POINT( '', ( 4.51000000000000, 2.00000000000000, 4.60000000000000 ) );
#6352 = VECTOR( '', #6950, 1000.00000000000 );
#6353 = CARTESIAN_POINT( '', ( 5.41000000000000, 1.40000000000000, 4.60000000000000 ) );
#6354 = CARTESIAN_POINT( '', ( 4.51000000000000, 1.40000000000000, 4.60000000000000 ) );
#6355 = VECTOR( '', #6951, 1000.00000000000 );
#6356 = CARTESIAN_POINT( '', ( 5.41000000000000, 1.40000000000000, 4.60000000000000 ) );
#6357 = VECTOR( '', #6952, 1000.00000000000 );
#6358 = CARTESIAN_POINT( '', ( -5.41000000000000, -0.600000000000000, 4.60000000000000 ) );
#6359 = VECTOR( '', #6953, 1000.00000000000 );
#6360 = CARTESIAN_POINT( '', ( -4.51000000000000, 2.00000000000000, 4.60000000000000 ) );
#6361 = VECTOR( '', #6954, 1000.00000000000 );
#6362 = CARTESIAN_POINT( '', ( -2.76000000000000, 2.00000000000000, 4.60000000000000 ) );
#6363 = VECTOR( '', #6955, 1000.00000000000 );
#6364 = CARTESIAN_POINT( '', ( -6.31000000000000, 3.60000000000000, 4.60000000000000 ) );
#6365 = VECTOR( '', #6956, 1000.00000000000 );
#6366 = CARTESIAN_POINT( '', ( -6.31000000000000, 3.40000000000000, 4.60000000000000 ) );
#6367 = CARTESIAN_POINT( '', ( -10.9719096167061, 3.40000000000000, 4.60000000000000 ) );
#6368 = VECTOR( '', #6957, 1000.00000000000 );
#6369 = CARTESIAN_POINT( '', ( -6.31000000000000, 3.60000000000000, 4.60000000000000 ) );
#6370 = VECTOR( '', #6958, 1000.00000000000 );
#6371 = COLOUR_RGB( '', 0.392156869200000, 0.600000023800000, 0.392156869200000 );
#6372 = COLOUR_RGB( '', 0.392156869200000, 0.600000023800000, 0.392156869200000 );
#6373 = CARTESIAN_POINT( '', ( 5.41000000000000, -0.600000000000000, 1.60000000000000 ) );
#6374 = VECTOR( '', #6959, 1000.00000000000 );
#6375 = COLOUR_RGB( '', 0.392156869200000, 0.600000023800000, 0.392156869200000 );
#6376 = COLOUR_RGB( '', 0.392156869200000, 0.600000023800000, 0.392156869200000 );
#6377 = COLOUR_RGB( '', 0.392156869200000, 0.600000023800000, 0.392156869200000 );
#6378 = CARTESIAN_POINT( '', ( -1.00000000000000, 0.900000000000000, -2.60000000000000 ) );
#6379 = VECTOR( '', #6960, 1000.00000000000 );
#6380 = COLOUR_RGB( '', 0.740392148500000, 0.778039217000000, 0.800000011900000 );
#6381 = CARTESIAN_POINT( '', ( -0.400000000000000, 0.400000000000000, 5.52500000000000 ) );
#6382 = VECTOR( '', #6961, 1000.00000000000 );
#6383 = COLOUR_RGB( '', 0.392156869200000, 0.600000023800000, 0.392156869200000 );
#6384 = COLOUR_RGB( '', 0.392156869200000, 0.600000023800000, 0.392156869200000 );
#6385 = CARTESIAN_POINT( '', ( 2.21000000000000, -1.30000000000000, -2.60000000000000 ) );
#6386 = CARTESIAN_POINT( '', ( 2.21000000000000, -0.300000000000000, -2.60000000000000 ) );
#6387 = VECTOR( '', #6962, 1000.00000000000 );
#6388 = CARTESIAN_POINT( '', ( 2.21000000000000, -1.30000000000000, -2.60000000000000 ) );
#6389 = VECTOR( '', #6963, 1000.00000000000 );
#6390 = COLOUR_RGB( '', 0.740392148500000, 0.778039217000000, 0.800000011900000 );
#6391 = COLOUR_RGB( '', 0.392156869200000, 0.600000023800000, 0.392156869200000 );
#6392 = CARTESIAN_POINT( '', ( 1.60000000000000, -1.30000000000000, -3.40000000000000 ) );
#6393 = VECTOR( '', #6964, 1000.00000000000 );
#6394 = COLOUR_RGB( '', 0.740392148500000, 0.778039217000000, 0.800000011900000 );
#6395 = CARTESIAN_POINT( '', ( 0.400000000000000, 0.200000000000000, 5.52500000000000 ) );
#6396 = VECTOR( '', #6965, 1000.00000000000 );
#6397 = COLOUR_RGB( '', 0.392156869200000, 0.600000023800000, 0.392156869200000 );
#6398 = CARTESIAN_POINT( '', ( -6.31000000000000, 3.40000000000000, 1.35000000000000 ) );
#6399 = CARTESIAN_POINT( '', ( -10.9719096167061, 3.40000000000000, 1.35000000000000 ) );
#6400 = VECTOR( '', #6966, 1000.00000000000 );
#6401 = CARTESIAN_POINT( '', ( -6.31000000000000, 3.40000000000000, 3.62957527281301E-015 ) );
#6402 = VECTOR( '', #6967, 1000.00000000000 );
#6403 = COLOUR_RGB( '', 0.392156869200000, 0.600000023800000, 0.392156869200000 );
#6404 = CARTESIAN_POINT( '', ( -4.81000000000000, -0.300000000000000, -2.60000000000000 ) );
#6405 = VECTOR( '', #6968, 1000.00000000000 );
#6406 = COLOUR_RGB( '', 0.392156869200000, 0.600000023800000, 0.392156869200000 );
#6407 = COLOUR_RGB( '', 0.392156869200000, 0.600000023800000, 0.392156869200000 );
#6408 = CARTESIAN_POINT( '', ( 4.51000000000000, 1.40000000000000, -3.40000000000000 ) );
#6409 = VECTOR( '', #6969, 1000.00000000000 );
#6410 = CARTESIAN_POINT( '', ( 5.41000000000000, 1.40000000000000, -3.40000000000000 ) );
#6411 = VECTOR( '', #6970, 1000.00000000000 );
#6412 = COLOUR_RGB( '', 0.392156869200000, 0.600000023800000, 0.392156869200000 );
#6413 = CARTESIAN_POINT( '', ( -4.41000000000000, -0.400000000000000, -4.20000000000000 ) );
#6414 = VECTOR( '', #6971, 1000.00000000000 );
#6415 = COLOUR_RGB( '', 0.392156869200000, 0.600000023800000, 0.392156869200000 );
#6416 = COLOUR_RGB( '', 0.392156869200000, 0.600000023800000, 0.392156869200000 );
#6417 = CARTESIAN_POINT( '', ( -6.31000000000000, -0.500000000000000, 2.45000000000000 ) );
#6418 = VECTOR( '', #6972, 1000.00000000000 );
#6419 = AXIS2_PLACEMENT_3D( '', #6973, #6974, #6975 );
#6420 = COLOUR_RGB( '', 0.392156869200000, 0.600000023800000, 0.392156869200000 );
#6421 = COLOUR_RGB( '', 0.392156869200000, 0.600000023800000, 0.392156869200000 );
#6422 = COLOUR_RGB( '', 0.392156869200000, 0.600000023800000, 0.392156869200000 );
#6423 = COLOUR_RGB( '', 0.392156869200000, 0.600000023800000, 0.392156869200000 );
#6424 = COLOUR_RGB( '', 0.392156869200000, 0.600000023800000, 0.392156869200000 );
#6425 = COLOUR_RGB( '', 0.392156869200000, 0.600000023800000, 0.392156869200000 );
#6426 = COLOUR_RGB( '', 0.392156869200000, 0.600000023800000, 0.392156869200000 );
#6427 = CARTESIAN_POINT( '', ( -2.21000000000000, -1.30000000000000, -2.60000000000000 ) );
#6428 = VECTOR( '', #6976, 1000.00000000000 );
#6429 = COLOUR_RGB( '', 0.392156869200000, 0.600000023800000, 0.392156869200000 );
#6430 = CARTESIAN_POINT( '', ( 3.11000000000000, 2.00000000000000, -3.40000000000000 ) );
#6431 = VECTOR( '', #6977, 1000.00000000000 );
#6432 = COLOUR_RGB( '', 0.740392148500000, 0.778039217000000, 0.800000011900000 );
#6433 = CARTESIAN_POINT( '', ( 0.400000000000000, 0.400000000000000, 4.72500000000000 ) );
#6434 = VECTOR( '', #6978, 1000.00000000000 );
#6435 = COLOUR_RGB( '', 0.392156869200000, 0.600000023800000, 0.392156869200000 );
#6436 = COLOUR_RGB( '', 0.392156869200000, 0.600000023800000, 0.392156869200000 );
#6437 = COLOUR_RGB( '', 0.392156869200000, 0.600000023800000, 0.392156869200000 );
#6438 = COLOUR_RGB( '', 0.392156869200000, 0.600000023800000, 0.392156869200000 );
#6439 = COLOUR_RGB( '', 0.392156869200000, 0.600000023800000, 0.392156869200000 );
#6440 = COLOUR_RGB( '', 0.392156869200000, 0.600000023800000, 0.392156869200000 );
#6441 = CARTESIAN_POINT( '', ( 2.21000000000000, -1.30000000000000, -2.60000000000000 ) );
#6442 = VECTOR( '', #6979, 1000.00000000000 );
#6443 = COLOUR_RGB( '', 0.392156869200000, 0.600000023800000, 0.392156869200000 );
#6444 = CARTESIAN_POINT( '', ( 5.41000000000000, -0.300000000000000, -2.60000000000000 ) );
#6445 = VECTOR( '', #6980, 1000.00000000000 );
#6446 = CARTESIAN_POINT( '', ( 5.41000000000000, 1.40000000000000, -3.40000000000000 ) );
#6447 = VECTOR( '', #6981, 1000.00000000000 );
#6448 = COLOUR_RGB( '', 0.392156869200000, 0.600000023800000, 0.392156869200000 );
#6449 = COLOUR_RGB( '', 0.740392148500000, 0.778039217000000, 0.800000011900000 );
#6450 = COLOUR_RGB( '', 0.392156869200000, 0.600000023800000, 0.392156869200000 );
#6451 = COLOUR_RGB( '', 0.392156869200000, 0.600000023800000, 0.392156869200000 );
#6452 = COLOUR_RGB( '', 0.392156869200000, 0.600000023800000, 0.392156869200000 );
#6453 = COLOUR_RGB( '', 0.392156869200000, 0.600000023800000, 0.392156869200000 );
#6454 = COLOUR_RGB( '', 0.392156869200000, 0.600000023800000, 0.392156869200000 );
#6455 = COLOUR_RGB( '', 0.392156869200000, 0.600000023800000, 0.392156869200000 );
#6456 = COLOUR_RGB( '', 0.392156869200000, 0.600000023800000, 0.392156869200000 );
#6457 = DIRECTION( '', ( 0.000000000000000, 0.000000000000000, 1.00000000000000 ) );
#6458 = DIRECTION( '', ( -0.371390676354102, -5.85691022754878E-017, 0.928476690885260 ) );
#6459 = DIRECTION( '', ( -1.00000000000000, 0.000000000000000, 0.000000000000000 ) );
#6460 = DIRECTION( '', ( 0.000000000000000, 0.000000000000000, -1.00000000000000 ) );
#6461 = DIRECTION( '', ( -1.00000000000000, 0.000000000000000, 0.000000000000000 ) );
#6462 = DIRECTION( '', ( 0.000000000000000, 0.000000000000000, -1.00000000000000 ) );
#6463 = DIRECTION( '', ( -1.00000000000000, 0.000000000000000, 0.000000000000000 ) );
#6464 = DIRECTION( '', ( -0.371390676354102, -5.85691022754878E-017, -0.928476690885260 ) );
#6465 = DIRECTION( '', ( 0.000000000000000, 0.000000000000000, -1.00000000000000 ) );
#6466 = DIRECTION( '', ( -1.00000000000000, -1.57702134179709E-016, -1.18584612615602E-016 ) );
#6467 = CARTESIAN_POINT( '', ( 3.81000000000000, -0.800000000000000, -1.05000000000000 ) );
#6468 = DIRECTION( '', ( 0.000000000000000, 0.000000000000000, -1.00000000000000 ) );
#6469 = DIRECTION( '', ( -1.00000000000000, 0.000000000000000, 0.000000000000000 ) );
#6470 = CARTESIAN_POINT( '', ( 3.81000000000000, -0.800000000000000, -1.25000000000000 ) );
#6471 = DIRECTION( '', ( 0.000000000000000, 0.000000000000000, -1.00000000000000 ) );
#6472 = DIRECTION( '', ( -1.00000000000000, 0.000000000000000, 0.000000000000000 ) );
#6473 = DIRECTION( '', ( 0.000000000000000, 1.00000000000000, 0.000000000000000 ) );
#6474 = DIRECTION( '', ( 0.000000000000000, 0.000000000000000, -1.00000000000000 ) );
#6475 = DIRECTION( '', ( 0.000000000000000, 1.00000000000000, 0.000000000000000 ) );
#6476 = DIRECTION( '', ( 0.000000000000000, 0.000000000000000, -1.00000000000000 ) );
#6477 = DIRECTION( '', ( -1.00000000000000, 0.000000000000000, 0.000000000000000 ) );
#6478 = DIRECTION( '', ( 0.000000000000000, 0.000000000000000, 1.00000000000000 ) );
#6479 = DIRECTION( '', ( -1.00000000000000, 0.000000000000000, 0.000000000000000 ) );
#6480 = DIRECTION( '', ( 0.000000000000000, 0.000000000000000, 1.00000000000000 ) );
#6481 = DIRECTION( '', ( 1.00000000000000, 1.35525271560688E-016, 0.000000000000000 ) );
#6482 = DIRECTION( '', ( 1.57702134179710E-016, -1.00000000000000, 0.000000000000000 ) );
#6483 = DIRECTION( '', ( 0.000000000000000, 1.00000000000000, 0.000000000000000 ) );
#6484 = DIRECTION( '', ( -1.00000000000000, 0.000000000000000, 0.000000000000000 ) );
#6485 = DIRECTION( '', ( 0.000000000000000, 1.00000000000000, 0.000000000000000 ) );
#6486 = DIRECTION( '', ( 1.57702134179710E-016, -1.00000000000000, 0.000000000000000 ) );
#6487 = DIRECTION( '', ( -0.235702260395516, 0.235702260395516, 0.942809041582063 ) );
#6488 = DIRECTION( '', ( 1.00000000000000, 0.000000000000000, 0.000000000000000 ) );
#6489 = DIRECTION( '', ( -0.235702260395516, -0.235702260395516, -0.942809041582063 ) );
#6490 = DIRECTION( '', ( -1.00000000000000, 0.000000000000000, 0.000000000000000 ) );
#6491 = DIRECTION( '', ( 1.00000000000000, 0.000000000000000, 0.000000000000000 ) );
#6492 = DIRECTION( '', ( 0.000000000000000, 0.000000000000000, -1.00000000000000 ) );
#6493 = DIRECTION( '', ( 1.00000000000000, 0.000000000000000, 0.000000000000000 ) );
#6494 = DIRECTION( '', ( 0.000000000000000, 0.000000000000000, -1.00000000000000 ) );
#6495 = DIRECTION( '', ( 1.00000000000000, 0.000000000000000, 0.000000000000000 ) );
#6496 = DIRECTION( '', ( 0.000000000000000, 0.000000000000000, -1.00000000000000 ) );
#6497 = DIRECTION( '', ( -1.00000000000000, 0.000000000000000, 0.000000000000000 ) );
#6498 = DIRECTION( '', ( 0.000000000000000, 0.000000000000000, -1.00000000000000 ) );
#6499 = DIRECTION( '', ( 1.00000000000000, 0.000000000000000, 0.000000000000000 ) );
#6500 = DIRECTION( '', ( 0.000000000000000, 0.000000000000000, -1.00000000000000 ) );
#6501 = DIRECTION( '', ( -1.00000000000000, 0.000000000000000, 0.000000000000000 ) );
#6502 = DIRECTION( '', ( 0.000000000000000, 0.000000000000000, -1.00000000000000 ) );
#6503 = DIRECTION( '', ( 1.00000000000000, 0.000000000000000, 0.000000000000000 ) );
#6504 = DIRECTION( '', ( 0.000000000000000, 0.000000000000000, -1.00000000000000 ) );
#6505 = DIRECTION( '', ( -1.00000000000000, 0.000000000000000, 0.000000000000000 ) );
#6506 = DIRECTION( '', ( 0.000000000000000, 0.000000000000000, -1.00000000000000 ) );
#6507 = DIRECTION( '', ( -1.00000000000000, 0.000000000000000, 0.000000000000000 ) );
#6508 = DIRECTION( '', ( 0.000000000000000, 0.000000000000000, -1.00000000000000 ) );
#6509 = DIRECTION( '', ( -1.00000000000000, 0.000000000000000, 0.000000000000000 ) );
#6510 = DIRECTION( '', ( 0.000000000000000, 0.000000000000000, -1.00000000000000 ) );
#6511 = DIRECTION( '', ( -1.00000000000000, 0.000000000000000, 0.000000000000000 ) );
#6512 = DIRECTION( '', ( 0.000000000000000, 0.000000000000000, -1.00000000000000 ) );
#6513 = DIRECTION( '', ( -1.00000000000000, 0.000000000000000, 0.000000000000000 ) );
#6514 = DIRECTION( '', ( 0.000000000000000, 0.000000000000000, -1.00000000000000 ) );
#6515 = DIRECTION( '', ( 0.000000000000000, 1.00000000000000, 0.000000000000000 ) );
#6516 = DIRECTION( '', ( -1.00000000000000, 0.000000000000000, 0.000000000000000 ) );
#6517 = DIRECTION( '', ( 0.000000000000000, 1.00000000000000, 0.000000000000000 ) );
#6518 = DIRECTION( '', ( -1.00000000000000, 0.000000000000000, 0.000000000000000 ) );
#6519 = DIRECTION( '', ( 0.000000000000000, 0.000000000000000, 1.00000000000000 ) );
#6520 = DIRECTION( '', ( -1.00000000000000, 0.000000000000000, -1.18584612615602E-016 ) );
#6521 = DIRECTION( '', ( 0.000000000000000, 0.000000000000000, 1.00000000000000 ) );
#6522 = DIRECTION( '', ( 1.00000000000000, 0.000000000000000, 0.000000000000000 ) );
#6523 = DIRECTION( '', ( 0.000000000000000, -1.00000000000000, 0.000000000000000 ) );
#6524 = DIRECTION( '', ( 1.00000000000000, 0.000000000000000, 0.000000000000000 ) );
#6525 = DIRECTION( '', ( 0.000000000000000, -1.00000000000000, 0.000000000000000 ) );
#6526 = DIRECTION( '', ( 1.00000000000000, 0.000000000000000, 0.000000000000000 ) );
#6527 = DIRECTION( '', ( -1.00000000000000, 1.08420217248551E-015, 0.000000000000000 ) );
#6528 = DIRECTION( '', ( 0.000000000000000, 0.000000000000000, 1.00000000000000 ) );
#6529 = DIRECTION( '', ( -1.00000000000000, 1.08420217248551E-015, 0.000000000000000 ) );
#6530 = DIRECTION( '', ( 0.000000000000000, 0.000000000000000, 1.00000000000000 ) );
#6531 = DIRECTION( '', ( 0.000000000000000, 0.000000000000000, 1.00000000000000 ) );
#6532 = DIRECTION( '', ( -1.00000000000000, 0.000000000000000, -1.18584612615602E-016 ) );
#6533 = DIRECTION( '', ( 0.000000000000000, 0.000000000000000, 1.00000000000000 ) );
#6534 = DIRECTION( '', ( 1.00000000000000, 0.000000000000000, 0.000000000000000 ) );
#6535 = DIRECTION( '', ( 0.235702260395516, 0.235702260395516, -0.942809041582063 ) );
#6536 = DIRECTION( '', ( -1.00000000000000, 0.000000000000000, 0.000000000000000 ) );
#6537 = DIRECTION( '', ( 0.235702260395516, -0.235702260395516, 0.942809041582063 ) );
#6538 = DIRECTION( '', ( 1.00000000000000, 0.000000000000000, 0.000000000000000 ) );
#6539 = CARTESIAN_POINT( '', ( -1.73472347597680E-015, -0.800000000000000, -1.25000000000000 ) );
#6540 = DIRECTION( '', ( 0.000000000000000, 0.000000000000000, -1.00000000000000 ) );
#6541 = DIRECTION( '', ( -1.00000000000000, 0.000000000000000, 0.000000000000000 ) );
#6542 = CARTESIAN_POINT( '', ( -1.73472347597680E-015, -0.800000000000000, -2.60000000000000 ) );
#6543 = DIRECTION( '', ( 0.000000000000000, 0.000000000000000, 1.00000000000000 ) );
#6544 = DIRECTION( '', ( 1.00000000000000, 0.000000000000000, 0.000000000000000 ) );
#6545 = DIRECTION( '', ( 0.000000000000000, 1.00000000000000, 0.000000000000000 ) );
#6546 = DIRECTION( '', ( -1.00000000000000, 0.000000000000000, 0.000000000000000 ) );
#6547 = DIRECTION( '', ( 0.000000000000000, -1.00000000000000, 0.000000000000000 ) );
#6548 = DIRECTION( '', ( 1.00000000000000, 0.000000000000000, 0.000000000000000 ) );
#6549 = DIRECTION( '', ( 0.000000000000000, -1.00000000000000, 0.000000000000000 ) );
#6550 = DIRECTION( '', ( -1.00000000000000, 0.000000000000000, 0.000000000000000 ) );
#6551 = DIRECTION( '', ( -0.521450009453976, -0.853281833651958, 0.000000000000000 ) );
#6552 = DIRECTION( '', ( 1.00000000000000, 0.000000000000000, 0.000000000000000 ) );
#6553 = DIRECTION( '', ( -0.521450009453978, 0.853281833651957, 0.000000000000000 ) );
#6554 = DIRECTION( '', ( -1.00000000000000, 0.000000000000000, 0.000000000000000 ) );
#6555 = DIRECTION( '', ( 0.000000000000000, 1.00000000000000, 0.000000000000000 ) );
#6556 = DIRECTION( '', ( 1.00000000000000, 0.000000000000000, 0.000000000000000 ) );
#6557 = DIRECTION( '', ( 0.000000000000000, 1.00000000000000, 0.000000000000000 ) );
#6558 = DIRECTION( '', ( 0.000000000000000, -1.00000000000000, 0.000000000000000 ) );
#6559 = DIRECTION( '', ( -1.00000000000000, 0.000000000000000, 0.000000000000000 ) );
#6560 = DIRECTION( '', ( -1.00000000000000, 0.000000000000000, 0.000000000000000 ) );
#6561 = DIRECTION( '', ( 0.000000000000000, 1.00000000000000, 0.000000000000000 ) );
#6562 = DIRECTION( '', ( 0.000000000000000, -1.00000000000000, 0.000000000000000 ) );
#6563 = DIRECTION( '', ( 1.00000000000000, 0.000000000000000, 0.000000000000000 ) );
#6564 = DIRECTION( '', ( 0.000000000000000, 3.90703485580362E-016, -1.00000000000000 ) );
#6565 = DIRECTION( '', ( 1.00000000000000, 0.000000000000000, 0.000000000000000 ) );
#6566 = DIRECTION( '', ( 0.000000000000000, 3.90703485580362E-016, -1.00000000000000 ) );
#6567 = CARTESIAN_POINT( '', ( -1.73472347597680E-015, -0.800000000000000, -1.05000000000000 ) );
#6568 = DIRECTION( '', ( 0.000000000000000, 0.000000000000000, -1.00000000000000 ) );
#6569 = DIRECTION( '', ( -1.00000000000000, 0.000000000000000, 0.000000000000000 ) );
#6570 = DIRECTION( '', ( -1.00000000000000, 0.000000000000000, 0.000000000000000 ) );
#6571 = DIRECTION( '', ( 0.000000000000000, 1.00000000000000, 0.000000000000000 ) );
#6572 = DIRECTION( '', ( 0.000000000000000, -1.00000000000000, 0.000000000000000 ) );
#6573 = DIRECTION( '', ( 0.000000000000000, 0.000000000000000, 1.00000000000000 ) );
#6574 = DIRECTION( '', ( 0.000000000000000, 1.00000000000000, 0.000000000000000 ) );
#6575 = DIRECTION( '', ( 0.000000000000000, 0.000000000000000, 1.00000000000000 ) );
#6576 = DIRECTION( '', ( 0.000000000000000, 1.00000000000000, 0.000000000000000 ) );
#6577 = DIRECTION( '', ( 0.000000000000000, -1.00000000000000, 0.000000000000000 ) );
#6578 = DIRECTION( '', ( 0.000000000000000, 0.000000000000000, -1.00000000000000 ) );
#6579 = DIRECTION( '', ( 0.000000000000000, 1.00000000000000, 0.000000000000000 ) );
#6580 = DIRECTION( '', ( 0.000000000000000, 0.000000000000000, 1.00000000000000 ) );
#6581 = DIRECTION( '', ( 0.000000000000000, 1.00000000000000, 0.000000000000000 ) );
#6582 = DIRECTION( '', ( 0.000000000000000, 0.000000000000000, 1.00000000000000 ) );
#6583 = DIRECTION( '', ( 0.000000000000000, 1.00000000000000, 0.000000000000000 ) );
#6584 = DIRECTION( '', ( 0.000000000000000, -1.00000000000000, 0.000000000000000 ) );
#6585 = DIRECTION( '', ( 0.000000000000000, 0.000000000000000, 1.00000000000000 ) );
#6586 = DIRECTION( '', ( 0.000000000000000, -1.00000000000000, 0.000000000000000 ) );
#6587 = DIRECTION( '', ( 0.000000000000000, 0.000000000000000, 1.00000000000000 ) );
#6588 = DIRECTION( '', ( -1.00000000000000, -1.35525271560688E-016, 0.000000000000000 ) );
#6589 = DIRECTION( '', ( 0.000000000000000, 0.000000000000000, 1.00000000000000 ) );
#6590 = DIRECTION( '', ( -0.371390676354102, -5.85691022754878E-017, -0.928476690885260 ) );
#6591 = DIRECTION( '', ( -0.371390676354102, -5.85691022754878E-017, 0.928476690885260 ) );
#6592 = DIRECTION( '', ( 0.000000000000000, 0.000000000000000, 1.00000000000000 ) );
#6593 = DIRECTION( '', ( 0.000000000000000, -1.00000000000000, 0.000000000000000 ) );
#6594 = DIRECTION( '', ( -1.00000000000000, 0.000000000000000, 0.000000000000000 ) );
#6595 = DIRECTION( '', ( 0.000000000000000, -1.00000000000000, 0.000000000000000 ) );
#6596 = DIRECTION( '', ( -1.00000000000000, 0.000000000000000, 0.000000000000000 ) );
#6597 = DIRECTION( '', ( 0.0333148302326389, 0.000000000000000, -0.999444906979154 ) );
#6598 = DIRECTION( '', ( 0.000000000000000, 1.00000000000000, 0.000000000000000 ) );
#6599 = DIRECTION( '', ( 0.0333148302326389, 0.000000000000000, -0.999444906979154 ) );
#6600 = DIRECTION( '', ( 1.57702134179710E-016, -1.00000000000000, 0.000000000000000 ) );
#6601 = DIRECTION( '', ( 0.000000000000000, 0.000000000000000, -1.00000000000000 ) );
#6602 = DIRECTION( '', ( 1.57702134179710E-016, -1.00000000000000, 0.000000000000000 ) );
#6603 = DIRECTION( '', ( 0.000000000000000, 0.000000000000000, 1.00000000000000 ) );
#6604 = DIRECTION( '', ( 0.000000000000000, -1.00000000000000, 0.000000000000000 ) );
#6605 = DIRECTION( '', ( 0.000000000000000, 1.00000000000000, 0.000000000000000 ) );
#6606 = DIRECTION( '', ( 1.00000000000000, 0.000000000000000, 0.000000000000000 ) );
#6607 = DIRECTION( '', ( 0.000000000000000, 1.00000000000000, 0.000000000000000 ) );
#6608 = DIRECTION( '', ( 1.00000000000000, 0.000000000000000, 0.000000000000000 ) );
#6609 = DIRECTION( '', ( 1.00000000000000, 0.000000000000000, 0.000000000000000 ) );
#6610 = DIRECTION( '', ( 0.000000000000000, 0.000000000000000, 1.00000000000000 ) );
#6611 = DIRECTION( '', ( 1.00000000000000, 0.000000000000000, 0.000000000000000 ) );
#6612 = DIRECTION( '', ( 0.000000000000000, 0.000000000000000, 1.00000000000000 ) );
#6613 = DIRECTION( '', ( 1.00000000000000, 0.000000000000000, 0.000000000000000 ) );
#6614 = DIRECTION( '', ( 0.000000000000000, 0.000000000000000, 1.00000000000000 ) );
#6615 = DIRECTION( '', ( 1.00000000000000, 0.000000000000000, 0.000000000000000 ) );
#6616 = DIRECTION( '', ( 0.000000000000000, 0.000000000000000, 1.00000000000000 ) );
#6617 = DIRECTION( '', ( 0.000000000000000, 0.000000000000000, -1.00000000000000 ) );
#6618 = DIRECTION( '', ( 0.000000000000000, 0.000000000000000, -1.00000000000000 ) );
#6619 = DIRECTION( '', ( 1.00000000000000, 0.000000000000000, 0.000000000000000 ) );
#6620 = DIRECTION( '', ( 0.000000000000000, -1.00000000000000, 0.000000000000000 ) );
#6621 = DIRECTION( '', ( -1.00000000000000, -1.35525271560688E-016, 0.000000000000000 ) );
#6622 = DIRECTION( '', ( 0.000000000000000, 1.00000000000000, 0.000000000000000 ) );
#6623 = DIRECTION( '', ( 0.000000000000000, 0.000000000000000, -1.00000000000000 ) );
#6624 = DIRECTION( '', ( 0.000000000000000, -1.00000000000000, 0.000000000000000 ) );
#6625 = DIRECTION( '', ( 0.000000000000000, 0.000000000000000, 1.00000000000000 ) );
#6626 = DIRECTION( '', ( 0.000000000000000, 1.00000000000000, 0.000000000000000 ) );
#6627 = DIRECTION( '', ( 0.000000000000000, 0.000000000000000, -1.00000000000000 ) );
#6628 = DIRECTION( '', ( 0.000000000000000, 1.00000000000000, 0.000000000000000 ) );
#6629 = DIRECTION( '', ( 0.000000000000000, 0.000000000000000, -1.00000000000000 ) );
#6630 = DIRECTION( '', ( -0.471652250337160, 0.000000000000000, -0.881784641934692 ) );
#6631 = DIRECTION( '', ( 0.000000000000000, -1.00000000000000, 0.000000000000000 ) );
#6632 = DIRECTION( '', ( -0.471652250337160, 0.000000000000000, -0.881784641934692 ) );
#6633 = DIRECTION( '', ( 0.000000000000000, -1.00000000000000, 0.000000000000000 ) );
#6634 = DIRECTION( '', ( -1.00000000000000, 0.000000000000000, 0.000000000000000 ) );
#6635 = DIRECTION( '', ( 0.000000000000000, 0.000000000000000, -1.00000000000000 ) );
#6636 = DIRECTION( '', ( -1.00000000000000, 0.000000000000000, 0.000000000000000 ) );
#6637 = DIRECTION( '', ( 0.000000000000000, 0.000000000000000, -1.00000000000000 ) );
#6638 = CARTESIAN_POINT( '', ( 3.81000000000000, -6.40000000000000, -3.40000000000000 ) );
#6639 = DIRECTION( '', ( 0.000000000000000, 0.000000000000000, 1.00000000000000 ) );
#6640 = DIRECTION( '', ( 1.00000000000000, 0.000000000000000, 0.000000000000000 ) );
#6641 = DIRECTION( '', ( 0.000000000000000, 0.000000000000000, 1.00000000000000 ) );
#6642 = CARTESIAN_POINT( '', ( 3.81000000000000, -6.40000000000000, -2.60000000000000 ) );
#6643 = DIRECTION( '', ( 0.000000000000000, 0.000000000000000, 1.00000000000000 ) );
#6644 = DIRECTION( '', ( 1.00000000000000, 0.000000000000000, 0.000000000000000 ) );
#6645 = DIRECTION( '', ( 0.000000000000000, 0.000000000000000, 1.00000000000000 ) );
#6646 = CARTESIAN_POINT( '', ( 3.81000000000000, -6.40000000000000, -3.40000000000000 ) );
#6647 = DIRECTION( '', ( 0.000000000000000, 0.000000000000000, 1.00000000000000 ) );
#6648 = DIRECTION( '', ( 1.00000000000000, 0.000000000000000, 0.000000000000000 ) );
#6649 = DIRECTION( '', ( 0.000000000000000, 0.000000000000000, 1.00000000000000 ) );
#6650 = CARTESIAN_POINT( '', ( 3.81000000000000, -6.40000000000000, 4.60000000000000 ) );
#6651 = DIRECTION( '', ( 0.000000000000000, 0.000000000000000, 1.00000000000000 ) );
#6652 = DIRECTION( '', ( 1.00000000000000, 0.000000000000000, 0.000000000000000 ) );
#6653 = DIRECTION( '', ( 0.000000000000000, 0.000000000000000, 1.00000000000000 ) );
#6654 = DIRECTION( '', ( -0.235702260395516, -0.235702260395516, -0.942809041582063 ) );
#6655 = DIRECTION( '', ( 1.00000000000000, 0.000000000000000, 0.000000000000000 ) );
#6656 = DIRECTION( '', ( 0.235702260395516, -0.235702260395516, -0.942809041582063 ) );
#6657 = DIRECTION( '', ( -1.00000000000000, 0.000000000000000, 0.000000000000000 ) );
#6658 = DIRECTION( '', ( 0.000000000000000, 0.000000000000000, 1.00000000000000 ) );
#6659 = DIRECTION( '', ( -1.08420217248550E-015, -1.00000000000000, 0.000000000000000 ) );
#6660 = DIRECTION( '', ( 0.000000000000000, 0.000000000000000, -1.00000000000000 ) );
#6661 = DIRECTION( '', ( 1.08420217248550E-015, 1.00000000000000, 0.000000000000000 ) );
#6662 = DIRECTION( '', ( 0.000000000000000, 1.00000000000000, 0.000000000000000 ) );
#6663 = DIRECTION( '', ( 0.000000000000000, 0.000000000000000, -1.00000000000000 ) );
#6664 = DIRECTION( '', ( 0.000000000000000, -1.00000000000000, 0.000000000000000 ) );
#6665 = DIRECTION( '', ( 0.000000000000000, 0.000000000000000, 1.00000000000000 ) );
#6666 = DIRECTION( '', ( 0.000000000000000, -1.00000000000000, 0.000000000000000 ) );
#6667 = DIRECTION( '', ( 0.000000000000000, 0.000000000000000, 1.00000000000000 ) );
#6668 = DIRECTION( '', ( 0.000000000000000, -1.00000000000000, 0.000000000000000 ) );
#6669 = DIRECTION( '', ( 0.000000000000000, 0.000000000000000, -1.00000000000000 ) );
#6670 = DIRECTION( '', ( 0.000000000000000, 1.00000000000000, 0.000000000000000 ) );
#6671 = DIRECTION( '', ( 0.000000000000000, -1.00000000000000, 0.000000000000000 ) );
#6672 = DIRECTION( '', ( -1.00000000000000, 0.000000000000000, 0.000000000000000 ) );
#6673 = DIRECTION( '', ( 0.000000000000000, -6.12323399573677E-017, -1.00000000000000 ) );
#6674 = DIRECTION( '', ( 1.00000000000000, 0.000000000000000, 0.000000000000000 ) );
#6675 = DIRECTION( '', ( 0.000000000000000, 6.12323399573677E-017, 1.00000000000000 ) );
#6676 = DIRECTION( '', ( -0.235702260395516, -0.235702260395516, 0.942809041582063 ) );
#6677 = DIRECTION( '', ( 0.000000000000000, 1.00000000000000, 0.000000000000000 ) );
#6678 = DIRECTION( '', ( -0.521450009453978, 0.853281833651957, 0.000000000000000 ) );
#6679 = DIRECTION( '', ( -0.521450009453978, 0.853281833651957, 0.000000000000000 ) );
#6680 = DIRECTION( '', ( 1.57702134179710E-016, -1.00000000000000, 0.000000000000000 ) );
#6681 = DIRECTION( '', ( 1.57702134179710E-016, -1.00000000000000, 0.000000000000000 ) );
#6682 = DIRECTION( '', ( 0.000000000000000, 0.000000000000000, 1.00000000000000 ) );
#6683 = DIRECTION( '', ( -1.00000000000000, 0.000000000000000, -1.18584612615602E-016 ) );
#6684 = DIRECTION( '', ( 0.000000000000000, 0.000000000000000, 1.00000000000000 ) );
#6685 = CARTESIAN_POINT( '', ( -3.81000000000000, -6.40000000000000, -3.40000000000000 ) );
#6686 = DIRECTION( '', ( 0.000000000000000, 0.000000000000000, 1.00000000000000 ) );
#6687 = DIRECTION( '', ( 1.00000000000000, 0.000000000000000, 0.000000000000000 ) );
#6688 = DIRECTION( '', ( 0.000000000000000, 0.000000000000000, 1.00000000000000 ) );
#6689 = CARTESIAN_POINT( '', ( -3.81000000000000, -6.40000000000000, -2.60000000000000 ) );
#6690 = DIRECTION( '', ( 0.000000000000000, 0.000000000000000, 1.00000000000000 ) );
#6691 = DIRECTION( '', ( 1.00000000000000, 0.000000000000000, 0.000000000000000 ) );
#6692 = DIRECTION( '', ( 0.000000000000000, 0.000000000000000, 1.00000000000000 ) );
#6693 = CARTESIAN_POINT( '', ( -3.81000000000000, -6.40000000000000, -3.40000000000000 ) );
#6694 = DIRECTION( '', ( 0.000000000000000, 0.000000000000000, 1.00000000000000 ) );
#6695 = DIRECTION( '', ( 1.00000000000000, 0.000000000000000, 0.000000000000000 ) );
#6696 = DIRECTION( '', ( 0.000000000000000, 0.000000000000000, 1.00000000000000 ) );
#6697 = CARTESIAN_POINT( '', ( -3.81000000000000, -6.40000000000000, 4.60000000000000 ) );
#6698 = DIRECTION( '', ( 0.000000000000000, 0.000000000000000, 1.00000000000000 ) );
#6699 = DIRECTION( '', ( 1.00000000000000, 0.000000000000000, 0.000000000000000 ) );
#6700 = CARTESIAN_POINT( '', ( 3.81000000000000, -0.800000000000000, -2.60000000000000 ) );
#6701 = DIRECTION( '', ( 0.000000000000000, 0.000000000000000, 1.00000000000000 ) );
#6702 = DIRECTION( '', ( 1.00000000000000, 0.000000000000000, 0.000000000000000 ) );
#6703 = CARTESIAN_POINT( '', ( -8.67361737988404E-016, -6.40000000000000, -3.40000000000000 ) );
#6704 = DIRECTION( '', ( 0.000000000000000, 0.000000000000000, 1.00000000000000 ) );
#6705 = DIRECTION( '', ( 1.00000000000000, 0.000000000000000, 0.000000000000000 ) );
#6706 = CARTESIAN_POINT( '', ( -8.67361737988404E-016, -6.40000000000000, -2.60000000000000 ) );
#6707 = DIRECTION( '', ( 0.000000000000000, 0.000000000000000, 1.00000000000000 ) );
#6708 = DIRECTION( '', ( 1.00000000000000, 0.000000000000000, 0.000000000000000 ) );
#6709 = DIRECTION( '', ( 0.000000000000000, 0.000000000000000, 1.00000000000000 ) );
#6710 = CARTESIAN_POINT( '', ( -8.67361737988404E-016, -6.40000000000000, -3.40000000000000 ) );
#6711 = DIRECTION( '', ( 0.000000000000000, 0.000000000000000, 1.00000000000000 ) );
#6712 = DIRECTION( '', ( 1.00000000000000, 0.000000000000000, 0.000000000000000 ) );
#6713 = DIRECTION( '', ( 0.000000000000000, 0.000000000000000, 1.00000000000000 ) );
#6714 = CARTESIAN_POINT( '', ( -8.67361737988404E-016, -6.40000000000000, 4.60000000000000 ) );
#6715 = DIRECTION( '', ( 0.000000000000000, 0.000000000000000, 1.00000000000000 ) );
#6716 = DIRECTION( '', ( 1.00000000000000, 0.000000000000000, 0.000000000000000 ) );
#6717 = DIRECTION( '', ( 0.000000000000000, 0.000000000000000, 1.00000000000000 ) );
#6718 = DIRECTION( '', ( 0.000000000000000, -1.00000000000000, 0.000000000000000 ) );
#6719 = DIRECTION( '', ( -1.00000000000000, -1.08420217248551E-015, 0.000000000000000 ) );
#6720 = DIRECTION( '', ( 0.000000000000000, 1.00000000000000, 0.000000000000000 ) );
#6721 = DIRECTION( '', ( 0.000000000000000, -1.00000000000000, 0.000000000000000 ) );
#6722 = DIRECTION( '', ( -1.00000000000000, 0.000000000000000, 0.000000000000000 ) );
#6723 = DIRECTION( '', ( 1.00000000000000, 0.000000000000000, 0.000000000000000 ) );
#6724 = DIRECTION( '', ( 0.000000000000000, -1.00000000000000, 0.000000000000000 ) );
#6725 = DIRECTION( '', ( -1.00000000000000, 0.000000000000000, 0.000000000000000 ) );
#6726 = DIRECTION( '', ( -0.521450009453976, -0.853281833651958, 0.000000000000000 ) );
#6727 = DIRECTION( '', ( -0.521450009453978, 0.853281833651957, 0.000000000000000 ) );
#6728 = DIRECTION( '', ( -1.00000000000000, 0.000000000000000, 0.000000000000000 ) );
#6729 = DIRECTION( '', ( 0.000000000000000, 1.00000000000000, 0.000000000000000 ) );
#6730 = DIRECTION( '', ( 1.00000000000000, 0.000000000000000, 0.000000000000000 ) );
#6731 = DIRECTION( '', ( 0.000000000000000, 1.00000000000000, 0.000000000000000 ) );
#6732 = DIRECTION( '', ( 0.000000000000000, -1.00000000000000, 0.000000000000000 ) );
#6733 = DIRECTION( '', ( -1.00000000000000, 0.000000000000000, 0.000000000000000 ) );
#6734 = DIRECTION( '', ( -1.00000000000000, 0.000000000000000, 0.000000000000000 ) );
#6735 = DIRECTION( '', ( -0.471652250337160, 0.000000000000000, 0.881784641934692 ) );
#6736 = DIRECTION( '', ( 0.000000000000000, 0.000000000000000, 1.00000000000000 ) );
#6737 = DIRECTION( '', ( 1.00000000000000, 1.35525271560688E-016, 0.000000000000000 ) );
#6738 = DIRECTION( '', ( 1.57702134179710E-016, -1.00000000000000, 0.000000000000000 ) );
#6739 = DIRECTION( '', ( -1.00000000000000, 0.000000000000000, 0.000000000000000 ) );
#6740 = DIRECTION( '', ( 0.000000000000000, 1.00000000000000, 0.000000000000000 ) );
#6741 = DIRECTION( '', ( 0.000000000000000, 1.00000000000000, 0.000000000000000 ) );
#6742 = DIRECTION( '', ( -1.00000000000000, 0.000000000000000, 0.000000000000000 ) );
#6743 = DIRECTION( '', ( 1.57702134179710E-016, -1.00000000000000, 0.000000000000000 ) );
#6744 = DIRECTION( '', ( 1.57702134179710E-016, -1.00000000000000, 0.000000000000000 ) );
#6745 = DIRECTION( '', ( 0.000000000000000, 0.000000000000000, -1.00000000000000 ) );
#6746 = DIRECTION( '', ( 1.57702134179710E-016, -1.00000000000000, 0.000000000000000 ) );
#6747 = DIRECTION( '', ( 0.000000000000000, 0.000000000000000, 1.00000000000000 ) );
#6748 = DIRECTION( '', ( 0.000000000000000, -1.00000000000000, 0.000000000000000 ) );
#6749 = DIRECTION( '', ( 1.00000000000000, 0.000000000000000, 0.000000000000000 ) );
#6750 = DIRECTION( '', ( -1.00000000000000, 0.000000000000000, 0.000000000000000 ) );
#6751 = DIRECTION( '', ( -1.00000000000000, 0.000000000000000, 0.000000000000000 ) );
#6752 = DIRECTION( '', ( 0.000000000000000, -1.00000000000000, 0.000000000000000 ) );
#6753 = DIRECTION( '', ( 0.000000000000000, -1.00000000000000, 0.000000000000000 ) );
#6754 = DIRECTION( '', ( 1.00000000000000, 0.000000000000000, 0.000000000000000 ) );
#6755 = DIRECTION( '', ( -1.00000000000000, 0.000000000000000, 0.000000000000000 ) );
#6756 = DIRECTION( '', ( 0.000000000000000, -6.12323399573677E-017, -1.00000000000000 ) );
#6757 = DIRECTION( '', ( 1.00000000000000, 0.000000000000000, 0.000000000000000 ) );
#6758 = DIRECTION( '', ( 0.000000000000000, 6.12323399573677E-017, 1.00000000000000 ) );
#6759 = DIRECTION( '', ( -1.00000000000000, -1.08420217248551E-015, 0.000000000000000 ) );
#6760 = DIRECTION( '', ( 0.000000000000000, -1.00000000000000, 0.000000000000000 ) );
#6761 = DIRECTION( '', ( 0.000000000000000, 1.00000000000000, 0.000000000000000 ) );
#6762 = DIRECTION( '', ( 0.000000000000000, 0.000000000000000, 1.00000000000000 ) );
#6763 = DIRECTION( '', ( 0.000000000000000, 0.000000000000000, 1.00000000000000 ) );
#6764 = DIRECTION( '', ( 1.57702134179710E-016, -1.00000000000000, 0.000000000000000 ) );
#6765 = DIRECTION( '', ( 0.000000000000000, 0.000000000000000, 1.00000000000000 ) );
#6766 = DIRECTION( '', ( 1.57702134179710E-016, -1.00000000000000, 0.000000000000000 ) );
#6767 = DIRECTION( '', ( 0.000000000000000, 1.00000000000000, 0.000000000000000 ) );
#6768 = DIRECTION( '', ( 0.000000000000000, 0.000000000000000, -1.00000000000000 ) );
#6769 = DIRECTION( '', ( 0.000000000000000, 1.00000000000000, 0.000000000000000 ) );
#6770 = DIRECTION( '', ( 0.000000000000000, 0.000000000000000, -1.00000000000000 ) );
#6771 = DIRECTION( '', ( 0.000000000000000, 0.000000000000000, 1.00000000000000 ) );
#6772 = DIRECTION( '', ( 0.000000000000000, 0.000000000000000, 1.00000000000000 ) );
#6773 = DIRECTION( '', ( -1.00000000000000, -1.08420217248551E-015, 0.000000000000000 ) );
#6774 = DIRECTION( '', ( -1.00000000000000, -1.08420217248551E-015, 0.000000000000000 ) );
#6775 = DIRECTION( '', ( 0.000000000000000, 0.000000000000000, 1.00000000000000 ) );
#6776 = DIRECTION( '', ( 0.000000000000000, -1.00000000000000, 0.000000000000000 ) );
#6777 = DIRECTION( '', ( 1.00000000000000, 0.000000000000000, 0.000000000000000 ) );
#6778 = DIRECTION( '', ( 0.000000000000000, 1.00000000000000, 0.000000000000000 ) );
#6779 = DIRECTION( '', ( -1.00000000000000, -1.08420217248551E-015, 0.000000000000000 ) );
#6780 = DIRECTION( '', ( -0.371390676354102, -5.85691022754878E-017, 0.928476690885260 ) );
#6781 = DIRECTION( '', ( 0.000000000000000, 0.000000000000000, -1.00000000000000 ) );
#6782 = DIRECTION( '', ( 0.000000000000000, 0.000000000000000, -1.00000000000000 ) );
#6783 = DIRECTION( '', ( -0.371390676354102, -5.85691022754878E-017, -0.928476690885260 ) );
#6784 = DIRECTION( '', ( -1.00000000000000, -1.57702134179709E-016, -1.18584612615602E-016 ) );
#6785 = DIRECTION( '', ( 1.00000000000000, 0.000000000000000, 0.000000000000000 ) );
#6786 = DIRECTION( '', ( 0.000000000000000, 0.000000000000000, -1.00000000000000 ) );
#6787 = DIRECTION( '', ( 1.00000000000000, 0.000000000000000, 0.000000000000000 ) );
#6788 = DIRECTION( '', ( 0.000000000000000, 0.000000000000000, -1.00000000000000 ) );
#6789 = DIRECTION( '', ( 0.000000000000000, -1.00000000000000, 0.000000000000000 ) );
#6790 = DIRECTION( '', ( -0.471652250337160, 0.000000000000000, 0.881784641934692 ) );
#6791 = DIRECTION( '', ( 0.000000000000000, -1.00000000000000, 0.000000000000000 ) );
#6792 = DIRECTION( '', ( -0.521450009453978, 0.853281833651957, 0.000000000000000 ) );
#6793 = DIRECTION( '', ( 0.000000000000000, 0.000000000000000, 1.00000000000000 ) );
#6794 = DIRECTION( '', ( 0.000000000000000, 0.000000000000000, 1.00000000000000 ) );
#6795 = DIRECTION( '', ( 0.000000000000000, 0.000000000000000, -1.00000000000000 ) );
#6796 = DIRECTION( '', ( 1.57702134179710E-016, -1.00000000000000, 0.000000000000000 ) );
#6797 = DIRECTION( '', ( 0.000000000000000, 0.000000000000000, -1.00000000000000 ) );
#6798 = DIRECTION( '', ( 0.000000000000000, 0.000000000000000, -1.00000000000000 ) );
#6799 = DIRECTION( '', ( 1.00000000000000, 0.000000000000000, 0.000000000000000 ) );
#6800 = DIRECTION( '', ( 0.000000000000000, 0.000000000000000, 1.00000000000000 ) );
#6801 = DIRECTION( '', ( 0.000000000000000, -1.00000000000000, 0.000000000000000 ) );
#6802 = DIRECTION( '', ( 0.000000000000000, 0.000000000000000, 1.00000000000000 ) );
#6803 = DIRECTION( '', ( 0.000000000000000, 0.000000000000000, 1.00000000000000 ) );
#6804 = DIRECTION( '', ( 1.57702134179710E-016, -1.00000000000000, 0.000000000000000 ) );
#6805 = DIRECTION( '', ( 0.000000000000000, 1.00000000000000, 0.000000000000000 ) );
#6806 = DIRECTION( '', ( 0.000000000000000, 0.000000000000000, -1.00000000000000 ) );
#6807 = DIRECTION( '', ( 0.000000000000000, -1.00000000000000, 0.000000000000000 ) );
#6808 = DIRECTION( '', ( 0.000000000000000, -1.00000000000000, 0.000000000000000 ) );
#6809 = DIRECTION( '', ( 0.000000000000000, 0.000000000000000, 1.00000000000000 ) );
#6810 = DIRECTION( '', ( 0.000000000000000, -1.00000000000000, 0.000000000000000 ) );
#6811 = DIRECTION( '', ( 0.000000000000000, 0.000000000000000, -1.00000000000000 ) );
#6812 = DIRECTION( '', ( 0.000000000000000, -1.00000000000000, 0.000000000000000 ) );
#6813 = DIRECTION( '', ( 0.000000000000000, 0.000000000000000, -1.00000000000000 ) );
#6814 = DIRECTION( '', ( 0.000000000000000, -1.00000000000000, 0.000000000000000 ) );
#6815 = DIRECTION( '', ( 0.000000000000000, -6.12323399573677E-017, -1.00000000000000 ) );
#6816 = DIRECTION( '', ( 1.00000000000000, 0.000000000000000, 0.000000000000000 ) );
#6817 = DIRECTION( '', ( 0.000000000000000, 6.12323399573677E-017, 1.00000000000000 ) );
#6818 = DIRECTION( '', ( 0.000000000000000, -1.00000000000000, 0.000000000000000 ) );
#6819 = DIRECTION( '', ( 0.000000000000000, 0.000000000000000, -1.00000000000000 ) );
#6820 = DIRECTION( '', ( 0.000000000000000, -1.00000000000000, 0.000000000000000 ) );
#6821 = DIRECTION( '', ( 0.000000000000000, 0.000000000000000, -1.00000000000000 ) );
#6822 = DIRECTION( '', ( -1.00000000000000, 0.000000000000000, 0.000000000000000 ) );
#6823 = DIRECTION( '', ( 0.000000000000000, 0.000000000000000, 1.00000000000000 ) );
#6824 = DIRECTION( '', ( 0.000000000000000, 0.000000000000000, 1.00000000000000 ) );
#6825 = DIRECTION( '', ( 0.000000000000000, -1.00000000000000, 0.000000000000000 ) );
#6826 = DIRECTION( '', ( 0.000000000000000, 0.000000000000000, -1.00000000000000 ) );
#6827 = DIRECTION( '', ( -1.00000000000000, -1.35525271560688E-016, 0.000000000000000 ) );
#6828 = DIRECTION( '', ( 0.000000000000000, 1.00000000000000, 0.000000000000000 ) );
#6829 = CARTESIAN_POINT( '', ( -3.81000000000000, -0.800000000000000, -1.05000000000000 ) );
#6830 = DIRECTION( '', ( 0.000000000000000, 0.000000000000000, -1.00000000000000 ) );
#6831 = DIRECTION( '', ( -1.00000000000000, 0.000000000000000, 0.000000000000000 ) );
#6832 = DIRECTION( '', ( -0.371390676354102, -5.85691022754878E-017, 0.928476690885260 ) );
#6833 = DIRECTION( '', ( 1.57702134179710E-016, -1.00000000000000, 0.000000000000000 ) );
#6834 = DIRECTION( '', ( -0.371390676354102, -5.85691022754878E-017, 0.928476690885260 ) );
#6835 = DIRECTION( '', ( 1.57702134179710E-016, -1.00000000000000, 0.000000000000000 ) );
#6836 = DIRECTION( '', ( -1.00000000000000, 0.000000000000000, 0.000000000000000 ) );
#6837 = DIRECTION( '', ( 1.00000000000000, 1.35525271560688E-016, 0.000000000000000 ) );
#6838 = DIRECTION( '', ( 1.57702134179710E-016, -1.00000000000000, 0.000000000000000 ) );
#6839 = DIRECTION( '', ( -1.00000000000000, 0.000000000000000, 0.000000000000000 ) );
#6840 = DIRECTION( '', ( 0.000000000000000, 1.00000000000000, 0.000000000000000 ) );
#6841 = DIRECTION( '', ( 0.000000000000000, 1.00000000000000, 0.000000000000000 ) );
#6842 = DIRECTION( '', ( -1.00000000000000, 0.000000000000000, 0.000000000000000 ) );
#6843 = DIRECTION( '', ( -1.00000000000000, 0.000000000000000, 0.000000000000000 ) );
#6844 = DIRECTION( '', ( -1.00000000000000, 0.000000000000000, 0.000000000000000 ) );
#6845 = DIRECTION( '', ( -0.371390676354102, -5.85691022754878E-017, -0.928476690885260 ) );
#6846 = DIRECTION( '', ( -1.00000000000000, 0.000000000000000, 2.03287907341030E-016 ) );
#6847 = DIRECTION( '', ( 0.000000000000000, 0.000000000000000, -1.00000000000000 ) );
#6848 = DIRECTION( '', ( 0.0333148302326389, 0.000000000000000, 0.999444906979154 ) );
#6849 = DIRECTION( '', ( 1.00000000000000, 0.000000000000000, 0.000000000000000 ) );
#6850 = DIRECTION( '', ( 1.00000000000000, 0.000000000000000, 0.000000000000000 ) );
#6851 = CARTESIAN_POINT( '', ( -3.81000000000000, -0.800000000000000, -1.25000000000000 ) );
#6852 = DIRECTION( '', ( 0.000000000000000, 0.000000000000000, -1.00000000000000 ) );
#6853 = DIRECTION( '', ( -1.00000000000000, 0.000000000000000, 0.000000000000000 ) );
#6854 = DIRECTION( '', ( -0.521450009453976, -0.853281833651958, 0.000000000000000 ) );
#6855 = DIRECTION( '', ( 0.000000000000000, 0.000000000000000, 1.00000000000000 ) );
#6856 = DIRECTION( '', ( 0.000000000000000, 1.00000000000000, 0.000000000000000 ) );
#6857 = DIRECTION( '', ( 0.000000000000000, -1.00000000000000, 0.000000000000000 ) );
#6858 = DIRECTION( '', ( 0.000000000000000, -1.00000000000000, 0.000000000000000 ) );
#6859 = DIRECTION( '', ( 0.000000000000000, 0.000000000000000, 1.00000000000000 ) );
#6860 = DIRECTION( '', ( 0.000000000000000, 1.00000000000000, 0.000000000000000 ) );
#6861 = DIRECTION( '', ( 0.000000000000000, -1.00000000000000, 0.000000000000000 ) );
#6862 = DIRECTION( '', ( 0.000000000000000, 1.00000000000000, 0.000000000000000 ) );
#6863 = CARTESIAN_POINT( '', ( 6.31000000000000, 3.40000000000000, 1.15000000000000 ) );
#6864 = DIRECTION( '', ( -1.00000000000000, 0.000000000000000, 0.000000000000000 ) );
#6865 = DIRECTION( '', ( 0.000000000000000, -1.00000000000000, 0.000000000000000 ) );
#6866 = DIRECTION( '', ( 0.000000000000000, 1.06752213906265E-015, -1.00000000000000 ) );
#6867 = DIRECTION( '', ( -1.00000000000000, 0.000000000000000, -2.03287907341030E-016 ) );
#6868 = DIRECTION( '', ( 0.000000000000000, 0.000000000000000, 1.00000000000000 ) );
#6869 = DIRECTION( '', ( 0.000000000000000, 0.000000000000000, -1.00000000000000 ) );
#6870 = DIRECTION( '', ( 0.000000000000000, 0.000000000000000, -1.00000000000000 ) );
#6871 = DIRECTION( '', ( -0.371390676354102, -5.85691022754878E-017, -0.928476690885260 ) );
#6872 = DIRECTION( '', ( -1.00000000000000, -1.57702134179709E-016, -1.18584612615602E-016 ) );
#6873 = DIRECTION( '', ( -1.08420217248550E-015, -1.00000000000000, 0.000000000000000 ) );
#6874 = DIRECTION( '', ( 0.000000000000000, 0.000000000000000, -1.00000000000000 ) );
#6875 = DIRECTION( '', ( 1.08420217248550E-015, 1.00000000000000, 0.000000000000000 ) );
#6876 = DIRECTION( '', ( 0.000000000000000, 1.00000000000000, 0.000000000000000 ) );
#6877 = DIRECTION( '', ( -1.00000000000000, 1.08420217248551E-015, 0.000000000000000 ) );
#6878 = DIRECTION( '', ( -1.00000000000000, 1.08420217248551E-015, 0.000000000000000 ) );
#6879 = DIRECTION( '', ( 1.00000000000000, 0.000000000000000, 0.000000000000000 ) );
#6880 = DIRECTION( '', ( 0.000000000000000, 0.000000000000000, 1.00000000000000 ) );
#6881 = DIRECTION( '', ( 0.000000000000000, 0.000000000000000, 1.00000000000000 ) );
#6882 = DIRECTION( '', ( -1.00000000000000, 0.000000000000000, 0.000000000000000 ) );
#6883 = DIRECTION( '', ( 1.00000000000000, 0.000000000000000, 0.000000000000000 ) );
#6884 = DIRECTION( '', ( 0.000000000000000, 0.000000000000000, 1.00000000000000 ) );
#6885 = DIRECTION( '', ( 0.000000000000000, 0.000000000000000, 1.00000000000000 ) );
#6886 = DIRECTION( '', ( -1.00000000000000, 0.000000000000000, 0.000000000000000 ) );
#6887 = DIRECTION( '', ( 0.000000000000000, 0.000000000000000, -1.00000000000000 ) );
#6888 = DIRECTION( '', ( -1.00000000000000, 1.08420217248551E-015, 0.000000000000000 ) );
#6889 = DIRECTION( '', ( 0.000000000000000, 0.000000000000000, 1.00000000000000 ) );
#6890 = DIRECTION( '', ( -1.00000000000000, 1.08420217248551E-015, 0.000000000000000 ) );
#6891 = DIRECTION( '', ( -1.00000000000000, 0.000000000000000, 0.000000000000000 ) );
#6892 = DIRECTION( '', ( 0.000000000000000, 0.000000000000000, 1.00000000000000 ) );
#6893 = DIRECTION( '', ( 0.000000000000000, 0.000000000000000, 1.00000000000000 ) );
#6894 = DIRECTION( '', ( 1.00000000000000, 0.000000000000000, 0.000000000000000 ) );
#6895 = CARTESIAN_POINT( '', ( -3.81000000000000, -0.800000000000000, -2.60000000000000 ) );
#6896 = DIRECTION( '', ( 0.000000000000000, 0.000000000000000, 1.00000000000000 ) );
#6897 = DIRECTION( '', ( 1.00000000000000, 0.000000000000000, 0.000000000000000 ) );
#6898 = DIRECTION( '', ( 1.00000000000000, 0.000000000000000, 0.000000000000000 ) );
#6899 = DIRECTION( '', ( 0.000000000000000, 1.00000000000000, 0.000000000000000 ) );
#6900 = DIRECTION( '', ( -0.521450009453976, -0.853281833651958, 0.000000000000000 ) );
#6901 = DIRECTION( '', ( -0.521450009453976, -0.853281833651958, 0.000000000000000 ) );
#6902 = DIRECTION( '', ( 0.000000000000000, 0.000000000000000, 1.00000000000000 ) );
#6903 = DIRECTION( '', ( 1.00000000000000, 0.000000000000000, 0.000000000000000 ) );
#6904 = DIRECTION( '', ( 1.00000000000000, 0.000000000000000, 0.000000000000000 ) );
#6905 = DIRECTION( '', ( 0.000000000000000, 0.000000000000000, 1.00000000000000 ) );
#6906 = DIRECTION( '', ( -1.00000000000000, 0.000000000000000, 0.000000000000000 ) );
#6907 = DIRECTION( '', ( -1.00000000000000, 0.000000000000000, 0.000000000000000 ) );
#6908 = DIRECTION( '', ( 0.000000000000000, -1.00000000000000, 0.000000000000000 ) );
#6909 = DIRECTION( '', ( 0.000000000000000, 0.000000000000000, -1.00000000000000 ) );
#6910 = DIRECTION( '', ( -1.08420217248550E-015, -1.00000000000000, 0.000000000000000 ) );
#6911 = DIRECTION( '', ( 1.08420217248550E-015, 1.00000000000000, 0.000000000000000 ) );
#6912 = DIRECTION( '', ( 0.000000000000000, 0.000000000000000, 1.00000000000000 ) );
#6913 = DIRECTION( '', ( 1.57702134179710E-016, -1.00000000000000, 0.000000000000000 ) );
#6914 = DIRECTION( '', ( 0.000000000000000, 1.00000000000000, 0.000000000000000 ) );
#6915 = DIRECTION( '', ( 0.000000000000000, 1.00000000000000, 0.000000000000000 ) );
#6916 = DIRECTION( '', ( 0.000000000000000, 1.00000000000000, 0.000000000000000 ) );
#6917 = DIRECTION( '', ( 0.000000000000000, 1.00000000000000, 0.000000000000000 ) );
#6918 = DIRECTION( '', ( 0.000000000000000, 1.00000000000000, 0.000000000000000 ) );
#6919 = DIRECTION( '', ( 0.000000000000000, 1.00000000000000, 0.000000000000000 ) );
#6920 = DIRECTION( '', ( 0.000000000000000, 0.000000000000000, 1.00000000000000 ) );
#6921 = DIRECTION( '', ( 0.000000000000000, -1.00000000000000, 0.000000000000000 ) );
#6922 = DIRECTION( '', ( 1.00000000000000, 0.000000000000000, 0.000000000000000 ) );
#6923 = DIRECTION( '', ( 1.00000000000000, 0.000000000000000, 0.000000000000000 ) );
#6924 = DIRECTION( '', ( 0.000000000000000, 0.000000000000000, -1.00000000000000 ) );
#6925 = DIRECTION( '', ( 0.000000000000000, 0.000000000000000, -1.00000000000000 ) );
#6926 = DIRECTION( '', ( 0.000000000000000, -1.00000000000000, 0.000000000000000 ) );
#6927 = DIRECTION( '', ( -1.00000000000000, 0.000000000000000, 0.000000000000000 ) );
#6928 = DIRECTION( '', ( 0.000000000000000, 1.00000000000000, 0.000000000000000 ) );
#6929 = DIRECTION( '', ( -1.00000000000000, 0.000000000000000, 2.03287907341030E-016 ) );
#6930 = DIRECTION( '', ( 0.0333148302326389, 0.000000000000000, 0.999444906979154 ) );
#6931 = DIRECTION( '', ( 0.000000000000000, 0.000000000000000, -1.00000000000000 ) );
#6932 = DIRECTION( '', ( -1.00000000000000, 0.000000000000000, 0.000000000000000 ) );
#6933 = DIRECTION( '', ( 0.000000000000000, 1.00000000000000, 0.000000000000000 ) );
#6934 = DIRECTION( '', ( -1.00000000000000, 0.000000000000000, 0.000000000000000 ) );
#6935 = DIRECTION( '', ( 0.000000000000000, -1.00000000000000, 0.000000000000000 ) );
#6936 = DIRECTION( '', ( 0.235702260395516, -0.235702260395516, 0.942809041582063 ) );
#6937 = DIRECTION( '', ( 0.000000000000000, 1.00000000000000, 0.000000000000000 ) );
#6938 = DIRECTION( '', ( -0.371390676354102, -5.85691022754878E-017, 0.928476690885260 ) );
#6939 = DIRECTION( '', ( 0.000000000000000, 0.000000000000000, 1.00000000000000 ) );
#6940 = DIRECTION( '', ( -0.521450009453978, 0.853281833651957, 0.000000000000000 ) );
#6941 = DIRECTION( '', ( 1.00000000000000, 0.000000000000000, 0.000000000000000 ) );
#6942 = DIRECTION( '', ( -1.00000000000000, -1.08420217248551E-015, 0.000000000000000 ) );
#6943 = DIRECTION( '', ( 0.000000000000000, 1.00000000000000, 0.000000000000000 ) );
#6944 = DIRECTION( '', ( 0.000000000000000, 1.00000000000000, 0.000000000000000 ) );
#6945 = DIRECTION( '', ( 0.000000000000000, -1.00000000000000, 0.000000000000000 ) );
#6946 = DIRECTION( '', ( 0.000000000000000, 1.00000000000000, 0.000000000000000 ) );
#6947 = DIRECTION( '', ( 0.000000000000000, 1.00000000000000, 0.000000000000000 ) );
#6948 = DIRECTION( '', ( -1.00000000000000, 0.000000000000000, 0.000000000000000 ) );
#6949 = DIRECTION( '', ( -0.521450009453976, -0.853281833651958, 0.000000000000000 ) );
#6950 = DIRECTION( '', ( 0.000000000000000, -1.00000000000000, 0.000000000000000 ) );
#6951 = DIRECTION( '', ( 1.00000000000000, 0.000000000000000, 0.000000000000000 ) );
#6952 = DIRECTION( '', ( 0.000000000000000, -1.00000000000000, 0.000000000000000 ) );
#6953 = DIRECTION( '', ( -1.00000000000000, 0.000000000000000, -2.03287907341030E-016 ) );
#6954 = DIRECTION( '', ( 0.000000000000000, 1.00000000000000, 0.000000000000000 ) );
#6955 = DIRECTION( '', ( -1.00000000000000, 0.000000000000000, 0.000000000000000 ) );
#6956 = DIRECTION( '', ( 0.000000000000000, -1.00000000000000, 0.000000000000000 ) );
#6957 = DIRECTION( '', ( 1.00000000000000, 0.000000000000000, 0.000000000000000 ) );
#6958 = DIRECTION( '', ( 0.000000000000000, -1.00000000000000, 0.000000000000000 ) );
#6959 = DIRECTION( '', ( 0.000000000000000, 1.00000000000000, 0.000000000000000 ) );
#6960 = DIRECTION( '', ( 0.000000000000000, 0.000000000000000, -1.00000000000000 ) );
#6961 = DIRECTION( '', ( 0.000000000000000, 0.000000000000000, -1.00000000000000 ) );
#6962 = DIRECTION( '', ( 0.000000000000000, -1.00000000000000, 0.000000000000000 ) );
#6963 = DIRECTION( '', ( 0.000000000000000, 0.000000000000000, -1.00000000000000 ) );
#6964 = DIRECTION( '', ( 1.00000000000000, 0.000000000000000, 0.000000000000000 ) );
#6965 = DIRECTION( '', ( -1.00000000000000, 0.000000000000000, 0.000000000000000 ) );
#6966 = DIRECTION( '', ( 1.00000000000000, 0.000000000000000, 0.000000000000000 ) );
#6967 = DIRECTION( '', ( 0.000000000000000, 1.06752213906265E-015, -1.00000000000000 ) );
#6968 = DIRECTION( '', ( -1.00000000000000, 0.000000000000000, 0.000000000000000 ) );
#6969 = DIRECTION( '', ( 0.000000000000000, 0.000000000000000, 1.00000000000000 ) );
#6970 = DIRECTION( '', ( 0.000000000000000, 0.000000000000000, 1.00000000000000 ) );
#6971 = DIRECTION( '', ( -0.371390676354102, -5.85691022754878E-017, -0.928476690885260 ) );
#6972 = DIRECTION( '', ( 0.000000000000000, 0.000000000000000, 1.00000000000000 ) );
#6973 = CARTESIAN_POINT( '', ( -6.31000000000000, 3.40000000000000, 1.15000000000000 ) );
#6974 = DIRECTION( '', ( 1.00000000000000, 0.000000000000000, 0.000000000000000 ) );
#6975 = DIRECTION( '', ( 0.000000000000000, 0.000000000000000, -1.00000000000000 ) );
#6976 = DIRECTION( '', ( 1.00000000000000, 0.000000000000000, 0.000000000000000 ) );
#6977 = DIRECTION( '', ( 0.000000000000000, 0.000000000000000, 1.00000000000000 ) );
#6978 = DIRECTION( '', ( 1.00000000000000, 0.000000000000000, 0.000000000000000 ) );
#6979 = DIRECTION( '', ( 1.00000000000000, 0.000000000000000, 0.000000000000000 ) );
#6980 = DIRECTION( '', ( 0.000000000000000, 1.00000000000000, 0.000000000000000 ) );
#6981 = DIRECTION( '', ( 0.000000000000000, -1.00000000000000, 0.000000000000000 ) );
ENDSEC;
END-ISO-10303-21;
