ISO-10303-21;
HEADER;
FILE_DESCRIPTION(('STEP AP242'),'1');
FILE_NAME('clm-110-02-l-d.stp','2024-06-07T14:33:28',('TraceParts'),('TraceParts S.A.'),'Spatial InterOp 3D',' ',' ');
FILE_SCHEMA(('AP242_MANAGED_MODEL_BASED_3D_ENGINEERING_MIM_LF  {1 0 10303 442 1 1 4}'));
ENDSEC;
DATA;
#1=MECHANICAL_DESIGN_GEOMETRIC_PRESENTATION_REPRESENTATION(' ',(#10,#11,#12,#13,#14,#15,#16,#17,#18,#19,#20,#21,#22,#23,#24,#25,#26,#27,#28,#29,#30,#31,#32,#33,#34,#35,#36,#37,#38,#39,#40,#41,#42,#43,#44,#45,#46,#47,#48,#49,#50,#51,#52,#53,#54,#55,#56,#57,#58,#59,#60,#61,#62,#63,#64,#65,#66,#67,#68,#69,#70,#71,#72,#73,#74,#75,#76,#77,#78,#79,#80,#81,#82,#83,#84,#85,#86,#87,#88,#89,#90,#91,#92,#93,#94,#95,#96,#97,#98,#99,#100,#101,#102,#103,#104,#105,#106,#107,#108,#109,#110,#111,#112,#113,#114,#115,#116,#117,#118,#119,#120,#121,#122,#123,#124,#125,#126,#127,#128,#129,#130,#131,#132,#133,#134,#135,#136,#137,#138,#139,#140,#141,#142,#143,#144,#145,#146,#147,#148,#149,#150,#151,#152,#153,#154,#155,#156,#157,#158,#159,#160,#161,#162,#163,#164,#165,#166,#167,#168,#169,#170,#171,#172,#173,#174,#175,#176,#177,#178,#179,#180,#181,#182,#183,#184,#185,#186,#187,#188,#189,#190,#191,#192,#193,#194,#195,#196,#197,#198,#199,#200,#201,#202,#203,#204,#205,#206,#207,#208,#209,#210,#211,#212,#213,#214,#215,#216,#217,#218,#219,#220,#221,#222,#223,#224,#225,#226,#227,#228,#229,#230,#231,#232,#233,#234,#235,#236,#237,#238,#239,#240,#241,#242,#243,#244,#245,#246,#247,#248,#249,#250,#251,#252,#253,#254,#255,#256,#257,#258,#259,#260,#261,#262,#263,#264,#265,#266,#267,#268,#269,#270,#271,#272,#273,#274,#275,#276,#277,#278,#279,#280,#281,#282,#283,#284,#285,#286,#287,#288,#289,#290,#291,#292,#293,#294,#295,#296,#297,#298,#299,#300,#301,#302,#303,#304,#305,#306,#307,#308,#309,#310,#311,#312,#313,#314,#315,#316,#317,#318,#319,#320,#321,#322,#323,#324,#325,#326,#327,#328,#329,#330,#331,#332,#333,#334,#335,#336,#337,#338,#339,#340,#341,#342,#343,#344,#345,#346,#347,#348,#349,#350,#351,#352,#353,#354,#355,#356,#357,#358,#359,#360,#361,#362,#363,#364,#365,#366,#367,#368,#369,#370,#371,#372,#373,#374,#375,#376,#377,#378,#379,#380,#381,#382,#383,#384,#385,#386,#387,#388,#389,#390,#391,#392,#393,#394,#395,#396,#397,#398,#399,#400,#401,#402,#403,#404,#405,#406,#407,#408,#409,#410,#411,#412,#413,#414,#415,#416,#417,#418,#419,#420,#421,#422,#423,#424,#425,#426,#427,#428,#429,#430,#431,#432,#433,#434,#435,#436,#437,#438,#439,#440,#441,#442,#443,#444,#445,#446,#447,#448,#449,#450,#451,#452,#453,#454,#455,#456,#457,#458,#459,#460,#461,#462,#463,#464,#465,#466,#467,#468,#469,#470,#471,#472,#473,#474,#475,#476,#477,#478,#479,#480,#481,#482,#483),#6);
#2=PRODUCT_DEFINITION_CONTEXT('',#484,'design');
#3=APPLICATION_PROTOCOL_DEFINITION('INTERNATIONAL STANDARD','ap242_managed_model_based_3d_engineering',2014,#484);
#4=PRODUCT_CATEGORY_RELATIONSHIP('NONE','NONE',#485,#486);
#5=SHAPE_DEFINITION_REPRESENTATION(#487,#488);
#6= (GEOMETRIC_REPRESENTATION_CONTEXT(3)GLOBAL_UNCERTAINTY_ASSIGNED_CONTEXT((#491))GLOBAL_UNIT_ASSIGNED_CONTEXT((#493,#494,#495))REPRESENTATION_CONTEXT('NONE','WORKSPACE'));
#10=STYLED_ITEM('',(#497),#498);
#11=STYLED_ITEM('',(#499),#500);
#12=STYLED_ITEM('',(#501),#502);
#13=STYLED_ITEM('',(#503),#504);
#14=STYLED_ITEM('',(#505),#506);
#15=STYLED_ITEM('',(#507),#508);
#16=STYLED_ITEM('',(#509),#510);
#17=STYLED_ITEM('',(#511),#512);
#18=STYLED_ITEM('',(#513),#514);
#19=STYLED_ITEM('',(#515),#516);
#20=STYLED_ITEM('',(#517),#518);
#21=STYLED_ITEM('',(#519),#520);
#22=STYLED_ITEM('',(#521),#522);
#23=STYLED_ITEM('',(#523),#524);
#24=STYLED_ITEM('',(#525),#526);
#25=STYLED_ITEM('',(#527),#528);
#26=STYLED_ITEM('',(#529),#530);
#27=STYLED_ITEM('',(#531),#532);
#28=STYLED_ITEM('',(#533),#534);
#29=STYLED_ITEM('',(#535),#536);
#30=STYLED_ITEM('',(#537),#538);
#31=STYLED_ITEM('',(#539),#540);
#32=STYLED_ITEM('',(#541),#542);
#33=STYLED_ITEM('',(#543),#544);
#34=STYLED_ITEM('',(#545),#546);
#35=STYLED_ITEM('',(#547),#548);
#36=STYLED_ITEM('',(#549),#550);
#37=STYLED_ITEM('',(#551),#552);
#38=STYLED_ITEM('',(#553),#554);
#39=STYLED_ITEM('',(#555),#556);
#40=STYLED_ITEM('',(#557),#558);
#41=STYLED_ITEM('',(#559),#560);
#42=STYLED_ITEM('',(#561),#562);
#43=STYLED_ITEM('',(#563),#564);
#44=STYLED_ITEM('',(#565),#566);
#45=STYLED_ITEM('',(#567),#568);
#46=STYLED_ITEM('',(#569),#570);
#47=STYLED_ITEM('',(#571),#572);
#48=STYLED_ITEM('',(#573),#574);
#49=STYLED_ITEM('',(#575),#576);
#50=STYLED_ITEM('',(#577),#578);
#51=STYLED_ITEM('',(#579),#580);
#52=STYLED_ITEM('',(#581),#582);
#53=STYLED_ITEM('',(#583),#584);
#54=STYLED_ITEM('',(#585),#586);
#55=STYLED_ITEM('',(#587),#588);
#56=STYLED_ITEM('',(#589),#590);
#57=STYLED_ITEM('',(#591),#592);
#58=STYLED_ITEM('',(#593),#594);
#59=STYLED_ITEM('',(#595),#596);
#60=STYLED_ITEM('',(#597),#598);
#61=STYLED_ITEM('',(#599),#600);
#62=STYLED_ITEM('',(#601),#602);
#63=STYLED_ITEM('',(#603),#604);
#64=STYLED_ITEM('',(#605),#606);
#65=STYLED_ITEM('',(#607),#608);
#66=STYLED_ITEM('',(#609),#610);
#67=STYLED_ITEM('',(#611),#612);
#68=STYLED_ITEM('',(#613),#614);
#69=STYLED_ITEM('',(#615),#616);
#70=STYLED_ITEM('',(#617),#618);
#71=STYLED_ITEM('',(#619),#620);
#72=STYLED_ITEM('',(#621),#622);
#73=STYLED_ITEM('',(#623),#624);
#74=STYLED_ITEM('',(#625),#626);
#75=STYLED_ITEM('',(#627),#628);
#76=STYLED_ITEM('',(#629),#630);
#77=STYLED_ITEM('',(#631),#632);
#78=STYLED_ITEM('',(#633),#634);
#79=STYLED_ITEM('',(#635),#636);
#80=STYLED_ITEM('',(#637),#638);
#81=STYLED_ITEM('',(#639),#640);
#82=STYLED_ITEM('',(#641),#642);
#83=STYLED_ITEM('',(#643),#644);
#84=STYLED_ITEM('',(#645),#646);
#85=STYLED_ITEM('',(#647),#648);
#86=STYLED_ITEM('',(#649),#650);
#87=STYLED_ITEM('',(#651),#652);
#88=STYLED_ITEM('',(#653),#654);
#89=STYLED_ITEM('',(#655),#656);
#90=STYLED_ITEM('',(#657),#658);
#91=STYLED_ITEM('',(#659),#660);
#92=STYLED_ITEM('',(#661),#662);
#93=STYLED_ITEM('',(#663),#664);
#94=STYLED_ITEM('',(#665),#666);
#95=STYLED_ITEM('',(#667),#668);
#96=STYLED_ITEM('',(#669),#670);
#97=STYLED_ITEM('',(#671),#672);
#98=STYLED_ITEM('',(#673),#674);
#99=STYLED_ITEM('',(#675),#676);
#100=STYLED_ITEM('',(#677),#678);
#101=STYLED_ITEM('',(#679),#680);
#102=STYLED_ITEM('',(#681),#682);
#103=STYLED_ITEM('',(#683),#684);
#104=STYLED_ITEM('',(#685),#686);
#105=STYLED_ITEM('',(#687),#688);
#106=STYLED_ITEM('',(#689),#690);
#107=STYLED_ITEM('',(#691),#692);
#108=STYLED_ITEM('',(#693),#694);
#109=STYLED_ITEM('',(#695),#696);
#110=STYLED_ITEM('',(#697),#698);
#111=STYLED_ITEM('',(#699),#700);
#112=STYLED_ITEM('',(#701),#702);
#113=STYLED_ITEM('',(#703),#704);
#114=STYLED_ITEM('',(#705),#706);
#115=STYLED_ITEM('',(#707),#708);
#116=STYLED_ITEM('',(#709),#710);
#117=STYLED_ITEM('',(#711),#712);
#118=STYLED_ITEM('',(#713),#714);
#119=STYLED_ITEM('',(#715),#716);
#120=STYLED_ITEM('',(#717),#718);
#121=STYLED_ITEM('',(#719),#720);
#122=STYLED_ITEM('',(#721),#722);
#123=STYLED_ITEM('',(#723),#724);
#124=STYLED_ITEM('',(#725),#726);
#125=STYLED_ITEM('',(#727),#728);
#126=STYLED_ITEM('',(#729),#730);
#127=STYLED_ITEM('',(#731),#732);
#128=STYLED_ITEM('',(#733),#734);
#129=STYLED_ITEM('',(#735),#736);
#130=STYLED_ITEM('',(#737),#738);
#131=STYLED_ITEM('',(#739),#740);
#132=STYLED_ITEM('',(#741),#742);
#133=STYLED_ITEM('',(#743),#744);
#134=STYLED_ITEM('',(#745),#746);
#135=STYLED_ITEM('',(#747),#748);
#136=STYLED_ITEM('',(#749),#750);
#137=STYLED_ITEM('',(#751),#752);
#138=STYLED_ITEM('',(#753),#754);
#139=STYLED_ITEM('',(#755),#756);
#140=STYLED_ITEM('',(#757),#758);
#141=STYLED_ITEM('',(#759),#760);
#142=STYLED_ITEM('',(#761),#762);
#143=STYLED_ITEM('',(#763),#764);
#144=STYLED_ITEM('',(#765),#766);
#145=STYLED_ITEM('',(#767),#768);
#146=STYLED_ITEM('',(#769),#770);
#147=STYLED_ITEM('',(#771),#772);
#148=STYLED_ITEM('',(#773),#774);
#149=STYLED_ITEM('',(#775),#776);
#150=STYLED_ITEM('',(#777),#778);
#151=STYLED_ITEM('',(#779),#780);
#152=STYLED_ITEM('',(#781),#782);
#153=STYLED_ITEM('',(#783),#784);
#154=STYLED_ITEM('',(#785),#786);
#155=STYLED_ITEM('',(#787),#788);
#156=STYLED_ITEM('',(#789),#790);
#157=STYLED_ITEM('',(#791),#792);
#158=STYLED_ITEM('',(#793),#794);
#159=STYLED_ITEM('',(#795),#796);
#160=STYLED_ITEM('',(#797),#798);
#161=STYLED_ITEM('',(#799),#800);
#162=STYLED_ITEM('',(#801),#802);
#163=STYLED_ITEM('',(#803),#804);
#164=STYLED_ITEM('',(#805),#806);
#165=STYLED_ITEM('',(#807),#808);
#166=STYLED_ITEM('',(#809),#810);
#167=STYLED_ITEM('',(#811),#812);
#168=STYLED_ITEM('',(#813),#814);
#169=STYLED_ITEM('',(#815),#816);
#170=STYLED_ITEM('',(#817),#818);
#171=STYLED_ITEM('',(#819),#820);
#172=STYLED_ITEM('',(#821),#822);
#173=STYLED_ITEM('',(#823),#824);
#174=STYLED_ITEM('',(#825),#826);
#175=STYLED_ITEM('',(#827),#828);
#176=STYLED_ITEM('',(#829),#830);
#177=STYLED_ITEM('',(#831),#832);
#178=STYLED_ITEM('',(#833),#834);
#179=STYLED_ITEM('',(#835),#836);
#180=STYLED_ITEM('',(#837),#838);
#181=STYLED_ITEM('',(#839),#840);
#182=STYLED_ITEM('',(#841),#842);
#183=STYLED_ITEM('',(#843),#844);
#184=STYLED_ITEM('',(#845),#846);
#185=STYLED_ITEM('',(#847),#848);
#186=STYLED_ITEM('',(#849),#850);
#187=STYLED_ITEM('',(#851),#852);
#188=STYLED_ITEM('',(#853),#854);
#189=STYLED_ITEM('',(#855),#856);
#190=STYLED_ITEM('',(#857),#858);
#191=STYLED_ITEM('',(#859),#860);
#192=STYLED_ITEM('',(#861),#862);
#193=STYLED_ITEM('',(#863),#864);
#194=STYLED_ITEM('',(#865),#866);
#195=STYLED_ITEM('',(#867),#868);
#196=STYLED_ITEM('',(#869),#870);
#197=STYLED_ITEM('',(#871),#872);
#198=STYLED_ITEM('',(#873),#874);
#199=STYLED_ITEM('',(#875),#876);
#200=STYLED_ITEM('',(#877),#878);
#201=STYLED_ITEM('',(#879),#880);
#202=STYLED_ITEM('',(#881),#882);
#203=STYLED_ITEM('',(#883),#884);
#204=STYLED_ITEM('',(#885),#886);
#205=STYLED_ITEM('',(#887),#888);
#206=STYLED_ITEM('',(#889),#890);
#207=STYLED_ITEM('',(#891),#892);
#208=STYLED_ITEM('',(#893),#894);
#209=STYLED_ITEM('',(#895),#896);
#210=STYLED_ITEM('',(#897),#898);
#211=STYLED_ITEM('',(#899),#900);
#212=STYLED_ITEM('',(#901),#902);
#213=STYLED_ITEM('',(#903),#904);
#214=STYLED_ITEM('',(#905),#906);
#215=STYLED_ITEM('',(#907),#908);
#216=STYLED_ITEM('',(#909),#910);
#217=STYLED_ITEM('',(#911),#912);
#218=STYLED_ITEM('',(#913),#914);
#219=STYLED_ITEM('',(#915),#916);
#220=STYLED_ITEM('',(#917),#918);
#221=STYLED_ITEM('',(#919),#920);
#222=STYLED_ITEM('',(#921),#922);
#223=STYLED_ITEM('',(#923),#924);
#224=STYLED_ITEM('',(#925),#926);
#225=STYLED_ITEM('',(#927),#928);
#226=STYLED_ITEM('',(#929),#930);
#227=STYLED_ITEM('',(#931),#932);
#228=STYLED_ITEM('',(#933),#934);
#229=STYLED_ITEM('',(#935),#936);
#230=STYLED_ITEM('',(#937),#938);
#231=STYLED_ITEM('',(#939),#940);
#232=STYLED_ITEM('',(#941),#942);
#233=STYLED_ITEM('',(#943),#944);
#234=STYLED_ITEM('',(#945),#946);
#235=STYLED_ITEM('',(#947),#948);
#236=STYLED_ITEM('',(#949),#950);
#237=STYLED_ITEM('',(#951),#952);
#238=STYLED_ITEM('',(#953),#954);
#239=STYLED_ITEM('',(#955),#956);
#240=STYLED_ITEM('',(#957),#958);
#241=STYLED_ITEM('',(#959),#960);
#242=STYLED_ITEM('',(#961),#962);
#243=STYLED_ITEM('',(#963),#964);
#244=STYLED_ITEM('',(#965),#966);
#245=STYLED_ITEM('',(#967),#968);
#246=STYLED_ITEM('',(#969),#970);
#247=STYLED_ITEM('',(#971),#972);
#248=STYLED_ITEM('',(#973),#974);
#249=STYLED_ITEM('',(#975),#976);
#250=STYLED_ITEM('',(#977),#978);
#251=STYLED_ITEM('',(#979),#980);
#252=STYLED_ITEM('',(#981),#982);
#253=STYLED_ITEM('',(#983),#984);
#254=STYLED_ITEM('',(#985),#986);
#255=STYLED_ITEM('',(#987),#988);
#256=STYLED_ITEM('',(#989),#990);
#257=STYLED_ITEM('',(#991),#992);
#258=STYLED_ITEM('',(#993),#994);
#259=STYLED_ITEM('',(#995),#996);
#260=STYLED_ITEM('',(#997),#998);
#261=STYLED_ITEM('',(#999),#1000);
#262=STYLED_ITEM('',(#1001),#1002);
#263=STYLED_ITEM('',(#1003),#1004);
#264=STYLED_ITEM('',(#1005),#1006);
#265=STYLED_ITEM('',(#1007),#1008);
#266=STYLED_ITEM('',(#1009),#1010);
#267=STYLED_ITEM('',(#1011),#1012);
#268=STYLED_ITEM('',(#1013),#1014);
#269=STYLED_ITEM('',(#1015),#1016);
#270=STYLED_ITEM('',(#1017),#1018);
#271=STYLED_ITEM('',(#1019),#1020);
#272=STYLED_ITEM('',(#1021),#1022);
#273=STYLED_ITEM('',(#1023),#1024);
#274=STYLED_ITEM('',(#1025),#1026);
#275=STYLED_ITEM('',(#1027),#1028);
#276=STYLED_ITEM('',(#1029),#1030);
#277=STYLED_ITEM('',(#1031),#1032);
#278=STYLED_ITEM('',(#1033),#1034);
#279=STYLED_ITEM('',(#1035),#1036);
#280=STYLED_ITEM('',(#1037),#1038);
#281=STYLED_ITEM('',(#1039),#1040);
#282=STYLED_ITEM('',(#1041),#1042);
#283=STYLED_ITEM('',(#1043),#1044);
#284=STYLED_ITEM('',(#1045),#1046);
#285=STYLED_ITEM('',(#1047),#1048);
#286=STYLED_ITEM('',(#1049),#1050);
#287=STYLED_ITEM('',(#1051),#1052);
#288=STYLED_ITEM('',(#1053),#1054);
#289=STYLED_ITEM('',(#1055),#1056);
#290=STYLED_ITEM('',(#1057),#1058);
#291=STYLED_ITEM('',(#1059),#1060);
#292=STYLED_ITEM('',(#1061),#1062);
#293=STYLED_ITEM('',(#1063),#1064);
#294=STYLED_ITEM('',(#1065),#1066);
#295=STYLED_ITEM('',(#1067),#1068);
#296=STYLED_ITEM('',(#1069),#1070);
#297=STYLED_ITEM('',(#1071),#1072);
#298=STYLED_ITEM('',(#1073),#1074);
#299=STYLED_ITEM('',(#1075),#1076);
#300=STYLED_ITEM('',(#1077),#1078);
#301=STYLED_ITEM('',(#1079),#1080);
#302=STYLED_ITEM('',(#1081),#1082);
#303=STYLED_ITEM('',(#1083),#1084);
#304=STYLED_ITEM('',(#1085),#1086);
#305=STYLED_ITEM('',(#1087),#1088);
#306=STYLED_ITEM('',(#1089),#1090);
#307=STYLED_ITEM('',(#1091),#1092);
#308=STYLED_ITEM('',(#1093),#1094);
#309=STYLED_ITEM('',(#1095),#1096);
#310=STYLED_ITEM('',(#1097),#1098);
#311=STYLED_ITEM('',(#1099),#1100);
#312=STYLED_ITEM('',(#1101),#1102);
#313=STYLED_ITEM('',(#1103),#1104);
#314=STYLED_ITEM('',(#1105),#1106);
#315=STYLED_ITEM('',(#1107),#1108);
#316=STYLED_ITEM('',(#1109),#1110);
#317=STYLED_ITEM('',(#1111),#1112);
#318=STYLED_ITEM('',(#1113),#1114);
#319=STYLED_ITEM('',(#1115),#1116);
#320=STYLED_ITEM('',(#1117),#1118);
#321=STYLED_ITEM('',(#1119),#1120);
#322=STYLED_ITEM('',(#1121),#1122);
#323=STYLED_ITEM('',(#1123),#1124);
#324=STYLED_ITEM('',(#1125),#1126);
#325=STYLED_ITEM('',(#1127),#1128);
#326=STYLED_ITEM('',(#1129),#1130);
#327=STYLED_ITEM('',(#1131),#1132);
#328=STYLED_ITEM('',(#1133),#1134);
#329=STYLED_ITEM('',(#1135),#1136);
#330=STYLED_ITEM('',(#1137),#1138);
#331=STYLED_ITEM('',(#1139),#1140);
#332=STYLED_ITEM('',(#1141),#1142);
#333=STYLED_ITEM('',(#1143),#1144);
#334=STYLED_ITEM('',(#1145),#1146);
#335=STYLED_ITEM('',(#1147),#1148);
#336=STYLED_ITEM('',(#1149),#1150);
#337=STYLED_ITEM('',(#1151),#1152);
#338=STYLED_ITEM('',(#1153),#1154);
#339=STYLED_ITEM('',(#1155),#1156);
#340=STYLED_ITEM('',(#1157),#1158);
#341=STYLED_ITEM('',(#1159),#1160);
#342=STYLED_ITEM('',(#1161),#1162);
#343=STYLED_ITEM('',(#1163),#1164);
#344=STYLED_ITEM('',(#1165),#1166);
#345=STYLED_ITEM('',(#1167),#1168);
#346=STYLED_ITEM('',(#1169),#1170);
#347=STYLED_ITEM('',(#1171),#1172);
#348=STYLED_ITEM('',(#1173),#1174);
#349=STYLED_ITEM('',(#1175),#1176);
#350=STYLED_ITEM('',(#1177),#1178);
#351=STYLED_ITEM('',(#1179),#1180);
#352=STYLED_ITEM('',(#1181),#1182);
#353=STYLED_ITEM('',(#1183),#1184);
#354=STYLED_ITEM('',(#1185),#1186);
#355=STYLED_ITEM('',(#1187),#1188);
#356=STYLED_ITEM('',(#1189),#1190);
#357=STYLED_ITEM('',(#1191),#1192);
#358=STYLED_ITEM('',(#1193),#1194);
#359=STYLED_ITEM('',(#1195),#1196);
#360=STYLED_ITEM('',(#1197),#1198);
#361=STYLED_ITEM('',(#1199),#1200);
#362=STYLED_ITEM('',(#1201),#1202);
#363=STYLED_ITEM('',(#1203),#1204);
#364=STYLED_ITEM('',(#1205),#1206);
#365=STYLED_ITEM('',(#1207),#1208);
#366=STYLED_ITEM('',(#1209),#1210);
#367=STYLED_ITEM('',(#1211),#1212);
#368=STYLED_ITEM('',(#1213),#1214);
#369=STYLED_ITEM('',(#1215),#1216);
#370=STYLED_ITEM('',(#1217),#1218);
#371=STYLED_ITEM('',(#1219),#1220);
#372=STYLED_ITEM('',(#1221),#1222);
#373=STYLED_ITEM('',(#1223),#1224);
#374=STYLED_ITEM('',(#1225),#1226);
#375=STYLED_ITEM('',(#1227),#1228);
#376=STYLED_ITEM('',(#1229),#1230);
#377=STYLED_ITEM('',(#1231),#1232);
#378=STYLED_ITEM('',(#1233),#1234);
#379=STYLED_ITEM('',(#1235),#1236);
#380=STYLED_ITEM('',(#1237),#1238);
#381=STYLED_ITEM('',(#1239),#1240);
#382=STYLED_ITEM('',(#1241),#1242);
#383=STYLED_ITEM('',(#1243),#1244);
#384=STYLED_ITEM('',(#1245),#1246);
#385=STYLED_ITEM('',(#1247),#1248);
#386=STYLED_ITEM('',(#1249),#1250);
#387=STYLED_ITEM('',(#1251),#1252);
#388=STYLED_ITEM('',(#1253),#1254);
#389=STYLED_ITEM('',(#1255),#1256);
#390=STYLED_ITEM('',(#1257),#1258);
#391=STYLED_ITEM('',(#1259),#1260);
#392=STYLED_ITEM('',(#1261),#1262);
#393=STYLED_ITEM('',(#1263),#1264);
#394=STYLED_ITEM('',(#1265),#1266);
#395=STYLED_ITEM('',(#1267),#1268);
#396=STYLED_ITEM('',(#1269),#1270);
#397=STYLED_ITEM('',(#1271),#1272);
#398=STYLED_ITEM('',(#1273),#1274);
#399=STYLED_ITEM('',(#1275),#1276);
#400=STYLED_ITEM('',(#1277),#1278);
#401=STYLED_ITEM('',(#1279),#1280);
#402=STYLED_ITEM('',(#1281),#1282);
#403=STYLED_ITEM('',(#1283),#1284);
#404=STYLED_ITEM('',(#1285),#1286);
#405=STYLED_ITEM('',(#1287),#1288);
#406=STYLED_ITEM('',(#1289),#1290);
#407=STYLED_ITEM('',(#1291),#1292);
#408=STYLED_ITEM('',(#1293),#1294);
#409=STYLED_ITEM('',(#1295),#1296);
#410=STYLED_ITEM('',(#1297),#1298);
#411=STYLED_ITEM('',(#1299),#1300);
#412=STYLED_ITEM('',(#1301),#1302);
#413=STYLED_ITEM('',(#1303),#1304);
#414=STYLED_ITEM('',(#1305),#1306);
#415=STYLED_ITEM('',(#1307),#1308);
#416=STYLED_ITEM('',(#1309),#1310);
#417=STYLED_ITEM('',(#1311),#1312);
#418=STYLED_ITEM('',(#1313),#1314);
#419=STYLED_ITEM('',(#1315),#1316);
#420=STYLED_ITEM('',(#1317),#1318);
#421=STYLED_ITEM('',(#1319),#1320);
#422=STYLED_ITEM('',(#1321),#1322);
#423=STYLED_ITEM('',(#1323),#1324);
#424=STYLED_ITEM('',(#1325),#1326);
#425=STYLED_ITEM('',(#1327),#1328);
#426=STYLED_ITEM('',(#1329),#1330);
#427=STYLED_ITEM('',(#1331),#1332);
#428=STYLED_ITEM('',(#1333),#1334);
#429=STYLED_ITEM('',(#1335),#1336);
#430=STYLED_ITEM('',(#1337),#1338);
#431=STYLED_ITEM('',(#1339),#1340);
#432=STYLED_ITEM('',(#1341),#1342);
#433=STYLED_ITEM('',(#1343),#1344);
#434=STYLED_ITEM('',(#1345),#1346);
#435=STYLED_ITEM('',(#1347),#1348);
#436=STYLED_ITEM('',(#1349),#1350);
#437=STYLED_ITEM('',(#1351),#1352);
#438=STYLED_ITEM('',(#1353),#1354);
#439=STYLED_ITEM('',(#1355),#1356);
#440=STYLED_ITEM('',(#1357),#1358);
#441=STYLED_ITEM('',(#1359),#1360);
#442=STYLED_ITEM('',(#1361),#1362);
#443=STYLED_ITEM('',(#1363),#1364);
#444=STYLED_ITEM('',(#1365),#1366);
#445=STYLED_ITEM('',(#1367),#1368);
#446=STYLED_ITEM('',(#1369),#1370);
#447=STYLED_ITEM('',(#1371),#1372);
#448=STYLED_ITEM('',(#1373),#1374);
#449=STYLED_ITEM('',(#1375),#1376);
#450=STYLED_ITEM('',(#1377),#1378);
#451=STYLED_ITEM('',(#1379),#1380);
#452=STYLED_ITEM('',(#1381),#1382);
#453=STYLED_ITEM('',(#1383),#1384);
#454=STYLED_ITEM('',(#1385),#1386);
#455=STYLED_ITEM('',(#1387),#1388);
#456=STYLED_ITEM('',(#1389),#1390);
#457=STYLED_ITEM('',(#1391),#1392);
#458=STYLED_ITEM('',(#1393),#1394);
#459=STYLED_ITEM('',(#1395),#1396);
#460=STYLED_ITEM('',(#1397),#1398);
#461=STYLED_ITEM('',(#1399),#1400);
#462=STYLED_ITEM('',(#1401),#1402);
#463=STYLED_ITEM('',(#1403),#1404);
#464=STYLED_ITEM('',(#1405),#1406);
#465=STYLED_ITEM('',(#1407),#1408);
#466=STYLED_ITEM('',(#1409),#1410);
#467=STYLED_ITEM('',(#1411),#1412);
#468=STYLED_ITEM('',(#1413),#1414);
#469=STYLED_ITEM('',(#1415),#1416);
#470=STYLED_ITEM('',(#1417),#1418);
#471=STYLED_ITEM('',(#1419),#1420);
#472=STYLED_ITEM('',(#1421),#1422);
#473=STYLED_ITEM('',(#1423),#1424);
#474=STYLED_ITEM('',(#1425),#1426);
#475=STYLED_ITEM('',(#1427),#1428);
#476=STYLED_ITEM('',(#1429),#1430);
#477=STYLED_ITEM('',(#1431),#1432);
#478=STYLED_ITEM('',(#1433),#1434);
#479=STYLED_ITEM('',(#1435),#1436);
#480=STYLED_ITEM('',(#1437),#1438);
#481=STYLED_ITEM('',(#1439),#1440);
#482=STYLED_ITEM('',(#1441),#1442);
#483=STYLED_ITEM('',(#1443),#1444);
#484=APPLICATION_CONTEXT('managed model based 3d engineering');
#485=PRODUCT_CATEGORY('part','NONE');
#486=PRODUCT_RELATED_PRODUCT_CATEGORY('detail',' ',(#1445));
#487=PRODUCT_DEFINITION_SHAPE('NONE','NONE',#1446);
#488=ADVANCED_BREP_SHAPE_REPRESENTATION('clm-110-02-l-d',(#1447,#1448),#6);
#491=UNCERTAINTY_MEASURE_WITH_UNIT(LENGTH_MEASURE(1.0E-06),#493,'','');
#493= (CONVERSION_BASED_UNIT('MILLIMETRE',#1451)LENGTH_UNIT()NAMED_UNIT(#1454));
#494= (NAMED_UNIT(#1456)PLANE_ANGLE_UNIT()SI_UNIT($,.RADIAN.));
#495= (NAMED_UNIT(#1456)SOLID_ANGLE_UNIT()SI_UNIT($,.STERADIAN.));
#497=PRESENTATION_STYLE_ASSIGNMENT((#1462));
#498=ADVANCED_FACE('',(#1463),#1464,.F.);
#499=PRESENTATION_STYLE_ASSIGNMENT((#1465));
#500=ADVANCED_FACE('',(#1466),#1467,.F.);
#501=PRESENTATION_STYLE_ASSIGNMENT((#1468));
#502=ADVANCED_FACE('',(#1469),#1470,.T.);
#503=PRESENTATION_STYLE_ASSIGNMENT((#1471));
#504=ADVANCED_FACE('',(#1472),#1473,.T.);
#505=PRESENTATION_STYLE_ASSIGNMENT((#1474));
#506=ADVANCED_FACE('',(#1475),#1476,.T.);
#507=PRESENTATION_STYLE_ASSIGNMENT((#1477));
#508=ADVANCED_FACE('',(#1478),#1479,.T.);
#509=PRESENTATION_STYLE_ASSIGNMENT((#1480));
#510=ADVANCED_FACE('',(#1481),#1482,.T.);
#511=PRESENTATION_STYLE_ASSIGNMENT((#1483));
#512=ADVANCED_FACE('',(#1484),#1485,.T.);
#513=PRESENTATION_STYLE_ASSIGNMENT((#1486));
#514=ADVANCED_FACE('',(#1487),#1488,.T.);
#515=PRESENTATION_STYLE_ASSIGNMENT((#1489));
#516=ADVANCED_FACE('',(#1490,#1491),#1492,.T.);
#517=PRESENTATION_STYLE_ASSIGNMENT((#1493));
#518=ADVANCED_FACE('',(#1494),#1495,.T.);
#519=PRESENTATION_STYLE_ASSIGNMENT((#1496));
#520=ADVANCED_FACE('',(#1497),#1498,.T.);
#521=PRESENTATION_STYLE_ASSIGNMENT((#1499));
#522=ADVANCED_FACE('',(#1500),#1501,.F.);
#523=PRESENTATION_STYLE_ASSIGNMENT((#1502));
#524=ADVANCED_FACE('',(#1503),#1504,.F.);
#525=PRESENTATION_STYLE_ASSIGNMENT((#1505));
#526=ADVANCED_FACE('',(#1506),#1507,.T.);
#527=PRESENTATION_STYLE_ASSIGNMENT((#1508));
#528=ADVANCED_FACE('',(#1509),#1510,.T.);
#529=PRESENTATION_STYLE_ASSIGNMENT((#1511));
#530=ADVANCED_FACE('',(#1512),#1513,.T.);
#531=PRESENTATION_STYLE_ASSIGNMENT((#1514));
#532=ADVANCED_FACE('',(#1515),#1516,.T.);
#533=PRESENTATION_STYLE_ASSIGNMENT((#1517));
#534=ADVANCED_FACE('',(#1518),#1519,.T.);
#535=PRESENTATION_STYLE_ASSIGNMENT((#1520));
#536=ADVANCED_FACE('',(#1521),#1522,.T.);
#537=PRESENTATION_STYLE_ASSIGNMENT((#1523));
#538=ADVANCED_FACE('',(#1524),#1525,.T.);
#539=PRESENTATION_STYLE_ASSIGNMENT((#1526));
#540=ADVANCED_FACE('',(#1527,#1528),#1529,.T.);
#541=PRESENTATION_STYLE_ASSIGNMENT((#1530));
#542=ADVANCED_FACE('',(#1531),#1532,.T.);
#543=PRESENTATION_STYLE_ASSIGNMENT((#1533));
#544=ADVANCED_FACE('',(#1534),#1535,.T.);
#545=PRESENTATION_STYLE_ASSIGNMENT((#1536));
#546=ADVANCED_FACE('',(#1537),#1538,.F.);
#547=PRESENTATION_STYLE_ASSIGNMENT((#1539));
#548=ADVANCED_FACE('',(#1540),#1541,.F.);
#549=PRESENTATION_STYLE_ASSIGNMENT((#1542));
#550=ADVANCED_FACE('',(#1543),#1544,.T.);
#551=PRESENTATION_STYLE_ASSIGNMENT((#1545));
#552=ADVANCED_FACE('',(#1546),#1547,.T.);
#553=PRESENTATION_STYLE_ASSIGNMENT((#1548));
#554=ADVANCED_FACE('',(#1549),#1550,.T.);
#555=PRESENTATION_STYLE_ASSIGNMENT((#1551));
#556=ADVANCED_FACE('',(#1552),#1553,.T.);
#557=PRESENTATION_STYLE_ASSIGNMENT((#1554));
#558=ADVANCED_FACE('',(#1555),#1556,.T.);
#559=PRESENTATION_STYLE_ASSIGNMENT((#1557));
#560=ADVANCED_FACE('',(#1558),#1559,.T.);
#561=PRESENTATION_STYLE_ASSIGNMENT((#1560));
#562=ADVANCED_FACE('',(#1561),#1562,.T.);
#563=PRESENTATION_STYLE_ASSIGNMENT((#1563));
#564=ADVANCED_FACE('',(#1564,#1565),#1566,.T.);
#565=PRESENTATION_STYLE_ASSIGNMENT((#1567));
#566=ADVANCED_FACE('',(#1568),#1569,.T.);
#567=PRESENTATION_STYLE_ASSIGNMENT((#1570));
#568=ADVANCED_FACE('',(#1571),#1572,.T.);
#569=PRESENTATION_STYLE_ASSIGNMENT((#1573));
#570=ADVANCED_FACE('',(#1574),#1575,.F.);
#571=PRESENTATION_STYLE_ASSIGNMENT((#1576));
#572=ADVANCED_FACE('',(#1577),#1578,.F.);
#573=PRESENTATION_STYLE_ASSIGNMENT((#1579));
#574=ADVANCED_FACE('',(#1580),#1581,.T.);
#575=PRESENTATION_STYLE_ASSIGNMENT((#1582));
#576=ADVANCED_FACE('',(#1583),#1584,.T.);
#577=PRESENTATION_STYLE_ASSIGNMENT((#1585));
#578=ADVANCED_FACE('',(#1586),#1587,.T.);
#579=PRESENTATION_STYLE_ASSIGNMENT((#1588));
#580=ADVANCED_FACE('',(#1589),#1590,.T.);
#581=PRESENTATION_STYLE_ASSIGNMENT((#1591));
#582=ADVANCED_FACE('',(#1592),#1593,.T.);
#583=PRESENTATION_STYLE_ASSIGNMENT((#1594));
#584=ADVANCED_FACE('',(#1595),#1596,.T.);
#585=PRESENTATION_STYLE_ASSIGNMENT((#1597));
#586=ADVANCED_FACE('',(#1598),#1599,.T.);
#587=PRESENTATION_STYLE_ASSIGNMENT((#1600));
#588=ADVANCED_FACE('',(#1601,#1602),#1603,.T.);
#589=PRESENTATION_STYLE_ASSIGNMENT((#1604));
#590=ADVANCED_FACE('',(#1605),#1606,.T.);
#591=PRESENTATION_STYLE_ASSIGNMENT((#1607));
#592=ADVANCED_FACE('',(#1608),#1609,.T.);
#593=PRESENTATION_STYLE_ASSIGNMENT((#1610));
#594=ADVANCED_FACE('',(#1611),#1612,.F.);
#595=PRESENTATION_STYLE_ASSIGNMENT((#1613));
#596=ADVANCED_FACE('',(#1614),#1615,.F.);
#597=PRESENTATION_STYLE_ASSIGNMENT((#1616));
#598=ADVANCED_FACE('',(#1617),#1618,.T.);
#599=PRESENTATION_STYLE_ASSIGNMENT((#1619));
#600=ADVANCED_FACE('',(#1620),#1621,.T.);
#601=PRESENTATION_STYLE_ASSIGNMENT((#1622));
#602=ADVANCED_FACE('',(#1623),#1624,.T.);
#603=PRESENTATION_STYLE_ASSIGNMENT((#1625));
#604=ADVANCED_FACE('',(#1626),#1627,.T.);
#605=PRESENTATION_STYLE_ASSIGNMENT((#1628));
#606=ADVANCED_FACE('',(#1629),#1630,.T.);
#607=PRESENTATION_STYLE_ASSIGNMENT((#1631));
#608=ADVANCED_FACE('',(#1632),#1633,.T.);
#609=PRESENTATION_STYLE_ASSIGNMENT((#1634));
#610=ADVANCED_FACE('',(#1635),#1636,.T.);
#611=PRESENTATION_STYLE_ASSIGNMENT((#1637));
#612=ADVANCED_FACE('',(#1638,#1639),#1640,.T.);
#613=PRESENTATION_STYLE_ASSIGNMENT((#1641));
#614=ADVANCED_FACE('',(#1642),#1643,.T.);
#615=PRESENTATION_STYLE_ASSIGNMENT((#1644));
#616=ADVANCED_FACE('',(#1645),#1646,.T.);
#617=PRESENTATION_STYLE_ASSIGNMENT((#1647));
#618=ADVANCED_FACE('',(#1648),#1649,.F.);
#619=PRESENTATION_STYLE_ASSIGNMENT((#1650));
#620=ADVANCED_FACE('',(#1651),#1652,.F.);
#621=PRESENTATION_STYLE_ASSIGNMENT((#1653));
#622=ADVANCED_FACE('',(#1654),#1655,.T.);
#623=PRESENTATION_STYLE_ASSIGNMENT((#1656));
#624=ADVANCED_FACE('',(#1657),#1658,.T.);
#625=PRESENTATION_STYLE_ASSIGNMENT((#1659));
#626=ADVANCED_FACE('',(#1660),#1661,.T.);
#627=PRESENTATION_STYLE_ASSIGNMENT((#1662));
#628=ADVANCED_FACE('',(#1663),#1664,.T.);
#629=PRESENTATION_STYLE_ASSIGNMENT((#1665));
#630=ADVANCED_FACE('',(#1666),#1667,.T.);
#631=PRESENTATION_STYLE_ASSIGNMENT((#1668));
#632=ADVANCED_FACE('',(#1669),#1670,.T.);
#633=PRESENTATION_STYLE_ASSIGNMENT((#1671));
#634=ADVANCED_FACE('',(#1672),#1673,.T.);
#635=PRESENTATION_STYLE_ASSIGNMENT((#1674));
#636=ADVANCED_FACE('',(#1675,#1676),#1677,.T.);
#637=PRESENTATION_STYLE_ASSIGNMENT((#1678));
#638=ADVANCED_FACE('',(#1679),#1680,.T.);
#639=PRESENTATION_STYLE_ASSIGNMENT((#1681));
#640=ADVANCED_FACE('',(#1682),#1683,.T.);
#641=PRESENTATION_STYLE_ASSIGNMENT((#1684));
#642=ADVANCED_FACE('',(#1685),#1686,.F.);
#643=PRESENTATION_STYLE_ASSIGNMENT((#1687));
#644=ADVANCED_FACE('',(#1688),#1689,.F.);
#645=PRESENTATION_STYLE_ASSIGNMENT((#1690));
#646=ADVANCED_FACE('',(#1691),#1692,.T.);
#647=PRESENTATION_STYLE_ASSIGNMENT((#1693));
#648=ADVANCED_FACE('',(#1694),#1695,.T.);
#649=PRESENTATION_STYLE_ASSIGNMENT((#1696));
#650=ADVANCED_FACE('',(#1697),#1698,.T.);
#651=PRESENTATION_STYLE_ASSIGNMENT((#1699));
#652=ADVANCED_FACE('',(#1700),#1701,.T.);
#653=PRESENTATION_STYLE_ASSIGNMENT((#1702));
#654=ADVANCED_FACE('',(#1703),#1704,.T.);
#655=PRESENTATION_STYLE_ASSIGNMENT((#1705));
#656=ADVANCED_FACE('',(#1706),#1707,.T.);
#657=PRESENTATION_STYLE_ASSIGNMENT((#1708));
#658=ADVANCED_FACE('',(#1709),#1710,.T.);
#659=PRESENTATION_STYLE_ASSIGNMENT((#1711));
#660=ADVANCED_FACE('',(#1712,#1713),#1714,.T.);
#661=PRESENTATION_STYLE_ASSIGNMENT((#1715));
#662=ADVANCED_FACE('',(#1716),#1717,.T.);
#663=PRESENTATION_STYLE_ASSIGNMENT((#1718));
#664=ADVANCED_FACE('',(#1719),#1720,.T.);
#665=PRESENTATION_STYLE_ASSIGNMENT((#1721));
#666=ADVANCED_FACE('',(#1722),#1723,.F.);
#667=PRESENTATION_STYLE_ASSIGNMENT((#1724));
#668=ADVANCED_FACE('',(#1725),#1726,.F.);
#669=PRESENTATION_STYLE_ASSIGNMENT((#1727));
#670=ADVANCED_FACE('',(#1728),#1729,.T.);
#671=PRESENTATION_STYLE_ASSIGNMENT((#1730));
#672=ADVANCED_FACE('',(#1731),#1732,.T.);
#673=PRESENTATION_STYLE_ASSIGNMENT((#1733));
#674=ADVANCED_FACE('',(#1734),#1735,.T.);
#675=PRESENTATION_STYLE_ASSIGNMENT((#1736));
#676=ADVANCED_FACE('',(#1737),#1738,.T.);
#677=PRESENTATION_STYLE_ASSIGNMENT((#1739));
#678=ADVANCED_FACE('',(#1740),#1741,.T.);
#679=PRESENTATION_STYLE_ASSIGNMENT((#1742));
#680=ADVANCED_FACE('',(#1743),#1744,.T.);
#681=PRESENTATION_STYLE_ASSIGNMENT((#1745));
#682=ADVANCED_FACE('',(#1746),#1747,.T.);
#683=PRESENTATION_STYLE_ASSIGNMENT((#1748));
#684=ADVANCED_FACE('',(#1749,#1750),#1751,.T.);
#685=PRESENTATION_STYLE_ASSIGNMENT((#1752));
#686=ADVANCED_FACE('',(#1753),#1754,.T.);
#687=PRESENTATION_STYLE_ASSIGNMENT((#1755));
#688=ADVANCED_FACE('',(#1756),#1757,.T.);
#689=PRESENTATION_STYLE_ASSIGNMENT((#1758));
#690=ADVANCED_FACE('',(#1759),#1760,.F.);
#691=PRESENTATION_STYLE_ASSIGNMENT((#1761));
#692=ADVANCED_FACE('',(#1762),#1763,.F.);
#693=PRESENTATION_STYLE_ASSIGNMENT((#1764));
#694=ADVANCED_FACE('',(#1765),#1766,.T.);
#695=PRESENTATION_STYLE_ASSIGNMENT((#1767));
#696=ADVANCED_FACE('',(#1768),#1769,.T.);
#697=PRESENTATION_STYLE_ASSIGNMENT((#1770));
#698=ADVANCED_FACE('',(#1771),#1772,.T.);
#699=PRESENTATION_STYLE_ASSIGNMENT((#1773));
#700=ADVANCED_FACE('',(#1774),#1775,.T.);
#701=PRESENTATION_STYLE_ASSIGNMENT((#1776));
#702=ADVANCED_FACE('',(#1777),#1778,.T.);
#703=PRESENTATION_STYLE_ASSIGNMENT((#1779));
#704=ADVANCED_FACE('',(#1780),#1781,.T.);
#705=PRESENTATION_STYLE_ASSIGNMENT((#1782));
#706=ADVANCED_FACE('',(#1783),#1784,.T.);
#707=PRESENTATION_STYLE_ASSIGNMENT((#1785));
#708=ADVANCED_FACE('',(#1786,#1787),#1788,.T.);
#709=PRESENTATION_STYLE_ASSIGNMENT((#1789));
#710=ADVANCED_FACE('',(#1790),#1791,.T.);
#711=PRESENTATION_STYLE_ASSIGNMENT((#1792));
#712=ADVANCED_FACE('',(#1793),#1794,.T.);
#713=PRESENTATION_STYLE_ASSIGNMENT((#1795));
#714=ADVANCED_FACE('',(#1796),#1797,.F.);
#715=PRESENTATION_STYLE_ASSIGNMENT((#1798));
#716=ADVANCED_FACE('',(#1799),#1800,.F.);
#717=PRESENTATION_STYLE_ASSIGNMENT((#1801));
#718=ADVANCED_FACE('',(#1802),#1803,.T.);
#719=PRESENTATION_STYLE_ASSIGNMENT((#1804));
#720=ADVANCED_FACE('',(#1805),#1806,.T.);
#721=PRESENTATION_STYLE_ASSIGNMENT((#1807));
#722=ADVANCED_FACE('',(#1808),#1809,.T.);
#723=PRESENTATION_STYLE_ASSIGNMENT((#1810));
#724=ADVANCED_FACE('',(#1811),#1812,.T.);
#725=PRESENTATION_STYLE_ASSIGNMENT((#1813));
#726=ADVANCED_FACE('',(#1814),#1815,.T.);
#727=PRESENTATION_STYLE_ASSIGNMENT((#1816));
#728=ADVANCED_FACE('',(#1817),#1818,.T.);
#729=PRESENTATION_STYLE_ASSIGNMENT((#1819));
#730=ADVANCED_FACE('',(#1820),#1821,.T.);
#731=PRESENTATION_STYLE_ASSIGNMENT((#1822));
#732=ADVANCED_FACE('',(#1823,#1824),#1825,.T.);
#733=PRESENTATION_STYLE_ASSIGNMENT((#1826));
#734=ADVANCED_FACE('',(#1827),#1828,.T.);
#735=PRESENTATION_STYLE_ASSIGNMENT((#1829));
#736=ADVANCED_FACE('',(#1830),#1831,.T.);
#737=PRESENTATION_STYLE_ASSIGNMENT((#1832));
#738=ADVANCED_FACE('',(#1833),#1834,.T.);
#739=PRESENTATION_STYLE_ASSIGNMENT((#1835));
#740=ADVANCED_FACE('',(#1836),#1837,.T.);
#741=PRESENTATION_STYLE_ASSIGNMENT((#1838));
#742=ADVANCED_FACE('',(#1839),#1840,.T.);
#743=PRESENTATION_STYLE_ASSIGNMENT((#1841));
#744=ADVANCED_FACE('',(#1842),#1843,.T.);
#745=PRESENTATION_STYLE_ASSIGNMENT((#1844));
#746=ADVANCED_FACE('',(#1845),#1846,.T.);
#747=PRESENTATION_STYLE_ASSIGNMENT((#1847));
#748=ADVANCED_FACE('',(#1848),#1849,.F.);
#749=PRESENTATION_STYLE_ASSIGNMENT((#1850));
#750=ADVANCED_FACE('',(#1851),#1852,.T.);
#751=PRESENTATION_STYLE_ASSIGNMENT((#1853));
#752=ADVANCED_FACE('',(#1854),#1855,.F.);
#753=PRESENTATION_STYLE_ASSIGNMENT((#1856));
#754=ADVANCED_FACE('',(#1857),#1858,.T.);
#755=PRESENTATION_STYLE_ASSIGNMENT((#1859));
#756=ADVANCED_FACE('',(#1860),#1861,.T.);
#757=PRESENTATION_STYLE_ASSIGNMENT((#1862));
#758=ADVANCED_FACE('',(#1863,#1864),#1865,.T.);
#759=PRESENTATION_STYLE_ASSIGNMENT((#1866));
#760=ADVANCED_FACE('',(#1867),#1868,.T.);
#761=PRESENTATION_STYLE_ASSIGNMENT((#1869));
#762=ADVANCED_FACE('',(#1870),#1871,.F.);
#763=PRESENTATION_STYLE_ASSIGNMENT((#1872));
#764=ADVANCED_FACE('',(#1873),#1874,.F.);
#765=PRESENTATION_STYLE_ASSIGNMENT((#1875));
#766=ADVANCED_FACE('',(#1876),#1877,.T.);
#767=PRESENTATION_STYLE_ASSIGNMENT((#1878));
#768=ADVANCED_FACE('',(#1879),#1880,.T.);
#769=PRESENTATION_STYLE_ASSIGNMENT((#1881));
#770=ADVANCED_FACE('',(#1882),#1883,.T.);
#771=PRESENTATION_STYLE_ASSIGNMENT((#1884));
#772=ADVANCED_FACE('',(#1885),#1886,.T.);
#773=PRESENTATION_STYLE_ASSIGNMENT((#1887));
#774=ADVANCED_FACE('',(#1888),#1889,.T.);
#775=PRESENTATION_STYLE_ASSIGNMENT((#1890));
#776=ADVANCED_FACE('',(#1891),#1892,.T.);
#777=PRESENTATION_STYLE_ASSIGNMENT((#1893));
#778=ADVANCED_FACE('',(#1894),#1895,.F.);
#779=PRESENTATION_STYLE_ASSIGNMENT((#1896));
#780=ADVANCED_FACE('',(#1897),#1898,.F.);
#781=PRESENTATION_STYLE_ASSIGNMENT((#1899));
#782=ADVANCED_FACE('',(#1900),#1901,.T.);
#783=PRESENTATION_STYLE_ASSIGNMENT((#1902));
#784=ADVANCED_FACE('',(#1903),#1904,.F.);
#785=PRESENTATION_STYLE_ASSIGNMENT((#1905));
#786=ADVANCED_FACE('',(#1906),#1907,.T.);
#787=PRESENTATION_STYLE_ASSIGNMENT((#1908));
#788=ADVANCED_FACE('',(#1909),#1910,.T.);
#789=PRESENTATION_STYLE_ASSIGNMENT((#1911));
#790=ADVANCED_FACE('',(#1912),#1913,.T.);
#791=PRESENTATION_STYLE_ASSIGNMENT((#1914));
#792=ADVANCED_FACE('',(#1915),#1916,.T.);
#793=PRESENTATION_STYLE_ASSIGNMENT((#1917));
#794=ADVANCED_FACE('',(#1918),#1919,.T.);
#795=PRESENTATION_STYLE_ASSIGNMENT((#1920));
#796=ADVANCED_FACE('',(#1921),#1922,.T.);
#797=PRESENTATION_STYLE_ASSIGNMENT((#1923));
#798=ADVANCED_FACE('',(#1924),#1925,.F.);
#799=PRESENTATION_STYLE_ASSIGNMENT((#1926));
#800=ADVANCED_FACE('',(#1927),#1928,.F.);
#801=PRESENTATION_STYLE_ASSIGNMENT((#1929));
#802=ADVANCED_FACE('',(#1930),#1931,.T.);
#803=PRESENTATION_STYLE_ASSIGNMENT((#1932));
#804=ADVANCED_FACE('',(#1933),#1934,.F.);
#805=PRESENTATION_STYLE_ASSIGNMENT((#1935));
#806=ADVANCED_FACE('',(#1936),#1937,.T.);
#807=PRESENTATION_STYLE_ASSIGNMENT((#1938));
#808=ADVANCED_FACE('',(#1939),#1940,.T.);
#809=PRESENTATION_STYLE_ASSIGNMENT((#1941));
#810=ADVANCED_FACE('',(#1942),#1943,.T.);
#811=PRESENTATION_STYLE_ASSIGNMENT((#1944));
#812=ADVANCED_FACE('',(#1945),#1946,.T.);
#813=PRESENTATION_STYLE_ASSIGNMENT((#1947));
#814=ADVANCED_FACE('',(#1948),#1949,.T.);
#815=PRESENTATION_STYLE_ASSIGNMENT((#1950));
#816=ADVANCED_FACE('',(#1951),#1952,.T.);
#817=PRESENTATION_STYLE_ASSIGNMENT((#1953));
#818=ADVANCED_FACE('',(#1954),#1955,.F.);
#819=PRESENTATION_STYLE_ASSIGNMENT((#1956));
#820=ADVANCED_FACE('',(#1957),#1958,.F.);
#821=PRESENTATION_STYLE_ASSIGNMENT((#1959));
#822=ADVANCED_FACE('',(#1960),#1961,.T.);
#823=PRESENTATION_STYLE_ASSIGNMENT((#1962));
#824=ADVANCED_FACE('',(#1963),#1964,.F.);
#825=PRESENTATION_STYLE_ASSIGNMENT((#1965));
#826=ADVANCED_FACE('',(#1966),#1967,.T.);
#827=PRESENTATION_STYLE_ASSIGNMENT((#1968));
#828=ADVANCED_FACE('',(#1969),#1970,.T.);
#829=PRESENTATION_STYLE_ASSIGNMENT((#1971));
#830=ADVANCED_FACE('',(#1972),#1973,.T.);
#831=PRESENTATION_STYLE_ASSIGNMENT((#1974));
#832=ADVANCED_FACE('',(#1975),#1976,.T.);
#833=PRESENTATION_STYLE_ASSIGNMENT((#1977));
#834=ADVANCED_FACE('',(#1978),#1979,.T.);
#835=PRESENTATION_STYLE_ASSIGNMENT((#1980));
#836=ADVANCED_FACE('',(#1981),#1982,.T.);
#837=PRESENTATION_STYLE_ASSIGNMENT((#1983));
#838=ADVANCED_FACE('',(#1984),#1985,.F.);
#839=PRESENTATION_STYLE_ASSIGNMENT((#1986));
#840=ADVANCED_FACE('',(#1987),#1988,.F.);
#841=PRESENTATION_STYLE_ASSIGNMENT((#1989));
#842=ADVANCED_FACE('',(#1990),#1991,.T.);
#843=PRESENTATION_STYLE_ASSIGNMENT((#1992));
#844=ADVANCED_FACE('',(#1993),#1994,.F.);
#845=PRESENTATION_STYLE_ASSIGNMENT((#1995));
#846=ADVANCED_FACE('',(#1996),#1997,.T.);
#847=PRESENTATION_STYLE_ASSIGNMENT((#1998));
#848=ADVANCED_FACE('',(#1999),#2000,.T.);
#849=PRESENTATION_STYLE_ASSIGNMENT((#2001));
#850=ADVANCED_FACE('',(#2002),#2003,.T.);
#851=PRESENTATION_STYLE_ASSIGNMENT((#2004));
#852=ADVANCED_FACE('',(#2005),#2006,.T.);
#853=PRESENTATION_STYLE_ASSIGNMENT((#2007));
#854=ADVANCED_FACE('',(#2008),#2009,.T.);
#855=PRESENTATION_STYLE_ASSIGNMENT((#2010));
#856=ADVANCED_FACE('',(#2011),#2012,.T.);
#857=PRESENTATION_STYLE_ASSIGNMENT((#2013));
#858=ADVANCED_FACE('',(#2014),#2015,.F.);
#859=PRESENTATION_STYLE_ASSIGNMENT((#2016));
#860=ADVANCED_FACE('',(#2017),#2018,.F.);
#861=PRESENTATION_STYLE_ASSIGNMENT((#2019));
#862=ADVANCED_FACE('',(#2020),#2021,.T.);
#863=PRESENTATION_STYLE_ASSIGNMENT((#2022));
#864=ADVANCED_FACE('',(#2023),#2024,.F.);
#865=PRESENTATION_STYLE_ASSIGNMENT((#2025));
#866=ADVANCED_FACE('',(#2026),#2027,.T.);
#867=PRESENTATION_STYLE_ASSIGNMENT((#2028));
#868=ADVANCED_FACE('',(#2029),#2030,.T.);
#869=PRESENTATION_STYLE_ASSIGNMENT((#2031));
#870=ADVANCED_FACE('',(#2032),#2033,.T.);
#871=PRESENTATION_STYLE_ASSIGNMENT((#2034));
#872=ADVANCED_FACE('',(#2035),#2036,.T.);
#873=PRESENTATION_STYLE_ASSIGNMENT((#2037));
#874=ADVANCED_FACE('',(#2038),#2039,.T.);
#875=PRESENTATION_STYLE_ASSIGNMENT((#2040));
#876=ADVANCED_FACE('',(#2041),#2042,.T.);
#877=PRESENTATION_STYLE_ASSIGNMENT((#2043));
#878=ADVANCED_FACE('',(#2044),#2045,.F.);
#879=PRESENTATION_STYLE_ASSIGNMENT((#2046));
#880=ADVANCED_FACE('',(#2047),#2048,.F.);
#881=PRESENTATION_STYLE_ASSIGNMENT((#2049));
#882=ADVANCED_FACE('',(#2050),#2051,.T.);
#883=PRESENTATION_STYLE_ASSIGNMENT((#2052));
#884=ADVANCED_FACE('',(#2053),#2054,.F.);
#885=PRESENTATION_STYLE_ASSIGNMENT((#2055));
#886=ADVANCED_FACE('',(#2056),#2057,.T.);
#887=PRESENTATION_STYLE_ASSIGNMENT((#2058));
#888=ADVANCED_FACE('',(#2059),#2060,.T.);
#889=PRESENTATION_STYLE_ASSIGNMENT((#2061));
#890=ADVANCED_FACE('',(#2062),#2063,.T.);
#891=PRESENTATION_STYLE_ASSIGNMENT((#2064));
#892=ADVANCED_FACE('',(#2065),#2066,.T.);
#893=PRESENTATION_STYLE_ASSIGNMENT((#2067));
#894=ADVANCED_FACE('',(#2068),#2069,.T.);
#895=PRESENTATION_STYLE_ASSIGNMENT((#2070));
#896=ADVANCED_FACE('',(#2071),#2072,.T.);
#897=PRESENTATION_STYLE_ASSIGNMENT((#2073));
#898=ADVANCED_FACE('',(#2074),#2075,.F.);
#899=PRESENTATION_STYLE_ASSIGNMENT((#2076));
#900=ADVANCED_FACE('',(#2077),#2078,.F.);
#901=PRESENTATION_STYLE_ASSIGNMENT((#2079));
#902=ADVANCED_FACE('',(#2080),#2081,.T.);
#903=PRESENTATION_STYLE_ASSIGNMENT((#2082));
#904=ADVANCED_FACE('',(#2083),#2084,.F.);
#905=PRESENTATION_STYLE_ASSIGNMENT((#2085));
#906=ADVANCED_FACE('',(#2086),#2087,.T.);
#907=PRESENTATION_STYLE_ASSIGNMENT((#2088));
#908=ADVANCED_FACE('',(#2089),#2090,.T.);
#909=PRESENTATION_STYLE_ASSIGNMENT((#2091));
#910=ADVANCED_FACE('',(#2092),#2093,.T.);
#911=PRESENTATION_STYLE_ASSIGNMENT((#2094));
#912=ADVANCED_FACE('',(#2095),#2096,.T.);
#913=PRESENTATION_STYLE_ASSIGNMENT((#2097));
#914=ADVANCED_FACE('',(#2098),#2099,.T.);
#915=PRESENTATION_STYLE_ASSIGNMENT((#2100));
#916=ADVANCED_FACE('',(#2101),#2102,.T.);
#917=PRESENTATION_STYLE_ASSIGNMENT((#2103));
#918=ADVANCED_FACE('',(#2104),#2105,.F.);
#919=PRESENTATION_STYLE_ASSIGNMENT((#2106));
#920=ADVANCED_FACE('',(#2107),#2108,.F.);
#921=PRESENTATION_STYLE_ASSIGNMENT((#2109));
#922=ADVANCED_FACE('',(#2110),#2111,.T.);
#923=PRESENTATION_STYLE_ASSIGNMENT((#2112));
#924=ADVANCED_FACE('',(#2113),#2114,.F.);
#925=PRESENTATION_STYLE_ASSIGNMENT((#2115));
#926=ADVANCED_FACE('',(#2116),#2117,.T.);
#927=PRESENTATION_STYLE_ASSIGNMENT((#2118));
#928=ADVANCED_FACE('',(#2119),#2120,.T.);
#929=PRESENTATION_STYLE_ASSIGNMENT((#2121));
#930=ADVANCED_FACE('',(#2122),#2123,.T.);
#931=PRESENTATION_STYLE_ASSIGNMENT((#2124));
#932=ADVANCED_FACE('',(#2125),#2126,.T.);
#933=PRESENTATION_STYLE_ASSIGNMENT((#2127));
#934=ADVANCED_FACE('',(#2128),#2129,.T.);
#935=PRESENTATION_STYLE_ASSIGNMENT((#2130));
#936=ADVANCED_FACE('',(#2131),#2132,.F.);
#937=PRESENTATION_STYLE_ASSIGNMENT((#2133));
#938=ADVANCED_FACE('',(#2134),#2135,.T.);
#939=PRESENTATION_STYLE_ASSIGNMENT((#2136));
#940=ADVANCED_FACE('',(#2137),#2138,.F.);
#941=PRESENTATION_STYLE_ASSIGNMENT((#2139));
#942=ADVANCED_FACE('',(#2140),#2141,.T.);
#943=PRESENTATION_STYLE_ASSIGNMENT((#2142));
#944=ADVANCED_FACE('',(#2143,#2144),#2145,.T.);
#945=PRESENTATION_STYLE_ASSIGNMENT((#2146));
#946=ADVANCED_FACE('',(#2147),#2148,.F.);
#947=PRESENTATION_STYLE_ASSIGNMENT((#2149));
#948=ADVANCED_FACE('',(#2150),#2151,.F.);
#949=PRESENTATION_STYLE_ASSIGNMENT((#2152));
#950=ADVANCED_FACE('',(#2153),#2154,.T.);
#951=PRESENTATION_STYLE_ASSIGNMENT((#2155));
#952=ADVANCED_FACE('',(#2156),#2157,.T.);
#953=PRESENTATION_STYLE_ASSIGNMENT((#2158));
#954=ADVANCED_FACE('',(#2159),#2160,.T.);
#955=PRESENTATION_STYLE_ASSIGNMENT((#2161));
#956=ADVANCED_FACE('',(#2162),#2163,.T.);
#957=PRESENTATION_STYLE_ASSIGNMENT((#2164));
#958=ADVANCED_FACE('',(#2165),#2166,.T.);
#959=PRESENTATION_STYLE_ASSIGNMENT((#2167));
#960=ADVANCED_FACE('',(#2168),#2169,.T.);
#961=PRESENTATION_STYLE_ASSIGNMENT((#2170));
#962=ADVANCED_FACE('',(#2171),#2172,.F.);
#963=PRESENTATION_STYLE_ASSIGNMENT((#2173));
#964=ADVANCED_FACE('',(#2174),#2175,.T.);
#965=PRESENTATION_STYLE_ASSIGNMENT((#2176));
#966=ADVANCED_FACE('',(#2177),#2178,.T.);
#967=PRESENTATION_STYLE_ASSIGNMENT((#2179));
#968=ADVANCED_FACE('',(#2180),#2181,.T.);
#969=PRESENTATION_STYLE_ASSIGNMENT((#2182));
#970=ADVANCED_FACE('',(#2183),#2184,.T.);
#971=PRESENTATION_STYLE_ASSIGNMENT((#2185));
#972=ADVANCED_FACE('',(#2186),#2187,.T.);
#973=PRESENTATION_STYLE_ASSIGNMENT((#2188));
#974=ADVANCED_FACE('',(#2189),#2190,.T.);
#975=PRESENTATION_STYLE_ASSIGNMENT((#2191));
#976=ADVANCED_FACE('',(#2192),#2193,.T.);
#977=PRESENTATION_STYLE_ASSIGNMENT((#2194));
#978=ADVANCED_FACE('',(#2195),#2196,.F.);
#979=PRESENTATION_STYLE_ASSIGNMENT((#2197));
#980=ADVANCED_FACE('',(#2198),#2199,.T.);
#981=PRESENTATION_STYLE_ASSIGNMENT((#2200));
#982=ADVANCED_FACE('',(#2201),#2202,.T.);
#983=PRESENTATION_STYLE_ASSIGNMENT((#2203));
#984=ADVANCED_FACE('',(#2204),#2205,.T.);
#985=PRESENTATION_STYLE_ASSIGNMENT((#2206));
#986=ADVANCED_FACE('',(#2207),#2208,.T.);
#987=PRESENTATION_STYLE_ASSIGNMENT((#2209));
#988=ADVANCED_FACE('',(#2210),#2211,.T.);
#989=PRESENTATION_STYLE_ASSIGNMENT((#2212));
#990=ADVANCED_FACE('',(#2213),#2214,.T.);
#991=PRESENTATION_STYLE_ASSIGNMENT((#2215));
#992=ADVANCED_FACE('',(#2216),#2217,.T.);
#993=PRESENTATION_STYLE_ASSIGNMENT((#2218));
#994=ADVANCED_FACE('',(#2219),#2220,.F.);
#995=PRESENTATION_STYLE_ASSIGNMENT((#2221));
#996=ADVANCED_FACE('',(#2222),#2223,.T.);
#997=PRESENTATION_STYLE_ASSIGNMENT((#2224));
#998=ADVANCED_FACE('',(#2225),#2226,.T.);
#999=PRESENTATION_STYLE_ASSIGNMENT((#2227));
#1000=ADVANCED_FACE('',(#2228),#2229,.T.);
#1001=PRESENTATION_STYLE_ASSIGNMENT((#2230));
#1002=ADVANCED_FACE('',(#2231),#2232,.T.);
#1003=PRESENTATION_STYLE_ASSIGNMENT((#2233));
#1004=ADVANCED_FACE('',(#2234),#2235,.T.);
#1005=PRESENTATION_STYLE_ASSIGNMENT((#2236));
#1006=ADVANCED_FACE('',(#2237),#2238,.T.);
#1007=PRESENTATION_STYLE_ASSIGNMENT((#2239));
#1008=ADVANCED_FACE('',(#2240),#2241,.T.);
#1009=PRESENTATION_STYLE_ASSIGNMENT((#2242));
#1010=ADVANCED_FACE('',(#2243),#2244,.F.);
#1011=PRESENTATION_STYLE_ASSIGNMENT((#2245));
#1012=ADVANCED_FACE('',(#2246),#2247,.T.);
#1013=PRESENTATION_STYLE_ASSIGNMENT((#2248));
#1014=ADVANCED_FACE('',(#2249),#2250,.T.);
#1015=PRESENTATION_STYLE_ASSIGNMENT((#2251));
#1016=ADVANCED_FACE('',(#2252),#2253,.T.);
#1017=PRESENTATION_STYLE_ASSIGNMENT((#2254));
#1018=ADVANCED_FACE('',(#2255),#2256,.T.);
#1019=PRESENTATION_STYLE_ASSIGNMENT((#2257));
#1020=ADVANCED_FACE('',(#2258),#2259,.T.);
#1021=PRESENTATION_STYLE_ASSIGNMENT((#2260));
#1022=ADVANCED_FACE('',(#2261),#2262,.T.);
#1023=PRESENTATION_STYLE_ASSIGNMENT((#2263));
#1024=ADVANCED_FACE('',(#2264),#2265,.T.);
#1025=PRESENTATION_STYLE_ASSIGNMENT((#2266));
#1026=ADVANCED_FACE('',(#2267),#2268,.F.);
#1027=PRESENTATION_STYLE_ASSIGNMENT((#2269));
#1028=ADVANCED_FACE('',(#2270),#2271,.T.);
#1029=PRESENTATION_STYLE_ASSIGNMENT((#2272));
#1030=ADVANCED_FACE('',(#2273),#2274,.T.);
#1031=PRESENTATION_STYLE_ASSIGNMENT((#2275));
#1032=ADVANCED_FACE('',(#2276),#2277,.T.);
#1033=PRESENTATION_STYLE_ASSIGNMENT((#2278));
#1034=ADVANCED_FACE('',(#2279),#2280,.T.);
#1035=PRESENTATION_STYLE_ASSIGNMENT((#2281));
#1036=ADVANCED_FACE('',(#2282),#2283,.T.);
#1037=PRESENTATION_STYLE_ASSIGNMENT((#2284));
#1038=ADVANCED_FACE('',(#2285),#2286,.T.);
#1039=PRESENTATION_STYLE_ASSIGNMENT((#2287));
#1040=ADVANCED_FACE('',(#2288),#2289,.T.);
#1041=PRESENTATION_STYLE_ASSIGNMENT((#2290));
#1042=ADVANCED_FACE('',(#2291),#2292,.F.);
#1043=PRESENTATION_STYLE_ASSIGNMENT((#2293));
#1044=ADVANCED_FACE('',(#2294),#2295,.T.);
#1045=PRESENTATION_STYLE_ASSIGNMENT((#2296));
#1046=ADVANCED_FACE('',(#2297),#2298,.T.);
#1047=PRESENTATION_STYLE_ASSIGNMENT((#2299));
#1048=ADVANCED_FACE('',(#2300),#2301,.T.);
#1049=PRESENTATION_STYLE_ASSIGNMENT((#2302));
#1050=ADVANCED_FACE('',(#2303),#2304,.T.);
#1051=PRESENTATION_STYLE_ASSIGNMENT((#2305));
#1052=ADVANCED_FACE('',(#2306),#2307,.T.);
#1053=PRESENTATION_STYLE_ASSIGNMENT((#2308));
#1054=ADVANCED_FACE('',(#2309),#2310,.T.);
#1055=PRESENTATION_STYLE_ASSIGNMENT((#2311));
#1056=ADVANCED_FACE('',(#2312),#2313,.T.);
#1057=PRESENTATION_STYLE_ASSIGNMENT((#2314));
#1058=ADVANCED_FACE('',(#2315),#2316,.F.);
#1059=PRESENTATION_STYLE_ASSIGNMENT((#2317));
#1060=ADVANCED_FACE('',(#2318),#2319,.T.);
#1061=PRESENTATION_STYLE_ASSIGNMENT((#2320));
#1062=ADVANCED_FACE('',(#2321),#2322,.T.);
#1063=PRESENTATION_STYLE_ASSIGNMENT((#2323));
#1064=ADVANCED_FACE('',(#2324),#2325,.T.);
#1065=PRESENTATION_STYLE_ASSIGNMENT((#2326));
#1066=ADVANCED_FACE('',(#2327),#2328,.T.);
#1067=PRESENTATION_STYLE_ASSIGNMENT((#2329));
#1068=ADVANCED_FACE('',(#2330),#2331,.T.);
#1069=PRESENTATION_STYLE_ASSIGNMENT((#2332));
#1070=ADVANCED_FACE('',(#2333),#2334,.T.);
#1071=PRESENTATION_STYLE_ASSIGNMENT((#2335));
#1072=ADVANCED_FACE('',(#2336),#2337,.T.);
#1073=PRESENTATION_STYLE_ASSIGNMENT((#2338));
#1074=ADVANCED_FACE('',(#2339),#2340,.F.);
#1075=PRESENTATION_STYLE_ASSIGNMENT((#2341));
#1076=ADVANCED_FACE('',(#2342),#2343,.T.);
#1077=PRESENTATION_STYLE_ASSIGNMENT((#2344));
#1078=ADVANCED_FACE('',(#2345),#2346,.T.);
#1079=PRESENTATION_STYLE_ASSIGNMENT((#2347));
#1080=ADVANCED_FACE('',(#2348),#2349,.T.);
#1081=PRESENTATION_STYLE_ASSIGNMENT((#2350));
#1082=ADVANCED_FACE('',(#2351),#2352,.T.);
#1083=PRESENTATION_STYLE_ASSIGNMENT((#2353));
#1084=ADVANCED_FACE('',(#2354),#2355,.T.);
#1085=PRESENTATION_STYLE_ASSIGNMENT((#2356));
#1086=ADVANCED_FACE('',(#2357),#2358,.T.);
#1087=PRESENTATION_STYLE_ASSIGNMENT((#2359));
#1088=ADVANCED_FACE('',(#2360),#2361,.T.);
#1089=PRESENTATION_STYLE_ASSIGNMENT((#2362));
#1090=ADVANCED_FACE('',(#2363),#2364,.F.);
#1091=PRESENTATION_STYLE_ASSIGNMENT((#2365));
#1092=ADVANCED_FACE('',(#2366),#2367,.T.);
#1093=PRESENTATION_STYLE_ASSIGNMENT((#2368));
#1094=ADVANCED_FACE('',(#2369),#2370,.T.);
#1095=PRESENTATION_STYLE_ASSIGNMENT((#2371));
#1096=ADVANCED_FACE('',(#2372),#2373,.T.);
#1097=PRESENTATION_STYLE_ASSIGNMENT((#2374));
#1098=ADVANCED_FACE('',(#2375),#2376,.T.);
#1099=PRESENTATION_STYLE_ASSIGNMENT((#2377));
#1100=ADVANCED_FACE('',(#2378),#2379,.T.);
#1101=PRESENTATION_STYLE_ASSIGNMENT((#2380));
#1102=ADVANCED_FACE('',(#2381),#2382,.T.);
#1103=PRESENTATION_STYLE_ASSIGNMENT((#2383));
#1104=ADVANCED_FACE('',(#2384),#2385,.T.);
#1105=PRESENTATION_STYLE_ASSIGNMENT((#2386));
#1106=ADVANCED_FACE('',(#2387),#2388,.F.);
#1107=PRESENTATION_STYLE_ASSIGNMENT((#2389));
#1108=ADVANCED_FACE('',(#2390),#2391,.T.);
#1109=PRESENTATION_STYLE_ASSIGNMENT((#2392));
#1110=ADVANCED_FACE('',(#2393),#2394,.T.);
#1111=PRESENTATION_STYLE_ASSIGNMENT((#2395));
#1112=ADVANCED_FACE('',(#2396),#2397,.T.);
#1113=PRESENTATION_STYLE_ASSIGNMENT((#2398));
#1114=ADVANCED_FACE('',(#2399),#2400,.T.);
#1115=PRESENTATION_STYLE_ASSIGNMENT((#2401));
#1116=ADVANCED_FACE('',(#2402),#2403,.T.);
#1117=PRESENTATION_STYLE_ASSIGNMENT((#2404));
#1118=ADVANCED_FACE('',(#2405),#2406,.T.);
#1119=PRESENTATION_STYLE_ASSIGNMENT((#2407));
#1120=ADVANCED_FACE('',(#2408),#2409,.T.);
#1121=PRESENTATION_STYLE_ASSIGNMENT((#2410));
#1122=ADVANCED_FACE('',(#2411),#2412,.F.);
#1123=PRESENTATION_STYLE_ASSIGNMENT((#2413));
#1124=ADVANCED_FACE('',(#2414),#2415,.T.);
#1125=PRESENTATION_STYLE_ASSIGNMENT((#2416));
#1126=ADVANCED_FACE('',(#2417),#2418,.T.);
#1127=PRESENTATION_STYLE_ASSIGNMENT((#2419));
#1128=ADVANCED_FACE('',(#2420),#2421,.T.);
#1129=PRESENTATION_STYLE_ASSIGNMENT((#2422));
#1130=ADVANCED_FACE('',(#2423),#2424,.T.);
#1131=PRESENTATION_STYLE_ASSIGNMENT((#2425));
#1132=ADVANCED_FACE('',(#2426),#2427,.T.);
#1133=PRESENTATION_STYLE_ASSIGNMENT((#2428));
#1134=ADVANCED_FACE('',(#2429),#2430,.T.);
#1135=PRESENTATION_STYLE_ASSIGNMENT((#2431));
#1136=ADVANCED_FACE('',(#2432),#2433,.T.);
#1137=PRESENTATION_STYLE_ASSIGNMENT((#2434));
#1138=ADVANCED_FACE('',(#2435),#2436,.F.);
#1139=PRESENTATION_STYLE_ASSIGNMENT((#2437));
#1140=ADVANCED_FACE('',(#2438),#2439,.T.);
#1141=PRESENTATION_STYLE_ASSIGNMENT((#2440));
#1142=ADVANCED_FACE('',(#2441),#2442,.T.);
#1143=PRESENTATION_STYLE_ASSIGNMENT((#2443));
#1144=ADVANCED_FACE('',(#2444),#2445,.T.);
#1145=PRESENTATION_STYLE_ASSIGNMENT((#2446));
#1146=ADVANCED_FACE('',(#2447),#2448,.T.);
#1147=PRESENTATION_STYLE_ASSIGNMENT((#2449));
#1148=ADVANCED_FACE('',(#2450),#2451,.T.);
#1149=PRESENTATION_STYLE_ASSIGNMENT((#2452));
#1150=ADVANCED_FACE('',(#2453),#2454,.T.);
#1151=PRESENTATION_STYLE_ASSIGNMENT((#2455));
#1152=ADVANCED_FACE('',(#2456),#2457,.T.);
#1153=PRESENTATION_STYLE_ASSIGNMENT((#2458));
#1154=ADVANCED_FACE('',(#2459),#2460,.F.);
#1155=PRESENTATION_STYLE_ASSIGNMENT((#2461));
#1156=ADVANCED_FACE('',(#2462),#2463,.T.);
#1157=PRESENTATION_STYLE_ASSIGNMENT((#2464));
#1158=ADVANCED_FACE('',(#2465),#2466,.T.);
#1159=PRESENTATION_STYLE_ASSIGNMENT((#2467));
#1160=ADVANCED_FACE('',(#2468),#2469,.T.);
#1161=PRESENTATION_STYLE_ASSIGNMENT((#2470));
#1162=ADVANCED_FACE('',(#2471),#2472,.T.);
#1163=PRESENTATION_STYLE_ASSIGNMENT((#2473));
#1164=ADVANCED_FACE('',(#2474),#2475,.T.);
#1165=PRESENTATION_STYLE_ASSIGNMENT((#2476));
#1166=ADVANCED_FACE('',(#2477),#2478,.T.);
#1167=PRESENTATION_STYLE_ASSIGNMENT((#2479));
#1168=ADVANCED_FACE('',(#2480),#2481,.T.);
#1169=PRESENTATION_STYLE_ASSIGNMENT((#2482));
#1170=ADVANCED_FACE('',(#2483),#2484,.F.);
#1171=PRESENTATION_STYLE_ASSIGNMENT((#2485));
#1172=ADVANCED_FACE('',(#2486),#2487,.T.);
#1173=PRESENTATION_STYLE_ASSIGNMENT((#2488));
#1174=ADVANCED_FACE('',(#2489),#2490,.T.);
#1175=PRESENTATION_STYLE_ASSIGNMENT((#2491));
#1176=ADVANCED_FACE('',(#2492),#2493,.T.);
#1177=PRESENTATION_STYLE_ASSIGNMENT((#2494));
#1178=ADVANCED_FACE('',(#2495),#2496,.T.);
#1179=PRESENTATION_STYLE_ASSIGNMENT((#2497));
#1180=ADVANCED_FACE('',(#2498),#2499,.T.);
#1181=PRESENTATION_STYLE_ASSIGNMENT((#2500));
#1182=ADVANCED_FACE('',(#2501),#2502,.T.);
#1183=PRESENTATION_STYLE_ASSIGNMENT((#2503));
#1184=ADVANCED_FACE('',(#2504),#2505,.T.);
#1185=PRESENTATION_STYLE_ASSIGNMENT((#2506));
#1186=ADVANCED_FACE('',(#2507),#2508,.F.);
#1187=PRESENTATION_STYLE_ASSIGNMENT((#2509));
#1188=ADVANCED_FACE('',(#2510),#2511,.T.);
#1189=PRESENTATION_STYLE_ASSIGNMENT((#2512));
#1190=ADVANCED_FACE('',(#2513),#2514,.T.);
#1191=PRESENTATION_STYLE_ASSIGNMENT((#2515));
#1192=ADVANCED_FACE('',(#2516),#2517,.T.);
#1193=PRESENTATION_STYLE_ASSIGNMENT((#2518));
#1194=ADVANCED_FACE('',(#2519),#2520,.T.);
#1195=PRESENTATION_STYLE_ASSIGNMENT((#2521));
#1196=ADVANCED_FACE('',(#2522),#2523,.T.);
#1197=PRESENTATION_STYLE_ASSIGNMENT((#2524));
#1198=ADVANCED_FACE('',(#2525),#2526,.T.);
#1199=PRESENTATION_STYLE_ASSIGNMENT((#2527));
#1200=ADVANCED_FACE('',(#2528),#2529,.T.);
#1201=PRESENTATION_STYLE_ASSIGNMENT((#2530));
#1202=ADVANCED_FACE('',(#2531),#2532,.F.);
#1203=PRESENTATION_STYLE_ASSIGNMENT((#2533));
#1204=ADVANCED_FACE('',(#2534),#2535,.T.);
#1205=PRESENTATION_STYLE_ASSIGNMENT((#2536));
#1206=ADVANCED_FACE('',(#2537),#2538,.T.);
#1207=PRESENTATION_STYLE_ASSIGNMENT((#2539));
#1208=ADVANCED_FACE('',(#2540),#2541,.T.);
#1209=PRESENTATION_STYLE_ASSIGNMENT((#2542));
#1210=ADVANCED_FACE('',(#2543),#2544,.T.);
#1211=PRESENTATION_STYLE_ASSIGNMENT((#2545));
#1212=ADVANCED_FACE('',(#2546),#2547,.T.);
#1213=PRESENTATION_STYLE_ASSIGNMENT((#2548));
#1214=ADVANCED_FACE('',(#2549),#2550,.T.);
#1215=PRESENTATION_STYLE_ASSIGNMENT((#2551));
#1216=ADVANCED_FACE('',(#2552),#2553,.T.);
#1217=PRESENTATION_STYLE_ASSIGNMENT((#2554));
#1218=ADVANCED_FACE('',(#2555),#2556,.F.);
#1219=PRESENTATION_STYLE_ASSIGNMENT((#2557));
#1220=ADVANCED_FACE('',(#2558),#2559,.T.);
#1221=PRESENTATION_STYLE_ASSIGNMENT((#2560));
#1222=ADVANCED_FACE('',(#2561),#2562,.T.);
#1223=PRESENTATION_STYLE_ASSIGNMENT((#2563));
#1224=ADVANCED_FACE('',(#2564),#2565,.T.);
#1225=PRESENTATION_STYLE_ASSIGNMENT((#2566));
#1226=ADVANCED_FACE('',(#2567),#2568,.T.);
#1227=PRESENTATION_STYLE_ASSIGNMENT((#2569));
#1228=ADVANCED_FACE('',(#2570),#2571,.T.);
#1229=PRESENTATION_STYLE_ASSIGNMENT((#2572));
#1230=ADVANCED_FACE('',(#2573),#2574,.T.);
#1231=PRESENTATION_STYLE_ASSIGNMENT((#2575));
#1232=ADVANCED_FACE('',(#2576),#2577,.T.);
#1233=PRESENTATION_STYLE_ASSIGNMENT((#2578));
#1234=ADVANCED_FACE('',(#2579),#2580,.F.);
#1235=PRESENTATION_STYLE_ASSIGNMENT((#2581));
#1236=ADVANCED_FACE('',(#2582),#2583,.T.);
#1237=PRESENTATION_STYLE_ASSIGNMENT((#2584));
#1238=ADVANCED_FACE('',(#2585),#2586,.T.);
#1239=PRESENTATION_STYLE_ASSIGNMENT((#2587));
#1240=ADVANCED_FACE('',(#2588),#2589,.T.);
#1241=PRESENTATION_STYLE_ASSIGNMENT((#2590));
#1242=ADVANCED_FACE('',(#2591),#2592,.T.);
#1243=PRESENTATION_STYLE_ASSIGNMENT((#2593));
#1244=ADVANCED_FACE('',(#2594),#2595,.T.);
#1245=PRESENTATION_STYLE_ASSIGNMENT((#2596));
#1246=ADVANCED_FACE('',(#2597),#2598,.T.);
#1247=PRESENTATION_STYLE_ASSIGNMENT((#2599));
#1248=ADVANCED_FACE('',(#2600),#2601,.T.);
#1249=PRESENTATION_STYLE_ASSIGNMENT((#2602));
#1250=ADVANCED_FACE('',(#2603),#2604,.F.);
#1251=PRESENTATION_STYLE_ASSIGNMENT((#2605));
#1252=ADVANCED_FACE('',(#2606),#2607,.T.);
#1253=PRESENTATION_STYLE_ASSIGNMENT((#2608));
#1254=ADVANCED_FACE('',(#2609),#2610,.T.);
#1255=PRESENTATION_STYLE_ASSIGNMENT((#2611));
#1256=ADVANCED_FACE('',(#2612),#2613,.T.);
#1257=PRESENTATION_STYLE_ASSIGNMENT((#2614));
#1258=ADVANCED_FACE('',(#2615),#2616,.T.);
#1259=PRESENTATION_STYLE_ASSIGNMENT((#2617));
#1260=ADVANCED_FACE('',(#2618),#2619,.T.);
#1261=PRESENTATION_STYLE_ASSIGNMENT((#2620));
#1262=ADVANCED_FACE('',(#2621),#2622,.T.);
#1263=PRESENTATION_STYLE_ASSIGNMENT((#2623));
#1264=ADVANCED_FACE('',(#2624),#2625,.T.);
#1265=PRESENTATION_STYLE_ASSIGNMENT((#2626));
#1266=ADVANCED_FACE('',(#2627),#2628,.F.);
#1267=PRESENTATION_STYLE_ASSIGNMENT((#2629));
#1268=ADVANCED_FACE('',(#2630),#2631,.T.);
#1269=PRESENTATION_STYLE_ASSIGNMENT((#2632));
#1270=ADVANCED_FACE('',(#2633),#2634,.T.);
#1271=PRESENTATION_STYLE_ASSIGNMENT((#2635));
#1272=ADVANCED_FACE('',(#2636),#2637,.T.);
#1273=PRESENTATION_STYLE_ASSIGNMENT((#2638));
#1274=ADVANCED_FACE('',(#2639),#2640,.T.);
#1275=PRESENTATION_STYLE_ASSIGNMENT((#2641));
#1276=ADVANCED_FACE('',(#2642),#2643,.T.);
#1277=PRESENTATION_STYLE_ASSIGNMENT((#2644));
#1278=ADVANCED_FACE('',(#2645),#2646,.F.);
#1279=PRESENTATION_STYLE_ASSIGNMENT((#2647));
#1280=ADVANCED_FACE('',(#2648),#2649,.T.);
#1281=PRESENTATION_STYLE_ASSIGNMENT((#2650));
#1282=ADVANCED_FACE('',(#2651),#2652,.F.);
#1283=PRESENTATION_STYLE_ASSIGNMENT((#2653));
#1284=ADVANCED_FACE('',(#2654),#2655,.T.);
#1285=PRESENTATION_STYLE_ASSIGNMENT((#2656));
#1286=ADVANCED_FACE('',(#2657),#2658,.T.);
#1287=PRESENTATION_STYLE_ASSIGNMENT((#2659));
#1288=ADVANCED_FACE('',(#2660),#2661,.T.);
#1289=PRESENTATION_STYLE_ASSIGNMENT((#2662));
#1290=ADVANCED_FACE('',(#2663),#2664,.T.);
#1291=PRESENTATION_STYLE_ASSIGNMENT((#2665));
#1292=ADVANCED_FACE('',(#2666),#2667,.F.);
#1293=PRESENTATION_STYLE_ASSIGNMENT((#2668));
#1294=ADVANCED_FACE('',(#2669),#2670,.T.);
#1295=PRESENTATION_STYLE_ASSIGNMENT((#2671));
#1296=ADVANCED_FACE('',(#2672,#2673),#2674,.T.);
#1297=PRESENTATION_STYLE_ASSIGNMENT((#2675));
#1298=ADVANCED_FACE('',(#2676),#2677,.F.);
#1299=PRESENTATION_STYLE_ASSIGNMENT((#2678));
#1300=ADVANCED_FACE('',(#2679),#2680,.T.);
#1301=PRESENTATION_STYLE_ASSIGNMENT((#2681));
#1302=ADVANCED_FACE('',(#2682),#2683,.T.);
#1303=PRESENTATION_STYLE_ASSIGNMENT((#2684));
#1304=ADVANCED_FACE('',(#2685),#2686,.T.);
#1305=PRESENTATION_STYLE_ASSIGNMENT((#2687));
#1306=ADVANCED_FACE('',(#2688),#2689,.T.);
#1307=PRESENTATION_STYLE_ASSIGNMENT((#2690));
#1308=ADVANCED_FACE('',(#2691),#2692,.F.);
#1309=PRESENTATION_STYLE_ASSIGNMENT((#2693));
#1310=ADVANCED_FACE('',(#2694),#2695,.T.);
#1311=PRESENTATION_STYLE_ASSIGNMENT((#2696));
#1312=ADVANCED_FACE('',(#2697,#2698),#2699,.T.);
#1313=PRESENTATION_STYLE_ASSIGNMENT((#2700));
#1314=ADVANCED_FACE('',(#2701),#2702,.F.);
#1315=PRESENTATION_STYLE_ASSIGNMENT((#2703));
#1316=ADVANCED_FACE('',(#2704),#2705,.T.);
#1317=PRESENTATION_STYLE_ASSIGNMENT((#2706));
#1318=ADVANCED_FACE('',(#2707),#2708,.T.);
#1319=PRESENTATION_STYLE_ASSIGNMENT((#2709));
#1320=ADVANCED_FACE('',(#2710),#2711,.T.);
#1321=PRESENTATION_STYLE_ASSIGNMENT((#2712));
#1322=ADVANCED_FACE('',(#2713),#2714,.T.);
#1323=PRESENTATION_STYLE_ASSIGNMENT((#2715));
#1324=ADVANCED_FACE('',(#2716),#2717,.F.);
#1325=PRESENTATION_STYLE_ASSIGNMENT((#2718));
#1326=ADVANCED_FACE('',(#2719),#2720,.T.);
#1327=PRESENTATION_STYLE_ASSIGNMENT((#2721));
#1328=ADVANCED_FACE('',(#2722,#2723),#2724,.T.);
#1329=PRESENTATION_STYLE_ASSIGNMENT((#2725));
#1330=ADVANCED_FACE('',(#2726),#2727,.F.);
#1331=PRESENTATION_STYLE_ASSIGNMENT((#2728));
#1332=ADVANCED_FACE('',(#2729),#2730,.T.);
#1333=PRESENTATION_STYLE_ASSIGNMENT((#2731));
#1334=ADVANCED_FACE('',(#2732),#2733,.T.);
#1335=PRESENTATION_STYLE_ASSIGNMENT((#2734));
#1336=ADVANCED_FACE('',(#2735),#2736,.T.);
#1337=PRESENTATION_STYLE_ASSIGNMENT((#2737));
#1338=ADVANCED_FACE('',(#2738),#2739,.T.);
#1339=PRESENTATION_STYLE_ASSIGNMENT((#2740));
#1340=ADVANCED_FACE('',(#2741),#2742,.F.);
#1341=PRESENTATION_STYLE_ASSIGNMENT((#2743));
#1342=ADVANCED_FACE('',(#2744),#2745,.T.);
#1343=PRESENTATION_STYLE_ASSIGNMENT((#2746));
#1344=ADVANCED_FACE('',(#2747,#2748),#2749,.T.);
#1345=PRESENTATION_STYLE_ASSIGNMENT((#2750));
#1346=ADVANCED_FACE('',(#2751),#2752,.F.);
#1347=PRESENTATION_STYLE_ASSIGNMENT((#2753));
#1348=ADVANCED_FACE('',(#2754),#2755,.T.);
#1349=PRESENTATION_STYLE_ASSIGNMENT((#2756));
#1350=ADVANCED_FACE('',(#2757),#2758,.T.);
#1351=PRESENTATION_STYLE_ASSIGNMENT((#2759));
#1352=ADVANCED_FACE('',(#2760),#2761,.T.);
#1353=PRESENTATION_STYLE_ASSIGNMENT((#2762));
#1354=ADVANCED_FACE('',(#2763),#2764,.T.);
#1355=PRESENTATION_STYLE_ASSIGNMENT((#2765));
#1356=ADVANCED_FACE('',(#2766),#2767,.F.);
#1357=PRESENTATION_STYLE_ASSIGNMENT((#2768));
#1358=ADVANCED_FACE('',(#2769),#2770,.T.);
#1359=PRESENTATION_STYLE_ASSIGNMENT((#2771));
#1360=ADVANCED_FACE('',(#2772,#2773),#2774,.T.);
#1361=PRESENTATION_STYLE_ASSIGNMENT((#2775));
#1362=ADVANCED_FACE('',(#2776),#2777,.F.);
#1363=PRESENTATION_STYLE_ASSIGNMENT((#2778));
#1364=ADVANCED_FACE('',(#2779),#2780,.T.);
#1365=PRESENTATION_STYLE_ASSIGNMENT((#2781));
#1366=ADVANCED_FACE('',(#2782),#2783,.T.);
#1367=PRESENTATION_STYLE_ASSIGNMENT((#2784));
#1368=ADVANCED_FACE('',(#2785),#2786,.T.);
#1369=PRESENTATION_STYLE_ASSIGNMENT((#2787));
#1370=ADVANCED_FACE('',(#2788),#2789,.T.);
#1371=PRESENTATION_STYLE_ASSIGNMENT((#2790));
#1372=ADVANCED_FACE('',(#2791),#2792,.F.);
#1373=PRESENTATION_STYLE_ASSIGNMENT((#2793));
#1374=ADVANCED_FACE('',(#2794),#2795,.T.);
#1375=PRESENTATION_STYLE_ASSIGNMENT((#2796));
#1376=ADVANCED_FACE('',(#2797,#2798),#2799,.T.);
#1377=PRESENTATION_STYLE_ASSIGNMENT((#2800));
#1378=ADVANCED_FACE('',(#2801),#2802,.F.);
#1379=PRESENTATION_STYLE_ASSIGNMENT((#2803));
#1380=ADVANCED_FACE('',(#2804),#2805,.T.);
#1381=PRESENTATION_STYLE_ASSIGNMENT((#2806));
#1382=ADVANCED_FACE('',(#2807),#2808,.T.);
#1383=PRESENTATION_STYLE_ASSIGNMENT((#2809));
#1384=ADVANCED_FACE('',(#2810),#2811,.T.);
#1385=PRESENTATION_STYLE_ASSIGNMENT((#2812));
#1386=ADVANCED_FACE('',(#2813),#2814,.T.);
#1387=PRESENTATION_STYLE_ASSIGNMENT((#2815));
#1388=ADVANCED_FACE('',(#2816),#2817,.F.);
#1389=PRESENTATION_STYLE_ASSIGNMENT((#2818));
#1390=ADVANCED_FACE('',(#2819),#2820,.T.);
#1391=PRESENTATION_STYLE_ASSIGNMENT((#2821));
#1392=ADVANCED_FACE('',(#2822,#2823),#2824,.T.);
#1393=PRESENTATION_STYLE_ASSIGNMENT((#2825));
#1394=ADVANCED_FACE('',(#2826),#2827,.F.);
#1395=PRESENTATION_STYLE_ASSIGNMENT((#2828));
#1396=ADVANCED_FACE('',(#2829),#2830,.T.);
#1397=PRESENTATION_STYLE_ASSIGNMENT((#2831));
#1398=ADVANCED_FACE('',(#2832),#2833,.T.);
#1399=PRESENTATION_STYLE_ASSIGNMENT((#2834));
#1400=ADVANCED_FACE('',(#2835),#2836,.T.);
#1401=PRESENTATION_STYLE_ASSIGNMENT((#2837));
#1402=ADVANCED_FACE('',(#2838),#2839,.T.);
#1403=PRESENTATION_STYLE_ASSIGNMENT((#2840));
#1404=ADVANCED_FACE('',(#2841),#2842,.F.);
#1405=PRESENTATION_STYLE_ASSIGNMENT((#2843));
#1406=ADVANCED_FACE('',(#2844),#2845,.T.);
#1407=PRESENTATION_STYLE_ASSIGNMENT((#2846));
#1408=ADVANCED_FACE('',(#2847,#2848),#2849,.T.);
#1409=PRESENTATION_STYLE_ASSIGNMENT((#2850));
#1410=ADVANCED_FACE('',(#2851),#2852,.T.);
#1411=PRESENTATION_STYLE_ASSIGNMENT((#2853));
#1412=ADVANCED_FACE('',(#2854),#2855,.T.);
#1413=PRESENTATION_STYLE_ASSIGNMENT((#2856));
#1414=ADVANCED_FACE('',(#2857),#2858,.T.);
#1415=PRESENTATION_STYLE_ASSIGNMENT((#2859));
#1416=ADVANCED_FACE('',(#2860),#2861,.T.);
#1417=PRESENTATION_STYLE_ASSIGNMENT((#2862));
#1418=ADVANCED_FACE('',(#2863),#2864,.F.);
#1419=PRESENTATION_STYLE_ASSIGNMENT((#2865));
#1420=ADVANCED_FACE('',(#2866),#2867,.T.);
#1421=PRESENTATION_STYLE_ASSIGNMENT((#2868));
#1422=ADVANCED_FACE('',(#2869),#2870,.T.);
#1423=PRESENTATION_STYLE_ASSIGNMENT((#2871));
#1424=ADVANCED_FACE('',(#2872,#2873,#2874,#2875,#2876,#2877,#2878,#2879,#2880,#2881,#2882,#2883,#2884,#2885,#2886,#2887,#2888,#2889,#2890,#2891,#2892),#2893,.T.);
#1425=PRESENTATION_STYLE_ASSIGNMENT((#2894));
#1426=ADVANCED_FACE('',(#2895),#2896,.T.);
#1427=PRESENTATION_STYLE_ASSIGNMENT((#2897));
#1428=ADVANCED_FACE('',(#2898),#2899,.T.);
#1429=PRESENTATION_STYLE_ASSIGNMENT((#2900));
#1430=ADVANCED_FACE('',(#2901),#2902,.T.);
#1431=PRESENTATION_STYLE_ASSIGNMENT((#2903));
#1432=ADVANCED_FACE('',(#2904),#2905,.T.);
#1433=PRESENTATION_STYLE_ASSIGNMENT((#2906));
#1434=ADVANCED_FACE('',(#2907),#2908,.T.);
#1435=PRESENTATION_STYLE_ASSIGNMENT((#2909));
#1436=ADVANCED_FACE('',(#2910),#2911,.T.);
#1437=PRESENTATION_STYLE_ASSIGNMENT((#2912));
#1438=ADVANCED_FACE('',(#2913),#2914,.T.);
#1439=PRESENTATION_STYLE_ASSIGNMENT((#2915));
#1440=ADVANCED_FACE('',(#2916),#2917,.T.);
#1441=PRESENTATION_STYLE_ASSIGNMENT((#2918));
#1442=ADVANCED_FACE('',(#2919),#2920,.T.);
#1443=PRESENTATION_STYLE_ASSIGNMENT((#2921));
#1444=ADVANCED_FACE('',(#2922),#2923,.F.);
#1445=PRODUCT('clm-110-02-l-d','clm-110-02-l-d','PART-clm-110-02-l-d-DESC',(#2924));
#1446=PRODUCT_DEFINITION('','NONE',#2925,#2);
#1447=MANIFOLD_SOLID_BREP('clm-110-02-l-d',#2926);
#1448=AXIS2_PLACEMENT_3D('',#2927,#2928,#2929);
#1451=LENGTH_MEASURE_WITH_UNIT(LENGTH_MEASURE(1.0),#2930);
#1454=DIMENSIONAL_EXPONENTS(1.0,0.0,0.0,0.0,0.0,0.0,0.0);
#1456=DIMENSIONAL_EXPONENTS(0.0,0.0,0.0,0.0,0.0,0.0,0.0);
#1462=SURFACE_STYLE_USAGE(.BOTH.,#2931);
#1463=FACE_OUTER_BOUND('',#2932,.T.);
#1464=CYLINDRICAL_SURFACE('',#2933,0.127);
#1465=SURFACE_STYLE_USAGE(.BOTH.,#2934);
#1466=FACE_OUTER_BOUND('',#2935,.T.);
#1467=PLANE('',#2936);
#1468=SURFACE_STYLE_USAGE(.BOTH.,#2937);
#1469=FACE_OUTER_BOUND('',#2938,.T.);
#1470=CYLINDRICAL_SURFACE('',#2939,0.254);
#1471=SURFACE_STYLE_USAGE(.BOTH.,#2940);
#1472=FACE_OUTER_BOUND('',#2941,.T.);
#1473=PLANE('',#2942);
#1474=SURFACE_STYLE_USAGE(.BOTH.,#2943);
#1475=FACE_OUTER_BOUND('',#2944,.T.);
#1476=PLANE('',#2945);
#1477=SURFACE_STYLE_USAGE(.BOTH.,#2946);
#1478=FACE_OUTER_BOUND('',#2947,.T.);
#1479=PLANE('',#2948);
#1480=SURFACE_STYLE_USAGE(.BOTH.,#2949);
#1481=FACE_OUTER_BOUND('',#2950,.T.);
#1482=PLANE('',#2951);
#1483=SURFACE_STYLE_USAGE(.BOTH.,#2952);
#1484=FACE_OUTER_BOUND('',#2953,.T.);
#1485=PLANE('',#2954);
#1486=SURFACE_STYLE_USAGE(.BOTH.,#2955);
#1487=FACE_OUTER_BOUND('',#2956,.T.);
#1488=PLANE('',#2957);
#1489=SURFACE_STYLE_USAGE(.BOTH.,#2958);
#1490=FACE_OUTER_BOUND('',#2959,.T.);
#1491=FACE_BOUND('',#2960,.T.);
#1492=PLANE('',#2961);
#1493=SURFACE_STYLE_USAGE(.BOTH.,#2962);
#1494=FACE_OUTER_BOUND('',#2963,.T.);
#1495=PLANE('',#2964);
#1496=SURFACE_STYLE_USAGE(.BOTH.,#2965);
#1497=FACE_OUTER_BOUND('',#2966,.T.);
#1498=PLANE('',#2967);
#1499=SURFACE_STYLE_USAGE(.BOTH.,#2968);
#1500=FACE_OUTER_BOUND('',#2969,.T.);
#1501=CYLINDRICAL_SURFACE('',#2970,0.127);
#1502=SURFACE_STYLE_USAGE(.BOTH.,#2971);
#1503=FACE_OUTER_BOUND('',#2972,.T.);
#1504=PLANE('',#2973);
#1505=SURFACE_STYLE_USAGE(.BOTH.,#2974);
#1506=FACE_OUTER_BOUND('',#2975,.T.);
#1507=CYLINDRICAL_SURFACE('',#2976,0.254);
#1508=SURFACE_STYLE_USAGE(.BOTH.,#2977);
#1509=FACE_OUTER_BOUND('',#2978,.T.);
#1510=PLANE('',#2979);
#1511=SURFACE_STYLE_USAGE(.BOTH.,#2980);
#1512=FACE_OUTER_BOUND('',#2981,.T.);
#1513=PLANE('',#2982);
#1514=SURFACE_STYLE_USAGE(.BOTH.,#2983);
#1515=FACE_OUTER_BOUND('',#2984,.T.);
#1516=PLANE('',#2985);
#1517=SURFACE_STYLE_USAGE(.BOTH.,#2986);
#1518=FACE_OUTER_BOUND('',#2987,.T.);
#1519=PLANE('',#2988);
#1520=SURFACE_STYLE_USAGE(.BOTH.,#2989);
#1521=FACE_OUTER_BOUND('',#2990,.T.);
#1522=PLANE('',#2991);
#1523=SURFACE_STYLE_USAGE(.BOTH.,#2992);
#1524=FACE_OUTER_BOUND('',#2993,.T.);
#1525=PLANE('',#2994);
#1526=SURFACE_STYLE_USAGE(.BOTH.,#2995);
#1527=FACE_OUTER_BOUND('',#2996,.T.);
#1528=FACE_BOUND('',#2997,.T.);
#1529=PLANE('',#2998);
#1530=SURFACE_STYLE_USAGE(.BOTH.,#2999);
#1531=FACE_OUTER_BOUND('',#3000,.T.);
#1532=PLANE('',#3001);
#1533=SURFACE_STYLE_USAGE(.BOTH.,#3002);
#1534=FACE_OUTER_BOUND('',#3003,.T.);
#1535=PLANE('',#3004);
#1536=SURFACE_STYLE_USAGE(.BOTH.,#3005);
#1537=FACE_OUTER_BOUND('',#3006,.T.);
#1538=CYLINDRICAL_SURFACE('',#3007,0.127);
#1539=SURFACE_STYLE_USAGE(.BOTH.,#3008);
#1540=FACE_OUTER_BOUND('',#3009,.T.);
#1541=PLANE('',#3010);
#1542=SURFACE_STYLE_USAGE(.BOTH.,#3011);
#1543=FACE_OUTER_BOUND('',#3012,.T.);
#1544=CYLINDRICAL_SURFACE('',#3013,0.254);
#1545=SURFACE_STYLE_USAGE(.BOTH.,#3014);
#1546=FACE_OUTER_BOUND('',#3015,.T.);
#1547=PLANE('',#3016);
#1548=SURFACE_STYLE_USAGE(.BOTH.,#3017);
#1549=FACE_OUTER_BOUND('',#3018,.T.);
#1550=PLANE('',#3019);
#1551=SURFACE_STYLE_USAGE(.BOTH.,#3020);
#1552=FACE_OUTER_BOUND('',#3021,.T.);
#1553=PLANE('',#3022);
#1554=SURFACE_STYLE_USAGE(.BOTH.,#3023);
#1555=FACE_OUTER_BOUND('',#3024,.T.);
#1556=PLANE('',#3025);
#1557=SURFACE_STYLE_USAGE(.BOTH.,#3026);
#1558=FACE_OUTER_BOUND('',#3027,.T.);
#1559=PLANE('',#3028);
#1560=SURFACE_STYLE_USAGE(.BOTH.,#3029);
#1561=FACE_OUTER_BOUND('',#3030,.T.);
#1562=PLANE('',#3031);
#1563=SURFACE_STYLE_USAGE(.BOTH.,#3032);
#1564=FACE_OUTER_BOUND('',#3033,.T.);
#1565=FACE_BOUND('',#3034,.T.);
#1566=PLANE('',#3035);
#1567=SURFACE_STYLE_USAGE(.BOTH.,#3036);
#1568=FACE_OUTER_BOUND('',#3037,.T.);
#1569=PLANE('',#3038);
#1570=SURFACE_STYLE_USAGE(.BOTH.,#3039);
#1571=FACE_OUTER_BOUND('',#3040,.T.);
#1572=PLANE('',#3041);
#1573=SURFACE_STYLE_USAGE(.BOTH.,#3042);
#1574=FACE_OUTER_BOUND('',#3043,.T.);
#1575=CYLINDRICAL_SURFACE('',#3044,0.127);
#1576=SURFACE_STYLE_USAGE(.BOTH.,#3045);
#1577=FACE_OUTER_BOUND('',#3046,.T.);
#1578=PLANE('',#3047);
#1579=SURFACE_STYLE_USAGE(.BOTH.,#3048);
#1580=FACE_OUTER_BOUND('',#3049,.T.);
#1581=CYLINDRICAL_SURFACE('',#3050,0.254);
#1582=SURFACE_STYLE_USAGE(.BOTH.,#3051);
#1583=FACE_OUTER_BOUND('',#3052,.T.);
#1584=PLANE('',#3053);
#1585=SURFACE_STYLE_USAGE(.BOTH.,#3054);
#1586=FACE_OUTER_BOUND('',#3055,.T.);
#1587=PLANE('',#3056);
#1588=SURFACE_STYLE_USAGE(.BOTH.,#3057);
#1589=FACE_OUTER_BOUND('',#3058,.T.);
#1590=PLANE('',#3059);
#1591=SURFACE_STYLE_USAGE(.BOTH.,#3060);
#1592=FACE_OUTER_BOUND('',#3061,.T.);
#1593=PLANE('',#3062);
#1594=SURFACE_STYLE_USAGE(.BOTH.,#3063);
#1595=FACE_OUTER_BOUND('',#3064,.T.);
#1596=PLANE('',#3065);
#1597=SURFACE_STYLE_USAGE(.BOTH.,#3066);
#1598=FACE_OUTER_BOUND('',#3067,.T.);
#1599=PLANE('',#3068);
#1600=SURFACE_STYLE_USAGE(.BOTH.,#3069);
#1601=FACE_OUTER_BOUND('',#3070,.T.);
#1602=FACE_BOUND('',#3071,.T.);
#1603=PLANE('',#3072);
#1604=SURFACE_STYLE_USAGE(.BOTH.,#3073);
#1605=FACE_OUTER_BOUND('',#3074,.T.);
#1606=PLANE('',#3075);
#1607=SURFACE_STYLE_USAGE(.BOTH.,#3076);
#1608=FACE_OUTER_BOUND('',#3077,.T.);
#1609=PLANE('',#3078);
#1610=SURFACE_STYLE_USAGE(.BOTH.,#3079);
#1611=FACE_OUTER_BOUND('',#3080,.T.);
#1612=CYLINDRICAL_SURFACE('',#3081,0.127);
#1613=SURFACE_STYLE_USAGE(.BOTH.,#3082);
#1614=FACE_OUTER_BOUND('',#3083,.T.);
#1615=PLANE('',#3084);
#1616=SURFACE_STYLE_USAGE(.BOTH.,#3085);
#1617=FACE_OUTER_BOUND('',#3086,.T.);
#1618=CYLINDRICAL_SURFACE('',#3087,0.254);
#1619=SURFACE_STYLE_USAGE(.BOTH.,#3088);
#1620=FACE_OUTER_BOUND('',#3089,.T.);
#1621=PLANE('',#3090);
#1622=SURFACE_STYLE_USAGE(.BOTH.,#3091);
#1623=FACE_OUTER_BOUND('',#3092,.T.);
#1624=PLANE('',#3093);
#1625=SURFACE_STYLE_USAGE(.BOTH.,#3094);
#1626=FACE_OUTER_BOUND('',#3095,.T.);
#1627=PLANE('',#3096);
#1628=SURFACE_STYLE_USAGE(.BOTH.,#3097);
#1629=FACE_OUTER_BOUND('',#3098,.T.);
#1630=PLANE('',#3099);
#1631=SURFACE_STYLE_USAGE(.BOTH.,#3100);
#1632=FACE_OUTER_BOUND('',#3101,.T.);
#1633=PLANE('',#3102);
#1634=SURFACE_STYLE_USAGE(.BOTH.,#3103);
#1635=FACE_OUTER_BOUND('',#3104,.T.);
#1636=PLANE('',#3105);
#1637=SURFACE_STYLE_USAGE(.BOTH.,#3106);
#1638=FACE_OUTER_BOUND('',#3107,.T.);
#1639=FACE_BOUND('',#3108,.T.);
#1640=PLANE('',#3109);
#1641=SURFACE_STYLE_USAGE(.BOTH.,#3110);
#1642=FACE_OUTER_BOUND('',#3111,.T.);
#1643=PLANE('',#3112);
#1644=SURFACE_STYLE_USAGE(.BOTH.,#3113);
#1645=FACE_OUTER_BOUND('',#3114,.T.);
#1646=PLANE('',#3115);
#1647=SURFACE_STYLE_USAGE(.BOTH.,#3116);
#1648=FACE_OUTER_BOUND('',#3117,.T.);
#1649=CYLINDRICAL_SURFACE('',#3118,0.127);
#1650=SURFACE_STYLE_USAGE(.BOTH.,#3119);
#1651=FACE_OUTER_BOUND('',#3120,.T.);
#1652=PLANE('',#3121);
#1653=SURFACE_STYLE_USAGE(.BOTH.,#3122);
#1654=FACE_OUTER_BOUND('',#3123,.T.);
#1655=CYLINDRICAL_SURFACE('',#3124,0.254);
#1656=SURFACE_STYLE_USAGE(.BOTH.,#3125);
#1657=FACE_OUTER_BOUND('',#3126,.T.);
#1658=PLANE('',#3127);
#1659=SURFACE_STYLE_USAGE(.BOTH.,#3128);
#1660=FACE_OUTER_BOUND('',#3129,.T.);
#1661=PLANE('',#3130);
#1662=SURFACE_STYLE_USAGE(.BOTH.,#3131);
#1663=FACE_OUTER_BOUND('',#3132,.T.);
#1664=PLANE('',#3133);
#1665=SURFACE_STYLE_USAGE(.BOTH.,#3134);
#1666=FACE_OUTER_BOUND('',#3135,.T.);
#1667=PLANE('',#3136);
#1668=SURFACE_STYLE_USAGE(.BOTH.,#3137);
#1669=FACE_OUTER_BOUND('',#3138,.T.);
#1670=PLANE('',#3139);
#1671=SURFACE_STYLE_USAGE(.BOTH.,#3140);
#1672=FACE_OUTER_BOUND('',#3141,.T.);
#1673=PLANE('',#3142);
#1674=SURFACE_STYLE_USAGE(.BOTH.,#3143);
#1675=FACE_OUTER_BOUND('',#3144,.T.);
#1676=FACE_BOUND('',#3145,.T.);
#1677=PLANE('',#3146);
#1678=SURFACE_STYLE_USAGE(.BOTH.,#3147);
#1679=FACE_OUTER_BOUND('',#3148,.T.);
#1680=PLANE('',#3149);
#1681=SURFACE_STYLE_USAGE(.BOTH.,#3150);
#1682=FACE_OUTER_BOUND('',#3151,.T.);
#1683=PLANE('',#3152);
#1684=SURFACE_STYLE_USAGE(.BOTH.,#3153);
#1685=FACE_OUTER_BOUND('',#3154,.T.);
#1686=CYLINDRICAL_SURFACE('',#3155,0.127);
#1687=SURFACE_STYLE_USAGE(.BOTH.,#3156);
#1688=FACE_OUTER_BOUND('',#3157,.T.);
#1689=PLANE('',#3158);
#1690=SURFACE_STYLE_USAGE(.BOTH.,#3159);
#1691=FACE_OUTER_BOUND('',#3160,.T.);
#1692=CYLINDRICAL_SURFACE('',#3161,0.254);
#1693=SURFACE_STYLE_USAGE(.BOTH.,#3162);
#1694=FACE_OUTER_BOUND('',#3163,.T.);
#1695=PLANE('',#3164);
#1696=SURFACE_STYLE_USAGE(.BOTH.,#3165);
#1697=FACE_OUTER_BOUND('',#3166,.T.);
#1698=PLANE('',#3167);
#1699=SURFACE_STYLE_USAGE(.BOTH.,#3168);
#1700=FACE_OUTER_BOUND('',#3169,.T.);
#1701=PLANE('',#3170);
#1702=SURFACE_STYLE_USAGE(.BOTH.,#3171);
#1703=FACE_OUTER_BOUND('',#3172,.T.);
#1704=PLANE('',#3173);
#1705=SURFACE_STYLE_USAGE(.BOTH.,#3174);
#1706=FACE_OUTER_BOUND('',#3175,.T.);
#1707=PLANE('',#3176);
#1708=SURFACE_STYLE_USAGE(.BOTH.,#3177);
#1709=FACE_OUTER_BOUND('',#3178,.T.);
#1710=PLANE('',#3179);
#1711=SURFACE_STYLE_USAGE(.BOTH.,#3180);
#1712=FACE_OUTER_BOUND('',#3181,.T.);
#1713=FACE_BOUND('',#3182,.T.);
#1714=PLANE('',#3183);
#1715=SURFACE_STYLE_USAGE(.BOTH.,#3184);
#1716=FACE_OUTER_BOUND('',#3185,.T.);
#1717=PLANE('',#3186);
#1718=SURFACE_STYLE_USAGE(.BOTH.,#3187);
#1719=FACE_OUTER_BOUND('',#3188,.T.);
#1720=PLANE('',#3189);
#1721=SURFACE_STYLE_USAGE(.BOTH.,#3190);
#1722=FACE_OUTER_BOUND('',#3191,.T.);
#1723=CYLINDRICAL_SURFACE('',#3192,0.127);
#1724=SURFACE_STYLE_USAGE(.BOTH.,#3193);
#1725=FACE_OUTER_BOUND('',#3194,.T.);
#1726=PLANE('',#3195);
#1727=SURFACE_STYLE_USAGE(.BOTH.,#3196);
#1728=FACE_OUTER_BOUND('',#3197,.T.);
#1729=CYLINDRICAL_SURFACE('',#3198,0.254);
#1730=SURFACE_STYLE_USAGE(.BOTH.,#3199);
#1731=FACE_OUTER_BOUND('',#3200,.T.);
#1732=PLANE('',#3201);
#1733=SURFACE_STYLE_USAGE(.BOTH.,#3202);
#1734=FACE_OUTER_BOUND('',#3203,.T.);
#1735=PLANE('',#3204);
#1736=SURFACE_STYLE_USAGE(.BOTH.,#3205);
#1737=FACE_OUTER_BOUND('',#3206,.T.);
#1738=PLANE('',#3207);
#1739=SURFACE_STYLE_USAGE(.BOTH.,#3208);
#1740=FACE_OUTER_BOUND('',#3209,.T.);
#1741=PLANE('',#3210);
#1742=SURFACE_STYLE_USAGE(.BOTH.,#3211);
#1743=FACE_OUTER_BOUND('',#3212,.T.);
#1744=PLANE('',#3213);
#1745=SURFACE_STYLE_USAGE(.BOTH.,#3214);
#1746=FACE_OUTER_BOUND('',#3215,.T.);
#1747=PLANE('',#3216);
#1748=SURFACE_STYLE_USAGE(.BOTH.,#3217);
#1749=FACE_OUTER_BOUND('',#3218,.T.);
#1750=FACE_BOUND('',#3219,.T.);
#1751=PLANE('',#3220);
#1752=SURFACE_STYLE_USAGE(.BOTH.,#3221);
#1753=FACE_OUTER_BOUND('',#3222,.T.);
#1754=PLANE('',#3223);
#1755=SURFACE_STYLE_USAGE(.BOTH.,#3224);
#1756=FACE_OUTER_BOUND('',#3225,.T.);
#1757=PLANE('',#3226);
#1758=SURFACE_STYLE_USAGE(.BOTH.,#3227);
#1759=FACE_OUTER_BOUND('',#3228,.T.);
#1760=CYLINDRICAL_SURFACE('',#3229,0.127);
#1761=SURFACE_STYLE_USAGE(.BOTH.,#3230);
#1762=FACE_OUTER_BOUND('',#3231,.T.);
#1763=PLANE('',#3232);
#1764=SURFACE_STYLE_USAGE(.BOTH.,#3233);
#1765=FACE_OUTER_BOUND('',#3234,.T.);
#1766=CYLINDRICAL_SURFACE('',#3235,0.254);
#1767=SURFACE_STYLE_USAGE(.BOTH.,#3236);
#1768=FACE_OUTER_BOUND('',#3237,.T.);
#1769=PLANE('',#3238);
#1770=SURFACE_STYLE_USAGE(.BOTH.,#3239);
#1771=FACE_OUTER_BOUND('',#3240,.T.);
#1772=PLANE('',#3241);
#1773=SURFACE_STYLE_USAGE(.BOTH.,#3242);
#1774=FACE_OUTER_BOUND('',#3243,.T.);
#1775=PLANE('',#3244);
#1776=SURFACE_STYLE_USAGE(.BOTH.,#3245);
#1777=FACE_OUTER_BOUND('',#3246,.T.);
#1778=PLANE('',#3247);
#1779=SURFACE_STYLE_USAGE(.BOTH.,#3248);
#1780=FACE_OUTER_BOUND('',#3249,.T.);
#1781=PLANE('',#3250);
#1782=SURFACE_STYLE_USAGE(.BOTH.,#3251);
#1783=FACE_OUTER_BOUND('',#3252,.T.);
#1784=PLANE('',#3253);
#1785=SURFACE_STYLE_USAGE(.BOTH.,#3254);
#1786=FACE_OUTER_BOUND('',#3255,.T.);
#1787=FACE_BOUND('',#3256,.T.);
#1788=PLANE('',#3257);
#1789=SURFACE_STYLE_USAGE(.BOTH.,#3258);
#1790=FACE_OUTER_BOUND('',#3259,.T.);
#1791=PLANE('',#3260);
#1792=SURFACE_STYLE_USAGE(.BOTH.,#3261);
#1793=FACE_OUTER_BOUND('',#3262,.T.);
#1794=PLANE('',#3263);
#1795=SURFACE_STYLE_USAGE(.BOTH.,#3264);
#1796=FACE_OUTER_BOUND('',#3265,.T.);
#1797=CYLINDRICAL_SURFACE('',#3266,0.127);
#1798=SURFACE_STYLE_USAGE(.BOTH.,#3267);
#1799=FACE_OUTER_BOUND('',#3268,.T.);
#1800=PLANE('',#3269);
#1801=SURFACE_STYLE_USAGE(.BOTH.,#3270);
#1802=FACE_OUTER_BOUND('',#3271,.T.);
#1803=CYLINDRICAL_SURFACE('',#3272,0.254);
#1804=SURFACE_STYLE_USAGE(.BOTH.,#3273);
#1805=FACE_OUTER_BOUND('',#3274,.T.);
#1806=PLANE('',#3275);
#1807=SURFACE_STYLE_USAGE(.BOTH.,#3276);
#1808=FACE_OUTER_BOUND('',#3277,.T.);
#1809=PLANE('',#3278);
#1810=SURFACE_STYLE_USAGE(.BOTH.,#3279);
#1811=FACE_OUTER_BOUND('',#3280,.T.);
#1812=PLANE('',#3281);
#1813=SURFACE_STYLE_USAGE(.BOTH.,#3282);
#1814=FACE_OUTER_BOUND('',#3283,.T.);
#1815=PLANE('',#3284);
#1816=SURFACE_STYLE_USAGE(.BOTH.,#3285);
#1817=FACE_OUTER_BOUND('',#3286,.T.);
#1818=PLANE('',#3287);
#1819=SURFACE_STYLE_USAGE(.BOTH.,#3288);
#1820=FACE_OUTER_BOUND('',#3289,.T.);
#1821=PLANE('',#3290);
#1822=SURFACE_STYLE_USAGE(.BOTH.,#3291);
#1823=FACE_OUTER_BOUND('',#3292,.T.);
#1824=FACE_BOUND('',#3293,.T.);
#1825=PLANE('',#3294);
#1826=SURFACE_STYLE_USAGE(.BOTH.,#3295);
#1827=FACE_OUTER_BOUND('',#3296,.T.);
#1828=PLANE('',#3297);
#1829=SURFACE_STYLE_USAGE(.BOTH.,#3298);
#1830=FACE_OUTER_BOUND('',#3299,.T.);
#1831=PLANE('',#3300);
#1832=SURFACE_STYLE_USAGE(.BOTH.,#3301);
#1833=FACE_OUTER_BOUND('',#3302,.T.);
#1834=PLANE('',#3303);
#1835=SURFACE_STYLE_USAGE(.BOTH.,#3304);
#1836=FACE_OUTER_BOUND('',#3305,.T.);
#1837=CYLINDRICAL_SURFACE('',#3306,0.254);
#1838=SURFACE_STYLE_USAGE(.BOTH.,#3307);
#1839=FACE_OUTER_BOUND('',#3308,.T.);
#1840=PLANE('',#3309);
#1841=SURFACE_STYLE_USAGE(.BOTH.,#3310);
#1842=FACE_OUTER_BOUND('',#3311,.T.);
#1843=PLANE('',#3312);
#1844=SURFACE_STYLE_USAGE(.BOTH.,#3313);
#1845=FACE_OUTER_BOUND('',#3314,.T.);
#1846=PLANE('',#3315);
#1847=SURFACE_STYLE_USAGE(.BOTH.,#3316);
#1848=FACE_OUTER_BOUND('',#3317,.T.);
#1849=CYLINDRICAL_SURFACE('',#3318,0.127);
#1850=SURFACE_STYLE_USAGE(.BOTH.,#3319);
#1851=FACE_OUTER_BOUND('',#3320,.T.);
#1852=PLANE('',#3321);
#1853=SURFACE_STYLE_USAGE(.BOTH.,#3322);
#1854=FACE_OUTER_BOUND('',#3323,.T.);
#1855=PLANE('',#3324);
#1856=SURFACE_STYLE_USAGE(.BOTH.,#3325);
#1857=FACE_OUTER_BOUND('',#3326,.T.);
#1858=PLANE('',#3327);
#1859=SURFACE_STYLE_USAGE(.BOTH.,#3328);
#1860=FACE_OUTER_BOUND('',#3329,.T.);
#1861=PLANE('',#3330);
#1862=SURFACE_STYLE_USAGE(.BOTH.,#3331);
#1863=FACE_OUTER_BOUND('',#3332,.T.);
#1864=FACE_BOUND('',#3333,.T.);
#1865=PLANE('',#3334);
#1866=SURFACE_STYLE_USAGE(.BOTH.,#3335);
#1867=FACE_OUTER_BOUND('',#3336,.T.);
#1868=PLANE('',#3337);
#1869=SURFACE_STYLE_USAGE(.BOTH.,#3338);
#1870=FACE_OUTER_BOUND('',#3339,.T.);
#1871=PLANE('',#3340);
#1872=SURFACE_STYLE_USAGE(.BOTH.,#3341);
#1873=FACE_OUTER_BOUND('',#3342,.T.);
#1874=PLANE('',#3343);
#1875=SURFACE_STYLE_USAGE(.BOTH.,#3344);
#1876=FACE_OUTER_BOUND('',#3345,.T.);
#1877=PLANE('',#3346);
#1878=SURFACE_STYLE_USAGE(.BOTH.,#3347);
#1879=FACE_OUTER_BOUND('',#3348,.T.);
#1880=PLANE('',#3349);
#1881=SURFACE_STYLE_USAGE(.BOTH.,#3350);
#1882=FACE_OUTER_BOUND('',#3351,.T.);
#1883=CYLINDRICAL_SURFACE('',#3352,0.254);
#1884=SURFACE_STYLE_USAGE(.BOTH.,#3353);
#1885=FACE_OUTER_BOUND('',#3354,.T.);
#1886=PLANE('',#3355);
#1887=SURFACE_STYLE_USAGE(.BOTH.,#3356);
#1888=FACE_OUTER_BOUND('',#3357,.T.);
#1889=PLANE('',#3358);
#1890=SURFACE_STYLE_USAGE(.BOTH.,#3359);
#1891=FACE_OUTER_BOUND('',#3360,.T.);
#1892=PLANE('',#3361);
#1893=SURFACE_STYLE_USAGE(.BOTH.,#3362);
#1894=FACE_OUTER_BOUND('',#3363,.T.);
#1895=CYLINDRICAL_SURFACE('',#3364,0.127);
#1896=SURFACE_STYLE_USAGE(.BOTH.,#3365);
#1897=FACE_OUTER_BOUND('',#3366,.T.);
#1898=PLANE('',#3367);
#1899=SURFACE_STYLE_USAGE(.BOTH.,#3368);
#1900=FACE_OUTER_BOUND('',#3369,.T.);
#1901=PLANE('',#3370);
#1902=SURFACE_STYLE_USAGE(.BOTH.,#3371);
#1903=FACE_OUTER_BOUND('',#3372,.T.);
#1904=PLANE('',#3373);
#1905=SURFACE_STYLE_USAGE(.BOTH.,#3374);
#1906=FACE_OUTER_BOUND('',#3375,.T.);
#1907=PLANE('',#3376);
#1908=SURFACE_STYLE_USAGE(.BOTH.,#3377);
#1909=FACE_OUTER_BOUND('',#3378,.T.);
#1910=PLANE('',#3379);
#1911=SURFACE_STYLE_USAGE(.BOTH.,#3380);
#1912=FACE_OUTER_BOUND('',#3381,.T.);
#1913=CYLINDRICAL_SURFACE('',#3382,0.254);
#1914=SURFACE_STYLE_USAGE(.BOTH.,#3383);
#1915=FACE_OUTER_BOUND('',#3384,.T.);
#1916=PLANE('',#3385);
#1917=SURFACE_STYLE_USAGE(.BOTH.,#3386);
#1918=FACE_OUTER_BOUND('',#3387,.T.);
#1919=PLANE('',#3388);
#1920=SURFACE_STYLE_USAGE(.BOTH.,#3389);
#1921=FACE_OUTER_BOUND('',#3390,.T.);
#1922=PLANE('',#3391);
#1923=SURFACE_STYLE_USAGE(.BOTH.,#3392);
#1924=FACE_OUTER_BOUND('',#3393,.T.);
#1925=CYLINDRICAL_SURFACE('',#3394,0.127);
#1926=SURFACE_STYLE_USAGE(.BOTH.,#3395);
#1927=FACE_OUTER_BOUND('',#3396,.T.);
#1928=PLANE('',#3397);
#1929=SURFACE_STYLE_USAGE(.BOTH.,#3398);
#1930=FACE_OUTER_BOUND('',#3399,.T.);
#1931=PLANE('',#3400);
#1932=SURFACE_STYLE_USAGE(.BOTH.,#3401);
#1933=FACE_OUTER_BOUND('',#3402,.T.);
#1934=PLANE('',#3403);
#1935=SURFACE_STYLE_USAGE(.BOTH.,#3404);
#1936=FACE_OUTER_BOUND('',#3405,.T.);
#1937=PLANE('',#3406);
#1938=SURFACE_STYLE_USAGE(.BOTH.,#3407);
#1939=FACE_OUTER_BOUND('',#3408,.T.);
#1940=PLANE('',#3409);
#1941=SURFACE_STYLE_USAGE(.BOTH.,#3410);
#1942=FACE_OUTER_BOUND('',#3411,.T.);
#1943=CYLINDRICAL_SURFACE('',#3412,0.254);
#1944=SURFACE_STYLE_USAGE(.BOTH.,#3413);
#1945=FACE_OUTER_BOUND('',#3414,.T.);
#1946=PLANE('',#3415);
#1947=SURFACE_STYLE_USAGE(.BOTH.,#3416);
#1948=FACE_OUTER_BOUND('',#3417,.T.);
#1949=PLANE('',#3418);
#1950=SURFACE_STYLE_USAGE(.BOTH.,#3419);
#1951=FACE_OUTER_BOUND('',#3420,.T.);
#1952=PLANE('',#3421);
#1953=SURFACE_STYLE_USAGE(.BOTH.,#3422);
#1954=FACE_OUTER_BOUND('',#3423,.T.);
#1955=CYLINDRICAL_SURFACE('',#3424,0.127);
#1956=SURFACE_STYLE_USAGE(.BOTH.,#3425);
#1957=FACE_OUTER_BOUND('',#3426,.T.);
#1958=PLANE('',#3427);
#1959=SURFACE_STYLE_USAGE(.BOTH.,#3428);
#1960=FACE_OUTER_BOUND('',#3429,.T.);
#1961=PLANE('',#3430);
#1962=SURFACE_STYLE_USAGE(.BOTH.,#3431);
#1963=FACE_OUTER_BOUND('',#3432,.T.);
#1964=PLANE('',#3433);
#1965=SURFACE_STYLE_USAGE(.BOTH.,#3434);
#1966=FACE_OUTER_BOUND('',#3435,.T.);
#1967=PLANE('',#3436);
#1968=SURFACE_STYLE_USAGE(.BOTH.,#3437);
#1969=FACE_OUTER_BOUND('',#3438,.T.);
#1970=PLANE('',#3439);
#1971=SURFACE_STYLE_USAGE(.BOTH.,#3440);
#1972=FACE_OUTER_BOUND('',#3441,.T.);
#1973=CYLINDRICAL_SURFACE('',#3442,0.254);
#1974=SURFACE_STYLE_USAGE(.BOTH.,#3443);
#1975=FACE_OUTER_BOUND('',#3444,.T.);
#1976=PLANE('',#3445);
#1977=SURFACE_STYLE_USAGE(.BOTH.,#3446);
#1978=FACE_OUTER_BOUND('',#3447,.T.);
#1979=PLANE('',#3448);
#1980=SURFACE_STYLE_USAGE(.BOTH.,#3449);
#1981=FACE_OUTER_BOUND('',#3450,.T.);
#1982=PLANE('',#3451);
#1983=SURFACE_STYLE_USAGE(.BOTH.,#3452);
#1984=FACE_OUTER_BOUND('',#3453,.T.);
#1985=CYLINDRICAL_SURFACE('',#3454,0.127);
#1986=SURFACE_STYLE_USAGE(.BOTH.,#3455);
#1987=FACE_OUTER_BOUND('',#3456,.T.);
#1988=PLANE('',#3457);
#1989=SURFACE_STYLE_USAGE(.BOTH.,#3458);
#1990=FACE_OUTER_BOUND('',#3459,.T.);
#1991=PLANE('',#3460);
#1992=SURFACE_STYLE_USAGE(.BOTH.,#3461);
#1993=FACE_OUTER_BOUND('',#3462,.T.);
#1994=PLANE('',#3463);
#1995=SURFACE_STYLE_USAGE(.BOTH.,#3464);
#1996=FACE_OUTER_BOUND('',#3465,.T.);
#1997=PLANE('',#3466);
#1998=SURFACE_STYLE_USAGE(.BOTH.,#3467);
#1999=FACE_OUTER_BOUND('',#3468,.T.);
#2000=PLANE('',#3469);
#2001=SURFACE_STYLE_USAGE(.BOTH.,#3470);
#2002=FACE_OUTER_BOUND('',#3471,.T.);
#2003=CYLINDRICAL_SURFACE('',#3472,0.254);
#2004=SURFACE_STYLE_USAGE(.BOTH.,#3473);
#2005=FACE_OUTER_BOUND('',#3474,.T.);
#2006=PLANE('',#3475);
#2007=SURFACE_STYLE_USAGE(.BOTH.,#3476);
#2008=FACE_OUTER_BOUND('',#3477,.T.);
#2009=PLANE('',#3478);
#2010=SURFACE_STYLE_USAGE(.BOTH.,#3479);
#2011=FACE_OUTER_BOUND('',#3480,.T.);
#2012=PLANE('',#3481);
#2013=SURFACE_STYLE_USAGE(.BOTH.,#3482);
#2014=FACE_OUTER_BOUND('',#3483,.T.);
#2015=CYLINDRICAL_SURFACE('',#3484,0.127);
#2016=SURFACE_STYLE_USAGE(.BOTH.,#3485);
#2017=FACE_OUTER_BOUND('',#3486,.T.);
#2018=PLANE('',#3487);
#2019=SURFACE_STYLE_USAGE(.BOTH.,#3488);
#2020=FACE_OUTER_BOUND('',#3489,.T.);
#2021=PLANE('',#3490);
#2022=SURFACE_STYLE_USAGE(.BOTH.,#3491);
#2023=FACE_OUTER_BOUND('',#3492,.T.);
#2024=PLANE('',#3493);
#2025=SURFACE_STYLE_USAGE(.BOTH.,#3494);
#2026=FACE_OUTER_BOUND('',#3495,.T.);
#2027=PLANE('',#3496);
#2028=SURFACE_STYLE_USAGE(.BOTH.,#3497);
#2029=FACE_OUTER_BOUND('',#3498,.T.);
#2030=PLANE('',#3499);
#2031=SURFACE_STYLE_USAGE(.BOTH.,#3500);
#2032=FACE_OUTER_BOUND('',#3501,.T.);
#2033=CYLINDRICAL_SURFACE('',#3502,0.254);
#2034=SURFACE_STYLE_USAGE(.BOTH.,#3503);
#2035=FACE_OUTER_BOUND('',#3504,.T.);
#2036=PLANE('',#3505);
#2037=SURFACE_STYLE_USAGE(.BOTH.,#3506);
#2038=FACE_OUTER_BOUND('',#3507,.T.);
#2039=PLANE('',#3508);
#2040=SURFACE_STYLE_USAGE(.BOTH.,#3509);
#2041=FACE_OUTER_BOUND('',#3510,.T.);
#2042=PLANE('',#3511);
#2043=SURFACE_STYLE_USAGE(.BOTH.,#3512);
#2044=FACE_OUTER_BOUND('',#3513,.T.);
#2045=CYLINDRICAL_SURFACE('',#3514,0.127);
#2046=SURFACE_STYLE_USAGE(.BOTH.,#3515);
#2047=FACE_OUTER_BOUND('',#3516,.T.);
#2048=PLANE('',#3517);
#2049=SURFACE_STYLE_USAGE(.BOTH.,#3518);
#2050=FACE_OUTER_BOUND('',#3519,.T.);
#2051=PLANE('',#3520);
#2052=SURFACE_STYLE_USAGE(.BOTH.,#3521);
#2053=FACE_OUTER_BOUND('',#3522,.T.);
#2054=PLANE('',#3523);
#2055=SURFACE_STYLE_USAGE(.BOTH.,#3524);
#2056=FACE_OUTER_BOUND('',#3525,.T.);
#2057=PLANE('',#3526);
#2058=SURFACE_STYLE_USAGE(.BOTH.,#3527);
#2059=FACE_OUTER_BOUND('',#3528,.T.);
#2060=PLANE('',#3529);
#2061=SURFACE_STYLE_USAGE(.BOTH.,#3530);
#2062=FACE_OUTER_BOUND('',#3531,.T.);
#2063=CYLINDRICAL_SURFACE('',#3532,0.254);
#2064=SURFACE_STYLE_USAGE(.BOTH.,#3533);
#2065=FACE_OUTER_BOUND('',#3534,.T.);
#2066=PLANE('',#3535);
#2067=SURFACE_STYLE_USAGE(.BOTH.,#3536);
#2068=FACE_OUTER_BOUND('',#3537,.T.);
#2069=PLANE('',#3538);
#2070=SURFACE_STYLE_USAGE(.BOTH.,#3539);
#2071=FACE_OUTER_BOUND('',#3540,.T.);
#2072=PLANE('',#3541);
#2073=SURFACE_STYLE_USAGE(.BOTH.,#3542);
#2074=FACE_OUTER_BOUND('',#3543,.T.);
#2075=CYLINDRICAL_SURFACE('',#3544,0.127);
#2076=SURFACE_STYLE_USAGE(.BOTH.,#3545);
#2077=FACE_OUTER_BOUND('',#3546,.T.);
#2078=PLANE('',#3547);
#2079=SURFACE_STYLE_USAGE(.BOTH.,#3548);
#2080=FACE_OUTER_BOUND('',#3549,.T.);
#2081=PLANE('',#3550);
#2082=SURFACE_STYLE_USAGE(.BOTH.,#3551);
#2083=FACE_OUTER_BOUND('',#3552,.T.);
#2084=PLANE('',#3553);
#2085=SURFACE_STYLE_USAGE(.BOTH.,#3554);
#2086=FACE_OUTER_BOUND('',#3555,.T.);
#2087=PLANE('',#3556);
#2088=SURFACE_STYLE_USAGE(.BOTH.,#3557);
#2089=FACE_OUTER_BOUND('',#3558,.T.);
#2090=PLANE('',#3559);
#2091=SURFACE_STYLE_USAGE(.BOTH.,#3560);
#2092=FACE_OUTER_BOUND('',#3561,.T.);
#2093=CYLINDRICAL_SURFACE('',#3562,0.254);
#2094=SURFACE_STYLE_USAGE(.BOTH.,#3563);
#2095=FACE_OUTER_BOUND('',#3564,.T.);
#2096=PLANE('',#3565);
#2097=SURFACE_STYLE_USAGE(.BOTH.,#3566);
#2098=FACE_OUTER_BOUND('',#3567,.T.);
#2099=PLANE('',#3568);
#2100=SURFACE_STYLE_USAGE(.BOTH.,#3569);
#2101=FACE_OUTER_BOUND('',#3570,.T.);
#2102=PLANE('',#3571);
#2103=SURFACE_STYLE_USAGE(.BOTH.,#3572);
#2104=FACE_OUTER_BOUND('',#3573,.T.);
#2105=CYLINDRICAL_SURFACE('',#3574,0.127);
#2106=SURFACE_STYLE_USAGE(.BOTH.,#3575);
#2107=FACE_OUTER_BOUND('',#3576,.T.);
#2108=PLANE('',#3577);
#2109=SURFACE_STYLE_USAGE(.BOTH.,#3578);
#2110=FACE_OUTER_BOUND('',#3579,.T.);
#2111=PLANE('',#3580);
#2112=SURFACE_STYLE_USAGE(.BOTH.,#3581);
#2113=FACE_OUTER_BOUND('',#3582,.T.);
#2114=PLANE('',#3583);
#2115=SURFACE_STYLE_USAGE(.BOTH.,#3584);
#2116=FACE_OUTER_BOUND('',#3585,.T.);
#2117=PLANE('',#3586);
#2118=SURFACE_STYLE_USAGE(.BOTH.,#3587);
#2119=FACE_OUTER_BOUND('',#3588,.T.);
#2120=CYLINDRICAL_SURFACE('',#3589,0.254);
#2121=SURFACE_STYLE_USAGE(.BOTH.,#3590);
#2122=FACE_OUTER_BOUND('',#3591,.T.);
#2123=PLANE('',#3592);
#2124=SURFACE_STYLE_USAGE(.BOTH.,#3593);
#2125=FACE_OUTER_BOUND('',#3594,.T.);
#2126=PLANE('',#3595);
#2127=SURFACE_STYLE_USAGE(.BOTH.,#3596);
#2128=FACE_OUTER_BOUND('',#3597,.T.);
#2129=PLANE('',#3598);
#2130=SURFACE_STYLE_USAGE(.BOTH.,#3599);
#2131=FACE_OUTER_BOUND('',#3600,.T.);
#2132=CYLINDRICAL_SURFACE('',#3601,0.127);
#2133=SURFACE_STYLE_USAGE(.BOTH.,#3602);
#2134=FACE_OUTER_BOUND('',#3603,.T.);
#2135=PLANE('',#3604);
#2136=SURFACE_STYLE_USAGE(.BOTH.,#3605);
#2137=FACE_OUTER_BOUND('',#3606,.T.);
#2138=PLANE('',#3607);
#2139=SURFACE_STYLE_USAGE(.BOTH.,#3608);
#2140=FACE_OUTER_BOUND('',#3609,.T.);
#2141=PLANE('',#3610);
#2142=SURFACE_STYLE_USAGE(.BOTH.,#3611);
#2143=FACE_OUTER_BOUND('',#3612,.T.);
#2144=FACE_BOUND('',#3613,.T.);
#2145=PLANE('',#3614);
#2146=SURFACE_STYLE_USAGE(.BOTH.,#3615);
#2147=FACE_OUTER_BOUND('',#3616,.T.);
#2148=PLANE('',#3617);
#2149=SURFACE_STYLE_USAGE(.BOTH.,#3618);
#2150=FACE_OUTER_BOUND('',#3619,.T.);
#2151=PLANE('',#3620);
#2152=SURFACE_STYLE_USAGE(.BOTH.,#3621);
#2153=FACE_OUTER_BOUND('',#3622,.T.);
#2154=PLANE('',#3623);
#2155=SURFACE_STYLE_USAGE(.BOTH.,#3624);
#2156=FACE_OUTER_BOUND('',#3625,.T.);
#2157=PLANE('',#3626);
#2158=SURFACE_STYLE_USAGE(.BOTH.,#3627);
#2159=FACE_OUTER_BOUND('',#3628,.T.);
#2160=PLANE('',#3629);
#2161=SURFACE_STYLE_USAGE(.BOTH.,#3630);
#2162=FACE_OUTER_BOUND('',#3631,.T.);
#2163=PLANE('',#3632);
#2164=SURFACE_STYLE_USAGE(.BOTH.,#3633);
#2165=FACE_OUTER_BOUND('',#3634,.T.);
#2166=PLANE('',#3635);
#2167=SURFACE_STYLE_USAGE(.BOTH.,#3636);
#2168=FACE_OUTER_BOUND('',#3637,.T.);
#2169=PLANE('',#3638);
#2170=SURFACE_STYLE_USAGE(.BOTH.,#3639);
#2171=FACE_OUTER_BOUND('',#3640,.T.);
#2172=PLANE('',#3641);
#2173=SURFACE_STYLE_USAGE(.BOTH.,#3642);
#2174=FACE_OUTER_BOUND('',#3643,.T.);
#2175=PLANE('',#3644);
#2176=SURFACE_STYLE_USAGE(.BOTH.,#3645);
#2177=FACE_OUTER_BOUND('',#3646,.T.);
#2178=PLANE('',#3647);
#2179=SURFACE_STYLE_USAGE(.BOTH.,#3648);
#2180=FACE_OUTER_BOUND('',#3649,.T.);
#2181=PLANE('',#3650);
#2182=SURFACE_STYLE_USAGE(.BOTH.,#3651);
#2183=FACE_OUTER_BOUND('',#3652,.T.);
#2184=PLANE('',#3653);
#2185=SURFACE_STYLE_USAGE(.BOTH.,#3654);
#2186=FACE_OUTER_BOUND('',#3655,.T.);
#2187=PLANE('',#3656);
#2188=SURFACE_STYLE_USAGE(.BOTH.,#3657);
#2189=FACE_OUTER_BOUND('',#3658,.T.);
#2190=PLANE('',#3659);
#2191=SURFACE_STYLE_USAGE(.BOTH.,#3660);
#2192=FACE_OUTER_BOUND('',#3661,.T.);
#2193=PLANE('',#3662);
#2194=SURFACE_STYLE_USAGE(.BOTH.,#3663);
#2195=FACE_OUTER_BOUND('',#3664,.T.);
#2196=PLANE('',#3665);
#2197=SURFACE_STYLE_USAGE(.BOTH.,#3666);
#2198=FACE_OUTER_BOUND('',#3667,.T.);
#2199=PLANE('',#3668);
#2200=SURFACE_STYLE_USAGE(.BOTH.,#3669);
#2201=FACE_OUTER_BOUND('',#3670,.T.);
#2202=PLANE('',#3671);
#2203=SURFACE_STYLE_USAGE(.BOTH.,#3672);
#2204=FACE_OUTER_BOUND('',#3673,.T.);
#2205=PLANE('',#3674);
#2206=SURFACE_STYLE_USAGE(.BOTH.,#3675);
#2207=FACE_OUTER_BOUND('',#3676,.T.);
#2208=PLANE('',#3677);
#2209=SURFACE_STYLE_USAGE(.BOTH.,#3678);
#2210=FACE_OUTER_BOUND('',#3679,.T.);
#2211=PLANE('',#3680);
#2212=SURFACE_STYLE_USAGE(.BOTH.,#3681);
#2213=FACE_OUTER_BOUND('',#3682,.T.);
#2214=PLANE('',#3683);
#2215=SURFACE_STYLE_USAGE(.BOTH.,#3684);
#2216=FACE_OUTER_BOUND('',#3685,.T.);
#2217=PLANE('',#3686);
#2218=SURFACE_STYLE_USAGE(.BOTH.,#3687);
#2219=FACE_OUTER_BOUND('',#3688,.T.);
#2220=PLANE('',#3689);
#2221=SURFACE_STYLE_USAGE(.BOTH.,#3690);
#2222=FACE_OUTER_BOUND('',#3691,.T.);
#2223=PLANE('',#3692);
#2224=SURFACE_STYLE_USAGE(.BOTH.,#3693);
#2225=FACE_OUTER_BOUND('',#3694,.T.);
#2226=PLANE('',#3695);
#2227=SURFACE_STYLE_USAGE(.BOTH.,#3696);
#2228=FACE_OUTER_BOUND('',#3697,.T.);
#2229=PLANE('',#3698);
#2230=SURFACE_STYLE_USAGE(.BOTH.,#3699);
#2231=FACE_OUTER_BOUND('',#3700,.T.);
#2232=PLANE('',#3701);
#2233=SURFACE_STYLE_USAGE(.BOTH.,#3702);
#2234=FACE_OUTER_BOUND('',#3703,.T.);
#2235=PLANE('',#3704);
#2236=SURFACE_STYLE_USAGE(.BOTH.,#3705);
#2237=FACE_OUTER_BOUND('',#3706,.T.);
#2238=PLANE('',#3707);
#2239=SURFACE_STYLE_USAGE(.BOTH.,#3708);
#2240=FACE_OUTER_BOUND('',#3709,.T.);
#2241=PLANE('',#3710);
#2242=SURFACE_STYLE_USAGE(.BOTH.,#3711);
#2243=FACE_OUTER_BOUND('',#3712,.T.);
#2244=PLANE('',#3713);
#2245=SURFACE_STYLE_USAGE(.BOTH.,#3714);
#2246=FACE_OUTER_BOUND('',#3715,.T.);
#2247=PLANE('',#3716);
#2248=SURFACE_STYLE_USAGE(.BOTH.,#3717);
#2249=FACE_OUTER_BOUND('',#3718,.T.);
#2250=PLANE('',#3719);
#2251=SURFACE_STYLE_USAGE(.BOTH.,#3720);
#2252=FACE_OUTER_BOUND('',#3721,.T.);
#2253=PLANE('',#3722);
#2254=SURFACE_STYLE_USAGE(.BOTH.,#3723);
#2255=FACE_OUTER_BOUND('',#3724,.T.);
#2256=PLANE('',#3725);
#2257=SURFACE_STYLE_USAGE(.BOTH.,#3726);
#2258=FACE_OUTER_BOUND('',#3727,.T.);
#2259=PLANE('',#3728);
#2260=SURFACE_STYLE_USAGE(.BOTH.,#3729);
#2261=FACE_OUTER_BOUND('',#3730,.T.);
#2262=PLANE('',#3731);
#2263=SURFACE_STYLE_USAGE(.BOTH.,#3732);
#2264=FACE_OUTER_BOUND('',#3733,.T.);
#2265=PLANE('',#3734);
#2266=SURFACE_STYLE_USAGE(.BOTH.,#3735);
#2267=FACE_OUTER_BOUND('',#3736,.T.);
#2268=PLANE('',#3737);
#2269=SURFACE_STYLE_USAGE(.BOTH.,#3738);
#2270=FACE_OUTER_BOUND('',#3739,.T.);
#2271=PLANE('',#3740);
#2272=SURFACE_STYLE_USAGE(.BOTH.,#3741);
#2273=FACE_OUTER_BOUND('',#3742,.T.);
#2274=PLANE('',#3743);
#2275=SURFACE_STYLE_USAGE(.BOTH.,#3744);
#2276=FACE_OUTER_BOUND('',#3745,.T.);
#2277=PLANE('',#3746);
#2278=SURFACE_STYLE_USAGE(.BOTH.,#3747);
#2279=FACE_OUTER_BOUND('',#3748,.T.);
#2280=PLANE('',#3749);
#2281=SURFACE_STYLE_USAGE(.BOTH.,#3750);
#2282=FACE_OUTER_BOUND('',#3751,.T.);
#2283=PLANE('',#3752);
#2284=SURFACE_STYLE_USAGE(.BOTH.,#3753);
#2285=FACE_OUTER_BOUND('',#3754,.T.);
#2286=PLANE('',#3755);
#2287=SURFACE_STYLE_USAGE(.BOTH.,#3756);
#2288=FACE_OUTER_BOUND('',#3757,.T.);
#2289=PLANE('',#3758);
#2290=SURFACE_STYLE_USAGE(.BOTH.,#3759);
#2291=FACE_OUTER_BOUND('',#3760,.T.);
#2292=PLANE('',#3761);
#2293=SURFACE_STYLE_USAGE(.BOTH.,#3762);
#2294=FACE_OUTER_BOUND('',#3763,.T.);
#2295=PLANE('',#3764);
#2296=SURFACE_STYLE_USAGE(.BOTH.,#3765);
#2297=FACE_OUTER_BOUND('',#3766,.T.);
#2298=PLANE('',#3767);
#2299=SURFACE_STYLE_USAGE(.BOTH.,#3768);
#2300=FACE_OUTER_BOUND('',#3769,.T.);
#2301=PLANE('',#3770);
#2302=SURFACE_STYLE_USAGE(.BOTH.,#3771);
#2303=FACE_OUTER_BOUND('',#3772,.T.);
#2304=PLANE('',#3773);
#2305=SURFACE_STYLE_USAGE(.BOTH.,#3774);
#2306=FACE_OUTER_BOUND('',#3775,.T.);
#2307=PLANE('',#3776);
#2308=SURFACE_STYLE_USAGE(.BOTH.,#3777);
#2309=FACE_OUTER_BOUND('',#3778,.T.);
#2310=PLANE('',#3779);
#2311=SURFACE_STYLE_USAGE(.BOTH.,#3780);
#2312=FACE_OUTER_BOUND('',#3781,.T.);
#2313=PLANE('',#3782);
#2314=SURFACE_STYLE_USAGE(.BOTH.,#3783);
#2315=FACE_OUTER_BOUND('',#3784,.T.);
#2316=PLANE('',#3785);
#2317=SURFACE_STYLE_USAGE(.BOTH.,#3786);
#2318=FACE_OUTER_BOUND('',#3787,.T.);
#2319=PLANE('',#3788);
#2320=SURFACE_STYLE_USAGE(.BOTH.,#3789);
#2321=FACE_OUTER_BOUND('',#3790,.T.);
#2322=PLANE('',#3791);
#2323=SURFACE_STYLE_USAGE(.BOTH.,#3792);
#2324=FACE_OUTER_BOUND('',#3793,.T.);
#2325=PLANE('',#3794);
#2326=SURFACE_STYLE_USAGE(.BOTH.,#3795);
#2327=FACE_OUTER_BOUND('',#3796,.T.);
#2328=PLANE('',#3797);
#2329=SURFACE_STYLE_USAGE(.BOTH.,#3798);
#2330=FACE_OUTER_BOUND('',#3799,.T.);
#2331=PLANE('',#3800);
#2332=SURFACE_STYLE_USAGE(.BOTH.,#3801);
#2333=FACE_OUTER_BOUND('',#3802,.T.);
#2334=PLANE('',#3803);
#2335=SURFACE_STYLE_USAGE(.BOTH.,#3804);
#2336=FACE_OUTER_BOUND('',#3805,.T.);
#2337=PLANE('',#3806);
#2338=SURFACE_STYLE_USAGE(.BOTH.,#3807);
#2339=FACE_OUTER_BOUND('',#3808,.T.);
#2340=PLANE('',#3809);
#2341=SURFACE_STYLE_USAGE(.BOTH.,#3810);
#2342=FACE_OUTER_BOUND('',#3811,.T.);
#2343=PLANE('',#3812);
#2344=SURFACE_STYLE_USAGE(.BOTH.,#3813);
#2345=FACE_OUTER_BOUND('',#3814,.T.);
#2346=PLANE('',#3815);
#2347=SURFACE_STYLE_USAGE(.BOTH.,#3816);
#2348=FACE_OUTER_BOUND('',#3817,.T.);
#2349=PLANE('',#3818);
#2350=SURFACE_STYLE_USAGE(.BOTH.,#3819);
#2351=FACE_OUTER_BOUND('',#3820,.T.);
#2352=PLANE('',#3821);
#2353=SURFACE_STYLE_USAGE(.BOTH.,#3822);
#2354=FACE_OUTER_BOUND('',#3823,.T.);
#2355=PLANE('',#3824);
#2356=SURFACE_STYLE_USAGE(.BOTH.,#3825);
#2357=FACE_OUTER_BOUND('',#3826,.T.);
#2358=PLANE('',#3827);
#2359=SURFACE_STYLE_USAGE(.BOTH.,#3828);
#2360=FACE_OUTER_BOUND('',#3829,.T.);
#2361=PLANE('',#3830);
#2362=SURFACE_STYLE_USAGE(.BOTH.,#3831);
#2363=FACE_OUTER_BOUND('',#3832,.T.);
#2364=PLANE('',#3833);
#2365=SURFACE_STYLE_USAGE(.BOTH.,#3834);
#2366=FACE_OUTER_BOUND('',#3835,.T.);
#2367=PLANE('',#3836);
#2368=SURFACE_STYLE_USAGE(.BOTH.,#3837);
#2369=FACE_OUTER_BOUND('',#3838,.T.);
#2370=PLANE('',#3839);
#2371=SURFACE_STYLE_USAGE(.BOTH.,#3840);
#2372=FACE_OUTER_BOUND('',#3841,.T.);
#2373=PLANE('',#3842);
#2374=SURFACE_STYLE_USAGE(.BOTH.,#3843);
#2375=FACE_OUTER_BOUND('',#3844,.T.);
#2376=PLANE('',#3845);
#2377=SURFACE_STYLE_USAGE(.BOTH.,#3846);
#2378=FACE_OUTER_BOUND('',#3847,.T.);
#2379=PLANE('',#3848);
#2380=SURFACE_STYLE_USAGE(.BOTH.,#3849);
#2381=FACE_OUTER_BOUND('',#3850,.T.);
#2382=PLANE('',#3851);
#2383=SURFACE_STYLE_USAGE(.BOTH.,#3852);
#2384=FACE_OUTER_BOUND('',#3853,.T.);
#2385=PLANE('',#3854);
#2386=SURFACE_STYLE_USAGE(.BOTH.,#3855);
#2387=FACE_OUTER_BOUND('',#3856,.T.);
#2388=PLANE('',#3857);
#2389=SURFACE_STYLE_USAGE(.BOTH.,#3858);
#2390=FACE_OUTER_BOUND('',#3859,.T.);
#2391=PLANE('',#3860);
#2392=SURFACE_STYLE_USAGE(.BOTH.,#3861);
#2393=FACE_OUTER_BOUND('',#3862,.T.);
#2394=PLANE('',#3863);
#2395=SURFACE_STYLE_USAGE(.BOTH.,#3864);
#2396=FACE_OUTER_BOUND('',#3865,.T.);
#2397=PLANE('',#3866);
#2398=SURFACE_STYLE_USAGE(.BOTH.,#3867);
#2399=FACE_OUTER_BOUND('',#3868,.T.);
#2400=PLANE('',#3869);
#2401=SURFACE_STYLE_USAGE(.BOTH.,#3870);
#2402=FACE_OUTER_BOUND('',#3871,.T.);
#2403=PLANE('',#3872);
#2404=SURFACE_STYLE_USAGE(.BOTH.,#3873);
#2405=FACE_OUTER_BOUND('',#3874,.T.);
#2406=PLANE('',#3875);
#2407=SURFACE_STYLE_USAGE(.BOTH.,#3876);
#2408=FACE_OUTER_BOUND('',#3877,.T.);
#2409=PLANE('',#3878);
#2410=SURFACE_STYLE_USAGE(.BOTH.,#3879);
#2411=FACE_OUTER_BOUND('',#3880,.T.);
#2412=PLANE('',#3881);
#2413=SURFACE_STYLE_USAGE(.BOTH.,#3882);
#2414=FACE_OUTER_BOUND('',#3883,.T.);
#2415=PLANE('',#3884);
#2416=SURFACE_STYLE_USAGE(.BOTH.,#3885);
#2417=FACE_OUTER_BOUND('',#3886,.T.);
#2418=PLANE('',#3887);
#2419=SURFACE_STYLE_USAGE(.BOTH.,#3888);
#2420=FACE_OUTER_BOUND('',#3889,.T.);
#2421=PLANE('',#3890);
#2422=SURFACE_STYLE_USAGE(.BOTH.,#3891);
#2423=FACE_OUTER_BOUND('',#3892,.T.);
#2424=PLANE('',#3893);
#2425=SURFACE_STYLE_USAGE(.BOTH.,#3894);
#2426=FACE_OUTER_BOUND('',#3895,.T.);
#2427=PLANE('',#3896);
#2428=SURFACE_STYLE_USAGE(.BOTH.,#3897);
#2429=FACE_OUTER_BOUND('',#3898,.T.);
#2430=PLANE('',#3899);
#2431=SURFACE_STYLE_USAGE(.BOTH.,#3900);
#2432=FACE_OUTER_BOUND('',#3901,.T.);
#2433=PLANE('',#3902);
#2434=SURFACE_STYLE_USAGE(.BOTH.,#3903);
#2435=FACE_OUTER_BOUND('',#3904,.T.);
#2436=PLANE('',#3905);
#2437=SURFACE_STYLE_USAGE(.BOTH.,#3906);
#2438=FACE_OUTER_BOUND('',#3907,.T.);
#2439=PLANE('',#3908);
#2440=SURFACE_STYLE_USAGE(.BOTH.,#3909);
#2441=FACE_OUTER_BOUND('',#3910,.T.);
#2442=PLANE('',#3911);
#2443=SURFACE_STYLE_USAGE(.BOTH.,#3912);
#2444=FACE_OUTER_BOUND('',#3913,.T.);
#2445=PLANE('',#3914);
#2446=SURFACE_STYLE_USAGE(.BOTH.,#3915);
#2447=FACE_OUTER_BOUND('',#3916,.T.);
#2448=PLANE('',#3917);
#2449=SURFACE_STYLE_USAGE(.BOTH.,#3918);
#2450=FACE_OUTER_BOUND('',#3919,.T.);
#2451=PLANE('',#3920);
#2452=SURFACE_STYLE_USAGE(.BOTH.,#3921);
#2453=FACE_OUTER_BOUND('',#3922,.T.);
#2454=PLANE('',#3923);
#2455=SURFACE_STYLE_USAGE(.BOTH.,#3924);
#2456=FACE_OUTER_BOUND('',#3925,.T.);
#2457=PLANE('',#3926);
#2458=SURFACE_STYLE_USAGE(.BOTH.,#3927);
#2459=FACE_OUTER_BOUND('',#3928,.T.);
#2460=PLANE('',#3929);
#2461=SURFACE_STYLE_USAGE(.BOTH.,#3930);
#2462=FACE_OUTER_BOUND('',#3931,.T.);
#2463=PLANE('',#3932);
#2464=SURFACE_STYLE_USAGE(.BOTH.,#3933);
#2465=FACE_OUTER_BOUND('',#3934,.T.);
#2466=PLANE('',#3935);
#2467=SURFACE_STYLE_USAGE(.BOTH.,#3936);
#2468=FACE_OUTER_BOUND('',#3937,.T.);
#2469=PLANE('',#3938);
#2470=SURFACE_STYLE_USAGE(.BOTH.,#3939);
#2471=FACE_OUTER_BOUND('',#3940,.T.);
#2472=PLANE('',#3941);
#2473=SURFACE_STYLE_USAGE(.BOTH.,#3942);
#2474=FACE_OUTER_BOUND('',#3943,.T.);
#2475=PLANE('',#3944);
#2476=SURFACE_STYLE_USAGE(.BOTH.,#3945);
#2477=FACE_OUTER_BOUND('',#3946,.T.);
#2478=PLANE('',#3947);
#2479=SURFACE_STYLE_USAGE(.BOTH.,#3948);
#2480=FACE_OUTER_BOUND('',#3949,.T.);
#2481=PLANE('',#3950);
#2482=SURFACE_STYLE_USAGE(.BOTH.,#3951);
#2483=FACE_OUTER_BOUND('',#3952,.T.);
#2484=PLANE('',#3953);
#2485=SURFACE_STYLE_USAGE(.BOTH.,#3954);
#2486=FACE_OUTER_BOUND('',#3955,.T.);
#2487=PLANE('',#3956);
#2488=SURFACE_STYLE_USAGE(.BOTH.,#3957);
#2489=FACE_OUTER_BOUND('',#3958,.T.);
#2490=PLANE('',#3959);
#2491=SURFACE_STYLE_USAGE(.BOTH.,#3960);
#2492=FACE_OUTER_BOUND('',#3961,.T.);
#2493=PLANE('',#3962);
#2494=SURFACE_STYLE_USAGE(.BOTH.,#3963);
#2495=FACE_OUTER_BOUND('',#3964,.T.);
#2496=PLANE('',#3965);
#2497=SURFACE_STYLE_USAGE(.BOTH.,#3966);
#2498=FACE_OUTER_BOUND('',#3967,.T.);
#2499=PLANE('',#3968);
#2500=SURFACE_STYLE_USAGE(.BOTH.,#3969);
#2501=FACE_OUTER_BOUND('',#3970,.T.);
#2502=PLANE('',#3971);
#2503=SURFACE_STYLE_USAGE(.BOTH.,#3972);
#2504=FACE_OUTER_BOUND('',#3973,.T.);
#2505=PLANE('',#3974);
#2506=SURFACE_STYLE_USAGE(.BOTH.,#3975);
#2507=FACE_OUTER_BOUND('',#3976,.T.);
#2508=PLANE('',#3977);
#2509=SURFACE_STYLE_USAGE(.BOTH.,#3978);
#2510=FACE_OUTER_BOUND('',#3979,.T.);
#2511=PLANE('',#3980);
#2512=SURFACE_STYLE_USAGE(.BOTH.,#3981);
#2513=FACE_OUTER_BOUND('',#3982,.T.);
#2514=PLANE('',#3983);
#2515=SURFACE_STYLE_USAGE(.BOTH.,#3984);
#2516=FACE_OUTER_BOUND('',#3985,.T.);
#2517=PLANE('',#3986);
#2518=SURFACE_STYLE_USAGE(.BOTH.,#3987);
#2519=FACE_OUTER_BOUND('',#3988,.T.);
#2520=PLANE('',#3989);
#2521=SURFACE_STYLE_USAGE(.BOTH.,#3990);
#2522=FACE_OUTER_BOUND('',#3991,.T.);
#2523=PLANE('',#3992);
#2524=SURFACE_STYLE_USAGE(.BOTH.,#3993);
#2525=FACE_OUTER_BOUND('',#3994,.T.);
#2526=PLANE('',#3995);
#2527=SURFACE_STYLE_USAGE(.BOTH.,#3996);
#2528=FACE_OUTER_BOUND('',#3997,.T.);
#2529=PLANE('',#3998);
#2530=SURFACE_STYLE_USAGE(.BOTH.,#3999);
#2531=FACE_OUTER_BOUND('',#4000,.T.);
#2532=PLANE('',#4001);
#2533=SURFACE_STYLE_USAGE(.BOTH.,#4002);
#2534=FACE_OUTER_BOUND('',#4003,.T.);
#2535=PLANE('',#4004);
#2536=SURFACE_STYLE_USAGE(.BOTH.,#4005);
#2537=FACE_OUTER_BOUND('',#4006,.T.);
#2538=PLANE('',#4007);
#2539=SURFACE_STYLE_USAGE(.BOTH.,#4008);
#2540=FACE_OUTER_BOUND('',#4009,.T.);
#2541=PLANE('',#4010);
#2542=SURFACE_STYLE_USAGE(.BOTH.,#4011);
#2543=FACE_OUTER_BOUND('',#4012,.T.);
#2544=PLANE('',#4013);
#2545=SURFACE_STYLE_USAGE(.BOTH.,#4014);
#2546=FACE_OUTER_BOUND('',#4015,.T.);
#2547=PLANE('',#4016);
#2548=SURFACE_STYLE_USAGE(.BOTH.,#4017);
#2549=FACE_OUTER_BOUND('',#4018,.T.);
#2550=PLANE('',#4019);
#2551=SURFACE_STYLE_USAGE(.BOTH.,#4020);
#2552=FACE_OUTER_BOUND('',#4021,.T.);
#2553=PLANE('',#4022);
#2554=SURFACE_STYLE_USAGE(.BOTH.,#4023);
#2555=FACE_OUTER_BOUND('',#4024,.T.);
#2556=PLANE('',#4025);
#2557=SURFACE_STYLE_USAGE(.BOTH.,#4026);
#2558=FACE_OUTER_BOUND('',#4027,.T.);
#2559=PLANE('',#4028);
#2560=SURFACE_STYLE_USAGE(.BOTH.,#4029);
#2561=FACE_OUTER_BOUND('',#4030,.T.);
#2562=PLANE('',#4031);
#2563=SURFACE_STYLE_USAGE(.BOTH.,#4032);
#2564=FACE_OUTER_BOUND('',#4033,.T.);
#2565=PLANE('',#4034);
#2566=SURFACE_STYLE_USAGE(.BOTH.,#4035);
#2567=FACE_OUTER_BOUND('',#4036,.T.);
#2568=PLANE('',#4037);
#2569=SURFACE_STYLE_USAGE(.BOTH.,#4038);
#2570=FACE_OUTER_BOUND('',#4039,.T.);
#2571=PLANE('',#4040);
#2572=SURFACE_STYLE_USAGE(.BOTH.,#4041);
#2573=FACE_OUTER_BOUND('',#4042,.T.);
#2574=PLANE('',#4043);
#2575=SURFACE_STYLE_USAGE(.BOTH.,#4044);
#2576=FACE_OUTER_BOUND('',#4045,.T.);
#2577=PLANE('',#4046);
#2578=SURFACE_STYLE_USAGE(.BOTH.,#4047);
#2579=FACE_OUTER_BOUND('',#4048,.T.);
#2580=PLANE('',#4049);
#2581=SURFACE_STYLE_USAGE(.BOTH.,#4050);
#2582=FACE_OUTER_BOUND('',#4051,.T.);
#2583=PLANE('',#4052);
#2584=SURFACE_STYLE_USAGE(.BOTH.,#4053);
#2585=FACE_OUTER_BOUND('',#4054,.T.);
#2586=PLANE('',#4055);
#2587=SURFACE_STYLE_USAGE(.BOTH.,#4056);
#2588=FACE_OUTER_BOUND('',#4057,.T.);
#2589=PLANE('',#4058);
#2590=SURFACE_STYLE_USAGE(.BOTH.,#4059);
#2591=FACE_OUTER_BOUND('',#4060,.T.);
#2592=PLANE('',#4061);
#2593=SURFACE_STYLE_USAGE(.BOTH.,#4062);
#2594=FACE_OUTER_BOUND('',#4063,.T.);
#2595=PLANE('',#4064);
#2596=SURFACE_STYLE_USAGE(.BOTH.,#4065);
#2597=FACE_OUTER_BOUND('',#4066,.T.);
#2598=PLANE('',#4067);
#2599=SURFACE_STYLE_USAGE(.BOTH.,#4068);
#2600=FACE_OUTER_BOUND('',#4069,.T.);
#2601=PLANE('',#4070);
#2602=SURFACE_STYLE_USAGE(.BOTH.,#4071);
#2603=FACE_OUTER_BOUND('',#4072,.T.);
#2604=PLANE('',#4073);
#2605=SURFACE_STYLE_USAGE(.BOTH.,#4074);
#2606=FACE_OUTER_BOUND('',#4075,.T.);
#2607=PLANE('',#4076);
#2608=SURFACE_STYLE_USAGE(.BOTH.,#4077);
#2609=FACE_OUTER_BOUND('',#4078,.T.);
#2610=PLANE('',#4079);
#2611=SURFACE_STYLE_USAGE(.BOTH.,#4080);
#2612=FACE_OUTER_BOUND('',#4081,.T.);
#2613=PLANE('',#4082);
#2614=SURFACE_STYLE_USAGE(.BOTH.,#4083);
#2615=FACE_OUTER_BOUND('',#4084,.T.);
#2616=PLANE('',#4085);
#2617=SURFACE_STYLE_USAGE(.BOTH.,#4086);
#2618=FACE_OUTER_BOUND('',#4087,.T.);
#2619=PLANE('',#4088);
#2620=SURFACE_STYLE_USAGE(.BOTH.,#4089);
#2621=FACE_OUTER_BOUND('',#4090,.T.);
#2622=PLANE('',#4091);
#2623=SURFACE_STYLE_USAGE(.BOTH.,#4092);
#2624=FACE_OUTER_BOUND('',#4093,.T.);
#2625=PLANE('',#4094);
#2626=SURFACE_STYLE_USAGE(.BOTH.,#4095);
#2627=FACE_OUTER_BOUND('',#4096,.T.);
#2628=PLANE('',#4097);
#2629=SURFACE_STYLE_USAGE(.BOTH.,#4098);
#2630=FACE_OUTER_BOUND('',#4099,.T.);
#2631=PLANE('',#4100);
#2632=SURFACE_STYLE_USAGE(.BOTH.,#4101);
#2633=FACE_OUTER_BOUND('',#4102,.T.);
#2634=PLANE('',#4103);
#2635=SURFACE_STYLE_USAGE(.BOTH.,#4104);
#2636=FACE_OUTER_BOUND('',#4105,.T.);
#2637=PLANE('',#4106);
#2638=SURFACE_STYLE_USAGE(.BOTH.,#4107);
#2639=FACE_OUTER_BOUND('',#4108,.T.);
#2640=PLANE('',#4109);
#2641=SURFACE_STYLE_USAGE(.BOTH.,#4110);
#2642=FACE_OUTER_BOUND('',#4111,.T.);
#2643=PLANE('',#4112);
#2644=SURFACE_STYLE_USAGE(.BOTH.,#4113);
#2645=FACE_OUTER_BOUND('',#4114,.T.);
#2646=PLANE('',#4115);
#2647=SURFACE_STYLE_USAGE(.BOTH.,#4116);
#2648=FACE_OUTER_BOUND('',#4117,.T.);
#2649=PLANE('',#4118);
#2650=SURFACE_STYLE_USAGE(.BOTH.,#4119);
#2651=FACE_OUTER_BOUND('',#4120,.T.);
#2652=PLANE('',#4121);
#2653=SURFACE_STYLE_USAGE(.BOTH.,#4122);
#2654=FACE_OUTER_BOUND('',#4123,.T.);
#2655=PLANE('',#4124);
#2656=SURFACE_STYLE_USAGE(.BOTH.,#4125);
#2657=FACE_OUTER_BOUND('',#4126,.T.);
#2658=PLANE('',#4127);
#2659=SURFACE_STYLE_USAGE(.BOTH.,#4128);
#2660=FACE_OUTER_BOUND('',#4129,.T.);
#2661=PLANE('',#4130);
#2662=SURFACE_STYLE_USAGE(.BOTH.,#4131);
#2663=FACE_OUTER_BOUND('',#4132,.T.);
#2664=PLANE('',#4133);
#2665=SURFACE_STYLE_USAGE(.BOTH.,#4134);
#2666=FACE_OUTER_BOUND('',#4135,.T.);
#2667=PLANE('',#4136);
#2668=SURFACE_STYLE_USAGE(.BOTH.,#4137);
#2669=FACE_OUTER_BOUND('',#4138,.T.);
#2670=PLANE('',#4139);
#2671=SURFACE_STYLE_USAGE(.BOTH.,#4140);
#2672=FACE_OUTER_BOUND('',#4141,.T.);
#2673=FACE_BOUND('',#4142,.T.);
#2674=PLANE('',#4143);
#2675=SURFACE_STYLE_USAGE(.BOTH.,#4144);
#2676=FACE_OUTER_BOUND('',#4145,.T.);
#2677=PLANE('',#4146);
#2678=SURFACE_STYLE_USAGE(.BOTH.,#4147);
#2679=FACE_OUTER_BOUND('',#4148,.T.);
#2680=PLANE('',#4149);
#2681=SURFACE_STYLE_USAGE(.BOTH.,#4150);
#2682=FACE_OUTER_BOUND('',#4151,.T.);
#2683=PLANE('',#4152);
#2684=SURFACE_STYLE_USAGE(.BOTH.,#4153);
#2685=FACE_OUTER_BOUND('',#4154,.T.);
#2686=PLANE('',#4155);
#2687=SURFACE_STYLE_USAGE(.BOTH.,#4156);
#2688=FACE_OUTER_BOUND('',#4157,.T.);
#2689=PLANE('',#4158);
#2690=SURFACE_STYLE_USAGE(.BOTH.,#4159);
#2691=FACE_OUTER_BOUND('',#4160,.T.);
#2692=PLANE('',#4161);
#2693=SURFACE_STYLE_USAGE(.BOTH.,#4162);
#2694=FACE_OUTER_BOUND('',#4163,.T.);
#2695=PLANE('',#4164);
#2696=SURFACE_STYLE_USAGE(.BOTH.,#4165);
#2697=FACE_OUTER_BOUND('',#4166,.T.);
#2698=FACE_BOUND('',#4167,.T.);
#2699=PLANE('',#4168);
#2700=SURFACE_STYLE_USAGE(.BOTH.,#4169);
#2701=FACE_OUTER_BOUND('',#4170,.T.);
#2702=PLANE('',#4171);
#2703=SURFACE_STYLE_USAGE(.BOTH.,#4172);
#2704=FACE_OUTER_BOUND('',#4173,.T.);
#2705=PLANE('',#4174);
#2706=SURFACE_STYLE_USAGE(.BOTH.,#4175);
#2707=FACE_OUTER_BOUND('',#4176,.T.);
#2708=PLANE('',#4177);
#2709=SURFACE_STYLE_USAGE(.BOTH.,#4178);
#2710=FACE_OUTER_BOUND('',#4179,.T.);
#2711=PLANE('',#4180);
#2712=SURFACE_STYLE_USAGE(.BOTH.,#4181);
#2713=FACE_OUTER_BOUND('',#4182,.T.);
#2714=PLANE('',#4183);
#2715=SURFACE_STYLE_USAGE(.BOTH.,#4184);
#2716=FACE_OUTER_BOUND('',#4185,.T.);
#2717=PLANE('',#4186);
#2718=SURFACE_STYLE_USAGE(.BOTH.,#4187);
#2719=FACE_OUTER_BOUND('',#4188,.T.);
#2720=PLANE('',#4189);
#2721=SURFACE_STYLE_USAGE(.BOTH.,#4190);
#2722=FACE_OUTER_BOUND('',#4191,.T.);
#2723=FACE_BOUND('',#4192,.T.);
#2724=PLANE('',#4193);
#2725=SURFACE_STYLE_USAGE(.BOTH.,#4194);
#2726=FACE_OUTER_BOUND('',#4195,.T.);
#2727=PLANE('',#4196);
#2728=SURFACE_STYLE_USAGE(.BOTH.,#4197);
#2729=FACE_OUTER_BOUND('',#4198,.T.);
#2730=PLANE('',#4199);
#2731=SURFACE_STYLE_USAGE(.BOTH.,#4200);
#2732=FACE_OUTER_BOUND('',#4201,.T.);
#2733=PLANE('',#4202);
#2734=SURFACE_STYLE_USAGE(.BOTH.,#4203);
#2735=FACE_OUTER_BOUND('',#4204,.T.);
#2736=PLANE('',#4205);
#2737=SURFACE_STYLE_USAGE(.BOTH.,#4206);
#2738=FACE_OUTER_BOUND('',#4207,.T.);
#2739=PLANE('',#4208);
#2740=SURFACE_STYLE_USAGE(.BOTH.,#4209);
#2741=FACE_OUTER_BOUND('',#4210,.T.);
#2742=PLANE('',#4211);
#2743=SURFACE_STYLE_USAGE(.BOTH.,#4212);
#2744=FACE_OUTER_BOUND('',#4213,.T.);
#2745=PLANE('',#4214);
#2746=SURFACE_STYLE_USAGE(.BOTH.,#4215);
#2747=FACE_OUTER_BOUND('',#4216,.T.);
#2748=FACE_BOUND('',#4217,.T.);
#2749=PLANE('',#4218);
#2750=SURFACE_STYLE_USAGE(.BOTH.,#4219);
#2751=FACE_OUTER_BOUND('',#4220,.T.);
#2752=PLANE('',#4221);
#2753=SURFACE_STYLE_USAGE(.BOTH.,#4222);
#2754=FACE_OUTER_BOUND('',#4223,.T.);
#2755=PLANE('',#4224);
#2756=SURFACE_STYLE_USAGE(.BOTH.,#4225);
#2757=FACE_OUTER_BOUND('',#4226,.T.);
#2758=PLANE('',#4227);
#2759=SURFACE_STYLE_USAGE(.BOTH.,#4228);
#2760=FACE_OUTER_BOUND('',#4229,.T.);
#2761=PLANE('',#4230);
#2762=SURFACE_STYLE_USAGE(.BOTH.,#4231);
#2763=FACE_OUTER_BOUND('',#4232,.T.);
#2764=PLANE('',#4233);
#2765=SURFACE_STYLE_USAGE(.BOTH.,#4234);
#2766=FACE_OUTER_BOUND('',#4235,.T.);
#2767=PLANE('',#4236);
#2768=SURFACE_STYLE_USAGE(.BOTH.,#4237);
#2769=FACE_OUTER_BOUND('',#4238,.T.);
#2770=PLANE('',#4239);
#2771=SURFACE_STYLE_USAGE(.BOTH.,#4240);
#2772=FACE_OUTER_BOUND('',#4241,.T.);
#2773=FACE_BOUND('',#4242,.T.);
#2774=PLANE('',#4243);
#2775=SURFACE_STYLE_USAGE(.BOTH.,#4244);
#2776=FACE_OUTER_BOUND('',#4245,.T.);
#2777=PLANE('',#4246);
#2778=SURFACE_STYLE_USAGE(.BOTH.,#4247);
#2779=FACE_OUTER_BOUND('',#4248,.T.);
#2780=PLANE('',#4249);
#2781=SURFACE_STYLE_USAGE(.BOTH.,#4250);
#2782=FACE_OUTER_BOUND('',#4251,.T.);
#2783=PLANE('',#4252);
#2784=SURFACE_STYLE_USAGE(.BOTH.,#4253);
#2785=FACE_OUTER_BOUND('',#4254,.T.);
#2786=PLANE('',#4255);
#2787=SURFACE_STYLE_USAGE(.BOTH.,#4256);
#2788=FACE_OUTER_BOUND('',#4257,.T.);
#2789=PLANE('',#4258);
#2790=SURFACE_STYLE_USAGE(.BOTH.,#4259);
#2791=FACE_OUTER_BOUND('',#4260,.T.);
#2792=PLANE('',#4261);
#2793=SURFACE_STYLE_USAGE(.BOTH.,#4262);
#2794=FACE_OUTER_BOUND('',#4263,.T.);
#2795=PLANE('',#4264);
#2796=SURFACE_STYLE_USAGE(.BOTH.,#4265);
#2797=FACE_OUTER_BOUND('',#4266,.T.);
#2798=FACE_BOUND('',#4267,.T.);
#2799=PLANE('',#4268);
#2800=SURFACE_STYLE_USAGE(.BOTH.,#4269);
#2801=FACE_OUTER_BOUND('',#4270,.T.);
#2802=PLANE('',#4271);
#2803=SURFACE_STYLE_USAGE(.BOTH.,#4272);
#2804=FACE_OUTER_BOUND('',#4273,.T.);
#2805=PLANE('',#4274);
#2806=SURFACE_STYLE_USAGE(.BOTH.,#4275);
#2807=FACE_OUTER_BOUND('',#4276,.T.);
#2808=PLANE('',#4277);
#2809=SURFACE_STYLE_USAGE(.BOTH.,#4278);
#2810=FACE_OUTER_BOUND('',#4279,.T.);
#2811=PLANE('',#4280);
#2812=SURFACE_STYLE_USAGE(.BOTH.,#4281);
#2813=FACE_OUTER_BOUND('',#4282,.T.);
#2814=PLANE('',#4283);
#2815=SURFACE_STYLE_USAGE(.BOTH.,#4284);
#2816=FACE_OUTER_BOUND('',#4285,.T.);
#2817=PLANE('',#4286);
#2818=SURFACE_STYLE_USAGE(.BOTH.,#4287);
#2819=FACE_OUTER_BOUND('',#4288,.T.);
#2820=PLANE('',#4289);
#2821=SURFACE_STYLE_USAGE(.BOTH.,#4290);
#2822=FACE_OUTER_BOUND('',#4291,.T.);
#2823=FACE_BOUND('',#4292,.T.);
#2824=PLANE('',#4293);
#2825=SURFACE_STYLE_USAGE(.BOTH.,#4294);
#2826=FACE_OUTER_BOUND('',#4295,.T.);
#2827=PLANE('',#4296);
#2828=SURFACE_STYLE_USAGE(.BOTH.,#4297);
#2829=FACE_OUTER_BOUND('',#4298,.T.);
#2830=PLANE('',#4299);
#2831=SURFACE_STYLE_USAGE(.BOTH.,#4300);
#2832=FACE_OUTER_BOUND('',#4301,.T.);
#2833=PLANE('',#4302);
#2834=SURFACE_STYLE_USAGE(.BOTH.,#4303);
#2835=FACE_OUTER_BOUND('',#4304,.T.);
#2836=PLANE('',#4305);
#2837=SURFACE_STYLE_USAGE(.BOTH.,#4306);
#2838=FACE_OUTER_BOUND('',#4307,.T.);
#2839=PLANE('',#4308);
#2840=SURFACE_STYLE_USAGE(.BOTH.,#4309);
#2841=FACE_OUTER_BOUND('',#4310,.T.);
#2842=PLANE('',#4311);
#2843=SURFACE_STYLE_USAGE(.BOTH.,#4312);
#2844=FACE_OUTER_BOUND('',#4313,.T.);
#2845=PLANE('',#4314);
#2846=SURFACE_STYLE_USAGE(.BOTH.,#4315);
#2847=FACE_OUTER_BOUND('',#4316,.T.);
#2848=FACE_BOUND('',#4317,.T.);
#2849=PLANE('',#4318);
#2850=SURFACE_STYLE_USAGE(.BOTH.,#4319);
#2851=FACE_OUTER_BOUND('',#4320,.T.);
#2852=PLANE('',#4321);
#2853=SURFACE_STYLE_USAGE(.BOTH.,#4322);
#2854=FACE_OUTER_BOUND('',#4323,.T.);
#2855=PLANE('',#4324);
#2856=SURFACE_STYLE_USAGE(.BOTH.,#4325);
#2857=FACE_OUTER_BOUND('',#4326,.T.);
#2858=PLANE('',#4327);
#2859=SURFACE_STYLE_USAGE(.BOTH.,#4328);
#2860=FACE_OUTER_BOUND('',#4329,.T.);
#2861=PLANE('',#4330);
#2862=SURFACE_STYLE_USAGE(.BOTH.,#4331);
#2863=FACE_OUTER_BOUND('',#4332,.T.);
#2864=PLANE('',#4333);
#2865=SURFACE_STYLE_USAGE(.BOTH.,#4334);
#2866=FACE_OUTER_BOUND('',#4335,.T.);
#2867=PLANE('',#4336);
#2868=SURFACE_STYLE_USAGE(.BOTH.,#4337);
#2869=FACE_OUTER_BOUND('',#4338,.T.);
#2870=PLANE('',#4339);
#2871=SURFACE_STYLE_USAGE(.BOTH.,#4340);
#2872=FACE_BOUND('',#4341,.T.);
#2873=FACE_BOUND('',#4342,.T.);
#2874=FACE_BOUND('',#4343,.T.);
#2875=FACE_BOUND('',#4344,.T.);
#2876=FACE_BOUND('',#4345,.T.);
#2877=FACE_BOUND('',#4346,.T.);
#2878=FACE_BOUND('',#4347,.T.);
#2879=FACE_BOUND('',#4348,.T.);
#2880=FACE_BOUND('',#4349,.T.);
#2881=FACE_BOUND('',#4350,.T.);
#2882=FACE_BOUND('',#4351,.T.);
#2883=FACE_BOUND('',#4352,.T.);
#2884=FACE_BOUND('',#4353,.T.);
#2885=FACE_BOUND('',#4354,.T.);
#2886=FACE_BOUND('',#4355,.T.);
#2887=FACE_BOUND('',#4356,.T.);
#2888=FACE_BOUND('',#4357,.T.);
#2889=FACE_BOUND('',#4358,.T.);
#2890=FACE_BOUND('',#4359,.T.);
#2891=FACE_BOUND('',#4360,.T.);
#2892=FACE_OUTER_BOUND('',#4361,.T.);
#2893=PLANE('',#4362);
#2894=SURFACE_STYLE_USAGE(.BOTH.,#4363);
#2895=FACE_OUTER_BOUND('',#4364,.T.);
#2896=PLANE('',#4365);
#2897=SURFACE_STYLE_USAGE(.BOTH.,#4366);
#2898=FACE_OUTER_BOUND('',#4367,.T.);
#2899=PLANE('',#4368);
#2900=SURFACE_STYLE_USAGE(.BOTH.,#4369);
#2901=FACE_OUTER_BOUND('',#4370,.T.);
#2902=PLANE('',#4371);
#2903=SURFACE_STYLE_USAGE(.BOTH.,#4372);
#2904=FACE_OUTER_BOUND('',#4373,.T.);
#2905=PLANE('',#4374);
#2906=SURFACE_STYLE_USAGE(.BOTH.,#4375);
#2907=FACE_OUTER_BOUND('',#4376,.T.);
#2908=PLANE('',#4377);
#2909=SURFACE_STYLE_USAGE(.BOTH.,#4378);
#2910=FACE_OUTER_BOUND('',#4379,.T.);
#2911=PLANE('',#4380);
#2912=SURFACE_STYLE_USAGE(.BOTH.,#4381);
#2913=FACE_OUTER_BOUND('',#4382,.T.);
#2914=PLANE('',#4383);
#2915=SURFACE_STYLE_USAGE(.BOTH.,#4384);
#2916=FACE_OUTER_BOUND('',#4385,.T.);
#2917=PLANE('',#4386);
#2918=SURFACE_STYLE_USAGE(.BOTH.,#4387);
#2919=FACE_OUTER_BOUND('',#4388,.T.);
#2920=PLANE('',#4389);
#2921=SURFACE_STYLE_USAGE(.BOTH.,#4390);
#2922=FACE_OUTER_BOUND('',#4391,.T.);
#2923=PLANE('',#4392);
#2924=PRODUCT_CONTEXT('',#484,'mechanical');
#2925=PRODUCT_DEFINITION_FORMATION_WITH_SPECIFIED_SOURCE(' ','NONE',#1445,.NOT_KNOWN.);
#2926=CLOSED_SHELL('',(#498,#500,#502,#504,#506,#508,#510,#512,#514,#516,#518,#520,#522,#524,#526,#528,#530,#532,#534,#536,#538,#540,#542,#544,#546,#548,#550,#552,#554,#556,#558,#560,#562,#564,#566,#568,#570,#572,#574,#576,#578,#580,#582,#584,#586,#588,#590,#592,#594,#596,#598,#600,#602,#604,#606,#608,#610,#612,#614,#616,#618,#620,#622,#624,#626,#628,#630,#632,#634,#636,#638,#640,#642,#644,#646,#648,#650,#652,#654,#656,#658,#660,#662,#664,#666,#668,#670,#672,#674,#676,#678,#680,#682,#684,#686,#688,#690,#692,#694,#696,#698,#700,#702,#704,#706,#708,#710,#712,#714,#716,#718,#720,#722,#724,#726,#728,#730,#732,#734,#736,#738,#740,#742,#744,#746,#748,#750,#752,#754,#756,#758,#760,#762,#764,#766,#768,#770,#772,#774,#776,#778,#780,#782,#784,#786,#788,#790,#792,#794,#796,#798,#800,#802,#804,#806,#808,#810,#812,#814,#816,#818,#820,#822,#824,#826,#828,#830,#832,#834,#836,#838,#840,#842,#844,#846,#848,#850,#852,#854,#856,#858,#860,#862,#864,#866,#868,#870,#872,#874,#876,#878,#880,#882,#884,#886,#888,#890,#892,#894,#896,#898,#900,#902,#904,#906,#908,#910,#912,#914,#916,#918,#920,#922,#924,#926,#928,#930,#932,#934,#936,#938,#940,#942,#944,#946,#948,#950,#952,#954,#956,#958,#960,#962,#964,#966,#968,#970,#972,#974,#976,#978,#980,#982,#984,#986,#988,#990,#992,#994,#996,#998,#1000,#1002,#1004,#1006,#1008,#1010,#1012,#1014,#1016,#1018,#1020,#1022,#1024,#1026,#1028,#1030,#1032,#1034,#1036,#1038,#1040,#1042,#1044,#1046,#1048,#1050,#1052,#1054,#1056,#1058,#1060,#1062,#1064,#1066,#1068,#1070,#1072,#1074,#1076,#1078,#1080,#1082,#1084,#1086,#1088,#1090,#1092,#1094,#1096,#1098,#1100,#1102,#1104,#1106,#1108,#1110,#1112,#1114,#1116,#1118,#1120,#1122,#1124,#1126,#1128,#1130,#1132,#1134,#1136,#1138,#1140,#1142,#1144,#1146,#1148,#1150,#1152,#1154,#1156,#1158,#1160,#1162,#1164,#1166,#1168,#1170,#1172,#1174,#1176,#1178,#1180,#1182,#1184,#1186,#1188,#1190,#1192,#1194,#1196,#1198,#1200,#1202,#1204,#1206,#1208,#1210,#1212,#1214,#1216,#1218,#1220,#1222,#1224,#1226,#1228,#1230,#1232,#1234,#1236,#1238,#1240,#1242,#1244,#1246,#1248,#1250,#1252,#1254,#1256,#1258,#1260,#1262,#1264,#1266,#1268,#1270,#1272,#1274,#1276,#1278,#1280,#1282,#1284,#1286,#1288,#1290,#1292,#1294,#1296,#1298,#1300,#1302,#1304,#1306,#1308,#1310,#1312,#1314,#1316,#1318,#1320,#1322,#1324,#1326,#1328,#1330,#1332,#1334,#1336,#1338,#1340,#1342,#1344,#1346,#1348,#1350,#1352,#1354,#1356,#1358,#1360,#1362,#1364,#1366,#1368,#1370,#1372,#1374,#1376,#1378,#1380,#1382,#1384,#1386,#1388,#1390,#1392,#1394,#1396,#1398,#1400,#1402,#1404,#1406,#1408,#1410,#1412,#1414,#1416,#1418,#1420,#1422,#1424,#1426,#1428,#1430,#1432,#1434,#1436,#1438,#1440,#1442,#1444));
#2927=CARTESIAN_POINT('',(0.0,0.0,0.0));
#2928=DIRECTION('',(0.0,0.0,1.0));
#2929=DIRECTION('',(1.0,0.0,0.0));
#2930= (NAMED_UNIT(#1454)LENGTH_UNIT()SI_UNIT(.MILLI.,.METRE.));
#2931=SURFACE_SIDE_STYLE('',(#4394));
#2932=EDGE_LOOP('',(#4395,#4396,#4397,#4398));
#2933=AXIS2_PLACEMENT_3D('',#4399,#4400,#4401);
#2934=SURFACE_SIDE_STYLE('',(#4402));
#2935=EDGE_LOOP('',(#4403,#4404,#4405,#4406,#4407,#4408,#4409,#4410,#4411,#4412,#4413,#4414));
#2936=AXIS2_PLACEMENT_3D('',#4415,#4416,#4417);
#2937=SURFACE_SIDE_STYLE('',(#4418));
#2938=EDGE_LOOP('',(#4419,#4420,#4421,#4422));
#2939=AXIS2_PLACEMENT_3D('',#4423,#4424,#4425);
#2940=SURFACE_SIDE_STYLE('',(#4426));
#2941=EDGE_LOOP('',(#4427,#4428,#4429,#4430));
#2942=AXIS2_PLACEMENT_3D('',#4431,#4432,#4433);
#2943=SURFACE_SIDE_STYLE('',(#4434));
#2944=EDGE_LOOP('',(#4435,#4436,#4437,#4438));
#2945=AXIS2_PLACEMENT_3D('',#4439,#4440,#4441);
#2946=SURFACE_SIDE_STYLE('',(#4442));
#2947=EDGE_LOOP('',(#4443,#4444,#4445,#4446));
#2948=AXIS2_PLACEMENT_3D('',#4447,#4448,#4449);
#2949=SURFACE_SIDE_STYLE('',(#4450));
#2950=EDGE_LOOP('',(#4451,#4452,#4453,#4454));
#2951=AXIS2_PLACEMENT_3D('',#4455,#4456,#4457);
#2952=SURFACE_SIDE_STYLE('',(#4458));
#2953=EDGE_LOOP('',(#4459,#4460,#4461,#4462,#4463,#4464,#4465,#4466,#4467,#4468,#4469,#4470));
#2954=AXIS2_PLACEMENT_3D('',#4471,#4472,#4473);
#2955=SURFACE_SIDE_STYLE('',(#4474));
#2956=EDGE_LOOP('',(#4475,#4476,#4477,#4478));
#2957=AXIS2_PLACEMENT_3D('',#4479,#4480,#4481);
#2958=SURFACE_SIDE_STYLE('',(#4482));
#2959=EDGE_LOOP('',(#4483,#4484,#4485,#4486,#4487,#4488,#4489,#4490));
#2960=EDGE_LOOP('',(#4491,#4492,#4493,#4494));
#2961=AXIS2_PLACEMENT_3D('',#4495,#4496,#4497);
#2962=SURFACE_SIDE_STYLE('',(#4498));
#2963=EDGE_LOOP('',(#4499,#4500,#4501,#4502));
#2964=AXIS2_PLACEMENT_3D('',#4503,#4504,#4505);
#2965=SURFACE_SIDE_STYLE('',(#4506));
#2966=EDGE_LOOP('',(#4507,#4508,#4509,#4510));
#2967=AXIS2_PLACEMENT_3D('',#4511,#4512,#4513);
#2968=SURFACE_SIDE_STYLE('',(#4514));
#2969=EDGE_LOOP('',(#4515,#4516,#4517,#4518));
#2970=AXIS2_PLACEMENT_3D('',#4519,#4520,#4521);
#2971=SURFACE_SIDE_STYLE('',(#4522));
#2972=EDGE_LOOP('',(#4523,#4524,#4525,#4526,#4527,#4528,#4529,#4530,#4531,#4532,#4533,#4534));
#2973=AXIS2_PLACEMENT_3D('',#4535,#4536,#4537);
#2974=SURFACE_SIDE_STYLE('',(#4538));
#2975=EDGE_LOOP('',(#4539,#4540,#4541,#4542));
#2976=AXIS2_PLACEMENT_3D('',#4543,#4544,#4545);
#2977=SURFACE_SIDE_STYLE('',(#4546));
#2978=EDGE_LOOP('',(#4547,#4548,#4549,#4550));
#2979=AXIS2_PLACEMENT_3D('',#4551,#4552,#4553);
#2980=SURFACE_SIDE_STYLE('',(#4554));
#2981=EDGE_LOOP('',(#4555,#4556,#4557,#4558));
#2982=AXIS2_PLACEMENT_3D('',#4559,#4560,#4561);
#2983=SURFACE_SIDE_STYLE('',(#4562));
#2984=EDGE_LOOP('',(#4563,#4564,#4565,#4566));
#2985=AXIS2_PLACEMENT_3D('',#4567,#4568,#4569);
#2986=SURFACE_SIDE_STYLE('',(#4570));
#2987=EDGE_LOOP('',(#4571,#4572,#4573,#4574));
#2988=AXIS2_PLACEMENT_3D('',#4575,#4576,#4577);
#2989=SURFACE_SIDE_STYLE('',(#4578));
#2990=EDGE_LOOP('',(#4579,#4580,#4581,#4582,#4583,#4584,#4585,#4586,#4587,#4588,#4589,#4590));
#2991=AXIS2_PLACEMENT_3D('',#4591,#4592,#4593);
#2992=SURFACE_SIDE_STYLE('',(#4594));
#2993=EDGE_LOOP('',(#4595,#4596,#4597,#4598));
#2994=AXIS2_PLACEMENT_3D('',#4599,#4600,#4601);
#2995=SURFACE_SIDE_STYLE('',(#4602));
#2996=EDGE_LOOP('',(#4603,#4604,#4605,#4606,#4607,#4608,#4609,#4610));
#2997=EDGE_LOOP('',(#4611,#4612,#4613,#4614));
#2998=AXIS2_PLACEMENT_3D('',#4615,#4616,#4617);
#2999=SURFACE_SIDE_STYLE('',(#4618));
#3000=EDGE_LOOP('',(#4619,#4620,#4621,#4622));
#3001=AXIS2_PLACEMENT_3D('',#4623,#4624,#4625);
#3002=SURFACE_SIDE_STYLE('',(#4626));
#3003=EDGE_LOOP('',(#4627,#4628,#4629,#4630));
#3004=AXIS2_PLACEMENT_3D('',#4631,#4632,#4633);
#3005=SURFACE_SIDE_STYLE('',(#4634));
#3006=EDGE_LOOP('',(#4635,#4636,#4637,#4638));
#3007=AXIS2_PLACEMENT_3D('',#4639,#4640,#4641);
#3008=SURFACE_SIDE_STYLE('',(#4642));
#3009=EDGE_LOOP('',(#4643,#4644,#4645,#4646,#4647,#4648,#4649,#4650,#4651,#4652,#4653,#4654));
#3010=AXIS2_PLACEMENT_3D('',#4655,#4656,#4657);
#3011=SURFACE_SIDE_STYLE('',(#4658));
#3012=EDGE_LOOP('',(#4659,#4660,#4661,#4662));
#3013=AXIS2_PLACEMENT_3D('',#4663,#4664,#4665);
#3014=SURFACE_SIDE_STYLE('',(#4666));
#3015=EDGE_LOOP('',(#4667,#4668,#4669,#4670));
#3016=AXIS2_PLACEMENT_3D('',#4671,#4672,#4673);
#3017=SURFACE_SIDE_STYLE('',(#4674));
#3018=EDGE_LOOP('',(#4675,#4676,#4677,#4678));
#3019=AXIS2_PLACEMENT_3D('',#4679,#4680,#4681);
#3020=SURFACE_SIDE_STYLE('',(#4682));
#3021=EDGE_LOOP('',(#4683,#4684,#4685,#4686));
#3022=AXIS2_PLACEMENT_3D('',#4687,#4688,#4689);
#3023=SURFACE_SIDE_STYLE('',(#4690));
#3024=EDGE_LOOP('',(#4691,#4692,#4693,#4694));
#3025=AXIS2_PLACEMENT_3D('',#4695,#4696,#4697);
#3026=SURFACE_SIDE_STYLE('',(#4698));
#3027=EDGE_LOOP('',(#4699,#4700,#4701,#4702,#4703,#4704,#4705,#4706,#4707,#4708,#4709,#4710));
#3028=AXIS2_PLACEMENT_3D('',#4711,#4712,#4713);
#3029=SURFACE_SIDE_STYLE('',(#4714));
#3030=EDGE_LOOP('',(#4715,#4716,#4717,#4718));
#3031=AXIS2_PLACEMENT_3D('',#4719,#4720,#4721);
#3032=SURFACE_SIDE_STYLE('',(#4722));
#3033=EDGE_LOOP('',(#4723,#4724,#4725,#4726,#4727,#4728,#4729,#4730));
#3034=EDGE_LOOP('',(#4731,#4732,#4733,#4734));
#3035=AXIS2_PLACEMENT_3D('',#4735,#4736,#4737);
#3036=SURFACE_SIDE_STYLE('',(#4738));
#3037=EDGE_LOOP('',(#4739,#4740,#4741,#4742));
#3038=AXIS2_PLACEMENT_3D('',#4743,#4744,#4745);
#3039=SURFACE_SIDE_STYLE('',(#4746));
#3040=EDGE_LOOP('',(#4747,#4748,#4749,#4750));
#3041=AXIS2_PLACEMENT_3D('',#4751,#4752,#4753);
#3042=SURFACE_SIDE_STYLE('',(#4754));
#3043=EDGE_LOOP('',(#4755,#4756,#4757,#4758));
#3044=AXIS2_PLACEMENT_3D('',#4759,#4760,#4761);
#3045=SURFACE_SIDE_STYLE('',(#4762));
#3046=EDGE_LOOP('',(#4763,#4764,#4765,#4766,#4767,#4768,#4769,#4770,#4771,#4772,#4773,#4774));
#3047=AXIS2_PLACEMENT_3D('',#4775,#4776,#4777);
#3048=SURFACE_SIDE_STYLE('',(#4778));
#3049=EDGE_LOOP('',(#4779,#4780,#4781,#4782));
#3050=AXIS2_PLACEMENT_3D('',#4783,#4784,#4785);
#3051=SURFACE_SIDE_STYLE('',(#4786));
#3052=EDGE_LOOP('',(#4787,#4788,#4789,#4790));
#3053=AXIS2_PLACEMENT_3D('',#4791,#4792,#4793);
#3054=SURFACE_SIDE_STYLE('',(#4794));
#3055=EDGE_LOOP('',(#4795,#4796,#4797,#4798));
#3056=AXIS2_PLACEMENT_3D('',#4799,#4800,#4801);
#3057=SURFACE_SIDE_STYLE('',(#4802));
#3058=EDGE_LOOP('',(#4803,#4804,#4805,#4806));
#3059=AXIS2_PLACEMENT_3D('',#4807,#4808,#4809);
#3060=SURFACE_SIDE_STYLE('',(#4810));
#3061=EDGE_LOOP('',(#4811,#4812,#4813,#4814));
#3062=AXIS2_PLACEMENT_3D('',#4815,#4816,#4817);
#3063=SURFACE_SIDE_STYLE('',(#4818));
#3064=EDGE_LOOP('',(#4819,#4820,#4821,#4822,#4823,#4824,#4825,#4826,#4827,#4828,#4829,#4830));
#3065=AXIS2_PLACEMENT_3D('',#4831,#4832,#4833);
#3066=SURFACE_SIDE_STYLE('',(#4834));
#3067=EDGE_LOOP('',(#4835,#4836,#4837,#4838));
#3068=AXIS2_PLACEMENT_3D('',#4839,#4840,#4841);
#3069=SURFACE_SIDE_STYLE('',(#4842));
#3070=EDGE_LOOP('',(#4843,#4844,#4845,#4846,#4847,#4848,#4849,#4850));
#3071=EDGE_LOOP('',(#4851,#4852,#4853,#4854));
#3072=AXIS2_PLACEMENT_3D('',#4855,#4856,#4857);
#3073=SURFACE_SIDE_STYLE('',(#4858));
#3074=EDGE_LOOP('',(#4859,#4860,#4861,#4862));
#3075=AXIS2_PLACEMENT_3D('',#4863,#4864,#4865);
#3076=SURFACE_SIDE_STYLE('',(#4866));
#3077=EDGE_LOOP('',(#4867,#4868,#4869,#4870));
#3078=AXIS2_PLACEMENT_3D('',#4871,#4872,#4873);
#3079=SURFACE_SIDE_STYLE('',(#4874));
#3080=EDGE_LOOP('',(#4875,#4876,#4877,#4878));
#3081=AXIS2_PLACEMENT_3D('',#4879,#4880,#4881);
#3082=SURFACE_SIDE_STYLE('',(#4882));
#3083=EDGE_LOOP('',(#4883,#4884,#4885,#4886,#4887,#4888,#4889,#4890,#4891,#4892,#4893,#4894));
#3084=AXIS2_PLACEMENT_3D('',#4895,#4896,#4897);
#3085=SURFACE_SIDE_STYLE('',(#4898));
#3086=EDGE_LOOP('',(#4899,#4900,#4901,#4902));
#3087=AXIS2_PLACEMENT_3D('',#4903,#4904,#4905);
#3088=SURFACE_SIDE_STYLE('',(#4906));
#3089=EDGE_LOOP('',(#4907,#4908,#4909,#4910));
#3090=AXIS2_PLACEMENT_3D('',#4911,#4912,#4913);
#3091=SURFACE_SIDE_STYLE('',(#4914));
#3092=EDGE_LOOP('',(#4915,#4916,#4917,#4918));
#3093=AXIS2_PLACEMENT_3D('',#4919,#4920,#4921);
#3094=SURFACE_SIDE_STYLE('',(#4922));
#3095=EDGE_LOOP('',(#4923,#4924,#4925,#4926));
#3096=AXIS2_PLACEMENT_3D('',#4927,#4928,#4929);
#3097=SURFACE_SIDE_STYLE('',(#4930));
#3098=EDGE_LOOP('',(#4931,#4932,#4933,#4934));
#3099=AXIS2_PLACEMENT_3D('',#4935,#4936,#4937);
#3100=SURFACE_SIDE_STYLE('',(#4938));
#3101=EDGE_LOOP('',(#4939,#4940,#4941,#4942,#4943,#4944,#4945,#4946,#4947,#4948,#4949,#4950));
#3102=AXIS2_PLACEMENT_3D('',#4951,#4952,#4953);
#3103=SURFACE_SIDE_STYLE('',(#4954));
#3104=EDGE_LOOP('',(#4955,#4956,#4957,#4958));
#3105=AXIS2_PLACEMENT_3D('',#4959,#4960,#4961);
#3106=SURFACE_SIDE_STYLE('',(#4962));
#3107=EDGE_LOOP('',(#4963,#4964,#4965,#4966,#4967,#4968,#4969,#4970));
#3108=EDGE_LOOP('',(#4971,#4972,#4973,#4974));
#3109=AXIS2_PLACEMENT_3D('',#4975,#4976,#4977);
#3110=SURFACE_SIDE_STYLE('',(#4978));
#3111=EDGE_LOOP('',(#4979,#4980,#4981,#4982));
#3112=AXIS2_PLACEMENT_3D('',#4983,#4984,#4985);
#3113=SURFACE_SIDE_STYLE('',(#4986));
#3114=EDGE_LOOP('',(#4987,#4988,#4989,#4990));
#3115=AXIS2_PLACEMENT_3D('',#4991,#4992,#4993);
#3116=SURFACE_SIDE_STYLE('',(#4994));
#3117=EDGE_LOOP('',(#4995,#4996,#4997,#4998));
#3118=AXIS2_PLACEMENT_3D('',#4999,#5000,#5001);
#3119=SURFACE_SIDE_STYLE('',(#5002));
#3120=EDGE_LOOP('',(#5003,#5004,#5005,#5006,#5007,#5008,#5009,#5010,#5011,#5012,#5013,#5014));
#3121=AXIS2_PLACEMENT_3D('',#5015,#5016,#5017);
#3122=SURFACE_SIDE_STYLE('',(#5018));
#3123=EDGE_LOOP('',(#5019,#5020,#5021,#5022));
#3124=AXIS2_PLACEMENT_3D('',#5023,#5024,#5025);
#3125=SURFACE_SIDE_STYLE('',(#5026));
#3126=EDGE_LOOP('',(#5027,#5028,#5029,#5030));
#3127=AXIS2_PLACEMENT_3D('',#5031,#5032,#5033);
#3128=SURFACE_SIDE_STYLE('',(#5034));
#3129=EDGE_LOOP('',(#5035,#5036,#5037,#5038));
#3130=AXIS2_PLACEMENT_3D('',#5039,#5040,#5041);
#3131=SURFACE_SIDE_STYLE('',(#5042));
#3132=EDGE_LOOP('',(#5043,#5044,#5045,#5046));
#3133=AXIS2_PLACEMENT_3D('',#5047,#5048,#5049);
#3134=SURFACE_SIDE_STYLE('',(#5050));
#3135=EDGE_LOOP('',(#5051,#5052,#5053,#5054));
#3136=AXIS2_PLACEMENT_3D('',#5055,#5056,#5057);
#3137=SURFACE_SIDE_STYLE('',(#5058));
#3138=EDGE_LOOP('',(#5059,#5060,#5061,#5062,#5063,#5064,#5065,#5066,#5067,#5068,#5069,#5070));
#3139=AXIS2_PLACEMENT_3D('',#5071,#5072,#5073);
#3140=SURFACE_SIDE_STYLE('',(#5074));
#3141=EDGE_LOOP('',(#5075,#5076,#5077,#5078));
#3142=AXIS2_PLACEMENT_3D('',#5079,#5080,#5081);
#3143=SURFACE_SIDE_STYLE('',(#5082));
#3144=EDGE_LOOP('',(#5083,#5084,#5085,#5086,#5087,#5088,#5089,#5090));
#3145=EDGE_LOOP('',(#5091,#5092,#5093,#5094));
#3146=AXIS2_PLACEMENT_3D('',#5095,#5096,#5097);
#3147=SURFACE_SIDE_STYLE('',(#5098));
#3148=EDGE_LOOP('',(#5099,#5100,#5101,#5102));
#3149=AXIS2_PLACEMENT_3D('',#5103,#5104,#5105);
#3150=SURFACE_SIDE_STYLE('',(#5106));
#3151=EDGE_LOOP('',(#5107,#5108,#5109,#5110));
#3152=AXIS2_PLACEMENT_3D('',#5111,#5112,#5113);
#3153=SURFACE_SIDE_STYLE('',(#5114));
#3154=EDGE_LOOP('',(#5115,#5116,#5117,#5118));
#3155=AXIS2_PLACEMENT_3D('',#5119,#5120,#5121);
#3156=SURFACE_SIDE_STYLE('',(#5122));
#3157=EDGE_LOOP('',(#5123,#5124,#5125,#5126,#5127,#5128,#5129,#5130,#5131,#5132,#5133,#5134));
#3158=AXIS2_PLACEMENT_3D('',#5135,#5136,#5137);
#3159=SURFACE_SIDE_STYLE('',(#5138));
#3160=EDGE_LOOP('',(#5139,#5140,#5141,#5142));
#3161=AXIS2_PLACEMENT_3D('',#5143,#5144,#5145);
#3162=SURFACE_SIDE_STYLE('',(#5146));
#3163=EDGE_LOOP('',(#5147,#5148,#5149,#5150));
#3164=AXIS2_PLACEMENT_3D('',#5151,#5152,#5153);
#3165=SURFACE_SIDE_STYLE('',(#5154));
#3166=EDGE_LOOP('',(#5155,#5156,#5157,#5158));
#3167=AXIS2_PLACEMENT_3D('',#5159,#5160,#5161);
#3168=SURFACE_SIDE_STYLE('',(#5162));
#3169=EDGE_LOOP('',(#5163,#5164,#5165,#5166));
#3170=AXIS2_PLACEMENT_3D('',#5167,#5168,#5169);
#3171=SURFACE_SIDE_STYLE('',(#5170));
#3172=EDGE_LOOP('',(#5171,#5172,#5173,#5174));
#3173=AXIS2_PLACEMENT_3D('',#5175,#5176,#5177);
#3174=SURFACE_SIDE_STYLE('',(#5178));
#3175=EDGE_LOOP('',(#5179,#5180,#5181,#5182,#5183,#5184,#5185,#5186,#5187,#5188,#5189,#5190));
#3176=AXIS2_PLACEMENT_3D('',#5191,#5192,#5193);
#3177=SURFACE_SIDE_STYLE('',(#5194));
#3178=EDGE_LOOP('',(#5195,#5196,#5197,#5198));
#3179=AXIS2_PLACEMENT_3D('',#5199,#5200,#5201);
#3180=SURFACE_SIDE_STYLE('',(#5202));
#3181=EDGE_LOOP('',(#5203,#5204,#5205,#5206,#5207,#5208,#5209,#5210));
#3182=EDGE_LOOP('',(#5211,#5212,#5213,#5214));
#3183=AXIS2_PLACEMENT_3D('',#5215,#5216,#5217);
#3184=SURFACE_SIDE_STYLE('',(#5218));
#3185=EDGE_LOOP('',(#5219,#5220,#5221,#5222));
#3186=AXIS2_PLACEMENT_3D('',#5223,#5224,#5225);
#3187=SURFACE_SIDE_STYLE('',(#5226));
#3188=EDGE_LOOP('',(#5227,#5228,#5229,#5230));
#3189=AXIS2_PLACEMENT_3D('',#5231,#5232,#5233);
#3190=SURFACE_SIDE_STYLE('',(#5234));
#3191=EDGE_LOOP('',(#5235,#5236,#5237,#5238));
#3192=AXIS2_PLACEMENT_3D('',#5239,#5240,#5241);
#3193=SURFACE_SIDE_STYLE('',(#5242));
#3194=EDGE_LOOP('',(#5243,#5244,#5245,#5246,#5247,#5248,#5249,#5250,#5251,#5252,#5253,#5254));
#3195=AXIS2_PLACEMENT_3D('',#5255,#5256,#5257);
#3196=SURFACE_SIDE_STYLE('',(#5258));
#3197=EDGE_LOOP('',(#5259,#5260,#5261,#5262));
#3198=AXIS2_PLACEMENT_3D('',#5263,#5264,#5265);
#3199=SURFACE_SIDE_STYLE('',(#5266));
#3200=EDGE_LOOP('',(#5267,#5268,#5269,#5270));
#3201=AXIS2_PLACEMENT_3D('',#5271,#5272,#5273);
#3202=SURFACE_SIDE_STYLE('',(#5274));
#3203=EDGE_LOOP('',(#5275,#5276,#5277,#5278));
#3204=AXIS2_PLACEMENT_3D('',#5279,#5280,#5281);
#3205=SURFACE_SIDE_STYLE('',(#5282));
#3206=EDGE_LOOP('',(#5283,#5284,#5285,#5286));
#3207=AXIS2_PLACEMENT_3D('',#5287,#5288,#5289);
#3208=SURFACE_SIDE_STYLE('',(#5290));
#3209=EDGE_LOOP('',(#5291,#5292,#5293,#5294));
#3210=AXIS2_PLACEMENT_3D('',#5295,#5296,#5297);
#3211=SURFACE_SIDE_STYLE('',(#5298));
#3212=EDGE_LOOP('',(#5299,#5300,#5301,#5302,#5303,#5304,#5305,#5306,#5307,#5308,#5309,#5310));
#3213=AXIS2_PLACEMENT_3D('',#5311,#5312,#5313);
#3214=SURFACE_SIDE_STYLE('',(#5314));
#3215=EDGE_LOOP('',(#5315,#5316,#5317,#5318));
#3216=AXIS2_PLACEMENT_3D('',#5319,#5320,#5321);
#3217=SURFACE_SIDE_STYLE('',(#5322));
#3218=EDGE_LOOP('',(#5323,#5324,#5325,#5326,#5327,#5328,#5329,#5330));
#3219=EDGE_LOOP('',(#5331,#5332,#5333,#5334));
#3220=AXIS2_PLACEMENT_3D('',#5335,#5336,#5337);
#3221=SURFACE_SIDE_STYLE('',(#5338));
#3222=EDGE_LOOP('',(#5339,#5340,#5341,#5342));
#3223=AXIS2_PLACEMENT_3D('',#5343,#5344,#5345);
#3224=SURFACE_SIDE_STYLE('',(#5346));
#3225=EDGE_LOOP('',(#5347,#5348,#5349,#5350));
#3226=AXIS2_PLACEMENT_3D('',#5351,#5352,#5353);
#3227=SURFACE_SIDE_STYLE('',(#5354));
#3228=EDGE_LOOP('',(#5355,#5356,#5357,#5358));
#3229=AXIS2_PLACEMENT_3D('',#5359,#5360,#5361);
#3230=SURFACE_SIDE_STYLE('',(#5362));
#3231=EDGE_LOOP('',(#5363,#5364,#5365,#5366,#5367,#5368,#5369,#5370,#5371,#5372,#5373,#5374));
#3232=AXIS2_PLACEMENT_3D('',#5375,#5376,#5377);
#3233=SURFACE_SIDE_STYLE('',(#5378));
#3234=EDGE_LOOP('',(#5379,#5380,#5381,#5382));
#3235=AXIS2_PLACEMENT_3D('',#5383,#5384,#5385);
#3236=SURFACE_SIDE_STYLE('',(#5386));
#3237=EDGE_LOOP('',(#5387,#5388,#5389,#5390));
#3238=AXIS2_PLACEMENT_3D('',#5391,#5392,#5393);
#3239=SURFACE_SIDE_STYLE('',(#5394));
#3240=EDGE_LOOP('',(#5395,#5396,#5397,#5398));
#3241=AXIS2_PLACEMENT_3D('',#5399,#5400,#5401);
#3242=SURFACE_SIDE_STYLE('',(#5402));
#3243=EDGE_LOOP('',(#5403,#5404,#5405,#5406));
#3244=AXIS2_PLACEMENT_3D('',#5407,#5408,#5409);
#3245=SURFACE_SIDE_STYLE('',(#5410));
#3246=EDGE_LOOP('',(#5411,#5412,#5413,#5414));
#3247=AXIS2_PLACEMENT_3D('',#5415,#5416,#5417);
#3248=SURFACE_SIDE_STYLE('',(#5418));
#3249=EDGE_LOOP('',(#5419,#5420,#5421,#5422,#5423,#5424,#5425,#5426,#5427,#5428,#5429,#5430));
#3250=AXIS2_PLACEMENT_3D('',#5431,#5432,#5433);
#3251=SURFACE_SIDE_STYLE('',(#5434));
#3252=EDGE_LOOP('',(#5435,#5436,#5437,#5438));
#3253=AXIS2_PLACEMENT_3D('',#5439,#5440,#5441);
#3254=SURFACE_SIDE_STYLE('',(#5442));
#3255=EDGE_LOOP('',(#5443,#5444,#5445,#5446,#5447,#5448,#5449,#5450));
#3256=EDGE_LOOP('',(#5451,#5452,#5453,#5454));
#3257=AXIS2_PLACEMENT_3D('',#5455,#5456,#5457);
#3258=SURFACE_SIDE_STYLE('',(#5458));
#3259=EDGE_LOOP('',(#5459,#5460,#5461,#5462));
#3260=AXIS2_PLACEMENT_3D('',#5463,#5464,#5465);
#3261=SURFACE_SIDE_STYLE('',(#5466));
#3262=EDGE_LOOP('',(#5467,#5468,#5469,#5470));
#3263=AXIS2_PLACEMENT_3D('',#5471,#5472,#5473);
#3264=SURFACE_SIDE_STYLE('',(#5474));
#3265=EDGE_LOOP('',(#5475,#5476,#5477,#5478));
#3266=AXIS2_PLACEMENT_3D('',#5479,#5480,#5481);
#3267=SURFACE_SIDE_STYLE('',(#5482));
#3268=EDGE_LOOP('',(#5483,#5484,#5485,#5486,#5487,#5488,#5489,#5490,#5491,#5492,#5493,#5494));
#3269=AXIS2_PLACEMENT_3D('',#5495,#5496,#5497);
#3270=SURFACE_SIDE_STYLE('',(#5498));
#3271=EDGE_LOOP('',(#5499,#5500,#5501,#5502));
#3272=AXIS2_PLACEMENT_3D('',#5503,#5504,#5505);
#3273=SURFACE_SIDE_STYLE('',(#5506));
#3274=EDGE_LOOP('',(#5507,#5508,#5509,#5510));
#3275=AXIS2_PLACEMENT_3D('',#5511,#5512,#5513);
#3276=SURFACE_SIDE_STYLE('',(#5514));
#3277=EDGE_LOOP('',(#5515,#5516,#5517,#5518));
#3278=AXIS2_PLACEMENT_3D('',#5519,#5520,#5521);
#3279=SURFACE_SIDE_STYLE('',(#5522));
#3280=EDGE_LOOP('',(#5523,#5524,#5525,#5526));
#3281=AXIS2_PLACEMENT_3D('',#5527,#5528,#5529);
#3282=SURFACE_SIDE_STYLE('',(#5530));
#3283=EDGE_LOOP('',(#5531,#5532,#5533,#5534));
#3284=AXIS2_PLACEMENT_3D('',#5535,#5536,#5537);
#3285=SURFACE_SIDE_STYLE('',(#5538));
#3286=EDGE_LOOP('',(#5539,#5540,#5541,#5542,#5543,#5544,#5545,#5546,#5547,#5548,#5549,#5550));
#3287=AXIS2_PLACEMENT_3D('',#5551,#5552,#5553);
#3288=SURFACE_SIDE_STYLE('',(#5554));
#3289=EDGE_LOOP('',(#5555,#5556,#5557,#5558));
#3290=AXIS2_PLACEMENT_3D('',#5559,#5560,#5561);
#3291=SURFACE_SIDE_STYLE('',(#5562));
#3292=EDGE_LOOP('',(#5563,#5564,#5565,#5566,#5567,#5568,#5569,#5570));
#3293=EDGE_LOOP('',(#5571,#5572,#5573,#5574));
#3294=AXIS2_PLACEMENT_3D('',#5575,#5576,#5577);
#3295=SURFACE_SIDE_STYLE('',(#5578));
#3296=EDGE_LOOP('',(#5579,#5580,#5581,#5582));
#3297=AXIS2_PLACEMENT_3D('',#5583,#5584,#5585);
#3298=SURFACE_SIDE_STYLE('',(#5586));
#3299=EDGE_LOOP('',(#5587,#5588,#5589,#5590));
#3300=AXIS2_PLACEMENT_3D('',#5591,#5592,#5593);
#3301=SURFACE_SIDE_STYLE('',(#5594));
#3302=EDGE_LOOP('',(#5595,#5596,#5597,#5598,#5599,#5600,#5601,#5602,#5603,#5604,#5605,#5606));
#3303=AXIS2_PLACEMENT_3D('',#5607,#5608,#5609);
#3304=SURFACE_SIDE_STYLE('',(#5610));
#3305=EDGE_LOOP('',(#5611,#5612,#5613,#5614));
#3306=AXIS2_PLACEMENT_3D('',#5615,#5616,#5617);
#3307=SURFACE_SIDE_STYLE('',(#5618));
#3308=EDGE_LOOP('',(#5619,#5620,#5621,#5622));
#3309=AXIS2_PLACEMENT_3D('',#5623,#5624,#5625);
#3310=SURFACE_SIDE_STYLE('',(#5626));
#3311=EDGE_LOOP('',(#5627,#5628,#5629,#5630));
#3312=AXIS2_PLACEMENT_3D('',#5631,#5632,#5633);
#3313=SURFACE_SIDE_STYLE('',(#5634));
#3314=EDGE_LOOP('',(#5635,#5636,#5637,#5638));
#3315=AXIS2_PLACEMENT_3D('',#5639,#5640,#5641);
#3316=SURFACE_SIDE_STYLE('',(#5642));
#3317=EDGE_LOOP('',(#5643,#5644,#5645,#5646));
#3318=AXIS2_PLACEMENT_3D('',#5647,#5648,#5649);
#3319=SURFACE_SIDE_STYLE('',(#5650));
#3320=EDGE_LOOP('',(#5651,#5652,#5653,#5654));
#3321=AXIS2_PLACEMENT_3D('',#5655,#5656,#5657);
#3322=SURFACE_SIDE_STYLE('',(#5658));
#3323=EDGE_LOOP('',(#5659,#5660,#5661,#5662,#5663,#5664,#5665,#5666,#5667,#5668,#5669,#5670));
#3324=AXIS2_PLACEMENT_3D('',#5671,#5672,#5673);
#3325=SURFACE_SIDE_STYLE('',(#5674));
#3326=EDGE_LOOP('',(#5675,#5676,#5677,#5678));
#3327=AXIS2_PLACEMENT_3D('',#5679,#5680,#5681);
#3328=SURFACE_SIDE_STYLE('',(#5682));
#3329=EDGE_LOOP('',(#5683,#5684,#5685,#5686,#5687,#5688,#5689,#5690,#5691,#5692,#5693,#5694,#5695,#5696,#5697,#5698,#5699,#5700,#5701,#5702,#5703,#5704,#5705,#5706,#5707,#5708,#5709,#5710,#5711,#5712,#5713,#5714,#5715,#5716,#5717,#5718,#5719,#5720,#5721,#5722,#5723,#5724,#5725,#5726,#5727,#5728,#5729,#5730,#5731,#5732,#5733,#5734,#5735,#5736,#5737,#5738,#5739,#5740,#5741,#5742,#5743,#5744,#5745,#5746,#5747,#5748,#5749,#5750,#5751,#5752,#5753,#5754,#5755,#5756,#5757,#5758,#5759,#5760,#5761,#5762,#5763,#5764,#5765,#5766));
#3330=AXIS2_PLACEMENT_3D('',#5767,#5768,#5769);
#3331=SURFACE_SIDE_STYLE('',(#5770));
#3332=EDGE_LOOP('',(#5771,#5772,#5773,#5774,#5775,#5776,#5777,#5778));
#3333=EDGE_LOOP('',(#5779,#5780,#5781,#5782));
#3334=AXIS2_PLACEMENT_3D('',#5783,#5784,#5785);
#3335=SURFACE_SIDE_STYLE('',(#5786));
#3336=EDGE_LOOP('',(#5787,#5788,#5789,#5790,#5791,#5792,#5793,#5794,#5795,#5796,#5797,#5798,#5799,#5800,#5801,#5802,#5803,#5804,#5805,#5806,#5807,#5808,#5809,#5810,#5811,#5812,#5813,#5814,#5815,#5816,#5817,#5818,#5819,#5820,#5821,#5822,#5823,#5824,#5825,#5826,#5827,#5828,#5829,#5830,#5831,#5832,#5833,#5834,#5835,#5836,#5837,#5838,#5839,#5840,#5841,#5842,#5843,#5844,#5845,#5846,#5847,#5848,#5849,#5850,#5851,#5852,#5853,#5854,#5855,#5856,#5857,#5858,#5859,#5860,#5861,#5862,#5863,#5864,#5865,#5866,#5867,#5868,#5869,#5870,#5871,#5872,#5873,#5874,#5875,#5876,#5877,#5878,#5879,#5880,#5881,#5882,#5883,#5884,#5885,#5886,#5887,#5888,#5889,#5890,#5891,#5892,#5893,#5894,#5895,#5896,#5897,#5898,#5899,#5900,#5901,#5902,#5903,#5904,#5905,#5906,#5907,#5908,#5909,#5910,#5911,#5912,#5913,#5914,#5915,#5916,#5917,#5918,#5919,#5920,#5921,#5922,#5923,#5924,#5925,#5926,#5927,#5928,#5929,#5930,#5931,#5932,#5933,#5934,#5935,#5936,#5937,#5938,#5939,#5940,#5941,#5942,#5943,#5944,#5945,#5946,#5947,#5948,#5949,#5950));
#3337=AXIS2_PLACEMENT_3D('',#5951,#5952,#5953);
#3338=SURFACE_SIDE_STYLE('',(#5954));
#3339=EDGE_LOOP('',(#5955,#5956,#5957,#5958));
#3340=AXIS2_PLACEMENT_3D('',#5959,#5960,#5961);
#3341=SURFACE_SIDE_STYLE('',(#5962));
#3342=EDGE_LOOP('',(#5963,#5964,#5965,#5966));
#3343=AXIS2_PLACEMENT_3D('',#5967,#5968,#5969);
#3344=SURFACE_SIDE_STYLE('',(#5970));
#3345=EDGE_LOOP('',(#5971,#5972,#5973,#5974,#5975,#5976,#5977,#5978,#5979,#5980,#5981,#5982));
#3346=AXIS2_PLACEMENT_3D('',#5983,#5984,#5985);
#3347=SURFACE_SIDE_STYLE('',(#5986));
#3348=EDGE_LOOP('',(#5987,#5988,#5989,#5990));
#3349=AXIS2_PLACEMENT_3D('',#5991,#5992,#5993);
#3350=SURFACE_SIDE_STYLE('',(#5994));
#3351=EDGE_LOOP('',(#5995,#5996,#5997,#5998));
#3352=AXIS2_PLACEMENT_3D('',#5999,#6000,#6001);
#3353=SURFACE_SIDE_STYLE('',(#6002));
#3354=EDGE_LOOP('',(#6003,#6004,#6005,#6006));
#3355=AXIS2_PLACEMENT_3D('',#6007,#6008,#6009);
#3356=SURFACE_SIDE_STYLE('',(#6010));
#3357=EDGE_LOOP('',(#6011,#6012,#6013,#6014));
#3358=AXIS2_PLACEMENT_3D('',#6015,#6016,#6017);
#3359=SURFACE_SIDE_STYLE('',(#6018));
#3360=EDGE_LOOP('',(#6019,#6020,#6021,#6022));
#3361=AXIS2_PLACEMENT_3D('',#6023,#6024,#6025);
#3362=SURFACE_SIDE_STYLE('',(#6026));
#3363=EDGE_LOOP('',(#6027,#6028,#6029,#6030));
#3364=AXIS2_PLACEMENT_3D('',#6031,#6032,#6033);
#3365=SURFACE_SIDE_STYLE('',(#6034));
#3366=EDGE_LOOP('',(#6035,#6036,#6037,#6038,#6039,#6040,#6041,#6042,#6043,#6044,#6045,#6046));
#3367=AXIS2_PLACEMENT_3D('',#6047,#6048,#6049);
#3368=SURFACE_SIDE_STYLE('',(#6050));
#3369=EDGE_LOOP('',(#6051,#6052,#6053,#6054));
#3370=AXIS2_PLACEMENT_3D('',#6055,#6056,#6057);
#3371=SURFACE_SIDE_STYLE('',(#6058));
#3372=EDGE_LOOP('',(#6059,#6060,#6061,#6062));
#3373=AXIS2_PLACEMENT_3D('',#6063,#6064,#6065);
#3374=SURFACE_SIDE_STYLE('',(#6066));
#3375=EDGE_LOOP('',(#6067,#6068,#6069,#6070,#6071,#6072,#6073,#6074,#6075,#6076,#6077,#6078));
#3376=AXIS2_PLACEMENT_3D('',#6079,#6080,#6081);
#3377=SURFACE_SIDE_STYLE('',(#6082));
#3378=EDGE_LOOP('',(#6083,#6084,#6085,#6086));
#3379=AXIS2_PLACEMENT_3D('',#6087,#6088,#6089);
#3380=SURFACE_SIDE_STYLE('',(#6090));
#3381=EDGE_LOOP('',(#6091,#6092,#6093,#6094));
#3382=AXIS2_PLACEMENT_3D('',#6095,#6096,#6097);
#3383=SURFACE_SIDE_STYLE('',(#6098));
#3384=EDGE_LOOP('',(#6099,#6100,#6101,#6102));
#3385=AXIS2_PLACEMENT_3D('',#6103,#6104,#6105);
#3386=SURFACE_SIDE_STYLE('',(#6106));
#3387=EDGE_LOOP('',(#6107,#6108,#6109,#6110));
#3388=AXIS2_PLACEMENT_3D('',#6111,#6112,#6113);
#3389=SURFACE_SIDE_STYLE('',(#6114));
#3390=EDGE_LOOP('',(#6115,#6116,#6117,#6118));
#3391=AXIS2_PLACEMENT_3D('',#6119,#6120,#6121);
#3392=SURFACE_SIDE_STYLE('',(#6122));
#3393=EDGE_LOOP('',(#6123,#6124,#6125,#6126));
#3394=AXIS2_PLACEMENT_3D('',#6127,#6128,#6129);
#3395=SURFACE_SIDE_STYLE('',(#6130));
#3396=EDGE_LOOP('',(#6131,#6132,#6133,#6134,#6135,#6136,#6137,#6138,#6139,#6140,#6141,#6142));
#3397=AXIS2_PLACEMENT_3D('',#6143,#6144,#6145);
#3398=SURFACE_SIDE_STYLE('',(#6146));
#3399=EDGE_LOOP('',(#6147,#6148,#6149,#6150));
#3400=AXIS2_PLACEMENT_3D('',#6151,#6152,#6153);
#3401=SURFACE_SIDE_STYLE('',(#6154));
#3402=EDGE_LOOP('',(#6155,#6156,#6157,#6158));
#3403=AXIS2_PLACEMENT_3D('',#6159,#6160,#6161);
#3404=SURFACE_SIDE_STYLE('',(#6162));
#3405=EDGE_LOOP('',(#6163,#6164,#6165,#6166,#6167,#6168,#6169,#6170,#6171,#6172,#6173,#6174));
#3406=AXIS2_PLACEMENT_3D('',#6175,#6176,#6177);
#3407=SURFACE_SIDE_STYLE('',(#6178));
#3408=EDGE_LOOP('',(#6179,#6180,#6181,#6182));
#3409=AXIS2_PLACEMENT_3D('',#6183,#6184,#6185);
#3410=SURFACE_SIDE_STYLE('',(#6186));
#3411=EDGE_LOOP('',(#6187,#6188,#6189,#6190));
#3412=AXIS2_PLACEMENT_3D('',#6191,#6192,#6193);
#3413=SURFACE_SIDE_STYLE('',(#6194));
#3414=EDGE_LOOP('',(#6195,#6196,#6197,#6198));
#3415=AXIS2_PLACEMENT_3D('',#6199,#6200,#6201);
#3416=SURFACE_SIDE_STYLE('',(#6202));
#3417=EDGE_LOOP('',(#6203,#6204,#6205,#6206));
#3418=AXIS2_PLACEMENT_3D('',#6207,#6208,#6209);
#3419=SURFACE_SIDE_STYLE('',(#6210));
#3420=EDGE_LOOP('',(#6211,#6212,#6213,#6214));
#3421=AXIS2_PLACEMENT_3D('',#6215,#6216,#6217);
#3422=SURFACE_SIDE_STYLE('',(#6218));
#3423=EDGE_LOOP('',(#6219,#6220,#6221,#6222));
#3424=AXIS2_PLACEMENT_3D('',#6223,#6224,#6225);
#3425=SURFACE_SIDE_STYLE('',(#6226));
#3426=EDGE_LOOP('',(#6227,#6228,#6229,#6230,#6231,#6232,#6233,#6234,#6235,#6236,#6237,#6238));
#3427=AXIS2_PLACEMENT_3D('',#6239,#6240,#6241);
#3428=SURFACE_SIDE_STYLE('',(#6242));
#3429=EDGE_LOOP('',(#6243,#6244,#6245,#6246));
#3430=AXIS2_PLACEMENT_3D('',#6247,#6248,#6249);
#3431=SURFACE_SIDE_STYLE('',(#6250));
#3432=EDGE_LOOP('',(#6251,#6252,#6253,#6254));
#3433=AXIS2_PLACEMENT_3D('',#6255,#6256,#6257);
#3434=SURFACE_SIDE_STYLE('',(#6258));
#3435=EDGE_LOOP('',(#6259,#6260,#6261,#6262,#6263,#6264,#6265,#6266,#6267,#6268,#6269,#6270));
#3436=AXIS2_PLACEMENT_3D('',#6271,#6272,#6273);
#3437=SURFACE_SIDE_STYLE('',(#6274));
#3438=EDGE_LOOP('',(#6275,#6276,#6277,#6278));
#3439=AXIS2_PLACEMENT_3D('',#6279,#6280,#6281);
#3440=SURFACE_SIDE_STYLE('',(#6282));
#3441=EDGE_LOOP('',(#6283,#6284,#6285,#6286));
#3442=AXIS2_PLACEMENT_3D('',#6287,#6288,#6289);
#3443=SURFACE_SIDE_STYLE('',(#6290));
#3444=EDGE_LOOP('',(#6291,#6292,#6293,#6294));
#3445=AXIS2_PLACEMENT_3D('',#6295,#6296,#6297);
#3446=SURFACE_SIDE_STYLE('',(#6298));
#3447=EDGE_LOOP('',(#6299,#6300,#6301,#6302));
#3448=AXIS2_PLACEMENT_3D('',#6303,#6304,#6305);
#3449=SURFACE_SIDE_STYLE('',(#6306));
#3450=EDGE_LOOP('',(#6307,#6308,#6309,#6310));
#3451=AXIS2_PLACEMENT_3D('',#6311,#6312,#6313);
#3452=SURFACE_SIDE_STYLE('',(#6314));
#3453=EDGE_LOOP('',(#6315,#6316,#6317,#6318));
#3454=AXIS2_PLACEMENT_3D('',#6319,#6320,#6321);
#3455=SURFACE_SIDE_STYLE('',(#6322));
#3456=EDGE_LOOP('',(#6323,#6324,#6325,#6326,#6327,#6328,#6329,#6330,#6331,#6332,#6333,#6334));
#3457=AXIS2_PLACEMENT_3D('',#6335,#6336,#6337);
#3458=SURFACE_SIDE_STYLE('',(#6338));
#3459=EDGE_LOOP('',(#6339,#6340,#6341,#6342));
#3460=AXIS2_PLACEMENT_3D('',#6343,#6344,#6345);
#3461=SURFACE_SIDE_STYLE('',(#6346));
#3462=EDGE_LOOP('',(#6347,#6348,#6349,#6350));
#3463=AXIS2_PLACEMENT_3D('',#6351,#6352,#6353);
#3464=SURFACE_SIDE_STYLE('',(#6354));
#3465=EDGE_LOOP('',(#6355,#6356,#6357,#6358,#6359,#6360,#6361,#6362,#6363,#6364,#6365,#6366));
#3466=AXIS2_PLACEMENT_3D('',#6367,#6368,#6369);
#3467=SURFACE_SIDE_STYLE('',(#6370));
#3468=EDGE_LOOP('',(#6371,#6372,#6373,#6374));
#3469=AXIS2_PLACEMENT_3D('',#6375,#6376,#6377);
#3470=SURFACE_SIDE_STYLE('',(#6378));
#3471=EDGE_LOOP('',(#6379,#6380,#6381,#6382));
#3472=AXIS2_PLACEMENT_3D('',#6383,#6384,#6385);
#3473=SURFACE_SIDE_STYLE('',(#6386));
#3474=EDGE_LOOP('',(#6387,#6388,#6389,#6390));
#3475=AXIS2_PLACEMENT_3D('',#6391,#6392,#6393);
#3476=SURFACE_SIDE_STYLE('',(#6394));
#3477=EDGE_LOOP('',(#6395,#6396,#6397,#6398));
#3478=AXIS2_PLACEMENT_3D('',#6399,#6400,#6401);
#3479=SURFACE_SIDE_STYLE('',(#6402));
#3480=EDGE_LOOP('',(#6403,#6404,#6405,#6406));
#3481=AXIS2_PLACEMENT_3D('',#6407,#6408,#6409);
#3482=SURFACE_SIDE_STYLE('',(#6410));
#3483=EDGE_LOOP('',(#6411,#6412,#6413,#6414));
#3484=AXIS2_PLACEMENT_3D('',#6415,#6416,#6417);
#3485=SURFACE_SIDE_STYLE('',(#6418));
#3486=EDGE_LOOP('',(#6419,#6420,#6421,#6422,#6423,#6424,#6425,#6426,#6427,#6428,#6429,#6430));
#3487=AXIS2_PLACEMENT_3D('',#6431,#6432,#6433);
#3488=SURFACE_SIDE_STYLE('',(#6434));
#3489=EDGE_LOOP('',(#6435,#6436,#6437,#6438));
#3490=AXIS2_PLACEMENT_3D('',#6439,#6440,#6441);
#3491=SURFACE_SIDE_STYLE('',(#6442));
#3492=EDGE_LOOP('',(#6443,#6444,#6445,#6446));
#3493=AXIS2_PLACEMENT_3D('',#6447,#6448,#6449);
#3494=SURFACE_SIDE_STYLE('',(#6450));
#3495=EDGE_LOOP('',(#6451,#6452,#6453,#6454,#6455,#6456,#6457,#6458,#6459,#6460,#6461,#6462));
#3496=AXIS2_PLACEMENT_3D('',#6463,#6464,#6465);
#3497=SURFACE_SIDE_STYLE('',(#6466));
#3498=EDGE_LOOP('',(#6467,#6468,#6469,#6470));
#3499=AXIS2_PLACEMENT_3D('',#6471,#6472,#6473);
#3500=SURFACE_SIDE_STYLE('',(#6474));
#3501=EDGE_LOOP('',(#6475,#6476,#6477,#6478));
#3502=AXIS2_PLACEMENT_3D('',#6479,#6480,#6481);
#3503=SURFACE_SIDE_STYLE('',(#6482));
#3504=EDGE_LOOP('',(#6483,#6484,#6485,#6486));
#3505=AXIS2_PLACEMENT_3D('',#6487,#6488,#6489);
#3506=SURFACE_SIDE_STYLE('',(#6490));
#3507=EDGE_LOOP('',(#6491,#6492,#6493,#6494));
#3508=AXIS2_PLACEMENT_3D('',#6495,#6496,#6497);
#3509=SURFACE_SIDE_STYLE('',(#6498));
#3510=EDGE_LOOP('',(#6499,#6500,#6501,#6502));
#3511=AXIS2_PLACEMENT_3D('',#6503,#6504,#6505);
#3512=SURFACE_SIDE_STYLE('',(#6506));
#3513=EDGE_LOOP('',(#6507,#6508,#6509,#6510));
#3514=AXIS2_PLACEMENT_3D('',#6511,#6512,#6513);
#3515=SURFACE_SIDE_STYLE('',(#6514));
#3516=EDGE_LOOP('',(#6515,#6516,#6517,#6518,#6519,#6520,#6521,#6522,#6523,#6524,#6525,#6526));
#3517=AXIS2_PLACEMENT_3D('',#6527,#6528,#6529);
#3518=SURFACE_SIDE_STYLE('',(#6530));
#3519=EDGE_LOOP('',(#6531,#6532,#6533,#6534));
#3520=AXIS2_PLACEMENT_3D('',#6535,#6536,#6537);
#3521=SURFACE_SIDE_STYLE('',(#6538));
#3522=EDGE_LOOP('',(#6539,#6540,#6541,#6542));
#3523=AXIS2_PLACEMENT_3D('',#6543,#6544,#6545);
#3524=SURFACE_SIDE_STYLE('',(#6546));
#3525=EDGE_LOOP('',(#6547,#6548,#6549,#6550,#6551,#6552,#6553,#6554,#6555,#6556,#6557,#6558));
#3526=AXIS2_PLACEMENT_3D('',#6559,#6560,#6561);
#3527=SURFACE_SIDE_STYLE('',(#6562));
#3528=EDGE_LOOP('',(#6563,#6564,#6565,#6566));
#3529=AXIS2_PLACEMENT_3D('',#6567,#6568,#6569);
#3530=SURFACE_SIDE_STYLE('',(#6570));
#3531=EDGE_LOOP('',(#6571,#6572,#6573,#6574));
#3532=AXIS2_PLACEMENT_3D('',#6575,#6576,#6577);
#3533=SURFACE_SIDE_STYLE('',(#6578));
#3534=EDGE_LOOP('',(#6579,#6580,#6581,#6582));
#3535=AXIS2_PLACEMENT_3D('',#6583,#6584,#6585);
#3536=SURFACE_SIDE_STYLE('',(#6586));
#3537=EDGE_LOOP('',(#6587,#6588,#6589,#6590));
#3538=AXIS2_PLACEMENT_3D('',#6591,#6592,#6593);
#3539=SURFACE_SIDE_STYLE('',(#6594));
#3540=EDGE_LOOP('',(#6595,#6596,#6597,#6598));
#3541=AXIS2_PLACEMENT_3D('',#6599,#6600,#6601);
#3542=SURFACE_SIDE_STYLE('',(#6602));
#3543=EDGE_LOOP('',(#6603,#6604,#6605,#6606));
#3544=AXIS2_PLACEMENT_3D('',#6607,#6608,#6609);
#3545=SURFACE_SIDE_STYLE('',(#6610));
#3546=EDGE_LOOP('',(#6611,#6612,#6613,#6614,#6615,#6616,#6617,#6618,#6619,#6620,#6621,#6622));
#3547=AXIS2_PLACEMENT_3D('',#6623,#6624,#6625);
#3548=SURFACE_SIDE_STYLE('',(#6626));
#3549=EDGE_LOOP('',(#6627,#6628,#6629,#6630));
#3550=AXIS2_PLACEMENT_3D('',#6631,#6632,#6633);
#3551=SURFACE_SIDE_STYLE('',(#6634));
#3552=EDGE_LOOP('',(#6635,#6636,#6637,#6638));
#3553=AXIS2_PLACEMENT_3D('',#6639,#6640,#6641);
#3554=SURFACE_SIDE_STYLE('',(#6642));
#3555=EDGE_LOOP('',(#6643,#6644,#6645,#6646,#6647,#6648,#6649,#6650,#6651,#6652,#6653,#6654));
#3556=AXIS2_PLACEMENT_3D('',#6655,#6656,#6657);
#3557=SURFACE_SIDE_STYLE('',(#6658));
#3558=EDGE_LOOP('',(#6659,#6660,#6661,#6662));
#3559=AXIS2_PLACEMENT_3D('',#6663,#6664,#6665);
#3560=SURFACE_SIDE_STYLE('',(#6666));
#3561=EDGE_LOOP('',(#6667,#6668,#6669,#6670));
#3562=AXIS2_PLACEMENT_3D('',#6671,#6672,#6673);
#3563=SURFACE_SIDE_STYLE('',(#6674));
#3564=EDGE_LOOP('',(#6675,#6676,#6677,#6678));
#3565=AXIS2_PLACEMENT_3D('',#6679,#6680,#6681);
#3566=SURFACE_SIDE_STYLE('',(#6682));
#3567=EDGE_LOOP('',(#6683,#6684,#6685,#6686));
#3568=AXIS2_PLACEMENT_3D('',#6687,#6688,#6689);
#3569=SURFACE_SIDE_STYLE('',(#6690));
#3570=EDGE_LOOP('',(#6691,#6692,#6693,#6694));
#3571=AXIS2_PLACEMENT_3D('',#6695,#6696,#6697);
#3572=SURFACE_SIDE_STYLE('',(#6698));
#3573=EDGE_LOOP('',(#6699,#6700,#6701,#6702));
#3574=AXIS2_PLACEMENT_3D('',#6703,#6704,#6705);
#3575=SURFACE_SIDE_STYLE('',(#6706));
#3576=EDGE_LOOP('',(#6707,#6708,#6709,#6710,#6711,#6712,#6713,#6714,#6715,#6716,#6717,#6718));
#3577=AXIS2_PLACEMENT_3D('',#6719,#6720,#6721);
#3578=SURFACE_SIDE_STYLE('',(#6722));
#3579=EDGE_LOOP('',(#6723,#6724,#6725,#6726));
#3580=AXIS2_PLACEMENT_3D('',#6727,#6728,#6729);
#3581=SURFACE_SIDE_STYLE('',(#6730));
#3582=EDGE_LOOP('',(#6731,#6732,#6733,#6734));
#3583=AXIS2_PLACEMENT_3D('',#6735,#6736,#6737);
#3584=SURFACE_SIDE_STYLE('',(#6738));
#3585=EDGE_LOOP('',(#6739,#6740,#6741,#6742,#6743,#6744,#6745,#6746,#6747,#6748,#6749,#6750));
#3586=AXIS2_PLACEMENT_3D('',#6751,#6752,#6753);
#3587=SURFACE_SIDE_STYLE('',(#6754));
#3588=EDGE_LOOP('',(#6755,#6756,#6757,#6758));
#3589=AXIS2_PLACEMENT_3D('',#6759,#6760,#6761);
#3590=SURFACE_SIDE_STYLE('',(#6762));
#3591=EDGE_LOOP('',(#6763,#6764,#6765,#6766));
#3592=AXIS2_PLACEMENT_3D('',#6767,#6768,#6769);
#3593=SURFACE_SIDE_STYLE('',(#6770));
#3594=EDGE_LOOP('',(#6771,#6772,#6773,#6774));
#3595=AXIS2_PLACEMENT_3D('',#6775,#6776,#6777);
#3596=SURFACE_SIDE_STYLE('',(#6778));
#3597=EDGE_LOOP('',(#6779,#6780,#6781,#6782));
#3598=AXIS2_PLACEMENT_3D('',#6783,#6784,#6785);
#3599=SURFACE_SIDE_STYLE('',(#6786));
#3600=EDGE_LOOP('',(#6787,#6788,#6789,#6790));
#3601=AXIS2_PLACEMENT_3D('',#6791,#6792,#6793);
#3602=SURFACE_SIDE_STYLE('',(#6794));
#3603=EDGE_LOOP('',(#6795,#6796,#6797,#6798));
#3604=AXIS2_PLACEMENT_3D('',#6799,#6800,#6801);
#3605=SURFACE_SIDE_STYLE('',(#6802));
#3606=EDGE_LOOP('',(#6803,#6804,#6805,#6806,#6807,#6808,#6809,#6810,#6811,#6812,#6813,#6814));
#3607=AXIS2_PLACEMENT_3D('',#6815,#6816,#6817);
#3608=SURFACE_SIDE_STYLE('',(#6818));
#3609=EDGE_LOOP('',(#6819,#6820,#6821,#6822));
#3610=AXIS2_PLACEMENT_3D('',#6823,#6824,#6825);
#3611=SURFACE_SIDE_STYLE('',(#6826));
#3612=EDGE_LOOP('',(#6827,#6828,#6829,#6830,#6831,#6832,#6833,#6834));
#3613=EDGE_LOOP('',(#6835,#6836,#6837,#6838));
#3614=AXIS2_PLACEMENT_3D('',#6839,#6840,#6841);
#3615=SURFACE_SIDE_STYLE('',(#6842));
#3616=EDGE_LOOP('',(#6843,#6844,#6845,#6846));
#3617=AXIS2_PLACEMENT_3D('',#6847,#6848,#6849);
#3618=SURFACE_SIDE_STYLE('',(#6850));
#3619=EDGE_LOOP('',(#6851,#6852,#6853,#6854));
#3620=AXIS2_PLACEMENT_3D('',#6855,#6856,#6857);
#3621=SURFACE_SIDE_STYLE('',(#6858));
#3622=EDGE_LOOP('',(#6859,#6860,#6861,#6862));
#3623=AXIS2_PLACEMENT_3D('',#6863,#6864,#6865);
#3624=SURFACE_SIDE_STYLE('',(#6866));
#3625=EDGE_LOOP('',(#6867,#6868,#6869,#6870));
#3626=AXIS2_PLACEMENT_3D('',#6871,#6872,#6873);
#3627=SURFACE_SIDE_STYLE('',(#6874));
#3628=EDGE_LOOP('',(#6875,#6876,#6877,#6878));
#3629=AXIS2_PLACEMENT_3D('',#6879,#6880,#6881);
#3630=SURFACE_SIDE_STYLE('',(#6882));
#3631=EDGE_LOOP('',(#6883,#6884,#6885,#6886));
#3632=AXIS2_PLACEMENT_3D('',#6887,#6888,#6889);
#3633=SURFACE_SIDE_STYLE('',(#6890));
#3634=EDGE_LOOP('',(#6891,#6892,#6893,#6894));
#3635=AXIS2_PLACEMENT_3D('',#6895,#6896,#6897);
#3636=SURFACE_SIDE_STYLE('',(#6898));
#3637=EDGE_LOOP('',(#6899,#6900,#6901,#6902));
#3638=AXIS2_PLACEMENT_3D('',#6903,#6904,#6905);
#3639=SURFACE_SIDE_STYLE('',(#6906));
#3640=EDGE_LOOP('',(#6907,#6908,#6909,#6910));
#3641=AXIS2_PLACEMENT_3D('',#6911,#6912,#6913);
#3642=SURFACE_SIDE_STYLE('',(#6914));
#3643=EDGE_LOOP('',(#6915,#6916,#6917,#6918));
#3644=AXIS2_PLACEMENT_3D('',#6919,#6920,#6921);
#3645=SURFACE_SIDE_STYLE('',(#6922));
#3646=EDGE_LOOP('',(#6923,#6924,#6925,#6926));
#3647=AXIS2_PLACEMENT_3D('',#6927,#6928,#6929);
#3648=SURFACE_SIDE_STYLE('',(#6930));
#3649=EDGE_LOOP('',(#6931,#6932,#6933,#6934));
#3650=AXIS2_PLACEMENT_3D('',#6935,#6936,#6937);
#3651=SURFACE_SIDE_STYLE('',(#6938));
#3652=EDGE_LOOP('',(#6939,#6940,#6941,#6942));
#3653=AXIS2_PLACEMENT_3D('',#6943,#6944,#6945);
#3654=SURFACE_SIDE_STYLE('',(#6946));
#3655=EDGE_LOOP('',(#6947,#6948,#6949,#6950));
#3656=AXIS2_PLACEMENT_3D('',#6951,#6952,#6953);
#3657=SURFACE_SIDE_STYLE('',(#6954));
#3658=EDGE_LOOP('',(#6955,#6956,#6957,#6958));
#3659=AXIS2_PLACEMENT_3D('',#6959,#6960,#6961);
#3660=SURFACE_SIDE_STYLE('',(#6962));
#3661=EDGE_LOOP('',(#6963,#6964,#6965,#6966));
#3662=AXIS2_PLACEMENT_3D('',#6967,#6968,#6969);
#3663=SURFACE_SIDE_STYLE('',(#6970));
#3664=EDGE_LOOP('',(#6971,#6972,#6973,#6974));
#3665=AXIS2_PLACEMENT_3D('',#6975,#6976,#6977);
#3666=SURFACE_SIDE_STYLE('',(#6978));
#3667=EDGE_LOOP('',(#6979,#6980,#6981,#6982));
#3668=AXIS2_PLACEMENT_3D('',#6983,#6984,#6985);
#3669=SURFACE_SIDE_STYLE('',(#6986));
#3670=EDGE_LOOP('',(#6987,#6988,#6989,#6990));
#3671=AXIS2_PLACEMENT_3D('',#6991,#6992,#6993);
#3672=SURFACE_SIDE_STYLE('',(#6994));
#3673=EDGE_LOOP('',(#6995,#6996,#6997,#6998));
#3674=AXIS2_PLACEMENT_3D('',#6999,#7000,#7001);
#3675=SURFACE_SIDE_STYLE('',(#7002));
#3676=EDGE_LOOP('',(#7003,#7004,#7005,#7006));
#3677=AXIS2_PLACEMENT_3D('',#7007,#7008,#7009);
#3678=SURFACE_SIDE_STYLE('',(#7010));
#3679=EDGE_LOOP('',(#7011,#7012,#7013,#7014));
#3680=AXIS2_PLACEMENT_3D('',#7015,#7016,#7017);
#3681=SURFACE_SIDE_STYLE('',(#7018));
#3682=EDGE_LOOP('',(#7019,#7020,#7021,#7022));
#3683=AXIS2_PLACEMENT_3D('',#7023,#7024,#7025);
#3684=SURFACE_SIDE_STYLE('',(#7026));
#3685=EDGE_LOOP('',(#7027,#7028,#7029,#7030));
#3686=AXIS2_PLACEMENT_3D('',#7031,#7032,#7033);
#3687=SURFACE_SIDE_STYLE('',(#7034));
#3688=EDGE_LOOP('',(#7035,#7036,#7037,#7038));
#3689=AXIS2_PLACEMENT_3D('',#7039,#7040,#7041);
#3690=SURFACE_SIDE_STYLE('',(#7042));
#3691=EDGE_LOOP('',(#7043,#7044,#7045,#7046));
#3692=AXIS2_PLACEMENT_3D('',#7047,#7048,#7049);
#3693=SURFACE_SIDE_STYLE('',(#7050));
#3694=EDGE_LOOP('',(#7051,#7052,#7053,#7054));
#3695=AXIS2_PLACEMENT_3D('',#7055,#7056,#7057);
#3696=SURFACE_SIDE_STYLE('',(#7058));
#3697=EDGE_LOOP('',(#7059,#7060,#7061,#7062));
#3698=AXIS2_PLACEMENT_3D('',#7063,#7064,#7065);
#3699=SURFACE_SIDE_STYLE('',(#7066));
#3700=EDGE_LOOP('',(#7067,#7068,#7069,#7070));
#3701=AXIS2_PLACEMENT_3D('',#7071,#7072,#7073);
#3702=SURFACE_SIDE_STYLE('',(#7074));
#3703=EDGE_LOOP('',(#7075,#7076,#7077,#7078));
#3704=AXIS2_PLACEMENT_3D('',#7079,#7080,#7081);
#3705=SURFACE_SIDE_STYLE('',(#7082));
#3706=EDGE_LOOP('',(#7083,#7084,#7085,#7086));
#3707=AXIS2_PLACEMENT_3D('',#7087,#7088,#7089);
#3708=SURFACE_SIDE_STYLE('',(#7090));
#3709=EDGE_LOOP('',(#7091,#7092,#7093,#7094));
#3710=AXIS2_PLACEMENT_3D('',#7095,#7096,#7097);
#3711=SURFACE_SIDE_STYLE('',(#7098));
#3712=EDGE_LOOP('',(#7099,#7100,#7101,#7102));
#3713=AXIS2_PLACEMENT_3D('',#7103,#7104,#7105);
#3714=SURFACE_SIDE_STYLE('',(#7106));
#3715=EDGE_LOOP('',(#7107,#7108,#7109,#7110));
#3716=AXIS2_PLACEMENT_3D('',#7111,#7112,#7113);
#3717=SURFACE_SIDE_STYLE('',(#7114));
#3718=EDGE_LOOP('',(#7115,#7116,#7117,#7118));
#3719=AXIS2_PLACEMENT_3D('',#7119,#7120,#7121);
#3720=SURFACE_SIDE_STYLE('',(#7122));
#3721=EDGE_LOOP('',(#7123,#7124,#7125,#7126));
#3722=AXIS2_PLACEMENT_3D('',#7127,#7128,#7129);
#3723=SURFACE_SIDE_STYLE('',(#7130));
#3724=EDGE_LOOP('',(#7131,#7132,#7133,#7134));
#3725=AXIS2_PLACEMENT_3D('',#7135,#7136,#7137);
#3726=SURFACE_SIDE_STYLE('',(#7138));
#3727=EDGE_LOOP('',(#7139,#7140,#7141,#7142));
#3728=AXIS2_PLACEMENT_3D('',#7143,#7144,#7145);
#3729=SURFACE_SIDE_STYLE('',(#7146));
#3730=EDGE_LOOP('',(#7147,#7148,#7149,#7150));
#3731=AXIS2_PLACEMENT_3D('',#7151,#7152,#7153);
#3732=SURFACE_SIDE_STYLE('',(#7154));
#3733=EDGE_LOOP('',(#7155,#7156,#7157,#7158));
#3734=AXIS2_PLACEMENT_3D('',#7159,#7160,#7161);
#3735=SURFACE_SIDE_STYLE('',(#7162));
#3736=EDGE_LOOP('',(#7163,#7164,#7165,#7166));
#3737=AXIS2_PLACEMENT_3D('',#7167,#7168,#7169);
#3738=SURFACE_SIDE_STYLE('',(#7170));
#3739=EDGE_LOOP('',(#7171,#7172,#7173,#7174));
#3740=AXIS2_PLACEMENT_3D('',#7175,#7176,#7177);
#3741=SURFACE_SIDE_STYLE('',(#7178));
#3742=EDGE_LOOP('',(#7179,#7180,#7181,#7182));
#3743=AXIS2_PLACEMENT_3D('',#7183,#7184,#7185);
#3744=SURFACE_SIDE_STYLE('',(#7186));
#3745=EDGE_LOOP('',(#7187,#7188,#7189,#7190));
#3746=AXIS2_PLACEMENT_3D('',#7191,#7192,#7193);
#3747=SURFACE_SIDE_STYLE('',(#7194));
#3748=EDGE_LOOP('',(#7195,#7196,#7197,#7198));
#3749=AXIS2_PLACEMENT_3D('',#7199,#7200,#7201);
#3750=SURFACE_SIDE_STYLE('',(#7202));
#3751=EDGE_LOOP('',(#7203,#7204,#7205,#7206));
#3752=AXIS2_PLACEMENT_3D('',#7207,#7208,#7209);
#3753=SURFACE_SIDE_STYLE('',(#7210));
#3754=EDGE_LOOP('',(#7211,#7212,#7213,#7214));
#3755=AXIS2_PLACEMENT_3D('',#7215,#7216,#7217);
#3756=SURFACE_SIDE_STYLE('',(#7218));
#3757=EDGE_LOOP('',(#7219,#7220,#7221,#7222));
#3758=AXIS2_PLACEMENT_3D('',#7223,#7224,#7225);
#3759=SURFACE_SIDE_STYLE('',(#7226));
#3760=EDGE_LOOP('',(#7227,#7228,#7229,#7230));
#3761=AXIS2_PLACEMENT_3D('',#7231,#7232,#7233);
#3762=SURFACE_SIDE_STYLE('',(#7234));
#3763=EDGE_LOOP('',(#7235,#7236,#7237,#7238));
#3764=AXIS2_PLACEMENT_3D('',#7239,#7240,#7241);
#3765=SURFACE_SIDE_STYLE('',(#7242));
#3766=EDGE_LOOP('',(#7243,#7244,#7245,#7246));
#3767=AXIS2_PLACEMENT_3D('',#7247,#7248,#7249);
#3768=SURFACE_SIDE_STYLE('',(#7250));
#3769=EDGE_LOOP('',(#7251,#7252,#7253,#7254));
#3770=AXIS2_PLACEMENT_3D('',#7255,#7256,#7257);
#3771=SURFACE_SIDE_STYLE('',(#7258));
#3772=EDGE_LOOP('',(#7259,#7260,#7261,#7262));
#3773=AXIS2_PLACEMENT_3D('',#7263,#7264,#7265);
#3774=SURFACE_SIDE_STYLE('',(#7266));
#3775=EDGE_LOOP('',(#7267,#7268,#7269,#7270));
#3776=AXIS2_PLACEMENT_3D('',#7271,#7272,#7273);
#3777=SURFACE_SIDE_STYLE('',(#7274));
#3778=EDGE_LOOP('',(#7275,#7276,#7277,#7278));
#3779=AXIS2_PLACEMENT_3D('',#7279,#7280,#7281);
#3780=SURFACE_SIDE_STYLE('',(#7282));
#3781=EDGE_LOOP('',(#7283,#7284,#7285,#7286));
#3782=AXIS2_PLACEMENT_3D('',#7287,#7288,#7289);
#3783=SURFACE_SIDE_STYLE('',(#7290));
#3784=EDGE_LOOP('',(#7291,#7292,#7293,#7294));
#3785=AXIS2_PLACEMENT_3D('',#7295,#7296,#7297);
#3786=SURFACE_SIDE_STYLE('',(#7298));
#3787=EDGE_LOOP('',(#7299,#7300,#7301,#7302));
#3788=AXIS2_PLACEMENT_3D('',#7303,#7304,#7305);
#3789=SURFACE_SIDE_STYLE('',(#7306));
#3790=EDGE_LOOP('',(#7307,#7308,#7309,#7310));
#3791=AXIS2_PLACEMENT_3D('',#7311,#7312,#7313);
#3792=SURFACE_SIDE_STYLE('',(#7314));
#3793=EDGE_LOOP('',(#7315,#7316,#7317,#7318));
#3794=AXIS2_PLACEMENT_3D('',#7319,#7320,#7321);
#3795=SURFACE_SIDE_STYLE('',(#7322));
#3796=EDGE_LOOP('',(#7323,#7324,#7325,#7326));
#3797=AXIS2_PLACEMENT_3D('',#7327,#7328,#7329);
#3798=SURFACE_SIDE_STYLE('',(#7330));
#3799=EDGE_LOOP('',(#7331,#7332,#7333,#7334));
#3800=AXIS2_PLACEMENT_3D('',#7335,#7336,#7337);
#3801=SURFACE_SIDE_STYLE('',(#7338));
#3802=EDGE_LOOP('',(#7339,#7340,#7341,#7342));
#3803=AXIS2_PLACEMENT_3D('',#7343,#7344,#7345);
#3804=SURFACE_SIDE_STYLE('',(#7346));
#3805=EDGE_LOOP('',(#7347,#7348,#7349,#7350));
#3806=AXIS2_PLACEMENT_3D('',#7351,#7352,#7353);
#3807=SURFACE_SIDE_STYLE('',(#7354));
#3808=EDGE_LOOP('',(#7355,#7356,#7357,#7358));
#3809=AXIS2_PLACEMENT_3D('',#7359,#7360,#7361);
#3810=SURFACE_SIDE_STYLE('',(#7362));
#3811=EDGE_LOOP('',(#7363,#7364,#7365,#7366));
#3812=AXIS2_PLACEMENT_3D('',#7367,#7368,#7369);
#3813=SURFACE_SIDE_STYLE('',(#7370));
#3814=EDGE_LOOP('',(#7371,#7372,#7373,#7374));
#3815=AXIS2_PLACEMENT_3D('',#7375,#7376,#7377);
#3816=SURFACE_SIDE_STYLE('',(#7378));
#3817=EDGE_LOOP('',(#7379,#7380,#7381,#7382));
#3818=AXIS2_PLACEMENT_3D('',#7383,#7384,#7385);
#3819=SURFACE_SIDE_STYLE('',(#7386));
#3820=EDGE_LOOP('',(#7387,#7388,#7389,#7390));
#3821=AXIS2_PLACEMENT_3D('',#7391,#7392,#7393);
#3822=SURFACE_SIDE_STYLE('',(#7394));
#3823=EDGE_LOOP('',(#7395,#7396,#7397,#7398));
#3824=AXIS2_PLACEMENT_3D('',#7399,#7400,#7401);
#3825=SURFACE_SIDE_STYLE('',(#7402));
#3826=EDGE_LOOP('',(#7403,#7404,#7405,#7406));
#3827=AXIS2_PLACEMENT_3D('',#7407,#7408,#7409);
#3828=SURFACE_SIDE_STYLE('',(#7410));
#3829=EDGE_LOOP('',(#7411,#7412,#7413,#7414));
#3830=AXIS2_PLACEMENT_3D('',#7415,#7416,#7417);
#3831=SURFACE_SIDE_STYLE('',(#7418));
#3832=EDGE_LOOP('',(#7419,#7420,#7421,#7422));
#3833=AXIS2_PLACEMENT_3D('',#7423,#7424,#7425);
#3834=SURFACE_SIDE_STYLE('',(#7426));
#3835=EDGE_LOOP('',(#7427,#7428,#7429,#7430));
#3836=AXIS2_PLACEMENT_3D('',#7431,#7432,#7433);
#3837=SURFACE_SIDE_STYLE('',(#7434));
#3838=EDGE_LOOP('',(#7435,#7436,#7437,#7438));
#3839=AXIS2_PLACEMENT_3D('',#7439,#7440,#7441);
#3840=SURFACE_SIDE_STYLE('',(#7442));
#3841=EDGE_LOOP('',(#7443,#7444,#7445,#7446));
#3842=AXIS2_PLACEMENT_3D('',#7447,#7448,#7449);
#3843=SURFACE_SIDE_STYLE('',(#7450));
#3844=EDGE_LOOP('',(#7451,#7452,#7453,#7454));
#3845=AXIS2_PLACEMENT_3D('',#7455,#7456,#7457);
#3846=SURFACE_SIDE_STYLE('',(#7458));
#3847=EDGE_LOOP('',(#7459,#7460,#7461,#7462));
#3848=AXIS2_PLACEMENT_3D('',#7463,#7464,#7465);
#3849=SURFACE_SIDE_STYLE('',(#7466));
#3850=EDGE_LOOP('',(#7467,#7468,#7469,#7470));
#3851=AXIS2_PLACEMENT_3D('',#7471,#7472,#7473);
#3852=SURFACE_SIDE_STYLE('',(#7474));
#3853=EDGE_LOOP('',(#7475,#7476,#7477,#7478));
#3854=AXIS2_PLACEMENT_3D('',#7479,#7480,#7481);
#3855=SURFACE_SIDE_STYLE('',(#7482));
#3856=EDGE_LOOP('',(#7483,#7484,#7485,#7486));
#3857=AXIS2_PLACEMENT_3D('',#7487,#7488,#7489);
#3858=SURFACE_SIDE_STYLE('',(#7490));
#3859=EDGE_LOOP('',(#7491,#7492,#7493,#7494));
#3860=AXIS2_PLACEMENT_3D('',#7495,#7496,#7497);
#3861=SURFACE_SIDE_STYLE('',(#7498));
#3862=EDGE_LOOP('',(#7499,#7500,#7501,#7502));
#3863=AXIS2_PLACEMENT_3D('',#7503,#7504,#7505);
#3864=SURFACE_SIDE_STYLE('',(#7506));
#3865=EDGE_LOOP('',(#7507,#7508,#7509,#7510));
#3866=AXIS2_PLACEMENT_3D('',#7511,#7512,#7513);
#3867=SURFACE_SIDE_STYLE('',(#7514));
#3868=EDGE_LOOP('',(#7515,#7516,#7517,#7518));
#3869=AXIS2_PLACEMENT_3D('',#7519,#7520,#7521);
#3870=SURFACE_SIDE_STYLE('',(#7522));
#3871=EDGE_LOOP('',(#7523,#7524,#7525,#7526));
#3872=AXIS2_PLACEMENT_3D('',#7527,#7528,#7529);
#3873=SURFACE_SIDE_STYLE('',(#7530));
#3874=EDGE_LOOP('',(#7531,#7532,#7533,#7534));
#3875=AXIS2_PLACEMENT_3D('',#7535,#7536,#7537);
#3876=SURFACE_SIDE_STYLE('',(#7538));
#3877=EDGE_LOOP('',(#7539,#7540,#7541,#7542));
#3878=AXIS2_PLACEMENT_3D('',#7543,#7544,#7545);
#3879=SURFACE_SIDE_STYLE('',(#7546));
#3880=EDGE_LOOP('',(#7547,#7548,#7549,#7550));
#3881=AXIS2_PLACEMENT_3D('',#7551,#7552,#7553);
#3882=SURFACE_SIDE_STYLE('',(#7554));
#3883=EDGE_LOOP('',(#7555,#7556,#7557,#7558));
#3884=AXIS2_PLACEMENT_3D('',#7559,#7560,#7561);
#3885=SURFACE_SIDE_STYLE('',(#7562));
#3886=EDGE_LOOP('',(#7563,#7564,#7565,#7566));
#3887=AXIS2_PLACEMENT_3D('',#7567,#7568,#7569);
#3888=SURFACE_SIDE_STYLE('',(#7570));
#3889=EDGE_LOOP('',(#7571,#7572,#7573,#7574));
#3890=AXIS2_PLACEMENT_3D('',#7575,#7576,#7577);
#3891=SURFACE_SIDE_STYLE('',(#7578));
#3892=EDGE_LOOP('',(#7579,#7580,#7581,#7582));
#3893=AXIS2_PLACEMENT_3D('',#7583,#7584,#7585);
#3894=SURFACE_SIDE_STYLE('',(#7586));
#3895=EDGE_LOOP('',(#7587,#7588,#7589,#7590));
#3896=AXIS2_PLACEMENT_3D('',#7591,#7592,#7593);
#3897=SURFACE_SIDE_STYLE('',(#7594));
#3898=EDGE_LOOP('',(#7595,#7596,#7597,#7598));
#3899=AXIS2_PLACEMENT_3D('',#7599,#7600,#7601);
#3900=SURFACE_SIDE_STYLE('',(#7602));
#3901=EDGE_LOOP('',(#7603,#7604,#7605,#7606));
#3902=AXIS2_PLACEMENT_3D('',#7607,#7608,#7609);
#3903=SURFACE_SIDE_STYLE('',(#7610));
#3904=EDGE_LOOP('',(#7611,#7612,#7613,#7614));
#3905=AXIS2_PLACEMENT_3D('',#7615,#7616,#7617);
#3906=SURFACE_SIDE_STYLE('',(#7618));
#3907=EDGE_LOOP('',(#7619,#7620,#7621,#7622));
#3908=AXIS2_PLACEMENT_3D('',#7623,#7624,#7625);
#3909=SURFACE_SIDE_STYLE('',(#7626));
#3910=EDGE_LOOP('',(#7627,#7628,#7629,#7630));
#3911=AXIS2_PLACEMENT_3D('',#7631,#7632,#7633);
#3912=SURFACE_SIDE_STYLE('',(#7634));
#3913=EDGE_LOOP('',(#7635,#7636,#7637,#7638));
#3914=AXIS2_PLACEMENT_3D('',#7639,#7640,#7641);
#3915=SURFACE_SIDE_STYLE('',(#7642));
#3916=EDGE_LOOP('',(#7643,#7644,#7645,#7646));
#3917=AXIS2_PLACEMENT_3D('',#7647,#7648,#7649);
#3918=SURFACE_SIDE_STYLE('',(#7650));
#3919=EDGE_LOOP('',(#7651,#7652,#7653,#7654));
#3920=AXIS2_PLACEMENT_3D('',#7655,#7656,#7657);
#3921=SURFACE_SIDE_STYLE('',(#7658));
#3922=EDGE_LOOP('',(#7659,#7660,#7661,#7662));
#3923=AXIS2_PLACEMENT_3D('',#7663,#7664,#7665);
#3924=SURFACE_SIDE_STYLE('',(#7666));
#3925=EDGE_LOOP('',(#7667,#7668,#7669,#7670));
#3926=AXIS2_PLACEMENT_3D('',#7671,#7672,#7673);
#3927=SURFACE_SIDE_STYLE('',(#7674));
#3928=EDGE_LOOP('',(#7675,#7676,#7677,#7678));
#3929=AXIS2_PLACEMENT_3D('',#7679,#7680,#7681);
#3930=SURFACE_SIDE_STYLE('',(#7682));
#3931=EDGE_LOOP('',(#7683,#7684,#7685,#7686));
#3932=AXIS2_PLACEMENT_3D('',#7687,#7688,#7689);
#3933=SURFACE_SIDE_STYLE('',(#7690));
#3934=EDGE_LOOP('',(#7691,#7692,#7693,#7694));
#3935=AXIS2_PLACEMENT_3D('',#7695,#7696,#7697);
#3936=SURFACE_SIDE_STYLE('',(#7698));
#3937=EDGE_LOOP('',(#7699,#7700,#7701,#7702));
#3938=AXIS2_PLACEMENT_3D('',#7703,#7704,#7705);
#3939=SURFACE_SIDE_STYLE('',(#7706));
#3940=EDGE_LOOP('',(#7707,#7708,#7709,#7710));
#3941=AXIS2_PLACEMENT_3D('',#7711,#7712,#7713);
#3942=SURFACE_SIDE_STYLE('',(#7714));
#3943=EDGE_LOOP('',(#7715,#7716,#7717,#7718));
#3944=AXIS2_PLACEMENT_3D('',#7719,#7720,#7721);
#3945=SURFACE_SIDE_STYLE('',(#7722));
#3946=EDGE_LOOP('',(#7723,#7724,#7725,#7726));
#3947=AXIS2_PLACEMENT_3D('',#7727,#7728,#7729);
#3948=SURFACE_SIDE_STYLE('',(#7730));
#3949=EDGE_LOOP('',(#7731,#7732,#7733,#7734));
#3950=AXIS2_PLACEMENT_3D('',#7735,#7736,#7737);
#3951=SURFACE_SIDE_STYLE('',(#7738));
#3952=EDGE_LOOP('',(#7739,#7740,#7741,#7742));
#3953=AXIS2_PLACEMENT_3D('',#7743,#7744,#7745);
#3954=SURFACE_SIDE_STYLE('',(#7746));
#3955=EDGE_LOOP('',(#7747,#7748,#7749,#7750));
#3956=AXIS2_PLACEMENT_3D('',#7751,#7752,#7753);
#3957=SURFACE_SIDE_STYLE('',(#7754));
#3958=EDGE_LOOP('',(#7755,#7756,#7757,#7758));
#3959=AXIS2_PLACEMENT_3D('',#7759,#7760,#7761);
#3960=SURFACE_SIDE_STYLE('',(#7762));
#3961=EDGE_LOOP('',(#7763,#7764,#7765,#7766));
#3962=AXIS2_PLACEMENT_3D('',#7767,#7768,#7769);
#3963=SURFACE_SIDE_STYLE('',(#7770));
#3964=EDGE_LOOP('',(#7771,#7772,#7773,#7774));
#3965=AXIS2_PLACEMENT_3D('',#7775,#7776,#7777);
#3966=SURFACE_SIDE_STYLE('',(#7778));
#3967=EDGE_LOOP('',(#7779,#7780,#7781,#7782));
#3968=AXIS2_PLACEMENT_3D('',#7783,#7784,#7785);
#3969=SURFACE_SIDE_STYLE('',(#7786));
#3970=EDGE_LOOP('',(#7787,#7788,#7789,#7790));
#3971=AXIS2_PLACEMENT_3D('',#7791,#7792,#7793);
#3972=SURFACE_SIDE_STYLE('',(#7794));
#3973=EDGE_LOOP('',(#7795,#7796,#7797,#7798));
#3974=AXIS2_PLACEMENT_3D('',#7799,#7800,#7801);
#3975=SURFACE_SIDE_STYLE('',(#7802));
#3976=EDGE_LOOP('',(#7803,#7804,#7805,#7806));
#3977=AXIS2_PLACEMENT_3D('',#7807,#7808,#7809);
#3978=SURFACE_SIDE_STYLE('',(#7810));
#3979=EDGE_LOOP('',(#7811,#7812,#7813,#7814));
#3980=AXIS2_PLACEMENT_3D('',#7815,#7816,#7817);
#3981=SURFACE_SIDE_STYLE('',(#7818));
#3982=EDGE_LOOP('',(#7819,#7820,#7821,#7822));
#3983=AXIS2_PLACEMENT_3D('',#7823,#7824,#7825);
#3984=SURFACE_SIDE_STYLE('',(#7826));
#3985=EDGE_LOOP('',(#7827,#7828,#7829,#7830));
#3986=AXIS2_PLACEMENT_3D('',#7831,#7832,#7833);
#3987=SURFACE_SIDE_STYLE('',(#7834));
#3988=EDGE_LOOP('',(#7835,#7836,#7837,#7838));
#3989=AXIS2_PLACEMENT_3D('',#7839,#7840,#7841);
#3990=SURFACE_SIDE_STYLE('',(#7842));
#3991=EDGE_LOOP('',(#7843,#7844,#7845,#7846));
#3992=AXIS2_PLACEMENT_3D('',#7847,#7848,#7849);
#3993=SURFACE_SIDE_STYLE('',(#7850));
#3994=EDGE_LOOP('',(#7851,#7852,#7853,#7854));
#3995=AXIS2_PLACEMENT_3D('',#7855,#7856,#7857);
#3996=SURFACE_SIDE_STYLE('',(#7858));
#3997=EDGE_LOOP('',(#7859,#7860,#7861,#7862));
#3998=AXIS2_PLACEMENT_3D('',#7863,#7864,#7865);
#3999=SURFACE_SIDE_STYLE('',(#7866));
#4000=EDGE_LOOP('',(#7867,#7868,#7869,#7870));
#4001=AXIS2_PLACEMENT_3D('',#7871,#7872,#7873);
#4002=SURFACE_SIDE_STYLE('',(#7874));
#4003=EDGE_LOOP('',(#7875,#7876,#7877,#7878));
#4004=AXIS2_PLACEMENT_3D('',#7879,#7880,#7881);
#4005=SURFACE_SIDE_STYLE('',(#7882));
#4006=EDGE_LOOP('',(#7883,#7884,#7885,#7886));
#4007=AXIS2_PLACEMENT_3D('',#7887,#7888,#7889);
#4008=SURFACE_SIDE_STYLE('',(#7890));
#4009=EDGE_LOOP('',(#7891,#7892,#7893,#7894));
#4010=AXIS2_PLACEMENT_3D('',#7895,#7896,#7897);
#4011=SURFACE_SIDE_STYLE('',(#7898));
#4012=EDGE_LOOP('',(#7899,#7900,#7901,#7902));
#4013=AXIS2_PLACEMENT_3D('',#7903,#7904,#7905);
#4014=SURFACE_SIDE_STYLE('',(#7906));
#4015=EDGE_LOOP('',(#7907,#7908,#7909,#7910));
#4016=AXIS2_PLACEMENT_3D('',#7911,#7912,#7913);
#4017=SURFACE_SIDE_STYLE('',(#7914));
#4018=EDGE_LOOP('',(#7915,#7916,#7917,#7918));
#4019=AXIS2_PLACEMENT_3D('',#7919,#7920,#7921);
#4020=SURFACE_SIDE_STYLE('',(#7922));
#4021=EDGE_LOOP('',(#7923,#7924,#7925,#7926));
#4022=AXIS2_PLACEMENT_3D('',#7927,#7928,#7929);
#4023=SURFACE_SIDE_STYLE('',(#7930));
#4024=EDGE_LOOP('',(#7931,#7932,#7933,#7934));
#4025=AXIS2_PLACEMENT_3D('',#7935,#7936,#7937);
#4026=SURFACE_SIDE_STYLE('',(#7938));
#4027=EDGE_LOOP('',(#7939,#7940,#7941,#7942));
#4028=AXIS2_PLACEMENT_3D('',#7943,#7944,#7945);
#4029=SURFACE_SIDE_STYLE('',(#7946));
#4030=EDGE_LOOP('',(#7947,#7948,#7949,#7950));
#4031=AXIS2_PLACEMENT_3D('',#7951,#7952,#7953);
#4032=SURFACE_SIDE_STYLE('',(#7954));
#4033=EDGE_LOOP('',(#7955,#7956,#7957,#7958));
#4034=AXIS2_PLACEMENT_3D('',#7959,#7960,#7961);
#4035=SURFACE_SIDE_STYLE('',(#7962));
#4036=EDGE_LOOP('',(#7963,#7964,#7965,#7966));
#4037=AXIS2_PLACEMENT_3D('',#7967,#7968,#7969);
#4038=SURFACE_SIDE_STYLE('',(#7970));
#4039=EDGE_LOOP('',(#7971,#7972,#7973,#7974));
#4040=AXIS2_PLACEMENT_3D('',#7975,#7976,#7977);
#4041=SURFACE_SIDE_STYLE('',(#7978));
#4042=EDGE_LOOP('',(#7979,#7980,#7981,#7982));
#4043=AXIS2_PLACEMENT_3D('',#7983,#7984,#7985);
#4044=SURFACE_SIDE_STYLE('',(#7986));
#4045=EDGE_LOOP('',(#7987,#7988,#7989,#7990));
#4046=AXIS2_PLACEMENT_3D('',#7991,#7992,#7993);
#4047=SURFACE_SIDE_STYLE('',(#7994));
#4048=EDGE_LOOP('',(#7995,#7996,#7997,#7998));
#4049=AXIS2_PLACEMENT_3D('',#7999,#8000,#8001);
#4050=SURFACE_SIDE_STYLE('',(#8002));
#4051=EDGE_LOOP('',(#8003,#8004,#8005,#8006));
#4052=AXIS2_PLACEMENT_3D('',#8007,#8008,#8009);
#4053=SURFACE_SIDE_STYLE('',(#8010));
#4054=EDGE_LOOP('',(#8011,#8012,#8013,#8014));
#4055=AXIS2_PLACEMENT_3D('',#8015,#8016,#8017);
#4056=SURFACE_SIDE_STYLE('',(#8018));
#4057=EDGE_LOOP('',(#8019,#8020,#8021,#8022));
#4058=AXIS2_PLACEMENT_3D('',#8023,#8024,#8025);
#4059=SURFACE_SIDE_STYLE('',(#8026));
#4060=EDGE_LOOP('',(#8027,#8028,#8029,#8030));
#4061=AXIS2_PLACEMENT_3D('',#8031,#8032,#8033);
#4062=SURFACE_SIDE_STYLE('',(#8034));
#4063=EDGE_LOOP('',(#8035,#8036,#8037,#8038));
#4064=AXIS2_PLACEMENT_3D('',#8039,#8040,#8041);
#4065=SURFACE_SIDE_STYLE('',(#8042));
#4066=EDGE_LOOP('',(#8043,#8044,#8045,#8046));
#4067=AXIS2_PLACEMENT_3D('',#8047,#8048,#8049);
#4068=SURFACE_SIDE_STYLE('',(#8050));
#4069=EDGE_LOOP('',(#8051,#8052,#8053,#8054));
#4070=AXIS2_PLACEMENT_3D('',#8055,#8056,#8057);
#4071=SURFACE_SIDE_STYLE('',(#8058));
#4072=EDGE_LOOP('',(#8059,#8060,#8061,#8062));
#4073=AXIS2_PLACEMENT_3D('',#8063,#8064,#8065);
#4074=SURFACE_SIDE_STYLE('',(#8066));
#4075=EDGE_LOOP('',(#8067,#8068,#8069,#8070));
#4076=AXIS2_PLACEMENT_3D('',#8071,#8072,#8073);
#4077=SURFACE_SIDE_STYLE('',(#8074));
#4078=EDGE_LOOP('',(#8075,#8076,#8077,#8078));
#4079=AXIS2_PLACEMENT_3D('',#8079,#8080,#8081);
#4080=SURFACE_SIDE_STYLE('',(#8082));
#4081=EDGE_LOOP('',(#8083,#8084,#8085,#8086));
#4082=AXIS2_PLACEMENT_3D('',#8087,#8088,#8089);
#4083=SURFACE_SIDE_STYLE('',(#8090));
#4084=EDGE_LOOP('',(#8091,#8092,#8093,#8094));
#4085=AXIS2_PLACEMENT_3D('',#8095,#8096,#8097);
#4086=SURFACE_SIDE_STYLE('',(#8098));
#4087=EDGE_LOOP('',(#8099,#8100,#8101,#8102));
#4088=AXIS2_PLACEMENT_3D('',#8103,#8104,#8105);
#4089=SURFACE_SIDE_STYLE('',(#8106));
#4090=EDGE_LOOP('',(#8107,#8108,#8109,#8110));
#4091=AXIS2_PLACEMENT_3D('',#8111,#8112,#8113);
#4092=SURFACE_SIDE_STYLE('',(#8114));
#4093=EDGE_LOOP('',(#8115,#8116,#8117,#8118));
#4094=AXIS2_PLACEMENT_3D('',#8119,#8120,#8121);
#4095=SURFACE_SIDE_STYLE('',(#8122));
#4096=EDGE_LOOP('',(#8123,#8124,#8125,#8126));
#4097=AXIS2_PLACEMENT_3D('',#8127,#8128,#8129);
#4098=SURFACE_SIDE_STYLE('',(#8130));
#4099=EDGE_LOOP('',(#8131,#8132,#8133,#8134));
#4100=AXIS2_PLACEMENT_3D('',#8135,#8136,#8137);
#4101=SURFACE_SIDE_STYLE('',(#8138));
#4102=EDGE_LOOP('',(#8139,#8140,#8141,#8142));
#4103=AXIS2_PLACEMENT_3D('',#8143,#8144,#8145);
#4104=SURFACE_SIDE_STYLE('',(#8146));
#4105=EDGE_LOOP('',(#8147,#8148,#8149,#8150));
#4106=AXIS2_PLACEMENT_3D('',#8151,#8152,#8153);
#4107=SURFACE_SIDE_STYLE('',(#8154));
#4108=EDGE_LOOP('',(#8155,#8156,#8157,#8158));
#4109=AXIS2_PLACEMENT_3D('',#8159,#8160,#8161);
#4110=SURFACE_SIDE_STYLE('',(#8162));
#4111=EDGE_LOOP('',(#8163,#8164,#8165,#8166));
#4112=AXIS2_PLACEMENT_3D('',#8167,#8168,#8169);
#4113=SURFACE_SIDE_STYLE('',(#8170));
#4114=EDGE_LOOP('',(#8171,#8172,#8173,#8174));
#4115=AXIS2_PLACEMENT_3D('',#8175,#8176,#8177);
#4116=SURFACE_SIDE_STYLE('',(#8178));
#4117=EDGE_LOOP('',(#8179,#8180,#8181,#8182));
#4118=AXIS2_PLACEMENT_3D('',#8183,#8184,#8185);
#4119=SURFACE_SIDE_STYLE('',(#8186));
#4120=EDGE_LOOP('',(#8187,#8188,#8189,#8190));
#4121=AXIS2_PLACEMENT_3D('',#8191,#8192,#8193);
#4122=SURFACE_SIDE_STYLE('',(#8194));
#4123=EDGE_LOOP('',(#8195,#8196,#8197,#8198));
#4124=AXIS2_PLACEMENT_3D('',#8199,#8200,#8201);
#4125=SURFACE_SIDE_STYLE('',(#8202));
#4126=EDGE_LOOP('',(#8203,#8204,#8205,#8206));
#4127=AXIS2_PLACEMENT_3D('',#8207,#8208,#8209);
#4128=SURFACE_SIDE_STYLE('',(#8210));
#4129=EDGE_LOOP('',(#8211,#8212,#8213,#8214));
#4130=AXIS2_PLACEMENT_3D('',#8215,#8216,#8217);
#4131=SURFACE_SIDE_STYLE('',(#8218));
#4132=EDGE_LOOP('',(#8219,#8220,#8221,#8222));
#4133=AXIS2_PLACEMENT_3D('',#8223,#8224,#8225);
#4134=SURFACE_SIDE_STYLE('',(#8226));
#4135=EDGE_LOOP('',(#8227,#8228,#8229,#8230));
#4136=AXIS2_PLACEMENT_3D('',#8231,#8232,#8233);
#4137=SURFACE_SIDE_STYLE('',(#8234));
#4138=EDGE_LOOP('',(#8235,#8236,#8237,#8238));
#4139=AXIS2_PLACEMENT_3D('',#8239,#8240,#8241);
#4140=SURFACE_SIDE_STYLE('',(#8242));
#4141=EDGE_LOOP('',(#8243,#8244,#8245,#8246,#8247,#8248,#8249,#8250));
#4142=EDGE_LOOP('',(#8251,#8252,#8253,#8254));
#4143=AXIS2_PLACEMENT_3D('',#8255,#8256,#8257);
#4144=SURFACE_SIDE_STYLE('',(#8258));
#4145=EDGE_LOOP('',(#8259,#8260,#8261,#8262));
#4146=AXIS2_PLACEMENT_3D('',#8263,#8264,#8265);
#4147=SURFACE_SIDE_STYLE('',(#8266));
#4148=EDGE_LOOP('',(#8267,#8268,#8269,#8270));
#4149=AXIS2_PLACEMENT_3D('',#8271,#8272,#8273);
#4150=SURFACE_SIDE_STYLE('',(#8274));
#4151=EDGE_LOOP('',(#8275,#8276,#8277,#8278));
#4152=AXIS2_PLACEMENT_3D('',#8279,#8280,#8281);
#4153=SURFACE_SIDE_STYLE('',(#8282));
#4154=EDGE_LOOP('',(#8283,#8284,#8285,#8286));
#4155=AXIS2_PLACEMENT_3D('',#8287,#8288,#8289);
#4156=SURFACE_SIDE_STYLE('',(#8290));
#4157=EDGE_LOOP('',(#8291,#8292,#8293,#8294));
#4158=AXIS2_PLACEMENT_3D('',#8295,#8296,#8297);
#4159=SURFACE_SIDE_STYLE('',(#8298));
#4160=EDGE_LOOP('',(#8299,#8300,#8301,#8302));
#4161=AXIS2_PLACEMENT_3D('',#8303,#8304,#8305);
#4162=SURFACE_SIDE_STYLE('',(#8306));
#4163=EDGE_LOOP('',(#8307,#8308,#8309,#8310));
#4164=AXIS2_PLACEMENT_3D('',#8311,#8312,#8313);
#4165=SURFACE_SIDE_STYLE('',(#8314));
#4166=EDGE_LOOP('',(#8315,#8316,#8317,#8318,#8319,#8320,#8321,#8322));
#4167=EDGE_LOOP('',(#8323,#8324,#8325,#8326));
#4168=AXIS2_PLACEMENT_3D('',#8327,#8328,#8329);
#4169=SURFACE_SIDE_STYLE('',(#8330));
#4170=EDGE_LOOP('',(#8331,#8332,#8333,#8334));
#4171=AXIS2_PLACEMENT_3D('',#8335,#8336,#8337);
#4172=SURFACE_SIDE_STYLE('',(#8338));
#4173=EDGE_LOOP('',(#8339,#8340,#8341,#8342));
#4174=AXIS2_PLACEMENT_3D('',#8343,#8344,#8345);
#4175=SURFACE_SIDE_STYLE('',(#8346));
#4176=EDGE_LOOP('',(#8347,#8348,#8349,#8350));
#4177=AXIS2_PLACEMENT_3D('',#8351,#8352,#8353);
#4178=SURFACE_SIDE_STYLE('',(#8354));
#4179=EDGE_LOOP('',(#8355,#8356,#8357,#8358));
#4180=AXIS2_PLACEMENT_3D('',#8359,#8360,#8361);
#4181=SURFACE_SIDE_STYLE('',(#8362));
#4182=EDGE_LOOP('',(#8363,#8364,#8365,#8366));
#4183=AXIS2_PLACEMENT_3D('',#8367,#8368,#8369);
#4184=SURFACE_SIDE_STYLE('',(#8370));
#4185=EDGE_LOOP('',(#8371,#8372,#8373,#8374));
#4186=AXIS2_PLACEMENT_3D('',#8375,#8376,#8377);
#4187=SURFACE_SIDE_STYLE('',(#8378));
#4188=EDGE_LOOP('',(#8379,#8380,#8381,#8382));
#4189=AXIS2_PLACEMENT_3D('',#8383,#8384,#8385);
#4190=SURFACE_SIDE_STYLE('',(#8386));
#4191=EDGE_LOOP('',(#8387,#8388,#8389,#8390,#8391,#8392,#8393,#8394));
#4192=EDGE_LOOP('',(#8395,#8396,#8397,#8398));
#4193=AXIS2_PLACEMENT_3D('',#8399,#8400,#8401);
#4194=SURFACE_SIDE_STYLE('',(#8402));
#4195=EDGE_LOOP('',(#8403,#8404,#8405,#8406));
#4196=AXIS2_PLACEMENT_3D('',#8407,#8408,#8409);
#4197=SURFACE_SIDE_STYLE('',(#8410));
#4198=EDGE_LOOP('',(#8411,#8412,#8413,#8414));
#4199=AXIS2_PLACEMENT_3D('',#8415,#8416,#8417);
#4200=SURFACE_SIDE_STYLE('',(#8418));
#4201=EDGE_LOOP('',(#8419,#8420,#8421,#8422));
#4202=AXIS2_PLACEMENT_3D('',#8423,#8424,#8425);
#4203=SURFACE_SIDE_STYLE('',(#8426));
#4204=EDGE_LOOP('',(#8427,#8428,#8429,#8430));
#4205=AXIS2_PLACEMENT_3D('',#8431,#8432,#8433);
#4206=SURFACE_SIDE_STYLE('',(#8434));
#4207=EDGE_LOOP('',(#8435,#8436,#8437,#8438));
#4208=AXIS2_PLACEMENT_3D('',#8439,#8440,#8441);
#4209=SURFACE_SIDE_STYLE('',(#8442));
#4210=EDGE_LOOP('',(#8443,#8444,#8445,#8446));
#4211=AXIS2_PLACEMENT_3D('',#8447,#8448,#8449);
#4212=SURFACE_SIDE_STYLE('',(#8450));
#4213=EDGE_LOOP('',(#8451,#8452,#8453,#8454));
#4214=AXIS2_PLACEMENT_3D('',#8455,#8456,#8457);
#4215=SURFACE_SIDE_STYLE('',(#8458));
#4216=EDGE_LOOP('',(#8459,#8460,#8461,#8462,#8463,#8464,#8465,#8466));
#4217=EDGE_LOOP('',(#8467,#8468,#8469,#8470));
#4218=AXIS2_PLACEMENT_3D('',#8471,#8472,#8473);
#4219=SURFACE_SIDE_STYLE('',(#8474));
#4220=EDGE_LOOP('',(#8475,#8476,#8477,#8478));
#4221=AXIS2_PLACEMENT_3D('',#8479,#8480,#8481);
#4222=SURFACE_SIDE_STYLE('',(#8482));
#4223=EDGE_LOOP('',(#8483,#8484,#8485,#8486));
#4224=AXIS2_PLACEMENT_3D('',#8487,#8488,#8489);
#4225=SURFACE_SIDE_STYLE('',(#8490));
#4226=EDGE_LOOP('',(#8491,#8492,#8493,#8494));
#4227=AXIS2_PLACEMENT_3D('',#8495,#8496,#8497);
#4228=SURFACE_SIDE_STYLE('',(#8498));
#4229=EDGE_LOOP('',(#8499,#8500,#8501,#8502));
#4230=AXIS2_PLACEMENT_3D('',#8503,#8504,#8505);
#4231=SURFACE_SIDE_STYLE('',(#8506));
#4232=EDGE_LOOP('',(#8507,#8508,#8509,#8510));
#4233=AXIS2_PLACEMENT_3D('',#8511,#8512,#8513);
#4234=SURFACE_SIDE_STYLE('',(#8514));
#4235=EDGE_LOOP('',(#8515,#8516,#8517,#8518));
#4236=AXIS2_PLACEMENT_3D('',#8519,#8520,#8521);
#4237=SURFACE_SIDE_STYLE('',(#8522));
#4238=EDGE_LOOP('',(#8523,#8524,#8525,#8526));
#4239=AXIS2_PLACEMENT_3D('',#8527,#8528,#8529);
#4240=SURFACE_SIDE_STYLE('',(#8530));
#4241=EDGE_LOOP('',(#8531,#8532,#8533,#8534,#8535,#8536,#8537,#8538));
#4242=EDGE_LOOP('',(#8539,#8540,#8541,#8542));
#4243=AXIS2_PLACEMENT_3D('',#8543,#8544,#8545);
#4244=SURFACE_SIDE_STYLE('',(#8546));
#4245=EDGE_LOOP('',(#8547,#8548,#8549,#8550));
#4246=AXIS2_PLACEMENT_3D('',#8551,#8552,#8553);
#4247=SURFACE_SIDE_STYLE('',(#8554));
#4248=EDGE_LOOP('',(#8555,#8556,#8557,#8558));
#4249=AXIS2_PLACEMENT_3D('',#8559,#8560,#8561);
#4250=SURFACE_SIDE_STYLE('',(#8562));
#4251=EDGE_LOOP('',(#8563,#8564,#8565,#8566));
#4252=AXIS2_PLACEMENT_3D('',#8567,#8568,#8569);
#4253=SURFACE_SIDE_STYLE('',(#8570));
#4254=EDGE_LOOP('',(#8571,#8572,#8573,#8574));
#4255=AXIS2_PLACEMENT_3D('',#8575,#8576,#8577);
#4256=SURFACE_SIDE_STYLE('',(#8578));
#4257=EDGE_LOOP('',(#8579,#8580,#8581,#8582));
#4258=AXIS2_PLACEMENT_3D('',#8583,#8584,#8585);
#4259=SURFACE_SIDE_STYLE('',(#8586));
#4260=EDGE_LOOP('',(#8587,#8588,#8589,#8590));
#4261=AXIS2_PLACEMENT_3D('',#8591,#8592,#8593);
#4262=SURFACE_SIDE_STYLE('',(#8594));
#4263=EDGE_LOOP('',(#8595,#8596,#8597,#8598));
#4264=AXIS2_PLACEMENT_3D('',#8599,#8600,#8601);
#4265=SURFACE_SIDE_STYLE('',(#8602));
#4266=EDGE_LOOP('',(#8603,#8604,#8605,#8606,#8607,#8608,#8609,#8610));
#4267=EDGE_LOOP('',(#8611,#8612,#8613,#8614));
#4268=AXIS2_PLACEMENT_3D('',#8615,#8616,#8617);
#4269=SURFACE_SIDE_STYLE('',(#8618));
#4270=EDGE_LOOP('',(#8619,#8620,#8621,#8622));
#4271=AXIS2_PLACEMENT_3D('',#8623,#8624,#8625);
#4272=SURFACE_SIDE_STYLE('',(#8626));
#4273=EDGE_LOOP('',(#8627,#8628,#8629,#8630));
#4274=AXIS2_PLACEMENT_3D('',#8631,#8632,#8633);
#4275=SURFACE_SIDE_STYLE('',(#8634));
#4276=EDGE_LOOP('',(#8635,#8636,#8637,#8638));
#4277=AXIS2_PLACEMENT_3D('',#8639,#8640,#8641);
#4278=SURFACE_SIDE_STYLE('',(#8642));
#4279=EDGE_LOOP('',(#8643,#8644,#8645,#8646));
#4280=AXIS2_PLACEMENT_3D('',#8647,#8648,#8649);
#4281=SURFACE_SIDE_STYLE('',(#8650));
#4282=EDGE_LOOP('',(#8651,#8652,#8653,#8654));
#4283=AXIS2_PLACEMENT_3D('',#8655,#8656,#8657);
#4284=SURFACE_SIDE_STYLE('',(#8658));
#4285=EDGE_LOOP('',(#8659,#8660,#8661,#8662));
#4286=AXIS2_PLACEMENT_3D('',#8663,#8664,#8665);
#4287=SURFACE_SIDE_STYLE('',(#8666));
#4288=EDGE_LOOP('',(#8667,#8668,#8669,#8670));
#4289=AXIS2_PLACEMENT_3D('',#8671,#8672,#8673);
#4290=SURFACE_SIDE_STYLE('',(#8674));
#4291=EDGE_LOOP('',(#8675,#8676,#8677,#8678,#8679,#8680,#8681,#8682));
#4292=EDGE_LOOP('',(#8683,#8684,#8685,#8686));
#4293=AXIS2_PLACEMENT_3D('',#8687,#8688,#8689);
#4294=SURFACE_SIDE_STYLE('',(#8690));
#4295=EDGE_LOOP('',(#8691,#8692,#8693,#8694));
#4296=AXIS2_PLACEMENT_3D('',#8695,#8696,#8697);
#4297=SURFACE_SIDE_STYLE('',(#8698));
#4298=EDGE_LOOP('',(#8699,#8700,#8701,#8702));
#4299=AXIS2_PLACEMENT_3D('',#8703,#8704,#8705);
#4300=SURFACE_SIDE_STYLE('',(#8706));
#4301=EDGE_LOOP('',(#8707,#8708,#8709,#8710));
#4302=AXIS2_PLACEMENT_3D('',#8711,#8712,#8713);
#4303=SURFACE_SIDE_STYLE('',(#8714));
#4304=EDGE_LOOP('',(#8715,#8716,#8717,#8718));
#4305=AXIS2_PLACEMENT_3D('',#8719,#8720,#8721);
#4306=SURFACE_SIDE_STYLE('',(#8722));
#4307=EDGE_LOOP('',(#8723,#8724,#8725,#8726));
#4308=AXIS2_PLACEMENT_3D('',#8727,#8728,#8729);
#4309=SURFACE_SIDE_STYLE('',(#8730));
#4310=EDGE_LOOP('',(#8731,#8732,#8733,#8734));
#4311=AXIS2_PLACEMENT_3D('',#8735,#8736,#8737);
#4312=SURFACE_SIDE_STYLE('',(#8738));
#4313=EDGE_LOOP('',(#8739,#8740,#8741,#8742));
#4314=AXIS2_PLACEMENT_3D('',#8743,#8744,#8745);
#4315=SURFACE_SIDE_STYLE('',(#8746));
#4316=EDGE_LOOP('',(#8747,#8748,#8749,#8750,#8751,#8752,#8753,#8754));
#4317=EDGE_LOOP('',(#8755,#8756,#8757,#8758));
#4318=AXIS2_PLACEMENT_3D('',#8759,#8760,#8761);
#4319=SURFACE_SIDE_STYLE('',(#8762));
#4320=EDGE_LOOP('',(#8763,#8764,#8765,#8766));
#4321=AXIS2_PLACEMENT_3D('',#8767,#8768,#8769);
#4322=SURFACE_SIDE_STYLE('',(#8770));
#4323=EDGE_LOOP('',(#8771,#8772,#8773,#8774));
#4324=AXIS2_PLACEMENT_3D('',#8775,#8776,#8777);
#4325=SURFACE_SIDE_STYLE('',(#8778));
#4326=EDGE_LOOP('',(#8779,#8780,#8781,#8782));
#4327=AXIS2_PLACEMENT_3D('',#8783,#8784,#8785);
#4328=SURFACE_SIDE_STYLE('',(#8786));
#4329=EDGE_LOOP('',(#8787,#8788,#8789,#8790));
#4330=AXIS2_PLACEMENT_3D('',#8791,#8792,#8793);
#4331=SURFACE_SIDE_STYLE('',(#8794));
#4332=EDGE_LOOP('',(#8795,#8796,#8797,#8798));
#4333=AXIS2_PLACEMENT_3D('',#8799,#8800,#8801);
#4334=SURFACE_SIDE_STYLE('',(#8802));
#4335=EDGE_LOOP('',(#8803,#8804,#8805,#8806));
#4336=AXIS2_PLACEMENT_3D('',#8807,#8808,#8809);
#4337=SURFACE_SIDE_STYLE('',(#8810));
#4338=EDGE_LOOP('',(#8811,#8812,#8813,#8814));
#4339=AXIS2_PLACEMENT_3D('',#8815,#8816,#8817);
#4340=SURFACE_SIDE_STYLE('',(#8818));
#4341=EDGE_LOOP('',(#8819,#8820,#8821,#8822));
#4342=EDGE_LOOP('',(#8823,#8824,#8825,#8826));
#4343=EDGE_LOOP('',(#8827,#8828,#8829,#8830));
#4344=EDGE_LOOP('',(#8831,#8832,#8833,#8834));
#4345=EDGE_LOOP('',(#8835,#8836,#8837,#8838));
#4346=EDGE_LOOP('',(#8839,#8840,#8841,#8842));
#4347=EDGE_LOOP('',(#8843,#8844,#8845,#8846));
#4348=EDGE_LOOP('',(#8847,#8848,#8849,#8850));
#4349=EDGE_LOOP('',(#8851,#8852,#8853,#8854));
#4350=EDGE_LOOP('',(#8855,#8856,#8857,#8858));
#4351=EDGE_LOOP('',(#8859,#8860,#8861,#8862));
#4352=EDGE_LOOP('',(#8863,#8864,#8865,#8866));
#4353=EDGE_LOOP('',(#8867,#8868,#8869,#8870));
#4354=EDGE_LOOP('',(#8871,#8872,#8873,#8874));
#4355=EDGE_LOOP('',(#8875,#8876,#8877,#8878));
#4356=EDGE_LOOP('',(#8879,#8880,#8881,#8882));
#4357=EDGE_LOOP('',(#8883,#8884,#8885,#8886));
#4358=EDGE_LOOP('',(#8887,#8888,#8889,#8890));
#4359=EDGE_LOOP('',(#8891,#8892,#8893,#8894));
#4360=EDGE_LOOP('',(#8895,#8896,#8897,#8898));
#4361=EDGE_LOOP('',(#8899,#8900,#8901,#8902));
#4362=AXIS2_PLACEMENT_3D('',#8903,#8904,#8905);
#4363=SURFACE_SIDE_STYLE('',(#8906));
#4364=EDGE_LOOP('',(#8907,#8908,#8909,#8910));
#4365=AXIS2_PLACEMENT_3D('',#8911,#8912,#8913);
#4366=SURFACE_SIDE_STYLE('',(#8914));
#4367=EDGE_LOOP('',(#8915,#8916,#8917,#8918));
#4368=AXIS2_PLACEMENT_3D('',#8919,#8920,#8921);
#4369=SURFACE_SIDE_STYLE('',(#8922));
#4370=EDGE_LOOP('',(#8923,#8924,#8925,#8926,#8927,#8928,#8929,#8930,#8931,#8932,#8933,#8934,#8935,#8936,#8937,#8938,#8939,#8940,#8941,#8942,#8943,#8944,#8945,#8946));
#4371=AXIS2_PLACEMENT_3D('',#8947,#8948,#8949);
#4372=SURFACE_SIDE_STYLE('',(#8950));
#4373=EDGE_LOOP('',(#8951,#8952,#8953,#8954));
#4374=AXIS2_PLACEMENT_3D('',#8955,#8956,#8957);
#4375=SURFACE_SIDE_STYLE('',(#8958));
#4376=EDGE_LOOP('',(#8959,#8960,#8961,#8962,#8963,#8964,#8965,#8966,#8967,#8968,#8969,#8970,#8971,#8972,#8973,#8974,#8975,#8976,#8977,#8978,#8979,#8980,#8981,#8982,#8983,#8984,#8985,#8986,#8987,#8988,#8989,#8990,#8991,#8992,#8993,#8994,#8995,#8996,#8997,#8998,#8999,#9000,#9001,#9002,#9003,#9004,#9005,#9006,#9007,#9008,#9009,#9010,#9011,#9012,#9013,#9014,#9015,#9016,#9017,#9018,#9019,#9020,#9021,#9022,#9023,#9024,#9025,#9026,#9027,#9028,#9029,#9030,#9031,#9032,#9033,#9034,#9035,#9036,#9037,#9038,#9039,#9040,#9041,#9042));
#4377=AXIS2_PLACEMENT_3D('',#9043,#9044,#9045);
#4378=SURFACE_SIDE_STYLE('',(#9046));
#4379=EDGE_LOOP('',(#9047,#9048,#9049,#9050));
#4380=AXIS2_PLACEMENT_3D('',#9051,#9052,#9053);
#4381=SURFACE_SIDE_STYLE('',(#9054));
#4382=EDGE_LOOP('',(#9055,#9056,#9057,#9058,#9059,#9060,#9061,#9062,#9063,#9064,#9065,#9066,#9067,#9068,#9069,#9070,#9071,#9072,#9073,#9074,#9075,#9076,#9077,#9078));
#4383=AXIS2_PLACEMENT_3D('',#9079,#9080,#9081);
#4384=SURFACE_SIDE_STYLE('',(#9082));
#4385=EDGE_LOOP('',(#9083,#9084,#9085,#9086));
#4386=AXIS2_PLACEMENT_3D('',#9087,#9088,#9089);
#4387=SURFACE_SIDE_STYLE('',(#9090));
#4388=EDGE_LOOP('',(#9091,#9092,#9093,#9094,#9095,#9096,#9097,#9098,#9099,#9100,#9101,#9102));
#4389=AXIS2_PLACEMENT_3D('',#9103,#9104,#9105);
#4390=SURFACE_SIDE_STYLE('',(#9106));
#4391=EDGE_LOOP('',(#9107,#9108,#9109,#9110,#9111,#9112,#9113,#9114,#9115,#9116,#9117,#9118));
#4392=AXIS2_PLACEMENT_3D('',#9119,#9120,#9121);
#4394=SURFACE_STYLE_FILL_AREA(#9122);
#4395=ORIENTED_EDGE('',*,*,#9123,.F.);
#4396=ORIENTED_EDGE('',*,*,#9124,.T.);
#4397=ORIENTED_EDGE('',*,*,#9125,.F.);
#4398=ORIENTED_EDGE('',*,*,#9126,.F.);
#4399=CARTESIAN_POINT('',(9.798431,0.126999999999999,-1.0922));
#4400=DIRECTION('',(-1.0,0.0,-1.83690953073357E-16));
#4401=DIRECTION('',(-1.83690953073357E-16,0.0,1.0));
#4402=SURFACE_STYLE_FILL_AREA(#9127);
#4403=ORIENTED_EDGE('',*,*,#9128,.F.);
#4404=ORIENTED_EDGE('',*,*,#9129,.F.);
#4405=ORIENTED_EDGE('',*,*,#9126,.T.);
#4406=ORIENTED_EDGE('',*,*,#9130,.F.);
#4407=ORIENTED_EDGE('',*,*,#9131,.F.);
#4408=ORIENTED_EDGE('',*,*,#9132,.F.);
#4409=ORIENTED_EDGE('',*,*,#9133,.F.);
#4410=ORIENTED_EDGE('',*,*,#9134,.F.);
#4411=ORIENTED_EDGE('',*,*,#9135,.F.);
#4412=ORIENTED_EDGE('',*,*,#9136,.F.);
#4413=ORIENTED_EDGE('',*,*,#9137,.F.);
#4414=ORIENTED_EDGE('',*,*,#9138,.F.);
#4415=CARTESIAN_POINT('',(9.798431,0.193122433241211,-1.18476028917522));
#4416=DIRECTION('',(-1.0,0.0,-1.83690953073357E-16));
#4417=DIRECTION('',(-1.83690953073357E-16,0.0,1.0));
#4418=SURFACE_STYLE_FILL_AREA(#9139);
#4419=ORIENTED_EDGE('',*,*,#9140,.T.);
#4420=ORIENTED_EDGE('',*,*,#9141,.F.);
#4421=ORIENTED_EDGE('',*,*,#9135,.T.);
#4422=ORIENTED_EDGE('',*,*,#9142,.T.);
#4423=CARTESIAN_POINT('',(9.798431,0.127,-1.0922));
#4424=DIRECTION('',(-1.0,0.0,-1.83690953073357E-16));
#4425=DIRECTION('',(-1.83690953073357E-16,0.0,1.0));
#4426=SURFACE_STYLE_FILL_AREA(#9143);
#4427=ORIENTED_EDGE('',*,*,#9144,.T.);
#4428=ORIENTED_EDGE('',*,*,#9145,.F.);
#4429=ORIENTED_EDGE('',*,*,#9136,.T.);
#4430=ORIENTED_EDGE('',*,*,#9141,.T.);
#4431=CARTESIAN_POINT('',(9.798431,-0.127,-1.4986));
#4432=DIRECTION('',(0.0,-1.0,0.0));
#4433=DIRECTION('',(-1.83690953073357E-16,0.0,1.0));
#4434=SURFACE_STYLE_FILL_AREA(#9146);
#4435=ORIENTED_EDGE('',*,*,#9147,.T.);
#4436=ORIENTED_EDGE('',*,*,#9148,.F.);
#4437=ORIENTED_EDGE('',*,*,#9137,.T.);
#4438=ORIENTED_EDGE('',*,*,#9145,.T.);
#4439=CARTESIAN_POINT('',(9.798431,-0.0635,-1.905));
#4440=DIRECTION('',(1.83690953073357E-16,0.0,-1.0));
#4441=DIRECTION('',(0.0,-1.0,0.0));
#4442=SURFACE_STYLE_FILL_AREA(#9149);
#4443=ORIENTED_EDGE('',*,*,#9150,.T.);
#4444=ORIENTED_EDGE('',*,*,#9138,.T.);
#4445=ORIENTED_EDGE('',*,*,#9148,.T.);
#4446=ORIENTED_EDGE('',*,*,#9151,.T.);
#4447=CARTESIAN_POINT('',(9.798431,0.0,-1.4986));
#4448=DIRECTION('',(0.0,1.0,0.0));
#4449=DIRECTION('',(1.83690953073357E-16,0.0,-1.0));
#4450=SURFACE_STYLE_FILL_AREA(#9152);
#4451=ORIENTED_EDGE('',*,*,#9153,.F.);
#4452=ORIENTED_EDGE('',*,*,#9154,.T.);
#4453=ORIENTED_EDGE('',*,*,#9142,.F.);
#4454=ORIENTED_EDGE('',*,*,#9134,.T.);
#4455=CARTESIAN_POINT('',(9.798431,0.508,-0.8382));
#4456=DIRECTION('',(-1.83690953073357E-16,0.0,1.0));
#4457=DIRECTION('',(0.0,1.0,0.0));
#4458=SURFACE_STYLE_FILL_AREA(#9155);
#4459=ORIENTED_EDGE('',*,*,#9156,.F.);
#4460=ORIENTED_EDGE('',*,*,#9151,.F.);
#4461=ORIENTED_EDGE('',*,*,#9147,.F.);
#4462=ORIENTED_EDGE('',*,*,#9144,.F.);
#4463=ORIENTED_EDGE('',*,*,#9140,.F.);
#4464=ORIENTED_EDGE('',*,*,#9154,.F.);
#4465=ORIENTED_EDGE('',*,*,#9157,.F.);
#4466=ORIENTED_EDGE('',*,*,#9158,.F.);
#4467=ORIENTED_EDGE('',*,*,#9159,.F.);
#4468=ORIENTED_EDGE('',*,*,#9160,.F.);
#4469=ORIENTED_EDGE('',*,*,#9124,.F.);
#4470=ORIENTED_EDGE('',*,*,#9161,.F.);
#4471=CARTESIAN_POINT('',(9.519031,0.193122433241211,-1.18476028917522));
#4472=DIRECTION('',(-1.0,0.0,-1.83690953073357E-16));
#4473=DIRECTION('',(-1.83690953073357E-16,0.0,1.0));
#4474=SURFACE_STYLE_FILL_AREA(#9162);
#4475=ORIENTED_EDGE('',*,*,#9156,.T.);
#4476=ORIENTED_EDGE('',*,*,#9163,.F.);
#4477=ORIENTED_EDGE('',*,*,#9164,.T.);
#4478=ORIENTED_EDGE('',*,*,#9165,.T.);
#4479=CARTESIAN_POINT('',(7.20858407145774E-17,0.0,-1.17729));
#4480=DIRECTION('',(0.0,-1.0,0.0));
#4481=DIRECTION('',(6.12303176911189E-17,0.0,-1.0));
#4482=SURFACE_STYLE_FILL_AREA(#9166);
#4483=ORIENTED_EDGE('',*,*,#9157,.T.);
#4484=ORIENTED_EDGE('',*,*,#9153,.T.);
#4485=ORIENTED_EDGE('',*,*,#9133,.T.);
#4486=ORIENTED_EDGE('',*,*,#9167,.T.);
#4487=ORIENTED_EDGE('',*,*,#9168,.F.);
#4488=ORIENTED_EDGE('',*,*,#9169,.F.);
#4489=ORIENTED_EDGE('',*,*,#9170,.T.);
#4490=ORIENTED_EDGE('',*,*,#9171,.T.);
#4491=ORIENTED_EDGE('',*,*,#9172,.T.);
#4492=ORIENTED_EDGE('',*,*,#9173,.T.);
#4493=ORIENTED_EDGE('',*,*,#9174,.T.);
#4494=ORIENTED_EDGE('',*,*,#9175,.T.);
#4495=CARTESIAN_POINT('',(9.658731,0.635,0.0));
#4496=DIRECTION('',(0.0,-1.0,0.0));
#4497=DIRECTION('',(0.0,0.0,-1.0));
#4498=SURFACE_STYLE_FILL_AREA(#9176);
#4499=ORIENTED_EDGE('',*,*,#9132,.T.);
#4500=ORIENTED_EDGE('',*,*,#9177,.F.);
#4501=ORIENTED_EDGE('',*,*,#9178,.F.);
#4502=ORIENTED_EDGE('',*,*,#9167,.F.);
#4503=CARTESIAN_POINT('',(9.658731,-0.865,-0.957199));
#4504=DIRECTION('',(0.0,0.0,1.0));
#4505=DIRECTION('',(1.0,0.0,0.0));
#4506=SURFACE_STYLE_FILL_AREA(#9179);
#4507=ORIENTED_EDGE('',*,*,#9158,.T.);
#4508=ORIENTED_EDGE('',*,*,#9171,.F.);
#4509=ORIENTED_EDGE('',*,*,#9180,.F.);
#4510=ORIENTED_EDGE('',*,*,#9181,.F.);
#4511=CARTESIAN_POINT('',(9.658731,-0.865,-0.957199));
#4512=DIRECTION('',(0.0,0.0,1.0));
#4513=DIRECTION('',(1.0,0.0,0.0));
#4514=SURFACE_STYLE_FILL_AREA(#9182);
#4515=ORIENTED_EDGE('',*,*,#9183,.F.);
#4516=ORIENTED_EDGE('',*,*,#9184,.T.);
#4517=ORIENTED_EDGE('',*,*,#9185,.F.);
#4518=ORIENTED_EDGE('',*,*,#9186,.F.);
#4519=CARTESIAN_POINT('',(8.798433,0.126999999999999,-1.0922));
#4520=DIRECTION('',(-1.0,0.0,-1.83690953073357E-16));
#4521=DIRECTION('',(-1.83690953073357E-16,0.0,1.0));
#4522=SURFACE_STYLE_FILL_AREA(#9187);
#4523=ORIENTED_EDGE('',*,*,#9164,.F.);
#4524=ORIENTED_EDGE('',*,*,#9188,.F.);
#4525=ORIENTED_EDGE('',*,*,#9186,.T.);
#4526=ORIENTED_EDGE('',*,*,#9189,.F.);
#4527=ORIENTED_EDGE('',*,*,#9190,.F.);
#4528=ORIENTED_EDGE('',*,*,#9191,.F.);
#4529=ORIENTED_EDGE('',*,*,#9192,.F.);
#4530=ORIENTED_EDGE('',*,*,#9193,.F.);
#4531=ORIENTED_EDGE('',*,*,#9194,.F.);
#4532=ORIENTED_EDGE('',*,*,#9195,.F.);
#4533=ORIENTED_EDGE('',*,*,#9196,.F.);
#4534=ORIENTED_EDGE('',*,*,#9197,.F.);
#4535=CARTESIAN_POINT('',(8.798433,0.193122433241211,-1.18476028917522));
#4536=DIRECTION('',(-1.0,0.0,-1.83690953073357E-16));
#4537=DIRECTION('',(-1.83690953073357E-16,0.0,1.0));
#4538=SURFACE_STYLE_FILL_AREA(#9198);
#4539=ORIENTED_EDGE('',*,*,#9199,.T.);
#4540=ORIENTED_EDGE('',*,*,#9200,.F.);
#4541=ORIENTED_EDGE('',*,*,#9194,.T.);
#4542=ORIENTED_EDGE('',*,*,#9201,.T.);
#4543=CARTESIAN_POINT('',(8.798433,0.127,-1.0922));
#4544=DIRECTION('',(-1.0,0.0,-1.83690953073357E-16));
#4545=DIRECTION('',(-1.83690953073357E-16,0.0,1.0));
#4546=SURFACE_STYLE_FILL_AREA(#9202);
#4547=ORIENTED_EDGE('',*,*,#9203,.T.);
#4548=ORIENTED_EDGE('',*,*,#9204,.F.);
#4549=ORIENTED_EDGE('',*,*,#9195,.T.);
#4550=ORIENTED_EDGE('',*,*,#9200,.T.);
#4551=CARTESIAN_POINT('',(8.798433,-0.127,-1.4986));
#4552=DIRECTION('',(0.0,-1.0,0.0));
#4553=DIRECTION('',(-1.83690953073357E-16,0.0,1.0));
#4554=SURFACE_STYLE_FILL_AREA(#9205);
#4555=ORIENTED_EDGE('',*,*,#9206,.T.);
#4556=ORIENTED_EDGE('',*,*,#9207,.F.);
#4557=ORIENTED_EDGE('',*,*,#9196,.T.);
#4558=ORIENTED_EDGE('',*,*,#9204,.T.);
#4559=CARTESIAN_POINT('',(8.798433,-0.0635,-1.905));
#4560=DIRECTION('',(1.83690953073357E-16,0.0,-1.0));
#4561=DIRECTION('',(0.0,-1.0,0.0));
#4562=SURFACE_STYLE_FILL_AREA(#9208);
#4563=ORIENTED_EDGE('',*,*,#9209,.T.);
#4564=ORIENTED_EDGE('',*,*,#9197,.T.);
#4565=ORIENTED_EDGE('',*,*,#9207,.T.);
#4566=ORIENTED_EDGE('',*,*,#9210,.T.);
#4567=CARTESIAN_POINT('',(8.798433,0.0,-1.4986));
#4568=DIRECTION('',(0.0,1.0,0.0));
#4569=DIRECTION('',(1.83690953073357E-16,0.0,-1.0));
#4570=SURFACE_STYLE_FILL_AREA(#9211);
#4571=ORIENTED_EDGE('',*,*,#9212,.F.);
#4572=ORIENTED_EDGE('',*,*,#9213,.T.);
#4573=ORIENTED_EDGE('',*,*,#9201,.F.);
#4574=ORIENTED_EDGE('',*,*,#9193,.T.);
#4575=CARTESIAN_POINT('',(8.798433,0.508,-0.8382));
#4576=DIRECTION('',(-1.83690953073357E-16,0.0,1.0));
#4577=DIRECTION('',(0.0,1.0,0.0));
#4578=SURFACE_STYLE_FILL_AREA(#9214);
#4579=ORIENTED_EDGE('',*,*,#9215,.F.);
#4580=ORIENTED_EDGE('',*,*,#9210,.F.);
#4581=ORIENTED_EDGE('',*,*,#9206,.F.);
#4582=ORIENTED_EDGE('',*,*,#9203,.F.);
#4583=ORIENTED_EDGE('',*,*,#9199,.F.);
#4584=ORIENTED_EDGE('',*,*,#9213,.F.);
#4585=ORIENTED_EDGE('',*,*,#9216,.F.);
#4586=ORIENTED_EDGE('',*,*,#9217,.F.);
#4587=ORIENTED_EDGE('',*,*,#9218,.F.);
#4588=ORIENTED_EDGE('',*,*,#9219,.F.);
#4589=ORIENTED_EDGE('',*,*,#9184,.F.);
#4590=ORIENTED_EDGE('',*,*,#9220,.F.);
#4591=CARTESIAN_POINT('',(8.519033,0.193122433241211,-1.18476028917522));
#4592=DIRECTION('',(-1.0,0.0,-1.83690953073357E-16));
#4593=DIRECTION('',(-1.83690953073357E-16,0.0,1.0));
#4594=SURFACE_STYLE_FILL_AREA(#9221);
#4595=ORIENTED_EDGE('',*,*,#9215,.T.);
#4596=ORIENTED_EDGE('',*,*,#9222,.F.);
#4597=ORIENTED_EDGE('',*,*,#9223,.T.);
#4598=ORIENTED_EDGE('',*,*,#9224,.T.);
#4599=CARTESIAN_POINT('',(7.20858407145774E-17,0.0,-1.17729));
#4600=DIRECTION('',(0.0,-1.0,0.0));
#4601=DIRECTION('',(6.12303176911189E-17,0.0,-1.0));
#4602=SURFACE_STYLE_FILL_AREA(#9225);
#4603=ORIENTED_EDGE('',*,*,#9216,.T.);
#4604=ORIENTED_EDGE('',*,*,#9212,.T.);
#4605=ORIENTED_EDGE('',*,*,#9192,.T.);
#4606=ORIENTED_EDGE('',*,*,#9226,.T.);
#4607=ORIENTED_EDGE('',*,*,#9227,.F.);
#4608=ORIENTED_EDGE('',*,*,#9228,.F.);
#4609=ORIENTED_EDGE('',*,*,#9229,.T.);
#4610=ORIENTED_EDGE('',*,*,#9230,.T.);
#4611=ORIENTED_EDGE('',*,*,#9231,.T.);
#4612=ORIENTED_EDGE('',*,*,#9232,.T.);
#4613=ORIENTED_EDGE('',*,*,#9233,.T.);
#4614=ORIENTED_EDGE('',*,*,#9234,.T.);
#4615=CARTESIAN_POINT('',(8.658733,0.635,0.0));
#4616=DIRECTION('',(0.0,-1.0,0.0));
#4617=DIRECTION('',(0.0,0.0,-1.0));
#4618=SURFACE_STYLE_FILL_AREA(#9235);
#4619=ORIENTED_EDGE('',*,*,#9191,.T.);
#4620=ORIENTED_EDGE('',*,*,#9236,.F.);
#4621=ORIENTED_EDGE('',*,*,#9237,.F.);
#4622=ORIENTED_EDGE('',*,*,#9226,.F.);
#4623=CARTESIAN_POINT('',(8.658733,-0.865,-0.957199));
#4624=DIRECTION('',(0.0,0.0,1.0));
#4625=DIRECTION('',(1.0,0.0,0.0));
#4626=SURFACE_STYLE_FILL_AREA(#9238);
#4627=ORIENTED_EDGE('',*,*,#9217,.T.);
#4628=ORIENTED_EDGE('',*,*,#9230,.F.);
#4629=ORIENTED_EDGE('',*,*,#9239,.F.);
#4630=ORIENTED_EDGE('',*,*,#9240,.F.);
#4631=CARTESIAN_POINT('',(8.658733,-0.865,-0.957199));
#4632=DIRECTION('',(0.0,0.0,1.0));
#4633=DIRECTION('',(1.0,0.0,0.0));
#4634=SURFACE_STYLE_FILL_AREA(#9241);
#4635=ORIENTED_EDGE('',*,*,#9242,.F.);
#4636=ORIENTED_EDGE('',*,*,#9243,.T.);
#4637=ORIENTED_EDGE('',*,*,#9244,.F.);
#4638=ORIENTED_EDGE('',*,*,#9245,.F.);
#4639=CARTESIAN_POINT('',(7.798435,0.126999999999999,-1.0922));
#4640=DIRECTION('',(-1.0,0.0,-1.83690953073357E-16));
#4641=DIRECTION('',(-1.83690953073357E-16,0.0,1.0));
#4642=SURFACE_STYLE_FILL_AREA(#9246);
#4643=ORIENTED_EDGE('',*,*,#9223,.F.);
#4644=ORIENTED_EDGE('',*,*,#9247,.F.);
#4645=ORIENTED_EDGE('',*,*,#9245,.T.);
#4646=ORIENTED_EDGE('',*,*,#9248,.F.);
#4647=ORIENTED_EDGE('',*,*,#9249,.F.);
#4648=ORIENTED_EDGE('',*,*,#9250,.F.);
#4649=ORIENTED_EDGE('',*,*,#9251,.F.);
#4650=ORIENTED_EDGE('',*,*,#9252,.F.);
#4651=ORIENTED_EDGE('',*,*,#9253,.F.);
#4652=ORIENTED_EDGE('',*,*,#9254,.F.);
#4653=ORIENTED_EDGE('',*,*,#9255,.F.);
#4654=ORIENTED_EDGE('',*,*,#9256,.F.);
#4655=CARTESIAN_POINT('',(7.798435,0.193122433241211,-1.18476028917522));
#4656=DIRECTION('',(-1.0,0.0,-1.83690953073357E-16));
#4657=DIRECTION('',(-1.83690953073357E-16,0.0,1.0));
#4658=SURFACE_STYLE_FILL_AREA(#9257);
#4659=ORIENTED_EDGE('',*,*,#9258,.T.);
#4660=ORIENTED_EDGE('',*,*,#9259,.F.);
#4661=ORIENTED_EDGE('',*,*,#9253,.T.);
#4662=ORIENTED_EDGE('',*,*,#9260,.T.);
#4663=CARTESIAN_POINT('',(7.798435,0.127,-1.0922));
#4664=DIRECTION('',(-1.0,0.0,-1.83690953073357E-16));
#4665=DIRECTION('',(-1.83690953073357E-16,0.0,1.0));
#4666=SURFACE_STYLE_FILL_AREA(#9261);
#4667=ORIENTED_EDGE('',*,*,#9262,.T.);
#4668=ORIENTED_EDGE('',*,*,#9263,.F.);
#4669=ORIENTED_EDGE('',*,*,#9254,.T.);
#4670=ORIENTED_EDGE('',*,*,#9259,.T.);
#4671=CARTESIAN_POINT('',(7.798435,-0.127,-1.4986));
#4672=DIRECTION('',(0.0,-1.0,0.0));
#4673=DIRECTION('',(-1.83690953073357E-16,0.0,1.0));
#4674=SURFACE_STYLE_FILL_AREA(#9264);
#4675=ORIENTED_EDGE('',*,*,#9265,.T.);
#4676=ORIENTED_EDGE('',*,*,#9266,.F.);
#4677=ORIENTED_EDGE('',*,*,#9255,.T.);
#4678=ORIENTED_EDGE('',*,*,#9263,.T.);
#4679=CARTESIAN_POINT('',(7.798435,-0.0635,-1.905));
#4680=DIRECTION('',(1.83690953073357E-16,0.0,-1.0));
#4681=DIRECTION('',(0.0,-1.0,0.0));
#4682=SURFACE_STYLE_FILL_AREA(#9267);
#4683=ORIENTED_EDGE('',*,*,#9268,.T.);
#4684=ORIENTED_EDGE('',*,*,#9256,.T.);
#4685=ORIENTED_EDGE('',*,*,#9266,.T.);
#4686=ORIENTED_EDGE('',*,*,#9269,.T.);
#4687=CARTESIAN_POINT('',(7.798435,0.0,-1.4986));
#4688=DIRECTION('',(0.0,1.0,0.0));
#4689=DIRECTION('',(1.83690953073357E-16,0.0,-1.0));
#4690=SURFACE_STYLE_FILL_AREA(#9270);
#4691=ORIENTED_EDGE('',*,*,#9271,.F.);
#4692=ORIENTED_EDGE('',*,*,#9272,.T.);
#4693=ORIENTED_EDGE('',*,*,#9260,.F.);
#4694=ORIENTED_EDGE('',*,*,#9252,.T.);
#4695=CARTESIAN_POINT('',(7.798435,0.508,-0.8382));
#4696=DIRECTION('',(-1.83690953073357E-16,0.0,1.0));
#4697=DIRECTION('',(0.0,1.0,0.0));
#4698=SURFACE_STYLE_FILL_AREA(#9273);
#4699=ORIENTED_EDGE('',*,*,#9274,.F.);
#4700=ORIENTED_EDGE('',*,*,#9269,.F.);
#4701=ORIENTED_EDGE('',*,*,#9265,.F.);
#4702=ORIENTED_EDGE('',*,*,#9262,.F.);
#4703=ORIENTED_EDGE('',*,*,#9258,.F.);
#4704=ORIENTED_EDGE('',*,*,#9272,.F.);
#4705=ORIENTED_EDGE('',*,*,#9275,.F.);
#4706=ORIENTED_EDGE('',*,*,#9276,.F.);
#4707=ORIENTED_EDGE('',*,*,#9277,.F.);
#4708=ORIENTED_EDGE('',*,*,#9278,.F.);
#4709=ORIENTED_EDGE('',*,*,#9243,.F.);
#4710=ORIENTED_EDGE('',*,*,#9279,.F.);
#4711=CARTESIAN_POINT('',(7.519035,0.193122433241211,-1.18476028917522));
#4712=DIRECTION('',(-1.0,0.0,-1.83690953073357E-16));
#4713=DIRECTION('',(-1.83690953073357E-16,0.0,1.0));
#4714=SURFACE_STYLE_FILL_AREA(#9280);
#4715=ORIENTED_EDGE('',*,*,#9274,.T.);
#4716=ORIENTED_EDGE('',*,*,#9281,.F.);
#4717=ORIENTED_EDGE('',*,*,#9282,.T.);
#4718=ORIENTED_EDGE('',*,*,#9283,.T.);
#4719=CARTESIAN_POINT('',(7.20858407145774E-17,0.0,-1.17729));
#4720=DIRECTION('',(0.0,-1.0,0.0));
#4721=DIRECTION('',(6.12303176911189E-17,0.0,-1.0));
#4722=SURFACE_STYLE_FILL_AREA(#9284);
#4723=ORIENTED_EDGE('',*,*,#9275,.T.);
#4724=ORIENTED_EDGE('',*,*,#9271,.T.);
#4725=ORIENTED_EDGE('',*,*,#9251,.T.);
#4726=ORIENTED_EDGE('',*,*,#9285,.T.);
#4727=ORIENTED_EDGE('',*,*,#9286,.F.);
#4728=ORIENTED_EDGE('',*,*,#9287,.F.);
#4729=ORIENTED_EDGE('',*,*,#9288,.T.);
#4730=ORIENTED_EDGE('',*,*,#9289,.T.);
#4731=ORIENTED_EDGE('',*,*,#9290,.T.);
#4732=ORIENTED_EDGE('',*,*,#9291,.T.);
#4733=ORIENTED_EDGE('',*,*,#9292,.T.);
#4734=ORIENTED_EDGE('',*,*,#9293,.T.);
#4735=CARTESIAN_POINT('',(7.658735,0.635,0.0));
#4736=DIRECTION('',(0.0,-1.0,0.0));
#4737=DIRECTION('',(0.0,0.0,-1.0));
#4738=SURFACE_STYLE_FILL_AREA(#9294);
#4739=ORIENTED_EDGE('',*,*,#9250,.T.);
#4740=ORIENTED_EDGE('',*,*,#9295,.F.);
#4741=ORIENTED_EDGE('',*,*,#9296,.F.);
#4742=ORIENTED_EDGE('',*,*,#9285,.F.);
#4743=CARTESIAN_POINT('',(7.658735,-0.865,-0.957199));
#4744=DIRECTION('',(0.0,0.0,1.0));
#4745=DIRECTION('',(1.0,0.0,0.0));
#4746=SURFACE_STYLE_FILL_AREA(#9297);
#4747=ORIENTED_EDGE('',*,*,#9276,.T.);
#4748=ORIENTED_EDGE('',*,*,#9289,.F.);
#4749=ORIENTED_EDGE('',*,*,#9298,.F.);
#4750=ORIENTED_EDGE('',*,*,#9299,.F.);
#4751=CARTESIAN_POINT('',(7.658735,-0.865,-0.957199));
#4752=DIRECTION('',(0.0,0.0,1.0));
#4753=DIRECTION('',(1.0,0.0,0.0));
#4754=SURFACE_STYLE_FILL_AREA(#9300);
#4755=ORIENTED_EDGE('',*,*,#9301,.F.);
#4756=ORIENTED_EDGE('',*,*,#9302,.T.);
#4757=ORIENTED_EDGE('',*,*,#9303,.F.);
#4758=ORIENTED_EDGE('',*,*,#9304,.F.);
#4759=CARTESIAN_POINT('',(6.798437,0.126999999999999,-1.0922));
#4760=DIRECTION('',(-1.0,0.0,-1.83690953073357E-16));
#4761=DIRECTION('',(-1.83690953073357E-16,0.0,1.0));
#4762=SURFACE_STYLE_FILL_AREA(#9305);
#4763=ORIENTED_EDGE('',*,*,#9282,.F.);
#4764=ORIENTED_EDGE('',*,*,#9306,.F.);
#4765=ORIENTED_EDGE('',*,*,#9304,.T.);
#4766=ORIENTED_EDGE('',*,*,#9307,.F.);
#4767=ORIENTED_EDGE('',*,*,#9308,.F.);
#4768=ORIENTED_EDGE('',*,*,#9309,.F.);
#4769=ORIENTED_EDGE('',*,*,#9310,.F.);
#4770=ORIENTED_EDGE('',*,*,#9311,.F.);
#4771=ORIENTED_EDGE('',*,*,#9312,.F.);
#4772=ORIENTED_EDGE('',*,*,#9313,.F.);
#4773=ORIENTED_EDGE('',*,*,#9314,.F.);
#4774=ORIENTED_EDGE('',*,*,#9315,.F.);
#4775=CARTESIAN_POINT('',(6.798437,0.193122433241211,-1.18476028917522));
#4776=DIRECTION('',(-1.0,0.0,-1.83690953073357E-16));
#4777=DIRECTION('',(-1.83690953073357E-16,0.0,1.0));
#4778=SURFACE_STYLE_FILL_AREA(#9316);
#4779=ORIENTED_EDGE('',*,*,#9317,.T.);
#4780=ORIENTED_EDGE('',*,*,#9318,.F.);
#4781=ORIENTED_EDGE('',*,*,#9312,.T.);
#4782=ORIENTED_EDGE('',*,*,#9319,.T.);
#4783=CARTESIAN_POINT('',(6.798437,0.127,-1.0922));
#4784=DIRECTION('',(-1.0,0.0,-1.83690953073357E-16));
#4785=DIRECTION('',(-1.83690953073357E-16,0.0,1.0));
#4786=SURFACE_STYLE_FILL_AREA(#9320);
#4787=ORIENTED_EDGE('',*,*,#9321,.T.);
#4788=ORIENTED_EDGE('',*,*,#9322,.F.);
#4789=ORIENTED_EDGE('',*,*,#9313,.T.);
#4790=ORIENTED_EDGE('',*,*,#9318,.T.);
#4791=CARTESIAN_POINT('',(6.798437,-0.127,-1.4986));
#4792=DIRECTION('',(0.0,-1.0,0.0));
#4793=DIRECTION('',(-1.83690953073357E-16,0.0,1.0));
#4794=SURFACE_STYLE_FILL_AREA(#9323);
#4795=ORIENTED_EDGE('',*,*,#9324,.T.);
#4796=ORIENTED_EDGE('',*,*,#9325,.F.);
#4797=ORIENTED_EDGE('',*,*,#9314,.T.);
#4798=ORIENTED_EDGE('',*,*,#9322,.T.);
#4799=CARTESIAN_POINT('',(6.798437,-0.0635,-1.905));
#4800=DIRECTION('',(1.83690953073357E-16,0.0,-1.0));
#4801=DIRECTION('',(0.0,-1.0,0.0));
#4802=SURFACE_STYLE_FILL_AREA(#9326);
#4803=ORIENTED_EDGE('',*,*,#9327,.T.);
#4804=ORIENTED_EDGE('',*,*,#9315,.T.);
#4805=ORIENTED_EDGE('',*,*,#9325,.T.);
#4806=ORIENTED_EDGE('',*,*,#9328,.T.);
#4807=CARTESIAN_POINT('',(6.798437,0.0,-1.4986));
#4808=DIRECTION('',(0.0,1.0,0.0));
#4809=DIRECTION('',(1.83690953073357E-16,0.0,-1.0));
#4810=SURFACE_STYLE_FILL_AREA(#9329);
#4811=ORIENTED_EDGE('',*,*,#9330,.F.);
#4812=ORIENTED_EDGE('',*,*,#9331,.T.);
#4813=ORIENTED_EDGE('',*,*,#9319,.F.);
#4814=ORIENTED_EDGE('',*,*,#9311,.T.);
#4815=CARTESIAN_POINT('',(6.798437,0.508,-0.8382));
#4816=DIRECTION('',(-1.83690953073357E-16,0.0,1.0));
#4817=DIRECTION('',(0.0,1.0,0.0));
#4818=SURFACE_STYLE_FILL_AREA(#9332);
#4819=ORIENTED_EDGE('',*,*,#9333,.F.);
#4820=ORIENTED_EDGE('',*,*,#9328,.F.);
#4821=ORIENTED_EDGE('',*,*,#9324,.F.);
#4822=ORIENTED_EDGE('',*,*,#9321,.F.);
#4823=ORIENTED_EDGE('',*,*,#9317,.F.);
#4824=ORIENTED_EDGE('',*,*,#9331,.F.);
#4825=ORIENTED_EDGE('',*,*,#9334,.F.);
#4826=ORIENTED_EDGE('',*,*,#9335,.F.);
#4827=ORIENTED_EDGE('',*,*,#9336,.F.);
#4828=ORIENTED_EDGE('',*,*,#9337,.F.);
#4829=ORIENTED_EDGE('',*,*,#9302,.F.);
#4830=ORIENTED_EDGE('',*,*,#9338,.F.);
#4831=CARTESIAN_POINT('',(6.519037,0.193122433241211,-1.18476028917522));
#4832=DIRECTION('',(-1.0,0.0,-1.83690953073357E-16));
#4833=DIRECTION('',(-1.83690953073357E-16,0.0,1.0));
#4834=SURFACE_STYLE_FILL_AREA(#9339);
#4835=ORIENTED_EDGE('',*,*,#9333,.T.);
#4836=ORIENTED_EDGE('',*,*,#9340,.F.);
#4837=ORIENTED_EDGE('',*,*,#9341,.T.);
#4838=ORIENTED_EDGE('',*,*,#9342,.T.);
#4839=CARTESIAN_POINT('',(7.20858407145774E-17,0.0,-1.17729));
#4840=DIRECTION('',(0.0,-1.0,0.0));
#4841=DIRECTION('',(6.12303176911189E-17,0.0,-1.0));
#4842=SURFACE_STYLE_FILL_AREA(#9343);
#4843=ORIENTED_EDGE('',*,*,#9334,.T.);
#4844=ORIENTED_EDGE('',*,*,#9330,.T.);
#4845=ORIENTED_EDGE('',*,*,#9310,.T.);
#4846=ORIENTED_EDGE('',*,*,#9344,.T.);
#4847=ORIENTED_EDGE('',*,*,#9345,.F.);
#4848=ORIENTED_EDGE('',*,*,#9346,.F.);
#4849=ORIENTED_EDGE('',*,*,#9347,.T.);
#4850=ORIENTED_EDGE('',*,*,#9348,.T.);
#4851=ORIENTED_EDGE('',*,*,#9349,.T.);
#4852=ORIENTED_EDGE('',*,*,#9350,.T.);
#4853=ORIENTED_EDGE('',*,*,#9351,.T.);
#4854=ORIENTED_EDGE('',*,*,#9352,.T.);
#4855=CARTESIAN_POINT('',(6.658737,0.635,0.0));
#4856=DIRECTION('',(0.0,-1.0,0.0));
#4857=DIRECTION('',(0.0,0.0,-1.0));
#4858=SURFACE_STYLE_FILL_AREA(#9353);
#4859=ORIENTED_EDGE('',*,*,#9309,.T.);
#4860=ORIENTED_EDGE('',*,*,#9354,.F.);
#4861=ORIENTED_EDGE('',*,*,#9355,.F.);
#4862=ORIENTED_EDGE('',*,*,#9344,.F.);
#4863=CARTESIAN_POINT('',(6.658737,-0.865,-0.957199));
#4864=DIRECTION('',(0.0,0.0,1.0));
#4865=DIRECTION('',(1.0,0.0,0.0));
#4866=SURFACE_STYLE_FILL_AREA(#9356);
#4867=ORIENTED_EDGE('',*,*,#9335,.T.);
#4868=ORIENTED_EDGE('',*,*,#9348,.F.);
#4869=ORIENTED_EDGE('',*,*,#9357,.F.);
#4870=ORIENTED_EDGE('',*,*,#9358,.F.);
#4871=CARTESIAN_POINT('',(6.658737,-0.865,-0.957199));
#4872=DIRECTION('',(0.0,0.0,1.0));
#4873=DIRECTION('',(1.0,0.0,0.0));
#4874=SURFACE_STYLE_FILL_AREA(#9359);
#4875=ORIENTED_EDGE('',*,*,#9360,.F.);
#4876=ORIENTED_EDGE('',*,*,#9361,.T.);
#4877=ORIENTED_EDGE('',*,*,#9362,.F.);
#4878=ORIENTED_EDGE('',*,*,#9363,.F.);
#4879=CARTESIAN_POINT('',(5.798439,0.126999999999999,-1.0922));
#4880=DIRECTION('',(-1.0,0.0,-1.83690953073357E-16));
#4881=DIRECTION('',(-1.83690953073357E-16,0.0,1.0));
#4882=SURFACE_STYLE_FILL_AREA(#9364);
#4883=ORIENTED_EDGE('',*,*,#9341,.F.);
#4884=ORIENTED_EDGE('',*,*,#9365,.F.);
#4885=ORIENTED_EDGE('',*,*,#9363,.T.);
#4886=ORIENTED_EDGE('',*,*,#9366,.F.);
#4887=ORIENTED_EDGE('',*,*,#9367,.F.);
#4888=ORIENTED_EDGE('',*,*,#9368,.F.);
#4889=ORIENTED_EDGE('',*,*,#9369,.F.);
#4890=ORIENTED_EDGE('',*,*,#9370,.F.);
#4891=ORIENTED_EDGE('',*,*,#9371,.F.);
#4892=ORIENTED_EDGE('',*,*,#9372,.F.);
#4893=ORIENTED_EDGE('',*,*,#9373,.F.);
#4894=ORIENTED_EDGE('',*,*,#9374,.F.);
#4895=CARTESIAN_POINT('',(5.798439,0.193122433241211,-1.18476028917522));
#4896=DIRECTION('',(-1.0,0.0,-1.83690953073357E-16));
#4897=DIRECTION('',(-1.83690953073357E-16,0.0,1.0));
#4898=SURFACE_STYLE_FILL_AREA(#9375);
#4899=ORIENTED_EDGE('',*,*,#9376,.T.);
#4900=ORIENTED_EDGE('',*,*,#9377,.F.);
#4901=ORIENTED_EDGE('',*,*,#9371,.T.);
#4902=ORIENTED_EDGE('',*,*,#9378,.T.);
#4903=CARTESIAN_POINT('',(5.798439,0.127,-1.0922));
#4904=DIRECTION('',(-1.0,0.0,-1.83690953073357E-16));
#4905=DIRECTION('',(-1.83690953073357E-16,0.0,1.0));
#4906=SURFACE_STYLE_FILL_AREA(#9379);
#4907=ORIENTED_EDGE('',*,*,#9380,.T.);
#4908=ORIENTED_EDGE('',*,*,#9381,.F.);
#4909=ORIENTED_EDGE('',*,*,#9372,.T.);
#4910=ORIENTED_EDGE('',*,*,#9377,.T.);
#4911=CARTESIAN_POINT('',(5.798439,-0.127,-1.4986));
#4912=DIRECTION('',(0.0,-1.0,0.0));
#4913=DIRECTION('',(-1.83690953073357E-16,0.0,1.0));
#4914=SURFACE_STYLE_FILL_AREA(#9382);
#4915=ORIENTED_EDGE('',*,*,#9383,.T.);
#4916=ORIENTED_EDGE('',*,*,#9384,.F.);
#4917=ORIENTED_EDGE('',*,*,#9373,.T.);
#4918=ORIENTED_EDGE('',*,*,#9381,.T.);
#4919=CARTESIAN_POINT('',(5.798439,-0.0635,-1.905));
#4920=DIRECTION('',(1.83690953073357E-16,0.0,-1.0));
#4921=DIRECTION('',(0.0,-1.0,0.0));
#4922=SURFACE_STYLE_FILL_AREA(#9385);
#4923=ORIENTED_EDGE('',*,*,#9386,.T.);
#4924=ORIENTED_EDGE('',*,*,#9374,.T.);
#4925=ORIENTED_EDGE('',*,*,#9384,.T.);
#4926=ORIENTED_EDGE('',*,*,#9387,.T.);
#4927=CARTESIAN_POINT('',(5.798439,0.0,-1.4986));
#4928=DIRECTION('',(0.0,1.0,0.0));
#4929=DIRECTION('',(1.83690953073357E-16,0.0,-1.0));
#4930=SURFACE_STYLE_FILL_AREA(#9388);
#4931=ORIENTED_EDGE('',*,*,#9389,.F.);
#4932=ORIENTED_EDGE('',*,*,#9390,.T.);
#4933=ORIENTED_EDGE('',*,*,#9378,.F.);
#4934=ORIENTED_EDGE('',*,*,#9370,.T.);
#4935=CARTESIAN_POINT('',(5.798439,0.508,-0.8382));
#4936=DIRECTION('',(-1.83690953073357E-16,0.0,1.0));
#4937=DIRECTION('',(0.0,1.0,0.0));
#4938=SURFACE_STYLE_FILL_AREA(#9391);
#4939=ORIENTED_EDGE('',*,*,#9392,.F.);
#4940=ORIENTED_EDGE('',*,*,#9387,.F.);
#4941=ORIENTED_EDGE('',*,*,#9383,.F.);
#4942=ORIENTED_EDGE('',*,*,#9380,.F.);
#4943=ORIENTED_EDGE('',*,*,#9376,.F.);
#4944=ORIENTED_EDGE('',*,*,#9390,.F.);
#4945=ORIENTED_EDGE('',*,*,#9393,.F.);
#4946=ORIENTED_EDGE('',*,*,#9394,.F.);
#4947=ORIENTED_EDGE('',*,*,#9395,.F.);
#4948=ORIENTED_EDGE('',*,*,#9396,.F.);
#4949=ORIENTED_EDGE('',*,*,#9361,.F.);
#4950=ORIENTED_EDGE('',*,*,#9397,.F.);
#4951=CARTESIAN_POINT('',(5.519039,0.193122433241211,-1.18476028917522));
#4952=DIRECTION('',(-1.0,0.0,-1.83690953073357E-16));
#4953=DIRECTION('',(-1.83690953073357E-16,0.0,1.0));
#4954=SURFACE_STYLE_FILL_AREA(#9398);
#4955=ORIENTED_EDGE('',*,*,#9392,.T.);
#4956=ORIENTED_EDGE('',*,*,#9399,.F.);
#4957=ORIENTED_EDGE('',*,*,#9400,.T.);
#4958=ORIENTED_EDGE('',*,*,#9401,.T.);
#4959=CARTESIAN_POINT('',(7.20858407145774E-17,0.0,-1.17729));
#4960=DIRECTION('',(0.0,-1.0,0.0));
#4961=DIRECTION('',(6.12303176911189E-17,0.0,-1.0));
#4962=SURFACE_STYLE_FILL_AREA(#9402);
#4963=ORIENTED_EDGE('',*,*,#9393,.T.);
#4964=ORIENTED_EDGE('',*,*,#9389,.T.);
#4965=ORIENTED_EDGE('',*,*,#9369,.T.);
#4966=ORIENTED_EDGE('',*,*,#9403,.T.);
#4967=ORIENTED_EDGE('',*,*,#9404,.F.);
#4968=ORIENTED_EDGE('',*,*,#9405,.F.);
#4969=ORIENTED_EDGE('',*,*,#9406,.T.);
#4970=ORIENTED_EDGE('',*,*,#9407,.T.);
#4971=ORIENTED_EDGE('',*,*,#9408,.T.);
#4972=ORIENTED_EDGE('',*,*,#9409,.T.);
#4973=ORIENTED_EDGE('',*,*,#9410,.T.);
#4974=ORIENTED_EDGE('',*,*,#9411,.T.);
#4975=CARTESIAN_POINT('',(5.658739,0.635,0.0));
#4976=DIRECTION('',(0.0,-1.0,0.0));
#4977=DIRECTION('',(0.0,0.0,-1.0));
#4978=SURFACE_STYLE_FILL_AREA(#9412);
#4979=ORIENTED_EDGE('',*,*,#9368,.T.);
#4980=ORIENTED_EDGE('',*,*,#9413,.F.);
#4981=ORIENTED_EDGE('',*,*,#9414,.F.);
#4982=ORIENTED_EDGE('',*,*,#9403,.F.);
#4983=CARTESIAN_POINT('',(5.658739,-0.865,-0.957199));
#4984=DIRECTION('',(0.0,0.0,1.0));
#4985=DIRECTION('',(1.0,0.0,0.0));
#4986=SURFACE_STYLE_FILL_AREA(#9415);
#4987=ORIENTED_EDGE('',*,*,#9394,.T.);
#4988=ORIENTED_EDGE('',*,*,#9407,.F.);
#4989=ORIENTED_EDGE('',*,*,#9416,.F.);
#4990=ORIENTED_EDGE('',*,*,#9417,.F.);
#4991=CARTESIAN_POINT('',(5.658739,-0.865,-0.957199));
#4992=DIRECTION('',(0.0,0.0,1.0));
#4993=DIRECTION('',(1.0,0.0,0.0));
#4994=SURFACE_STYLE_FILL_AREA(#9418);
#4995=ORIENTED_EDGE('',*,*,#9419,.F.);
#4996=ORIENTED_EDGE('',*,*,#9420,.T.);
#4997=ORIENTED_EDGE('',*,*,#9421,.F.);
#4998=ORIENTED_EDGE('',*,*,#9422,.F.);
#4999=CARTESIAN_POINT('',(4.798441,0.126999999999999,-1.0922));
#5000=DIRECTION('',(-1.0,0.0,-1.83690953073357E-16));
#5001=DIRECTION('',(-1.83690953073357E-16,0.0,1.0));
#5002=SURFACE_STYLE_FILL_AREA(#9423);
#5003=ORIENTED_EDGE('',*,*,#9400,.F.);
#5004=ORIENTED_EDGE('',*,*,#9424,.F.);
#5005=ORIENTED_EDGE('',*,*,#9422,.T.);
#5006=ORIENTED_EDGE('',*,*,#9425,.F.);
#5007=ORIENTED_EDGE('',*,*,#9426,.F.);
#5008=ORIENTED_EDGE('',*,*,#9427,.F.);
#5009=ORIENTED_EDGE('',*,*,#9428,.F.);
#5010=ORIENTED_EDGE('',*,*,#9429,.F.);
#5011=ORIENTED_EDGE('',*,*,#9430,.F.);
#5012=ORIENTED_EDGE('',*,*,#9431,.F.);
#5013=ORIENTED_EDGE('',*,*,#9432,.F.);
#5014=ORIENTED_EDGE('',*,*,#9433,.F.);
#5015=CARTESIAN_POINT('',(4.798441,0.193122433241211,-1.18476028917522));
#5016=DIRECTION('',(-1.0,0.0,-1.83690953073357E-16));
#5017=DIRECTION('',(-1.83690953073357E-16,0.0,1.0));
#5018=SURFACE_STYLE_FILL_AREA(#9434);
#5019=ORIENTED_EDGE('',*,*,#9435,.T.);
#5020=ORIENTED_EDGE('',*,*,#9436,.F.);
#5021=ORIENTED_EDGE('',*,*,#9430,.T.);
#5022=ORIENTED_EDGE('',*,*,#9437,.T.);
#5023=CARTESIAN_POINT('',(4.798441,0.127,-1.0922));
#5024=DIRECTION('',(-1.0,0.0,-1.83690953073357E-16));
#5025=DIRECTION('',(-1.83690953073357E-16,0.0,1.0));
#5026=SURFACE_STYLE_FILL_AREA(#9438);
#5027=ORIENTED_EDGE('',*,*,#9439,.T.);
#5028=ORIENTED_EDGE('',*,*,#9440,.F.);
#5029=ORIENTED_EDGE('',*,*,#9431,.T.);
#5030=ORIENTED_EDGE('',*,*,#9436,.T.);
#5031=CARTESIAN_POINT('',(4.798441,-0.127,-1.4986));
#5032=DIRECTION('',(0.0,-1.0,0.0));
#5033=DIRECTION('',(-1.83690953073357E-16,0.0,1.0));
#5034=SURFACE_STYLE_FILL_AREA(#9441);
#5035=ORIENTED_EDGE('',*,*,#9442,.T.);
#5036=ORIENTED_EDGE('',*,*,#9443,.F.);
#5037=ORIENTED_EDGE('',*,*,#9432,.T.);
#5038=ORIENTED_EDGE('',*,*,#9440,.T.);
#5039=CARTESIAN_POINT('',(4.798441,-0.0635,-1.905));
#5040=DIRECTION('',(1.83690953073357E-16,0.0,-1.0));
#5041=DIRECTION('',(0.0,-1.0,0.0));
#5042=SURFACE_STYLE_FILL_AREA(#9444);
#5043=ORIENTED_EDGE('',*,*,#9445,.T.);
#5044=ORIENTED_EDGE('',*,*,#9433,.T.);
#5045=ORIENTED_EDGE('',*,*,#9443,.T.);
#5046=ORIENTED_EDGE('',*,*,#9446,.T.);
#5047=CARTESIAN_POINT('',(4.798441,0.0,-1.4986));
#5048=DIRECTION('',(0.0,1.0,0.0));
#5049=DIRECTION('',(1.83690953073357E-16,0.0,-1.0));
#5050=SURFACE_STYLE_FILL_AREA(#9447);
#5051=ORIENTED_EDGE('',*,*,#9448,.F.);
#5052=ORIENTED_EDGE('',*,*,#9449,.T.);
#5053=ORIENTED_EDGE('',*,*,#9437,.F.);
#5054=ORIENTED_EDGE('',*,*,#9429,.T.);
#5055=CARTESIAN_POINT('',(4.798441,0.508,-0.8382));
#5056=DIRECTION('',(-1.83690953073357E-16,0.0,1.0));
#5057=DIRECTION('',(0.0,1.0,0.0));
#5058=SURFACE_STYLE_FILL_AREA(#9450);
#5059=ORIENTED_EDGE('',*,*,#9451,.F.);
#5060=ORIENTED_EDGE('',*,*,#9446,.F.);
#5061=ORIENTED_EDGE('',*,*,#9442,.F.);
#5062=ORIENTED_EDGE('',*,*,#9439,.F.);
#5063=ORIENTED_EDGE('',*,*,#9435,.F.);
#5064=ORIENTED_EDGE('',*,*,#9449,.F.);
#5065=ORIENTED_EDGE('',*,*,#9452,.F.);
#5066=ORIENTED_EDGE('',*,*,#9453,.F.);
#5067=ORIENTED_EDGE('',*,*,#9454,.F.);
#5068=ORIENTED_EDGE('',*,*,#9455,.F.);
#5069=ORIENTED_EDGE('',*,*,#9420,.F.);
#5070=ORIENTED_EDGE('',*,*,#9456,.F.);
#5071=CARTESIAN_POINT('',(4.519041,0.193122433241211,-1.18476028917522));
#5072=DIRECTION('',(-1.0,0.0,-1.83690953073357E-16));
#5073=DIRECTION('',(-1.83690953073357E-16,0.0,1.0));
#5074=SURFACE_STYLE_FILL_AREA(#9457);
#5075=ORIENTED_EDGE('',*,*,#9451,.T.);
#5076=ORIENTED_EDGE('',*,*,#9458,.F.);
#5077=ORIENTED_EDGE('',*,*,#9459,.T.);
#5078=ORIENTED_EDGE('',*,*,#9460,.T.);
#5079=CARTESIAN_POINT('',(7.20858407145774E-17,0.0,-1.17729));
#5080=DIRECTION('',(0.0,-1.0,0.0));
#5081=DIRECTION('',(6.12303176911189E-17,0.0,-1.0));
#5082=SURFACE_STYLE_FILL_AREA(#9461);
#5083=ORIENTED_EDGE('',*,*,#9452,.T.);
#5084=ORIENTED_EDGE('',*,*,#9448,.T.);
#5085=ORIENTED_EDGE('',*,*,#9428,.T.);
#5086=ORIENTED_EDGE('',*,*,#9462,.T.);
#5087=ORIENTED_EDGE('',*,*,#9463,.F.);
#5088=ORIENTED_EDGE('',*,*,#9464,.F.);
#5089=ORIENTED_EDGE('',*,*,#9465,.T.);
#5090=ORIENTED_EDGE('',*,*,#9466,.T.);
#5091=ORIENTED_EDGE('',*,*,#9467,.T.);
#5092=ORIENTED_EDGE('',*,*,#9468,.T.);
#5093=ORIENTED_EDGE('',*,*,#9469,.T.);
#5094=ORIENTED_EDGE('',*,*,#9470,.T.);
#5095=CARTESIAN_POINT('',(4.658741,0.635,0.0));
#5096=DIRECTION('',(0.0,-1.0,0.0));
#5097=DIRECTION('',(0.0,0.0,-1.0));
#5098=SURFACE_STYLE_FILL_AREA(#9471);
#5099=ORIENTED_EDGE('',*,*,#9427,.T.);
#5100=ORIENTED_EDGE('',*,*,#9472,.F.);
#5101=ORIENTED_EDGE('',*,*,#9473,.F.);
#5102=ORIENTED_EDGE('',*,*,#9462,.F.);
#5103=CARTESIAN_POINT('',(4.658741,-0.865,-0.957199));
#5104=DIRECTION('',(0.0,0.0,1.0));
#5105=DIRECTION('',(1.0,0.0,0.0));
#5106=SURFACE_STYLE_FILL_AREA(#9474);
#5107=ORIENTED_EDGE('',*,*,#9453,.T.);
#5108=ORIENTED_EDGE('',*,*,#9466,.F.);
#5109=ORIENTED_EDGE('',*,*,#9475,.F.);
#5110=ORIENTED_EDGE('',*,*,#9476,.F.);
#5111=CARTESIAN_POINT('',(4.658741,-0.865,-0.957199));
#5112=DIRECTION('',(0.0,0.0,1.0));
#5113=DIRECTION('',(1.0,0.0,0.0));
#5114=SURFACE_STYLE_FILL_AREA(#9477);
#5115=ORIENTED_EDGE('',*,*,#9478,.F.);
#5116=ORIENTED_EDGE('',*,*,#9479,.T.);
#5117=ORIENTED_EDGE('',*,*,#9480,.F.);
#5118=ORIENTED_EDGE('',*,*,#9481,.F.);
#5119=CARTESIAN_POINT('',(3.798443,0.126999999999999,-1.0922));
#5120=DIRECTION('',(-1.0,0.0,-1.83690953073357E-16));
#5121=DIRECTION('',(-1.83690953073357E-16,0.0,1.0));
#5122=SURFACE_STYLE_FILL_AREA(#9482);
#5123=ORIENTED_EDGE('',*,*,#9459,.F.);
#5124=ORIENTED_EDGE('',*,*,#9483,.F.);
#5125=ORIENTED_EDGE('',*,*,#9481,.T.);
#5126=ORIENTED_EDGE('',*,*,#9484,.F.);
#5127=ORIENTED_EDGE('',*,*,#9485,.F.);
#5128=ORIENTED_EDGE('',*,*,#9486,.F.);
#5129=ORIENTED_EDGE('',*,*,#9487,.F.);
#5130=ORIENTED_EDGE('',*,*,#9488,.F.);
#5131=ORIENTED_EDGE('',*,*,#9489,.F.);
#5132=ORIENTED_EDGE('',*,*,#9490,.F.);
#5133=ORIENTED_EDGE('',*,*,#9491,.F.);
#5134=ORIENTED_EDGE('',*,*,#9492,.F.);
#5135=CARTESIAN_POINT('',(3.798443,0.193122433241211,-1.18476028917522));
#5136=DIRECTION('',(-1.0,0.0,-1.83690953073357E-16));
#5137=DIRECTION('',(-1.83690953073357E-16,0.0,1.0));
#5138=SURFACE_STYLE_FILL_AREA(#9493);
#5139=ORIENTED_EDGE('',*,*,#9494,.T.);
#5140=ORIENTED_EDGE('',*,*,#9495,.F.);
#5141=ORIENTED_EDGE('',*,*,#9489,.T.);
#5142=ORIENTED_EDGE('',*,*,#9496,.T.);
#5143=CARTESIAN_POINT('',(3.798443,0.127,-1.0922));
#5144=DIRECTION('',(-1.0,0.0,-1.83690953073357E-16));
#5145=DIRECTION('',(-1.83690953073357E-16,0.0,1.0));
#5146=SURFACE_STYLE_FILL_AREA(#9497);
#5147=ORIENTED_EDGE('',*,*,#9498,.T.);
#5148=ORIENTED_EDGE('',*,*,#9499,.F.);
#5149=ORIENTED_EDGE('',*,*,#9490,.T.);
#5150=ORIENTED_EDGE('',*,*,#9495,.T.);
#5151=CARTESIAN_POINT('',(3.798443,-0.127,-1.4986));
#5152=DIRECTION('',(0.0,-1.0,0.0));
#5153=DIRECTION('',(-1.83690953073357E-16,0.0,1.0));
#5154=SURFACE_STYLE_FILL_AREA(#9500);
#5155=ORIENTED_EDGE('',*,*,#9501,.T.);
#5156=ORIENTED_EDGE('',*,*,#9502,.F.);
#5157=ORIENTED_EDGE('',*,*,#9491,.T.);
#5158=ORIENTED_EDGE('',*,*,#9499,.T.);
#5159=CARTESIAN_POINT('',(3.798443,-0.0635,-1.905));
#5160=DIRECTION('',(1.83690953073357E-16,0.0,-1.0));
#5161=DIRECTION('',(0.0,-1.0,0.0));
#5162=SURFACE_STYLE_FILL_AREA(#9503);
#5163=ORIENTED_EDGE('',*,*,#9504,.T.);
#5164=ORIENTED_EDGE('',*,*,#9492,.T.);
#5165=ORIENTED_EDGE('',*,*,#9502,.T.);
#5166=ORIENTED_EDGE('',*,*,#9505,.T.);
#5167=CARTESIAN_POINT('',(3.798443,0.0,-1.4986));
#5168=DIRECTION('',(0.0,1.0,0.0));
#5169=DIRECTION('',(1.83690953073357E-16,0.0,-1.0));
#5170=SURFACE_STYLE_FILL_AREA(#9506);
#5171=ORIENTED_EDGE('',*,*,#9507,.F.);
#5172=ORIENTED_EDGE('',*,*,#9508,.T.);
#5173=ORIENTED_EDGE('',*,*,#9496,.F.);
#5174=ORIENTED_EDGE('',*,*,#9488,.T.);
#5175=CARTESIAN_POINT('',(3.798443,0.508,-0.8382));
#5176=DIRECTION('',(-1.83690953073357E-16,0.0,1.0));
#5177=DIRECTION('',(0.0,1.0,0.0));
#5178=SURFACE_STYLE_FILL_AREA(#9509);
#5179=ORIENTED_EDGE('',*,*,#9510,.F.);
#5180=ORIENTED_EDGE('',*,*,#9505,.F.);
#5181=ORIENTED_EDGE('',*,*,#9501,.F.);
#5182=ORIENTED_EDGE('',*,*,#9498,.F.);
#5183=ORIENTED_EDGE('',*,*,#9494,.F.);
#5184=ORIENTED_EDGE('',*,*,#9508,.F.);
#5185=ORIENTED_EDGE('',*,*,#9511,.F.);
#5186=ORIENTED_EDGE('',*,*,#9512,.F.);
#5187=ORIENTED_EDGE('',*,*,#9513,.F.);
#5188=ORIENTED_EDGE('',*,*,#9514,.F.);
#5189=ORIENTED_EDGE('',*,*,#9479,.F.);
#5190=ORIENTED_EDGE('',*,*,#9515,.F.);
#5191=CARTESIAN_POINT('',(3.519043,0.193122433241211,-1.18476028917522));
#5192=DIRECTION('',(-1.0,0.0,-1.83690953073357E-16));
#5193=DIRECTION('',(-1.83690953073357E-16,0.0,1.0));
#5194=SURFACE_STYLE_FILL_AREA(#9516);
#5195=ORIENTED_EDGE('',*,*,#9510,.T.);
#5196=ORIENTED_EDGE('',*,*,#9517,.F.);
#5197=ORIENTED_EDGE('',*,*,#9518,.T.);
#5198=ORIENTED_EDGE('',*,*,#9519,.T.);
#5199=CARTESIAN_POINT('',(7.20858407145774E-17,0.0,-1.17729));
#5200=DIRECTION('',(0.0,-1.0,0.0));
#5201=DIRECTION('',(6.12303176911189E-17,0.0,-1.0));
#5202=SURFACE_STYLE_FILL_AREA(#9520);
#5203=ORIENTED_EDGE('',*,*,#9511,.T.);
#5204=ORIENTED_EDGE('',*,*,#9507,.T.);
#5205=ORIENTED_EDGE('',*,*,#9487,.T.);
#5206=ORIENTED_EDGE('',*,*,#9521,.T.);
#5207=ORIENTED_EDGE('',*,*,#9522,.F.);
#5208=ORIENTED_EDGE('',*,*,#9523,.F.);
#5209=ORIENTED_EDGE('',*,*,#9524,.T.);
#5210=ORIENTED_EDGE('',*,*,#9525,.T.);
#5211=ORIENTED_EDGE('',*,*,#9526,.T.);
#5212=ORIENTED_EDGE('',*,*,#9527,.T.);
#5213=ORIENTED_EDGE('',*,*,#9528,.T.);
#5214=ORIENTED_EDGE('',*,*,#9529,.T.);
#5215=CARTESIAN_POINT('',(3.658743,0.635,0.0));
#5216=DIRECTION('',(0.0,-1.0,0.0));
#5217=DIRECTION('',(0.0,0.0,-1.0));
#5218=SURFACE_STYLE_FILL_AREA(#9530);
#5219=ORIENTED_EDGE('',*,*,#9486,.T.);
#5220=ORIENTED_EDGE('',*,*,#9531,.F.);
#5221=ORIENTED_EDGE('',*,*,#9532,.F.);
#5222=ORIENTED_EDGE('',*,*,#9521,.F.);
#5223=CARTESIAN_POINT('',(3.658743,-0.865,-0.957199));
#5224=DIRECTION('',(0.0,0.0,1.0));
#5225=DIRECTION('',(1.0,0.0,0.0));
#5226=SURFACE_STYLE_FILL_AREA(#9533);
#5227=ORIENTED_EDGE('',*,*,#9512,.T.);
#5228=ORIENTED_EDGE('',*,*,#9525,.F.);
#5229=ORIENTED_EDGE('',*,*,#9534,.F.);
#5230=ORIENTED_EDGE('',*,*,#9535,.F.);
#5231=CARTESIAN_POINT('',(3.658743,-0.865,-0.957199));
#5232=DIRECTION('',(0.0,0.0,1.0));
#5233=DIRECTION('',(1.0,0.0,0.0));
#5234=SURFACE_STYLE_FILL_AREA(#9536);
#5235=ORIENTED_EDGE('',*,*,#9537,.F.);
#5236=ORIENTED_EDGE('',*,*,#9538,.T.);
#5237=ORIENTED_EDGE('',*,*,#9539,.F.);
#5238=ORIENTED_EDGE('',*,*,#9540,.F.);
#5239=CARTESIAN_POINT('',(2.798445,0.126999999999999,-1.0922));
#5240=DIRECTION('',(-1.0,0.0,-1.83690953073357E-16));
#5241=DIRECTION('',(-1.83690953073357E-16,0.0,1.0));
#5242=SURFACE_STYLE_FILL_AREA(#9541);
#5243=ORIENTED_EDGE('',*,*,#9518,.F.);
#5244=ORIENTED_EDGE('',*,*,#9542,.F.);
#5245=ORIENTED_EDGE('',*,*,#9540,.T.);
#5246=ORIENTED_EDGE('',*,*,#9543,.F.);
#5247=ORIENTED_EDGE('',*,*,#9544,.F.);
#5248=ORIENTED_EDGE('',*,*,#9545,.F.);
#5249=ORIENTED_EDGE('',*,*,#9546,.F.);
#5250=ORIENTED_EDGE('',*,*,#9547,.F.);
#5251=ORIENTED_EDGE('',*,*,#9548,.F.);
#5252=ORIENTED_EDGE('',*,*,#9549,.F.);
#5253=ORIENTED_EDGE('',*,*,#9550,.F.);
#5254=ORIENTED_EDGE('',*,*,#9551,.F.);
#5255=CARTESIAN_POINT('',(2.798445,0.193122433241211,-1.18476028917522));
#5256=DIRECTION('',(-1.0,0.0,-1.83690953073357E-16));
#5257=DIRECTION('',(-1.83690953073357E-16,0.0,1.0));
#5258=SURFACE_STYLE_FILL_AREA(#9552);
#5259=ORIENTED_EDGE('',*,*,#9553,.T.);
#5260=ORIENTED_EDGE('',*,*,#9554,.F.);
#5261=ORIENTED_EDGE('',*,*,#9548,.T.);
#5262=ORIENTED_EDGE('',*,*,#9555,.T.);
#5263=CARTESIAN_POINT('',(2.798445,0.127,-1.0922));
#5264=DIRECTION('',(-1.0,0.0,-1.83690953073357E-16));
#5265=DIRECTION('',(-1.83690953073357E-16,0.0,1.0));
#5266=SURFACE_STYLE_FILL_AREA(#9556);
#5267=ORIENTED_EDGE('',*,*,#9557,.T.);
#5268=ORIENTED_EDGE('',*,*,#9558,.F.);
#5269=ORIENTED_EDGE('',*,*,#9549,.T.);
#5270=ORIENTED_EDGE('',*,*,#9554,.T.);
#5271=CARTESIAN_POINT('',(2.798445,-0.127,-1.4986));
#5272=DIRECTION('',(0.0,-1.0,0.0));
#5273=DIRECTION('',(-1.83690953073357E-16,0.0,1.0));
#5274=SURFACE_STYLE_FILL_AREA(#9559);
#5275=ORIENTED_EDGE('',*,*,#9560,.T.);
#5276=ORIENTED_EDGE('',*,*,#9561,.F.);
#5277=ORIENTED_EDGE('',*,*,#9550,.T.);
#5278=ORIENTED_EDGE('',*,*,#9558,.T.);
#5279=CARTESIAN_POINT('',(2.798445,-0.0635,-1.905));
#5280=DIRECTION('',(1.83690953073357E-16,0.0,-1.0));
#5281=DIRECTION('',(0.0,-1.0,0.0));
#5282=SURFACE_STYLE_FILL_AREA(#9562);
#5283=ORIENTED_EDGE('',*,*,#9563,.T.);
#5284=ORIENTED_EDGE('',*,*,#9551,.T.);
#5285=ORIENTED_EDGE('',*,*,#9561,.T.);
#5286=ORIENTED_EDGE('',*,*,#9564,.T.);
#5287=CARTESIAN_POINT('',(2.798445,0.0,-1.4986));
#5288=DIRECTION('',(0.0,1.0,0.0));
#5289=DIRECTION('',(1.83690953073357E-16,0.0,-1.0));
#5290=SURFACE_STYLE_FILL_AREA(#9565);
#5291=ORIENTED_EDGE('',*,*,#9566,.F.);
#5292=ORIENTED_EDGE('',*,*,#9567,.T.);
#5293=ORIENTED_EDGE('',*,*,#9555,.F.);
#5294=ORIENTED_EDGE('',*,*,#9547,.T.);
#5295=CARTESIAN_POINT('',(2.798445,0.508,-0.8382));
#5296=DIRECTION('',(-1.83690953073357E-16,0.0,1.0));
#5297=DIRECTION('',(0.0,1.0,0.0));
#5298=SURFACE_STYLE_FILL_AREA(#9568);
#5299=ORIENTED_EDGE('',*,*,#9569,.F.);
#5300=ORIENTED_EDGE('',*,*,#9564,.F.);
#5301=ORIENTED_EDGE('',*,*,#9560,.F.);
#5302=ORIENTED_EDGE('',*,*,#9557,.F.);
#5303=ORIENTED_EDGE('',*,*,#9553,.F.);
#5304=ORIENTED_EDGE('',*,*,#9567,.F.);
#5305=ORIENTED_EDGE('',*,*,#9570,.F.);
#5306=ORIENTED_EDGE('',*,*,#9571,.F.);
#5307=ORIENTED_EDGE('',*,*,#9572,.F.);
#5308=ORIENTED_EDGE('',*,*,#9573,.F.);
#5309=ORIENTED_EDGE('',*,*,#9538,.F.);
#5310=ORIENTED_EDGE('',*,*,#9574,.F.);
#5311=CARTESIAN_POINT('',(2.519045,0.193122433241211,-1.18476028917522));
#5312=DIRECTION('',(-1.0,0.0,-1.83690953073357E-16));
#5313=DIRECTION('',(-1.83690953073357E-16,0.0,1.0));
#5314=SURFACE_STYLE_FILL_AREA(#9575);
#5315=ORIENTED_EDGE('',*,*,#9569,.T.);
#5316=ORIENTED_EDGE('',*,*,#9576,.F.);
#5317=ORIENTED_EDGE('',*,*,#9577,.T.);
#5318=ORIENTED_EDGE('',*,*,#9578,.T.);
#5319=CARTESIAN_POINT('',(7.20858407145774E-17,0.0,-1.17729));
#5320=DIRECTION('',(0.0,-1.0,0.0));
#5321=DIRECTION('',(6.12303176911189E-17,0.0,-1.0));
#5322=SURFACE_STYLE_FILL_AREA(#9579);
#5323=ORIENTED_EDGE('',*,*,#9570,.T.);
#5324=ORIENTED_EDGE('',*,*,#9566,.T.);
#5325=ORIENTED_EDGE('',*,*,#9546,.T.);
#5326=ORIENTED_EDGE('',*,*,#9580,.T.);
#5327=ORIENTED_EDGE('',*,*,#9581,.F.);
#5328=ORIENTED_EDGE('',*,*,#9582,.F.);
#5329=ORIENTED_EDGE('',*,*,#9583,.T.);
#5330=ORIENTED_EDGE('',*,*,#9584,.T.);
#5331=ORIENTED_EDGE('',*,*,#9585,.T.);
#5332=ORIENTED_EDGE('',*,*,#9586,.T.);
#5333=ORIENTED_EDGE('',*,*,#9587,.T.);
#5334=ORIENTED_EDGE('',*,*,#9588,.T.);
#5335=CARTESIAN_POINT('',(2.658745,0.635,0.0));
#5336=DIRECTION('',(0.0,-1.0,0.0));
#5337=DIRECTION('',(0.0,0.0,-1.0));
#5338=SURFACE_STYLE_FILL_AREA(#9589);
#5339=ORIENTED_EDGE('',*,*,#9545,.T.);
#5340=ORIENTED_EDGE('',*,*,#9590,.F.);
#5341=ORIENTED_EDGE('',*,*,#9591,.F.);
#5342=ORIENTED_EDGE('',*,*,#9580,.F.);
#5343=CARTESIAN_POINT('',(2.658745,-0.865,-0.957199));
#5344=DIRECTION('',(0.0,0.0,1.0));
#5345=DIRECTION('',(1.0,0.0,0.0));
#5346=SURFACE_STYLE_FILL_AREA(#9592);
#5347=ORIENTED_EDGE('',*,*,#9571,.T.);
#5348=ORIENTED_EDGE('',*,*,#9584,.F.);
#5349=ORIENTED_EDGE('',*,*,#9593,.F.);
#5350=ORIENTED_EDGE('',*,*,#9594,.F.);
#5351=CARTESIAN_POINT('',(2.658745,-0.865,-0.957199));
#5352=DIRECTION('',(0.0,0.0,1.0));
#5353=DIRECTION('',(1.0,0.0,0.0));
#5354=SURFACE_STYLE_FILL_AREA(#9595);
#5355=ORIENTED_EDGE('',*,*,#9596,.F.);
#5356=ORIENTED_EDGE('',*,*,#9597,.T.);
#5357=ORIENTED_EDGE('',*,*,#9598,.F.);
#5358=ORIENTED_EDGE('',*,*,#9599,.F.);
#5359=CARTESIAN_POINT('',(1.798447,0.126999999999999,-1.0922));
#5360=DIRECTION('',(-1.0,0.0,-1.83690953073357E-16));
#5361=DIRECTION('',(-1.83690953073357E-16,0.0,1.0));
#5362=SURFACE_STYLE_FILL_AREA(#9600);
#5363=ORIENTED_EDGE('',*,*,#9577,.F.);
#5364=ORIENTED_EDGE('',*,*,#9601,.F.);
#5365=ORIENTED_EDGE('',*,*,#9599,.T.);
#5366=ORIENTED_EDGE('',*,*,#9602,.F.);
#5367=ORIENTED_EDGE('',*,*,#9603,.F.);
#5368=ORIENTED_EDGE('',*,*,#9604,.F.);
#5369=ORIENTED_EDGE('',*,*,#9605,.F.);
#5370=ORIENTED_EDGE('',*,*,#9606,.F.);
#5371=ORIENTED_EDGE('',*,*,#9607,.F.);
#5372=ORIENTED_EDGE('',*,*,#9608,.F.);
#5373=ORIENTED_EDGE('',*,*,#9609,.F.);
#5374=ORIENTED_EDGE('',*,*,#9610,.F.);
#5375=CARTESIAN_POINT('',(1.798447,0.193122433241211,-1.18476028917522));
#5376=DIRECTION('',(-1.0,0.0,-1.83690953073357E-16));
#5377=DIRECTION('',(-1.83690953073357E-16,0.0,1.0));
#5378=SURFACE_STYLE_FILL_AREA(#9611);
#5379=ORIENTED_EDGE('',*,*,#9612,.T.);
#5380=ORIENTED_EDGE('',*,*,#9613,.F.);
#5381=ORIENTED_EDGE('',*,*,#9607,.T.);
#5382=ORIENTED_EDGE('',*,*,#9614,.T.);
#5383=CARTESIAN_POINT('',(1.798447,0.127,-1.0922));
#5384=DIRECTION('',(-1.0,0.0,-1.83690953073357E-16));
#5385=DIRECTION('',(-1.83690953073357E-16,0.0,1.0));
#5386=SURFACE_STYLE_FILL_AREA(#9615);
#5387=ORIENTED_EDGE('',*,*,#9616,.T.);
#5388=ORIENTED_EDGE('',*,*,#9617,.F.);
#5389=ORIENTED_EDGE('',*,*,#9608,.T.);
#5390=ORIENTED_EDGE('',*,*,#9613,.T.);
#5391=CARTESIAN_POINT('',(1.798447,-0.127,-1.4986));
#5392=DIRECTION('',(0.0,-1.0,0.0));
#5393=DIRECTION('',(-1.83690953073357E-16,0.0,1.0));
#5394=SURFACE_STYLE_FILL_AREA(#9618);
#5395=ORIENTED_EDGE('',*,*,#9619,.T.);
#5396=ORIENTED_EDGE('',*,*,#9620,.F.);
#5397=ORIENTED_EDGE('',*,*,#9609,.T.);
#5398=ORIENTED_EDGE('',*,*,#9617,.T.);
#5399=CARTESIAN_POINT('',(1.798447,-0.0635,-1.905));
#5400=DIRECTION('',(1.83690953073357E-16,0.0,-1.0));
#5401=DIRECTION('',(0.0,-1.0,0.0));
#5402=SURFACE_STYLE_FILL_AREA(#9621);
#5403=ORIENTED_EDGE('',*,*,#9622,.T.);
#5404=ORIENTED_EDGE('',*,*,#9610,.T.);
#5405=ORIENTED_EDGE('',*,*,#9620,.T.);
#5406=ORIENTED_EDGE('',*,*,#9623,.T.);
#5407=CARTESIAN_POINT('',(1.798447,0.0,-1.4986));
#5408=DIRECTION('',(0.0,1.0,0.0));
#5409=DIRECTION('',(1.83690953073357E-16,0.0,-1.0));
#5410=SURFACE_STYLE_FILL_AREA(#9624);
#5411=ORIENTED_EDGE('',*,*,#9625,.F.);
#5412=ORIENTED_EDGE('',*,*,#9626,.T.);
#5413=ORIENTED_EDGE('',*,*,#9614,.F.);
#5414=ORIENTED_EDGE('',*,*,#9606,.T.);
#5415=CARTESIAN_POINT('',(1.798447,0.508,-0.8382));
#5416=DIRECTION('',(-1.83690953073357E-16,0.0,1.0));
#5417=DIRECTION('',(0.0,1.0,0.0));
#5418=SURFACE_STYLE_FILL_AREA(#9627);
#5419=ORIENTED_EDGE('',*,*,#9628,.F.);
#5420=ORIENTED_EDGE('',*,*,#9623,.F.);
#5421=ORIENTED_EDGE('',*,*,#9619,.F.);
#5422=ORIENTED_EDGE('',*,*,#9616,.F.);
#5423=ORIENTED_EDGE('',*,*,#9612,.F.);
#5424=ORIENTED_EDGE('',*,*,#9626,.F.);
#5425=ORIENTED_EDGE('',*,*,#9629,.F.);
#5426=ORIENTED_EDGE('',*,*,#9630,.F.);
#5427=ORIENTED_EDGE('',*,*,#9631,.F.);
#5428=ORIENTED_EDGE('',*,*,#9632,.F.);
#5429=ORIENTED_EDGE('',*,*,#9597,.F.);
#5430=ORIENTED_EDGE('',*,*,#9633,.F.);
#5431=CARTESIAN_POINT('',(1.519047,0.193122433241211,-1.18476028917522));
#5432=DIRECTION('',(-1.0,0.0,-1.83690953073357E-16));
#5433=DIRECTION('',(-1.83690953073357E-16,0.0,1.0));
#5434=SURFACE_STYLE_FILL_AREA(#9634);
#5435=ORIENTED_EDGE('',*,*,#9628,.T.);
#5436=ORIENTED_EDGE('',*,*,#9635,.F.);
#5437=ORIENTED_EDGE('',*,*,#9636,.T.);
#5438=ORIENTED_EDGE('',*,*,#9637,.T.);
#5439=CARTESIAN_POINT('',(7.20858407145774E-17,0.0,-1.17729));
#5440=DIRECTION('',(0.0,-1.0,0.0));
#5441=DIRECTION('',(6.12303176911189E-17,0.0,-1.0));
#5442=SURFACE_STYLE_FILL_AREA(#9638);
#5443=ORIENTED_EDGE('',*,*,#9629,.T.);
#5444=ORIENTED_EDGE('',*,*,#9625,.T.);
#5445=ORIENTED_EDGE('',*,*,#9605,.T.);
#5446=ORIENTED_EDGE('',*,*,#9639,.T.);
#5447=ORIENTED_EDGE('',*,*,#9640,.F.);
#5448=ORIENTED_EDGE('',*,*,#9641,.F.);
#5449=ORIENTED_EDGE('',*,*,#9642,.T.);
#5450=ORIENTED_EDGE('',*,*,#9643,.T.);
#5451=ORIENTED_EDGE('',*,*,#9644,.T.);
#5452=ORIENTED_EDGE('',*,*,#9645,.T.);
#5453=ORIENTED_EDGE('',*,*,#9646,.T.);
#5454=ORIENTED_EDGE('',*,*,#9647,.T.);
#5455=CARTESIAN_POINT('',(1.658747,0.635,0.0));
#5456=DIRECTION('',(0.0,-1.0,0.0));
#5457=DIRECTION('',(0.0,0.0,-1.0));
#5458=SURFACE_STYLE_FILL_AREA(#9648);
#5459=ORIENTED_EDGE('',*,*,#9604,.T.);
#5460=ORIENTED_EDGE('',*,*,#9649,.F.);
#5461=ORIENTED_EDGE('',*,*,#9650,.F.);
#5462=ORIENTED_EDGE('',*,*,#9639,.F.);
#5463=CARTESIAN_POINT('',(1.658747,-0.865,-0.957199));
#5464=DIRECTION('',(0.0,0.0,1.0));
#5465=DIRECTION('',(1.0,0.0,0.0));
#5466=SURFACE_STYLE_FILL_AREA(#9651);
#5467=ORIENTED_EDGE('',*,*,#9630,.T.);
#5468=ORIENTED_EDGE('',*,*,#9643,.F.);
#5469=ORIENTED_EDGE('',*,*,#9652,.F.);
#5470=ORIENTED_EDGE('',*,*,#9653,.F.);
#5471=CARTESIAN_POINT('',(1.658747,-0.865,-0.957199));
#5472=DIRECTION('',(0.0,0.0,1.0));
#5473=DIRECTION('',(1.0,0.0,0.0));
#5474=SURFACE_STYLE_FILL_AREA(#9654);
#5475=ORIENTED_EDGE('',*,*,#9655,.F.);
#5476=ORIENTED_EDGE('',*,*,#9656,.T.);
#5477=ORIENTED_EDGE('',*,*,#9657,.F.);
#5478=ORIENTED_EDGE('',*,*,#9658,.F.);
#5479=CARTESIAN_POINT('',(0.798449,0.126999999999999,-1.0922));
#5480=DIRECTION('',(-1.0,0.0,-1.83690953073357E-16));
#5481=DIRECTION('',(-1.83690953073357E-16,0.0,1.0));
#5482=SURFACE_STYLE_FILL_AREA(#9659);
#5483=ORIENTED_EDGE('',*,*,#9636,.F.);
#5484=ORIENTED_EDGE('',*,*,#9660,.F.);
#5485=ORIENTED_EDGE('',*,*,#9658,.T.);
#5486=ORIENTED_EDGE('',*,*,#9661,.F.);
#5487=ORIENTED_EDGE('',*,*,#9662,.F.);
#5488=ORIENTED_EDGE('',*,*,#9663,.F.);
#5489=ORIENTED_EDGE('',*,*,#9664,.F.);
#5490=ORIENTED_EDGE('',*,*,#9665,.F.);
#5491=ORIENTED_EDGE('',*,*,#9666,.F.);
#5492=ORIENTED_EDGE('',*,*,#9667,.F.);
#5493=ORIENTED_EDGE('',*,*,#9668,.F.);
#5494=ORIENTED_EDGE('',*,*,#9669,.F.);
#5495=CARTESIAN_POINT('',(0.798449,0.193122433241211,-1.18476028917522));
#5496=DIRECTION('',(-1.0,0.0,-1.83690953073357E-16));
#5497=DIRECTION('',(-1.83690953073357E-16,0.0,1.0));
#5498=SURFACE_STYLE_FILL_AREA(#9670);
#5499=ORIENTED_EDGE('',*,*,#9671,.T.);
#5500=ORIENTED_EDGE('',*,*,#9672,.F.);
#5501=ORIENTED_EDGE('',*,*,#9666,.T.);
#5502=ORIENTED_EDGE('',*,*,#9673,.T.);
#5503=CARTESIAN_POINT('',(0.798449,0.127,-1.0922));
#5504=DIRECTION('',(-1.0,0.0,-1.83690953073357E-16));
#5505=DIRECTION('',(-1.83690953073357E-16,0.0,1.0));
#5506=SURFACE_STYLE_FILL_AREA(#9674);
#5507=ORIENTED_EDGE('',*,*,#9675,.T.);
#5508=ORIENTED_EDGE('',*,*,#9676,.F.);
#5509=ORIENTED_EDGE('',*,*,#9667,.T.);
#5510=ORIENTED_EDGE('',*,*,#9672,.T.);
#5511=CARTESIAN_POINT('',(0.798449000000001,-0.127,-1.4986));
#5512=DIRECTION('',(-0.0,-1.0,0.0));
#5513=DIRECTION('',(-1.83690953073357E-16,0.0,1.0));
#5514=SURFACE_STYLE_FILL_AREA(#9677);
#5515=ORIENTED_EDGE('',*,*,#9678,.T.);
#5516=ORIENTED_EDGE('',*,*,#9679,.F.);
#5517=ORIENTED_EDGE('',*,*,#9668,.T.);
#5518=ORIENTED_EDGE('',*,*,#9676,.T.);
#5519=CARTESIAN_POINT('',(0.798449000000001,-0.0635,-1.905));
#5520=DIRECTION('',(1.83690953073357E-16,0.0,-1.0));
#5521=DIRECTION('',(0.0,-1.0,0.0));
#5522=SURFACE_STYLE_FILL_AREA(#9680);
#5523=ORIENTED_EDGE('',*,*,#9681,.T.);
#5524=ORIENTED_EDGE('',*,*,#9669,.T.);
#5525=ORIENTED_EDGE('',*,*,#9679,.T.);
#5526=ORIENTED_EDGE('',*,*,#9682,.T.);
#5527=CARTESIAN_POINT('',(0.798449000000001,0.0,-1.4986));
#5528=DIRECTION('',(0.0,1.0,0.0));
#5529=DIRECTION('',(1.83690953073357E-16,0.0,-1.0));
#5530=SURFACE_STYLE_FILL_AREA(#9683);
#5531=ORIENTED_EDGE('',*,*,#9684,.F.);
#5532=ORIENTED_EDGE('',*,*,#9685,.T.);
#5533=ORIENTED_EDGE('',*,*,#9673,.F.);
#5534=ORIENTED_EDGE('',*,*,#9665,.T.);
#5535=CARTESIAN_POINT('',(0.798449,0.508,-0.8382));
#5536=DIRECTION('',(-1.83690953073357E-16,0.0,1.0));
#5537=DIRECTION('',(0.0,1.0,0.0));
#5538=SURFACE_STYLE_FILL_AREA(#9686);
#5539=ORIENTED_EDGE('',*,*,#9687,.F.);
#5540=ORIENTED_EDGE('',*,*,#9682,.F.);
#5541=ORIENTED_EDGE('',*,*,#9678,.F.);
#5542=ORIENTED_EDGE('',*,*,#9675,.F.);
#5543=ORIENTED_EDGE('',*,*,#9671,.F.);
#5544=ORIENTED_EDGE('',*,*,#9685,.F.);
#5545=ORIENTED_EDGE('',*,*,#9688,.F.);
#5546=ORIENTED_EDGE('',*,*,#9689,.F.);
#5547=ORIENTED_EDGE('',*,*,#9690,.F.);
#5548=ORIENTED_EDGE('',*,*,#9691,.F.);
#5549=ORIENTED_EDGE('',*,*,#9656,.F.);
#5550=ORIENTED_EDGE('',*,*,#9692,.F.);
#5551=CARTESIAN_POINT('',(0.519049,0.193122433241211,-1.18476028917522));
#5552=DIRECTION('',(-1.0,0.0,-1.83690953073357E-16));
#5553=DIRECTION('',(-1.83690953073357E-16,0.0,1.0));
#5554=SURFACE_STYLE_FILL_AREA(#9693);
#5555=ORIENTED_EDGE('',*,*,#9687,.T.);
#5556=ORIENTED_EDGE('',*,*,#9694,.F.);
#5557=ORIENTED_EDGE('',*,*,#9695,.T.);
#5558=ORIENTED_EDGE('',*,*,#9696,.T.);
#5559=CARTESIAN_POINT('',(7.20858407145774E-17,0.0,-1.17729));
#5560=DIRECTION('',(0.0,-1.0,0.0));
#5561=DIRECTION('',(6.12303176911189E-17,0.0,-1.0));
#5562=SURFACE_STYLE_FILL_AREA(#9697);
#5563=ORIENTED_EDGE('',*,*,#9688,.T.);
#5564=ORIENTED_EDGE('',*,*,#9684,.T.);
#5565=ORIENTED_EDGE('',*,*,#9664,.T.);
#5566=ORIENTED_EDGE('',*,*,#9698,.T.);
#5567=ORIENTED_EDGE('',*,*,#9699,.F.);
#5568=ORIENTED_EDGE('',*,*,#9700,.F.);
#5569=ORIENTED_EDGE('',*,*,#9701,.T.);
#5570=ORIENTED_EDGE('',*,*,#9702,.T.);
#5571=ORIENTED_EDGE('',*,*,#9703,.T.);
#5572=ORIENTED_EDGE('',*,*,#9704,.T.);
#5573=ORIENTED_EDGE('',*,*,#9705,.T.);
#5574=ORIENTED_EDGE('',*,*,#9706,.T.);
#5575=CARTESIAN_POINT('',(0.658749,0.635,0.0));
#5576=DIRECTION('',(0.0,-1.0,0.0));
#5577=DIRECTION('',(0.0,0.0,-1.0));
#5578=SURFACE_STYLE_FILL_AREA(#9707);
#5579=ORIENTED_EDGE('',*,*,#9663,.T.);
#5580=ORIENTED_EDGE('',*,*,#9708,.F.);
#5581=ORIENTED_EDGE('',*,*,#9709,.F.);
#5582=ORIENTED_EDGE('',*,*,#9698,.F.);
#5583=CARTESIAN_POINT('',(0.658749,-0.865,-0.957199));
#5584=DIRECTION('',(0.0,0.0,1.0));
#5585=DIRECTION('',(1.0,0.0,0.0));
#5586=SURFACE_STYLE_FILL_AREA(#9710);
#5587=ORIENTED_EDGE('',*,*,#9689,.T.);
#5588=ORIENTED_EDGE('',*,*,#9702,.F.);
#5589=ORIENTED_EDGE('',*,*,#9711,.F.);
#5590=ORIENTED_EDGE('',*,*,#9712,.F.);
#5591=CARTESIAN_POINT('',(0.658749,-0.865,-0.957199));
#5592=DIRECTION('',(0.0,0.0,1.0));
#5593=DIRECTION('',(1.0,0.0,0.0));
#5594=SURFACE_STYLE_FILL_AREA(#9713);
#5595=ORIENTED_EDGE('',*,*,#9714,.F.);
#5596=ORIENTED_EDGE('',*,*,#9715,.F.);
#5597=ORIENTED_EDGE('',*,*,#9716,.F.);
#5598=ORIENTED_EDGE('',*,*,#9717,.F.);
#5599=ORIENTED_EDGE('',*,*,#9718,.F.);
#5600=ORIENTED_EDGE('',*,*,#9719,.F.);
#5601=ORIENTED_EDGE('',*,*,#9720,.F.);
#5602=ORIENTED_EDGE('',*,*,#9721,.F.);
#5603=ORIENTED_EDGE('',*,*,#9722,.F.);
#5604=ORIENTED_EDGE('',*,*,#9723,.F.);
#5605=ORIENTED_EDGE('',*,*,#9724,.F.);
#5606=ORIENTED_EDGE('',*,*,#9725,.F.);
#5607=CARTESIAN_POINT('',(9.798431,0.193122433241211,1.18476028917522));
#5608=DIRECTION('',(1.0,0.0,6.12303176911189E-17));
#5609=DIRECTION('',(6.12303176911189E-17,0.0,-1.0));
#5610=SURFACE_STYLE_FILL_AREA(#9726);
#5611=ORIENTED_EDGE('',*,*,#9719,.T.);
#5612=ORIENTED_EDGE('',*,*,#9727,.F.);
#5613=ORIENTED_EDGE('',*,*,#9728,.T.);
#5614=ORIENTED_EDGE('',*,*,#9729,.T.);
#5615=CARTESIAN_POINT('',(9.519031,0.127,1.0922));
#5616=DIRECTION('',(1.0,0.0,6.12303176911189E-17));
#5617=DIRECTION('',(6.12303176911189E-17,0.0,-1.0));
#5618=SURFACE_STYLE_FILL_AREA(#9730);
#5619=ORIENTED_EDGE('',*,*,#9718,.T.);
#5620=ORIENTED_EDGE('',*,*,#9731,.F.);
#5621=ORIENTED_EDGE('',*,*,#9732,.T.);
#5622=ORIENTED_EDGE('',*,*,#9727,.T.);
#5623=CARTESIAN_POINT('',(9.519031,-0.127,1.4986));
#5624=DIRECTION('',(0.0,-1.0,0.0));
#5625=DIRECTION('',(6.12303176911189E-17,0.0,-1.0));
#5626=SURFACE_STYLE_FILL_AREA(#9733);
#5627=ORIENTED_EDGE('',*,*,#9717,.T.);
#5628=ORIENTED_EDGE('',*,*,#9734,.F.);
#5629=ORIENTED_EDGE('',*,*,#9735,.T.);
#5630=ORIENTED_EDGE('',*,*,#9731,.T.);
#5631=CARTESIAN_POINT('',(9.519031,-0.0635,1.905));
#5632=DIRECTION('',(-6.12303176911189E-17,0.0,1.0));
#5633=DIRECTION('',(0.0,-1.0,0.0));
#5634=SURFACE_STYLE_FILL_AREA(#9736);
#5635=ORIENTED_EDGE('',*,*,#9737,.F.);
#5636=ORIENTED_EDGE('',*,*,#9738,.T.);
#5637=ORIENTED_EDGE('',*,*,#9734,.T.);
#5638=ORIENTED_EDGE('',*,*,#9716,.T.);
#5639=CARTESIAN_POINT('',(9.519031,0.0,1.4986));
#5640=DIRECTION('',(0.0,1.0,0.0));
#5641=DIRECTION('',(-6.12303176911189E-17,0.0,1.0));
#5642=SURFACE_STYLE_FILL_AREA(#9739);
#5643=ORIENTED_EDGE('',*,*,#9740,.F.);
#5644=ORIENTED_EDGE('',*,*,#9725,.T.);
#5645=ORIENTED_EDGE('',*,*,#9741,.F.);
#5646=ORIENTED_EDGE('',*,*,#9742,.F.);
#5647=CARTESIAN_POINT('',(9.519031,0.126999999999999,1.0922));
#5648=DIRECTION('',(1.0,0.0,6.12303176911189E-17));
#5649=DIRECTION('',(6.12303176911189E-17,0.0,-1.0));
#5650=SURFACE_STYLE_FILL_AREA(#9743);
#5651=ORIENTED_EDGE('',*,*,#9744,.F.);
#5652=ORIENTED_EDGE('',*,*,#9720,.T.);
#5653=ORIENTED_EDGE('',*,*,#9729,.F.);
#5654=ORIENTED_EDGE('',*,*,#9745,.T.);
#5655=CARTESIAN_POINT('',(9.519031,0.508,0.8382));
#5656=DIRECTION('',(6.12303176911189E-17,0.0,-1.0));
#5657=DIRECTION('',(0.0,1.0,0.0));
#5658=SURFACE_STYLE_FILL_AREA(#9746);
#5659=ORIENTED_EDGE('',*,*,#9747,.F.);
#5660=ORIENTED_EDGE('',*,*,#9742,.T.);
#5661=ORIENTED_EDGE('',*,*,#9748,.F.);
#5662=ORIENTED_EDGE('',*,*,#9749,.F.);
#5663=ORIENTED_EDGE('',*,*,#9750,.F.);
#5664=ORIENTED_EDGE('',*,*,#9751,.F.);
#5665=ORIENTED_EDGE('',*,*,#9745,.F.);
#5666=ORIENTED_EDGE('',*,*,#9728,.F.);
#5667=ORIENTED_EDGE('',*,*,#9732,.F.);
#5668=ORIENTED_EDGE('',*,*,#9735,.F.);
#5669=ORIENTED_EDGE('',*,*,#9738,.F.);
#5670=ORIENTED_EDGE('',*,*,#9752,.F.);
#5671=CARTESIAN_POINT('',(9.519031,0.193122433241211,1.18476028917522));
#5672=DIRECTION('',(1.0,0.0,6.12303176911189E-17));
#5673=DIRECTION('',(6.12303176911189E-17,0.0,-1.0));
#5674=SURFACE_STYLE_FILL_AREA(#9753);
#5675=ORIENTED_EDGE('',*,*,#9752,.T.);
#5676=ORIENTED_EDGE('',*,*,#9754,.F.);
#5677=ORIENTED_EDGE('',*,*,#9755,.T.);
#5678=ORIENTED_EDGE('',*,*,#9756,.T.);
#5679=CARTESIAN_POINT('',(-7.20858407145773E-17,0.0,1.17729));
#5680=DIRECTION('',(0.0,-1.0,0.0));
#5681=DIRECTION('',(6.12303176911189E-17,0.0,-1.0));
#5682=SURFACE_STYLE_FILL_AREA(#9757);
#5683=ORIENTED_EDGE('',*,*,#9714,.T.);
#5684=ORIENTED_EDGE('',*,*,#9740,.T.);
#5685=ORIENTED_EDGE('',*,*,#9747,.T.);
#5686=ORIENTED_EDGE('',*,*,#9756,.F.);
#5687=ORIENTED_EDGE('',*,*,#9758,.T.);
#5688=ORIENTED_EDGE('',*,*,#9759,.T.);
#5689=ORIENTED_EDGE('',*,*,#9760,.T.);
#5690=ORIENTED_EDGE('',*,*,#9761,.F.);
#5691=ORIENTED_EDGE('',*,*,#9762,.T.);
#5692=ORIENTED_EDGE('',*,*,#9763,.T.);
#5693=ORIENTED_EDGE('',*,*,#9764,.T.);
#5694=ORIENTED_EDGE('',*,*,#9765,.F.);
#5695=ORIENTED_EDGE('',*,*,#9766,.T.);
#5696=ORIENTED_EDGE('',*,*,#9767,.T.);
#5697=ORIENTED_EDGE('',*,*,#9768,.T.);
#5698=ORIENTED_EDGE('',*,*,#9769,.F.);
#5699=ORIENTED_EDGE('',*,*,#9770,.T.);
#5700=ORIENTED_EDGE('',*,*,#9771,.T.);
#5701=ORIENTED_EDGE('',*,*,#9772,.T.);
#5702=ORIENTED_EDGE('',*,*,#9773,.F.);
#5703=ORIENTED_EDGE('',*,*,#9774,.T.);
#5704=ORIENTED_EDGE('',*,*,#9775,.T.);
#5705=ORIENTED_EDGE('',*,*,#9776,.T.);
#5706=ORIENTED_EDGE('',*,*,#9777,.F.);
#5707=ORIENTED_EDGE('',*,*,#9778,.T.);
#5708=ORIENTED_EDGE('',*,*,#9779,.T.);
#5709=ORIENTED_EDGE('',*,*,#9780,.T.);
#5710=ORIENTED_EDGE('',*,*,#9781,.F.);
#5711=ORIENTED_EDGE('',*,*,#9782,.T.);
#5712=ORIENTED_EDGE('',*,*,#9783,.T.);
#5713=ORIENTED_EDGE('',*,*,#9784,.T.);
#5714=ORIENTED_EDGE('',*,*,#9785,.F.);
#5715=ORIENTED_EDGE('',*,*,#9786,.T.);
#5716=ORIENTED_EDGE('',*,*,#9787,.T.);
#5717=ORIENTED_EDGE('',*,*,#9788,.T.);
#5718=ORIENTED_EDGE('',*,*,#9789,.F.);
#5719=ORIENTED_EDGE('',*,*,#9790,.T.);
#5720=ORIENTED_EDGE('',*,*,#9791,.T.);
#5721=ORIENTED_EDGE('',*,*,#9792,.T.);
#5722=ORIENTED_EDGE('',*,*,#9793,.F.);
#5723=ORIENTED_EDGE('',*,*,#9794,.F.);
#5724=ORIENTED_EDGE('',*,*,#9795,.T.);
#5725=ORIENTED_EDGE('',*,*,#9796,.T.);
#5726=ORIENTED_EDGE('',*,*,#9797,.T.);
#5727=ORIENTED_EDGE('',*,*,#9798,.T.);
#5728=ORIENTED_EDGE('',*,*,#9799,.T.);
#5729=ORIENTED_EDGE('',*,*,#9800,.T.);
#5730=ORIENTED_EDGE('',*,*,#9801,.T.);
#5731=ORIENTED_EDGE('',*,*,#9802,.T.);
#5732=ORIENTED_EDGE('',*,*,#9803,.T.);
#5733=ORIENTED_EDGE('',*,*,#9804,.T.);
#5734=ORIENTED_EDGE('',*,*,#9805,.T.);
#5735=ORIENTED_EDGE('',*,*,#9806,.T.);
#5736=ORIENTED_EDGE('',*,*,#9807,.T.);
#5737=ORIENTED_EDGE('',*,*,#9808,.T.);
#5738=ORIENTED_EDGE('',*,*,#9809,.T.);
#5739=ORIENTED_EDGE('',*,*,#9810,.T.);
#5740=ORIENTED_EDGE('',*,*,#9811,.T.);
#5741=ORIENTED_EDGE('',*,*,#9812,.T.);
#5742=ORIENTED_EDGE('',*,*,#9813,.T.);
#5743=ORIENTED_EDGE('',*,*,#9814,.T.);
#5744=ORIENTED_EDGE('',*,*,#9815,.T.);
#5745=ORIENTED_EDGE('',*,*,#9816,.T.);
#5746=ORIENTED_EDGE('',*,*,#9817,.T.);
#5747=ORIENTED_EDGE('',*,*,#9818,.T.);
#5748=ORIENTED_EDGE('',*,*,#9819,.T.);
#5749=ORIENTED_EDGE('',*,*,#9820,.T.);
#5750=ORIENTED_EDGE('',*,*,#9821,.T.);
#5751=ORIENTED_EDGE('',*,*,#9822,.T.);
#5752=ORIENTED_EDGE('',*,*,#9823,.T.);
#5753=ORIENTED_EDGE('',*,*,#9824,.T.);
#5754=ORIENTED_EDGE('',*,*,#9825,.T.);
#5755=ORIENTED_EDGE('',*,*,#9826,.T.);
#5756=ORIENTED_EDGE('',*,*,#9827,.T.);
#5757=ORIENTED_EDGE('',*,*,#9828,.T.);
#5758=ORIENTED_EDGE('',*,*,#9829,.T.);
#5759=ORIENTED_EDGE('',*,*,#9830,.T.);
#5760=ORIENTED_EDGE('',*,*,#9831,.T.);
#5761=ORIENTED_EDGE('',*,*,#9748,.T.);
#5762=ORIENTED_EDGE('',*,*,#9741,.T.);
#5763=ORIENTED_EDGE('',*,*,#9724,.T.);
#5764=ORIENTED_EDGE('',*,*,#9832,.T.);
#5765=ORIENTED_EDGE('',*,*,#9833,.T.);
#5766=ORIENTED_EDGE('',*,*,#9834,.F.);
#5767=CARTESIAN_POINT('',(-6.25210527880476E-17,0.0635,1.02108));
#5768=DIRECTION('',(4.32963728535968E-17,-0.707106781186547,-0.707106781186548));
#5769=DIRECTION('',(4.32963728535968E-17,0.707106781186548,-0.707106781186547));
#5770=SURFACE_STYLE_FILL_AREA(#9835);
#5771=ORIENTED_EDGE('',*,*,#9721,.T.);
#5772=ORIENTED_EDGE('',*,*,#9744,.T.);
#5773=ORIENTED_EDGE('',*,*,#9751,.T.);
#5774=ORIENTED_EDGE('',*,*,#9836,.T.);
#5775=ORIENTED_EDGE('',*,*,#9837,.T.);
#5776=ORIENTED_EDGE('',*,*,#9838,.F.);
#5777=ORIENTED_EDGE('',*,*,#9839,.F.);
#5778=ORIENTED_EDGE('',*,*,#9840,.T.);
#5779=ORIENTED_EDGE('',*,*,#9841,.T.);
#5780=ORIENTED_EDGE('',*,*,#9842,.T.);
#5781=ORIENTED_EDGE('',*,*,#9843,.T.);
#5782=ORIENTED_EDGE('',*,*,#9844,.T.);
#5783=CARTESIAN_POINT('',(9.658731,0.635,0.0));
#5784=DIRECTION('',(0.0,-1.0,0.0));
#5785=DIRECTION('',(0.0,0.0,-1.0));
#5786=SURFACE_STYLE_FILL_AREA(#9845);
#5787=ORIENTED_EDGE('',*,*,#9159,.T.);
#5788=ORIENTED_EDGE('',*,*,#9181,.T.);
#5789=ORIENTED_EDGE('',*,*,#9846,.T.);
#5790=ORIENTED_EDGE('',*,*,#9847,.T.);
#5791=ORIENTED_EDGE('',*,*,#9848,.T.);
#5792=ORIENTED_EDGE('',*,*,#9177,.T.);
#5793=ORIENTED_EDGE('',*,*,#9131,.T.);
#5794=ORIENTED_EDGE('',*,*,#9849,.T.);
#5795=ORIENTED_EDGE('',*,*,#9850,.T.);
#5796=ORIENTED_EDGE('',*,*,#9832,.F.);
#5797=ORIENTED_EDGE('',*,*,#9723,.T.);
#5798=ORIENTED_EDGE('',*,*,#9851,.T.);
#5799=ORIENTED_EDGE('',*,*,#9852,.T.);
#5800=ORIENTED_EDGE('',*,*,#9853,.T.);
#5801=ORIENTED_EDGE('',*,*,#9854,.T.);
#5802=ORIENTED_EDGE('',*,*,#9855,.T.);
#5803=ORIENTED_EDGE('',*,*,#9749,.T.);
#5804=ORIENTED_EDGE('',*,*,#9831,.F.);
#5805=ORIENTED_EDGE('',*,*,#9856,.T.);
#5806=ORIENTED_EDGE('',*,*,#9857,.T.);
#5807=ORIENTED_EDGE('',*,*,#9858,.T.);
#5808=ORIENTED_EDGE('',*,*,#9859,.T.);
#5809=ORIENTED_EDGE('',*,*,#9860,.T.);
#5810=ORIENTED_EDGE('',*,*,#9861,.T.);
#5811=ORIENTED_EDGE('',*,*,#9862,.T.);
#5812=ORIENTED_EDGE('',*,*,#9827,.F.);
#5813=ORIENTED_EDGE('',*,*,#9863,.T.);
#5814=ORIENTED_EDGE('',*,*,#9864,.T.);
#5815=ORIENTED_EDGE('',*,*,#9865,.T.);
#5816=ORIENTED_EDGE('',*,*,#9866,.T.);
#5817=ORIENTED_EDGE('',*,*,#9867,.T.);
#5818=ORIENTED_EDGE('',*,*,#9868,.T.);
#5819=ORIENTED_EDGE('',*,*,#9869,.T.);
#5820=ORIENTED_EDGE('',*,*,#9823,.F.);
#5821=ORIENTED_EDGE('',*,*,#9870,.T.);
#5822=ORIENTED_EDGE('',*,*,#9871,.T.);
#5823=ORIENTED_EDGE('',*,*,#9872,.T.);
#5824=ORIENTED_EDGE('',*,*,#9873,.T.);
#5825=ORIENTED_EDGE('',*,*,#9874,.T.);
#5826=ORIENTED_EDGE('',*,*,#9875,.T.);
#5827=ORIENTED_EDGE('',*,*,#9876,.T.);
#5828=ORIENTED_EDGE('',*,*,#9819,.F.);
#5829=ORIENTED_EDGE('',*,*,#9877,.T.);
#5830=ORIENTED_EDGE('',*,*,#9878,.T.);
#5831=ORIENTED_EDGE('',*,*,#9879,.T.);
#5832=ORIENTED_EDGE('',*,*,#9880,.T.);
#5833=ORIENTED_EDGE('',*,*,#9881,.T.);
#5834=ORIENTED_EDGE('',*,*,#9882,.T.);
#5835=ORIENTED_EDGE('',*,*,#9883,.T.);
#5836=ORIENTED_EDGE('',*,*,#9815,.F.);
#5837=ORIENTED_EDGE('',*,*,#9884,.T.);
#5838=ORIENTED_EDGE('',*,*,#9885,.T.);
#5839=ORIENTED_EDGE('',*,*,#9886,.T.);
#5840=ORIENTED_EDGE('',*,*,#9887,.T.);
#5841=ORIENTED_EDGE('',*,*,#9888,.T.);
#5842=ORIENTED_EDGE('',*,*,#9889,.T.);
#5843=ORIENTED_EDGE('',*,*,#9890,.T.);
#5844=ORIENTED_EDGE('',*,*,#9811,.F.);
#5845=ORIENTED_EDGE('',*,*,#9891,.T.);
#5846=ORIENTED_EDGE('',*,*,#9892,.T.);
#5847=ORIENTED_EDGE('',*,*,#9893,.T.);
#5848=ORIENTED_EDGE('',*,*,#9894,.T.);
#5849=ORIENTED_EDGE('',*,*,#9895,.T.);
#5850=ORIENTED_EDGE('',*,*,#9896,.T.);
#5851=ORIENTED_EDGE('',*,*,#9897,.T.);
#5852=ORIENTED_EDGE('',*,*,#9807,.F.);
#5853=ORIENTED_EDGE('',*,*,#9898,.T.);
#5854=ORIENTED_EDGE('',*,*,#9899,.T.);
#5855=ORIENTED_EDGE('',*,*,#9900,.T.);
#5856=ORIENTED_EDGE('',*,*,#9901,.T.);
#5857=ORIENTED_EDGE('',*,*,#9902,.T.);
#5858=ORIENTED_EDGE('',*,*,#9903,.T.);
#5859=ORIENTED_EDGE('',*,*,#9904,.T.);
#5860=ORIENTED_EDGE('',*,*,#9803,.F.);
#5861=ORIENTED_EDGE('',*,*,#9905,.T.);
#5862=ORIENTED_EDGE('',*,*,#9906,.T.);
#5863=ORIENTED_EDGE('',*,*,#9907,.T.);
#5864=ORIENTED_EDGE('',*,*,#9908,.T.);
#5865=ORIENTED_EDGE('',*,*,#9909,.T.);
#5866=ORIENTED_EDGE('',*,*,#9910,.T.);
#5867=ORIENTED_EDGE('',*,*,#9911,.T.);
#5868=ORIENTED_EDGE('',*,*,#9799,.F.);
#5869=ORIENTED_EDGE('',*,*,#9912,.T.);
#5870=ORIENTED_EDGE('',*,*,#9913,.T.);
#5871=ORIENTED_EDGE('',*,*,#9914,.T.);
#5872=ORIENTED_EDGE('',*,*,#9915,.T.);
#5873=ORIENTED_EDGE('',*,*,#9916,.T.);
#5874=ORIENTED_EDGE('',*,*,#9917,.T.);
#5875=ORIENTED_EDGE('',*,*,#9918,.T.);
#5876=ORIENTED_EDGE('',*,*,#9795,.F.);
#5877=ORIENTED_EDGE('',*,*,#9919,.F.);
#5878=ORIENTED_EDGE('',*,*,#9920,.T.);
#5879=ORIENTED_EDGE('',*,*,#9690,.T.);
#5880=ORIENTED_EDGE('',*,*,#9712,.T.);
#5881=ORIENTED_EDGE('',*,*,#9921,.T.);
#5882=ORIENTED_EDGE('',*,*,#9922,.T.);
#5883=ORIENTED_EDGE('',*,*,#9923,.T.);
#5884=ORIENTED_EDGE('',*,*,#9708,.T.);
#5885=ORIENTED_EDGE('',*,*,#9662,.T.);
#5886=ORIENTED_EDGE('',*,*,#9924,.T.);
#5887=ORIENTED_EDGE('',*,*,#9631,.T.);
#5888=ORIENTED_EDGE('',*,*,#9653,.T.);
#5889=ORIENTED_EDGE('',*,*,#9925,.T.);
#5890=ORIENTED_EDGE('',*,*,#9926,.T.);
#5891=ORIENTED_EDGE('',*,*,#9927,.T.);
#5892=ORIENTED_EDGE('',*,*,#9649,.T.);
#5893=ORIENTED_EDGE('',*,*,#9603,.T.);
#5894=ORIENTED_EDGE('',*,*,#9928,.T.);
#5895=ORIENTED_EDGE('',*,*,#9572,.T.);
#5896=ORIENTED_EDGE('',*,*,#9594,.T.);
#5897=ORIENTED_EDGE('',*,*,#9929,.T.);
#5898=ORIENTED_EDGE('',*,*,#9930,.T.);
#5899=ORIENTED_EDGE('',*,*,#9931,.T.);
#5900=ORIENTED_EDGE('',*,*,#9590,.T.);
#5901=ORIENTED_EDGE('',*,*,#9544,.T.);
#5902=ORIENTED_EDGE('',*,*,#9932,.T.);
#5903=ORIENTED_EDGE('',*,*,#9513,.T.);
#5904=ORIENTED_EDGE('',*,*,#9535,.T.);
#5905=ORIENTED_EDGE('',*,*,#9933,.T.);
#5906=ORIENTED_EDGE('',*,*,#9934,.T.);
#5907=ORIENTED_EDGE('',*,*,#9935,.T.);
#5908=ORIENTED_EDGE('',*,*,#9531,.T.);
#5909=ORIENTED_EDGE('',*,*,#9485,.T.);
#5910=ORIENTED_EDGE('',*,*,#9936,.T.);
#5911=ORIENTED_EDGE('',*,*,#9454,.T.);
#5912=ORIENTED_EDGE('',*,*,#9476,.T.);
#5913=ORIENTED_EDGE('',*,*,#9937,.T.);
#5914=ORIENTED_EDGE('',*,*,#9938,.T.);
#5915=ORIENTED_EDGE('',*,*,#9939,.T.);
#5916=ORIENTED_EDGE('',*,*,#9472,.T.);
#5917=ORIENTED_EDGE('',*,*,#9426,.T.);
#5918=ORIENTED_EDGE('',*,*,#9940,.T.);
#5919=ORIENTED_EDGE('',*,*,#9395,.T.);
#5920=ORIENTED_EDGE('',*,*,#9417,.T.);
#5921=ORIENTED_EDGE('',*,*,#9941,.T.);
#5922=ORIENTED_EDGE('',*,*,#9942,.T.);
#5923=ORIENTED_EDGE('',*,*,#9943,.T.);
#5924=ORIENTED_EDGE('',*,*,#9413,.T.);
#5925=ORIENTED_EDGE('',*,*,#9367,.T.);
#5926=ORIENTED_EDGE('',*,*,#9944,.T.);
#5927=ORIENTED_EDGE('',*,*,#9336,.T.);
#5928=ORIENTED_EDGE('',*,*,#9358,.T.);
#5929=ORIENTED_EDGE('',*,*,#9945,.T.);
#5930=ORIENTED_EDGE('',*,*,#9946,.T.);
#5931=ORIENTED_EDGE('',*,*,#9947,.T.);
#5932=ORIENTED_EDGE('',*,*,#9354,.T.);
#5933=ORIENTED_EDGE('',*,*,#9308,.T.);
#5934=ORIENTED_EDGE('',*,*,#9948,.T.);
#5935=ORIENTED_EDGE('',*,*,#9277,.T.);
#5936=ORIENTED_EDGE('',*,*,#9299,.T.);
#5937=ORIENTED_EDGE('',*,*,#9949,.T.);
#5938=ORIENTED_EDGE('',*,*,#9950,.T.);
#5939=ORIENTED_EDGE('',*,*,#9951,.T.);
#5940=ORIENTED_EDGE('',*,*,#9295,.T.);
#5941=ORIENTED_EDGE('',*,*,#9249,.T.);
#5942=ORIENTED_EDGE('',*,*,#9952,.T.);
#5943=ORIENTED_EDGE('',*,*,#9218,.T.);
#5944=ORIENTED_EDGE('',*,*,#9240,.T.);
#5945=ORIENTED_EDGE('',*,*,#9953,.T.);
#5946=ORIENTED_EDGE('',*,*,#9954,.T.);
#5947=ORIENTED_EDGE('',*,*,#9955,.T.);
#5948=ORIENTED_EDGE('',*,*,#9236,.T.);
#5949=ORIENTED_EDGE('',*,*,#9190,.T.);
#5950=ORIENTED_EDGE('',*,*,#9956,.T.);
#5951=CARTESIAN_POINT('',(3.39896542528966E-32,0.127,-5.55111512312578E-16));
#5952=DIRECTION('',(0.0,-1.0,0.0));
#5953=DIRECTION('',(6.12303176911189E-17,0.0,-1.0));
#5954=SURFACE_STYLE_FILL_AREA(#9957);
#5955=ORIENTED_EDGE('',*,*,#9750,.T.);
#5956=ORIENTED_EDGE('',*,*,#9855,.F.);
#5957=ORIENTED_EDGE('',*,*,#9958,.F.);
#5958=ORIENTED_EDGE('',*,*,#9836,.F.);
#5959=CARTESIAN_POINT('',(9.658731,-0.865,0.957199));
#5960=DIRECTION('',(0.0,0.0,1.0));
#5961=DIRECTION('',(1.0,0.0,0.0));
#5962=SURFACE_STYLE_FILL_AREA(#9959);
#5963=ORIENTED_EDGE('',*,*,#9722,.T.);
#5964=ORIENTED_EDGE('',*,*,#9840,.F.);
#5965=ORIENTED_EDGE('',*,*,#9960,.F.);
#5966=ORIENTED_EDGE('',*,*,#9851,.F.);
#5967=CARTESIAN_POINT('',(9.658731,-0.865,0.957199));
#5968=DIRECTION('',(0.0,0.0,1.0));
#5969=DIRECTION('',(1.0,0.0,0.0));
#5970=SURFACE_STYLE_FILL_AREA(#9961);
#5971=ORIENTED_EDGE('',*,*,#9758,.F.);
#5972=ORIENTED_EDGE('',*,*,#9755,.F.);
#5973=ORIENTED_EDGE('',*,*,#9962,.F.);
#5974=ORIENTED_EDGE('',*,*,#9963,.F.);
#5975=ORIENTED_EDGE('',*,*,#9964,.F.);
#5976=ORIENTED_EDGE('',*,*,#9965,.F.);
#5977=ORIENTED_EDGE('',*,*,#9966,.F.);
#5978=ORIENTED_EDGE('',*,*,#9967,.F.);
#5979=ORIENTED_EDGE('',*,*,#9968,.F.);
#5980=ORIENTED_EDGE('',*,*,#9856,.F.);
#5981=ORIENTED_EDGE('',*,*,#9830,.F.);
#5982=ORIENTED_EDGE('',*,*,#9969,.F.);
#5983=CARTESIAN_POINT('',(8.798433,0.193122433241211,1.18476028917522));
#5984=DIRECTION('',(1.0,0.0,6.12303176911189E-17));
#5985=DIRECTION('',(6.12303176911189E-17,0.0,-1.0));
#5986=SURFACE_STYLE_FILL_AREA(#9970);
#5987=ORIENTED_EDGE('',*,*,#9971,.F.);
#5988=ORIENTED_EDGE('',*,*,#9966,.T.);
#5989=ORIENTED_EDGE('',*,*,#9972,.F.);
#5990=ORIENTED_EDGE('',*,*,#9973,.T.);
#5991=CARTESIAN_POINT('',(8.519033,0.508,0.8382));
#5992=DIRECTION('',(6.12303176911189E-17,0.0,-1.0));
#5993=DIRECTION('',(0.0,1.0,0.0));
#5994=SURFACE_STYLE_FILL_AREA(#9974);
#5995=ORIENTED_EDGE('',*,*,#9965,.T.);
#5996=ORIENTED_EDGE('',*,*,#9975,.F.);
#5997=ORIENTED_EDGE('',*,*,#9976,.T.);
#5998=ORIENTED_EDGE('',*,*,#9972,.T.);
#5999=CARTESIAN_POINT('',(8.519033,0.127,1.0922));
#6000=DIRECTION('',(1.0,0.0,6.12303176911189E-17));
#6001=DIRECTION('',(6.12303176911189E-17,0.0,-1.0));
#6002=SURFACE_STYLE_FILL_AREA(#9977);
#6003=ORIENTED_EDGE('',*,*,#9964,.T.);
#6004=ORIENTED_EDGE('',*,*,#9978,.F.);
#6005=ORIENTED_EDGE('',*,*,#9979,.T.);
#6006=ORIENTED_EDGE('',*,*,#9975,.T.);
#6007=CARTESIAN_POINT('',(8.519033,-0.127,1.4986));
#6008=DIRECTION('',(0.0,-1.0,0.0));
#6009=DIRECTION('',(6.12303176911189E-17,0.0,-1.0));
#6010=SURFACE_STYLE_FILL_AREA(#9980);
#6011=ORIENTED_EDGE('',*,*,#9963,.T.);
#6012=ORIENTED_EDGE('',*,*,#9981,.F.);
#6013=ORIENTED_EDGE('',*,*,#9982,.T.);
#6014=ORIENTED_EDGE('',*,*,#9978,.T.);
#6015=CARTESIAN_POINT('',(8.519033,-0.0635,1.905));
#6016=DIRECTION('',(-6.12303176911189E-17,0.0,1.0));
#6017=DIRECTION('',(0.0,-1.0,0.0));
#6018=SURFACE_STYLE_FILL_AREA(#9983);
#6019=ORIENTED_EDGE('',*,*,#9984,.F.);
#6020=ORIENTED_EDGE('',*,*,#9985,.T.);
#6021=ORIENTED_EDGE('',*,*,#9981,.T.);
#6022=ORIENTED_EDGE('',*,*,#9962,.T.);
#6023=CARTESIAN_POINT('',(8.519033,0.0,1.4986));
#6024=DIRECTION('',(0.0,1.0,0.0));
#6025=DIRECTION('',(-6.12303176911189E-17,0.0,1.0));
#6026=SURFACE_STYLE_FILL_AREA(#9986);
#6027=ORIENTED_EDGE('',*,*,#9759,.F.);
#6028=ORIENTED_EDGE('',*,*,#9969,.T.);
#6029=ORIENTED_EDGE('',*,*,#9829,.F.);
#6030=ORIENTED_EDGE('',*,*,#9987,.F.);
#6031=CARTESIAN_POINT('',(8.519033,0.126999999999999,1.0922));
#6032=DIRECTION('',(1.0,0.0,6.12303176911189E-17));
#6033=DIRECTION('',(6.12303176911189E-17,0.0,-1.0));
#6034=SURFACE_STYLE_FILL_AREA(#9988);
#6035=ORIENTED_EDGE('',*,*,#9760,.F.);
#6036=ORIENTED_EDGE('',*,*,#9987,.T.);
#6037=ORIENTED_EDGE('',*,*,#9828,.F.);
#6038=ORIENTED_EDGE('',*,*,#9862,.F.);
#6039=ORIENTED_EDGE('',*,*,#9989,.F.);
#6040=ORIENTED_EDGE('',*,*,#9990,.F.);
#6041=ORIENTED_EDGE('',*,*,#9973,.F.);
#6042=ORIENTED_EDGE('',*,*,#9976,.F.);
#6043=ORIENTED_EDGE('',*,*,#9979,.F.);
#6044=ORIENTED_EDGE('',*,*,#9982,.F.);
#6045=ORIENTED_EDGE('',*,*,#9985,.F.);
#6046=ORIENTED_EDGE('',*,*,#9991,.F.);
#6047=CARTESIAN_POINT('',(8.519033,0.193122433241211,1.18476028917522));
#6048=DIRECTION('',(1.0,0.0,6.12303176911189E-17));
#6049=DIRECTION('',(6.12303176911189E-17,0.0,-1.0));
#6050=SURFACE_STYLE_FILL_AREA(#9992);
#6051=ORIENTED_EDGE('',*,*,#9991,.T.);
#6052=ORIENTED_EDGE('',*,*,#9993,.F.);
#6053=ORIENTED_EDGE('',*,*,#9994,.T.);
#6054=ORIENTED_EDGE('',*,*,#9761,.T.);
#6055=CARTESIAN_POINT('',(-7.20858407145773E-17,0.0,1.17729));
#6056=DIRECTION('',(0.0,-1.0,0.0));
#6057=DIRECTION('',(6.12303176911189E-17,0.0,-1.0));
#6058=SURFACE_STYLE_FILL_AREA(#9995);
#6059=ORIENTED_EDGE('',*,*,#9968,.T.);
#6060=ORIENTED_EDGE('',*,*,#9996,.F.);
#6061=ORIENTED_EDGE('',*,*,#9997,.F.);
#6062=ORIENTED_EDGE('',*,*,#9857,.F.);
#6063=CARTESIAN_POINT('',(8.658733,-0.865,0.957199));
#6064=DIRECTION('',(0.0,0.0,1.0));
#6065=DIRECTION('',(1.0,0.0,0.0));
#6066=SURFACE_STYLE_FILL_AREA(#9998);
#6067=ORIENTED_EDGE('',*,*,#9762,.F.);
#6068=ORIENTED_EDGE('',*,*,#9994,.F.);
#6069=ORIENTED_EDGE('',*,*,#9999,.F.);
#6070=ORIENTED_EDGE('',*,*,#10000,.F.);
#6071=ORIENTED_EDGE('',*,*,#10001,.F.);
#6072=ORIENTED_EDGE('',*,*,#10002,.F.);
#6073=ORIENTED_EDGE('',*,*,#10003,.F.);
#6074=ORIENTED_EDGE('',*,*,#10004,.F.);
#6075=ORIENTED_EDGE('',*,*,#10005,.F.);
#6076=ORIENTED_EDGE('',*,*,#9863,.F.);
#6077=ORIENTED_EDGE('',*,*,#9826,.F.);
#6078=ORIENTED_EDGE('',*,*,#10006,.F.);
#6079=CARTESIAN_POINT('',(7.798435,0.193122433241211,1.18476028917522));
#6080=DIRECTION('',(1.0,0.0,6.12303176911189E-17));
#6081=DIRECTION('',(6.12303176911189E-17,0.0,-1.0));
#6082=SURFACE_STYLE_FILL_AREA(#10007);
#6083=ORIENTED_EDGE('',*,*,#10008,.F.);
#6084=ORIENTED_EDGE('',*,*,#10003,.T.);
#6085=ORIENTED_EDGE('',*,*,#10009,.F.);
#6086=ORIENTED_EDGE('',*,*,#10010,.T.);
#6087=CARTESIAN_POINT('',(7.519035,0.508,0.8382));
#6088=DIRECTION('',(6.12303176911189E-17,0.0,-1.0));
#6089=DIRECTION('',(0.0,1.0,0.0));
#6090=SURFACE_STYLE_FILL_AREA(#10011);
#6091=ORIENTED_EDGE('',*,*,#10002,.T.);
#6092=ORIENTED_EDGE('',*,*,#10012,.F.);
#6093=ORIENTED_EDGE('',*,*,#10013,.T.);
#6094=ORIENTED_EDGE('',*,*,#10009,.T.);
#6095=CARTESIAN_POINT('',(7.519035,0.127,1.0922));
#6096=DIRECTION('',(1.0,0.0,6.12303176911189E-17));
#6097=DIRECTION('',(6.12303176911189E-17,0.0,-1.0));
#6098=SURFACE_STYLE_FILL_AREA(#10014);
#6099=ORIENTED_EDGE('',*,*,#10001,.T.);
#6100=ORIENTED_EDGE('',*,*,#10015,.F.);
#6101=ORIENTED_EDGE('',*,*,#10016,.T.);
#6102=ORIENTED_EDGE('',*,*,#10012,.T.);
#6103=CARTESIAN_POINT('',(7.519035,-0.127,1.4986));
#6104=DIRECTION('',(0.0,-1.0,0.0));
#6105=DIRECTION('',(6.12303176911189E-17,0.0,-1.0));
#6106=SURFACE_STYLE_FILL_AREA(#10017);
#6107=ORIENTED_EDGE('',*,*,#10000,.T.);
#6108=ORIENTED_EDGE('',*,*,#10018,.F.);
#6109=ORIENTED_EDGE('',*,*,#10019,.T.);
#6110=ORIENTED_EDGE('',*,*,#10015,.T.);
#6111=CARTESIAN_POINT('',(7.519035,-0.0635,1.905));
#6112=DIRECTION('',(-6.12303176911189E-17,0.0,1.0));
#6113=DIRECTION('',(0.0,-1.0,0.0));
#6114=SURFACE_STYLE_FILL_AREA(#10020);
#6115=ORIENTED_EDGE('',*,*,#10021,.F.);
#6116=ORIENTED_EDGE('',*,*,#10022,.T.);
#6117=ORIENTED_EDGE('',*,*,#10018,.T.);
#6118=ORIENTED_EDGE('',*,*,#9999,.T.);
#6119=CARTESIAN_POINT('',(7.519035,0.0,1.4986));
#6120=DIRECTION('',(0.0,1.0,0.0));
#6121=DIRECTION('',(-6.12303176911189E-17,0.0,1.0));
#6122=SURFACE_STYLE_FILL_AREA(#10023);
#6123=ORIENTED_EDGE('',*,*,#9763,.F.);
#6124=ORIENTED_EDGE('',*,*,#10006,.T.);
#6125=ORIENTED_EDGE('',*,*,#9825,.F.);
#6126=ORIENTED_EDGE('',*,*,#10024,.F.);
#6127=CARTESIAN_POINT('',(7.519035,0.126999999999999,1.0922));
#6128=DIRECTION('',(1.0,0.0,6.12303176911189E-17));
#6129=DIRECTION('',(6.12303176911189E-17,0.0,-1.0));
#6130=SURFACE_STYLE_FILL_AREA(#10025);
#6131=ORIENTED_EDGE('',*,*,#9764,.F.);
#6132=ORIENTED_EDGE('',*,*,#10024,.T.);
#6133=ORIENTED_EDGE('',*,*,#9824,.F.);
#6134=ORIENTED_EDGE('',*,*,#9869,.F.);
#6135=ORIENTED_EDGE('',*,*,#10026,.F.);
#6136=ORIENTED_EDGE('',*,*,#10027,.F.);
#6137=ORIENTED_EDGE('',*,*,#10010,.F.);
#6138=ORIENTED_EDGE('',*,*,#10013,.F.);
#6139=ORIENTED_EDGE('',*,*,#10016,.F.);
#6140=ORIENTED_EDGE('',*,*,#10019,.F.);
#6141=ORIENTED_EDGE('',*,*,#10022,.F.);
#6142=ORIENTED_EDGE('',*,*,#10028,.F.);
#6143=CARTESIAN_POINT('',(7.519035,0.193122433241211,1.18476028917522));
#6144=DIRECTION('',(1.0,0.0,6.12303176911189E-17));
#6145=DIRECTION('',(6.12303176911189E-17,0.0,-1.0));
#6146=SURFACE_STYLE_FILL_AREA(#10029);
#6147=ORIENTED_EDGE('',*,*,#10028,.T.);
#6148=ORIENTED_EDGE('',*,*,#10030,.F.);
#6149=ORIENTED_EDGE('',*,*,#10031,.T.);
#6150=ORIENTED_EDGE('',*,*,#9765,.T.);
#6151=CARTESIAN_POINT('',(-7.20858407145773E-17,0.0,1.17729));
#6152=DIRECTION('',(0.0,-1.0,0.0));
#6153=DIRECTION('',(6.12303176911189E-17,0.0,-1.0));
#6154=SURFACE_STYLE_FILL_AREA(#10032);
#6155=ORIENTED_EDGE('',*,*,#10005,.T.);
#6156=ORIENTED_EDGE('',*,*,#10033,.F.);
#6157=ORIENTED_EDGE('',*,*,#10034,.F.);
#6158=ORIENTED_EDGE('',*,*,#9864,.F.);
#6159=CARTESIAN_POINT('',(7.658735,-0.865,0.957199));
#6160=DIRECTION('',(0.0,0.0,1.0));
#6161=DIRECTION('',(1.0,0.0,0.0));
#6162=SURFACE_STYLE_FILL_AREA(#10035);
#6163=ORIENTED_EDGE('',*,*,#9766,.F.);
#6164=ORIENTED_EDGE('',*,*,#10031,.F.);
#6165=ORIENTED_EDGE('',*,*,#10036,.F.);
#6166=ORIENTED_EDGE('',*,*,#10037,.F.);
#6167=ORIENTED_EDGE('',*,*,#10038,.F.);
#6168=ORIENTED_EDGE('',*,*,#10039,.F.);
#6169=ORIENTED_EDGE('',*,*,#10040,.F.);
#6170=ORIENTED_EDGE('',*,*,#10041,.F.);
#6171=ORIENTED_EDGE('',*,*,#10042,.F.);
#6172=ORIENTED_EDGE('',*,*,#9870,.F.);
#6173=ORIENTED_EDGE('',*,*,#9822,.F.);
#6174=ORIENTED_EDGE('',*,*,#10043,.F.);
#6175=CARTESIAN_POINT('',(6.798437,0.193122433241211,1.18476028917522));
#6176=DIRECTION('',(1.0,0.0,6.12303176911189E-17));
#6177=DIRECTION('',(6.12303176911189E-17,0.0,-1.0));
#6178=SURFACE_STYLE_FILL_AREA(#10044);
#6179=ORIENTED_EDGE('',*,*,#10045,.F.);
#6180=ORIENTED_EDGE('',*,*,#10040,.T.);
#6181=ORIENTED_EDGE('',*,*,#10046,.F.);
#6182=ORIENTED_EDGE('',*,*,#10047,.T.);
#6183=CARTESIAN_POINT('',(6.519037,0.508,0.8382));
#6184=DIRECTION('',(6.12303176911189E-17,0.0,-1.0));
#6185=DIRECTION('',(0.0,1.0,0.0));
#6186=SURFACE_STYLE_FILL_AREA(#10048);
#6187=ORIENTED_EDGE('',*,*,#10039,.T.);
#6188=ORIENTED_EDGE('',*,*,#10049,.F.);
#6189=ORIENTED_EDGE('',*,*,#10050,.T.);
#6190=ORIENTED_EDGE('',*,*,#10046,.T.);
#6191=CARTESIAN_POINT('',(6.519037,0.127,1.0922));
#6192=DIRECTION('',(1.0,0.0,6.12303176911189E-17));
#6193=DIRECTION('',(6.12303176911189E-17,0.0,-1.0));
#6194=SURFACE_STYLE_FILL_AREA(#10051);
#6195=ORIENTED_EDGE('',*,*,#10038,.T.);
#6196=ORIENTED_EDGE('',*,*,#10052,.F.);
#6197=ORIENTED_EDGE('',*,*,#10053,.T.);
#6198=ORIENTED_EDGE('',*,*,#10049,.T.);
#6199=CARTESIAN_POINT('',(6.519037,-0.127,1.4986));
#6200=DIRECTION('',(0.0,-1.0,0.0));
#6201=DIRECTION('',(6.12303176911189E-17,0.0,-1.0));
#6202=SURFACE_STYLE_FILL_AREA(#10054);
#6203=ORIENTED_EDGE('',*,*,#10037,.T.);
#6204=ORIENTED_EDGE('',*,*,#10055,.F.);
#6205=ORIENTED_EDGE('',*,*,#10056,.T.);
#6206=ORIENTED_EDGE('',*,*,#10052,.T.);
#6207=CARTESIAN_POINT('',(6.519037,-0.0635,1.905));
#6208=DIRECTION('',(-6.12303176911189E-17,0.0,1.0));
#6209=DIRECTION('',(0.0,-1.0,0.0));
#6210=SURFACE_STYLE_FILL_AREA(#10057);
#6211=ORIENTED_EDGE('',*,*,#10058,.F.);
#6212=ORIENTED_EDGE('',*,*,#10059,.T.);
#6213=ORIENTED_EDGE('',*,*,#10055,.T.);
#6214=ORIENTED_EDGE('',*,*,#10036,.T.);
#6215=CARTESIAN_POINT('',(6.519037,0.0,1.4986));
#6216=DIRECTION('',(0.0,1.0,0.0));
#6217=DIRECTION('',(-6.12303176911189E-17,0.0,1.0));
#6218=SURFACE_STYLE_FILL_AREA(#10060);
#6219=ORIENTED_EDGE('',*,*,#9767,.F.);
#6220=ORIENTED_EDGE('',*,*,#10043,.T.);
#6221=ORIENTED_EDGE('',*,*,#9821,.F.);
#6222=ORIENTED_EDGE('',*,*,#10061,.F.);
#6223=CARTESIAN_POINT('',(6.519037,0.126999999999999,1.0922));
#6224=DIRECTION('',(1.0,0.0,6.12303176911189E-17));
#6225=DIRECTION('',(6.12303176911189E-17,0.0,-1.0));
#6226=SURFACE_STYLE_FILL_AREA(#10062);
#6227=ORIENTED_EDGE('',*,*,#9768,.F.);
#6228=ORIENTED_EDGE('',*,*,#10061,.T.);
#6229=ORIENTED_EDGE('',*,*,#9820,.F.);
#6230=ORIENTED_EDGE('',*,*,#9876,.F.);
#6231=ORIENTED_EDGE('',*,*,#10063,.F.);
#6232=ORIENTED_EDGE('',*,*,#10064,.F.);
#6233=ORIENTED_EDGE('',*,*,#10047,.F.);
#6234=ORIENTED_EDGE('',*,*,#10050,.F.);
#6235=ORIENTED_EDGE('',*,*,#10053,.F.);
#6236=ORIENTED_EDGE('',*,*,#10056,.F.);
#6237=ORIENTED_EDGE('',*,*,#10059,.F.);
#6238=ORIENTED_EDGE('',*,*,#10065,.F.);
#6239=CARTESIAN_POINT('',(6.519037,0.193122433241211,1.18476028917522));
#6240=DIRECTION('',(1.0,0.0,6.12303176911189E-17));
#6241=DIRECTION('',(6.12303176911189E-17,0.0,-1.0));
#6242=SURFACE_STYLE_FILL_AREA(#10066);
#6243=ORIENTED_EDGE('',*,*,#10065,.T.);
#6244=ORIENTED_EDGE('',*,*,#10067,.F.);
#6245=ORIENTED_EDGE('',*,*,#10068,.T.);
#6246=ORIENTED_EDGE('',*,*,#9769,.T.);
#6247=CARTESIAN_POINT('',(-7.20858407145773E-17,0.0,1.17729));
#6248=DIRECTION('',(0.0,-1.0,0.0));
#6249=DIRECTION('',(6.12303176911189E-17,0.0,-1.0));
#6250=SURFACE_STYLE_FILL_AREA(#10069);
#6251=ORIENTED_EDGE('',*,*,#10042,.T.);
#6252=ORIENTED_EDGE('',*,*,#10070,.F.);
#6253=ORIENTED_EDGE('',*,*,#10071,.F.);
#6254=ORIENTED_EDGE('',*,*,#9871,.F.);
#6255=CARTESIAN_POINT('',(6.658737,-0.865,0.957199));
#6256=DIRECTION('',(0.0,0.0,1.0));
#6257=DIRECTION('',(1.0,0.0,0.0));
#6258=SURFACE_STYLE_FILL_AREA(#10072);
#6259=ORIENTED_EDGE('',*,*,#9770,.F.);
#6260=ORIENTED_EDGE('',*,*,#10068,.F.);
#6261=ORIENTED_EDGE('',*,*,#10073,.F.);
#6262=ORIENTED_EDGE('',*,*,#10074,.F.);
#6263=ORIENTED_EDGE('',*,*,#10075,.F.);
#6264=ORIENTED_EDGE('',*,*,#10076,.F.);
#6265=ORIENTED_EDGE('',*,*,#10077,.F.);
#6266=ORIENTED_EDGE('',*,*,#10078,.F.);
#6267=ORIENTED_EDGE('',*,*,#10079,.F.);
#6268=ORIENTED_EDGE('',*,*,#9877,.F.);
#6269=ORIENTED_EDGE('',*,*,#9818,.F.);
#6270=ORIENTED_EDGE('',*,*,#10080,.F.);
#6271=CARTESIAN_POINT('',(5.798439,0.193122433241211,1.18476028917522));
#6272=DIRECTION('',(1.0,0.0,6.12303176911189E-17));
#6273=DIRECTION('',(6.12303176911189E-17,0.0,-1.0));
#6274=SURFACE_STYLE_FILL_AREA(#10081);
#6275=ORIENTED_EDGE('',*,*,#10082,.F.);
#6276=ORIENTED_EDGE('',*,*,#10077,.T.);
#6277=ORIENTED_EDGE('',*,*,#10083,.F.);
#6278=ORIENTED_EDGE('',*,*,#10084,.T.);
#6279=CARTESIAN_POINT('',(5.519039,0.508,0.8382));
#6280=DIRECTION('',(6.12303176911189E-17,0.0,-1.0));
#6281=DIRECTION('',(0.0,1.0,0.0));
#6282=SURFACE_STYLE_FILL_AREA(#10085);
#6283=ORIENTED_EDGE('',*,*,#10076,.T.);
#6284=ORIENTED_EDGE('',*,*,#10086,.F.);
#6285=ORIENTED_EDGE('',*,*,#10087,.T.);
#6286=ORIENTED_EDGE('',*,*,#10083,.T.);
#6287=CARTESIAN_POINT('',(5.519039,0.127,1.0922));
#6288=DIRECTION('',(1.0,0.0,6.12303176911189E-17));
#6289=DIRECTION('',(6.12303176911189E-17,0.0,-1.0));
#6290=SURFACE_STYLE_FILL_AREA(#10088);
#6291=ORIENTED_EDGE('',*,*,#10075,.T.);
#6292=ORIENTED_EDGE('',*,*,#10089,.F.);
#6293=ORIENTED_EDGE('',*,*,#10090,.T.);
#6294=ORIENTED_EDGE('',*,*,#10086,.T.);
#6295=CARTESIAN_POINT('',(5.519039,-0.127,1.4986));
#6296=DIRECTION('',(0.0,-1.0,0.0));
#6297=DIRECTION('',(6.12303176911189E-17,0.0,-1.0));
#6298=SURFACE_STYLE_FILL_AREA(#10091);
#6299=ORIENTED_EDGE('',*,*,#10074,.T.);
#6300=ORIENTED_EDGE('',*,*,#10092,.F.);
#6301=ORIENTED_EDGE('',*,*,#10093,.T.);
#6302=ORIENTED_EDGE('',*,*,#10089,.T.);
#6303=CARTESIAN_POINT('',(5.519039,-0.0635,1.905));
#6304=DIRECTION('',(-6.12303176911189E-17,0.0,1.0));
#6305=DIRECTION('',(0.0,-1.0,0.0));
#6306=SURFACE_STYLE_FILL_AREA(#10094);
#6307=ORIENTED_EDGE('',*,*,#10095,.F.);
#6308=ORIENTED_EDGE('',*,*,#10096,.T.);
#6309=ORIENTED_EDGE('',*,*,#10092,.T.);
#6310=ORIENTED_EDGE('',*,*,#10073,.T.);
#6311=CARTESIAN_POINT('',(5.519039,0.0,1.4986));
#6312=DIRECTION('',(0.0,1.0,0.0));
#6313=DIRECTION('',(-6.12303176911189E-17,0.0,1.0));
#6314=SURFACE_STYLE_FILL_AREA(#10097);
#6315=ORIENTED_EDGE('',*,*,#9771,.F.);
#6316=ORIENTED_EDGE('',*,*,#10080,.T.);
#6317=ORIENTED_EDGE('',*,*,#9817,.F.);
#6318=ORIENTED_EDGE('',*,*,#10098,.F.);
#6319=CARTESIAN_POINT('',(5.519039,0.126999999999999,1.0922));
#6320=DIRECTION('',(1.0,0.0,6.12303176911189E-17));
#6321=DIRECTION('',(6.12303176911189E-17,0.0,-1.0));
#6322=SURFACE_STYLE_FILL_AREA(#10099);
#6323=ORIENTED_EDGE('',*,*,#9772,.F.);
#6324=ORIENTED_EDGE('',*,*,#10098,.T.);
#6325=ORIENTED_EDGE('',*,*,#9816,.F.);
#6326=ORIENTED_EDGE('',*,*,#9883,.F.);
#6327=ORIENTED_EDGE('',*,*,#10100,.F.);
#6328=ORIENTED_EDGE('',*,*,#10101,.F.);
#6329=ORIENTED_EDGE('',*,*,#10084,.F.);
#6330=ORIENTED_EDGE('',*,*,#10087,.F.);
#6331=ORIENTED_EDGE('',*,*,#10090,.F.);
#6332=ORIENTED_EDGE('',*,*,#10093,.F.);
#6333=ORIENTED_EDGE('',*,*,#10096,.F.);
#6334=ORIENTED_EDGE('',*,*,#10102,.F.);
#6335=CARTESIAN_POINT('',(5.519039,0.193122433241211,1.18476028917522));
#6336=DIRECTION('',(1.0,0.0,6.12303176911189E-17));
#6337=DIRECTION('',(6.12303176911189E-17,0.0,-1.0));
#6338=SURFACE_STYLE_FILL_AREA(#10103);
#6339=ORIENTED_EDGE('',*,*,#10102,.T.);
#6340=ORIENTED_EDGE('',*,*,#10104,.F.);
#6341=ORIENTED_EDGE('',*,*,#10105,.T.);
#6342=ORIENTED_EDGE('',*,*,#9773,.T.);
#6343=CARTESIAN_POINT('',(-7.20858407145773E-17,0.0,1.17729));
#6344=DIRECTION('',(0.0,-1.0,0.0));
#6345=DIRECTION('',(6.12303176911189E-17,0.0,-1.0));
#6346=SURFACE_STYLE_FILL_AREA(#10106);
#6347=ORIENTED_EDGE('',*,*,#10079,.T.);
#6348=ORIENTED_EDGE('',*,*,#10107,.F.);
#6349=ORIENTED_EDGE('',*,*,#10108,.F.);
#6350=ORIENTED_EDGE('',*,*,#9878,.F.);
#6351=CARTESIAN_POINT('',(5.658739,-0.865,0.957199));
#6352=DIRECTION('',(0.0,0.0,1.0));
#6353=DIRECTION('',(1.0,0.0,0.0));
#6354=SURFACE_STYLE_FILL_AREA(#10109);
#6355=ORIENTED_EDGE('',*,*,#9774,.F.);
#6356=ORIENTED_EDGE('',*,*,#10105,.F.);
#6357=ORIENTED_EDGE('',*,*,#10110,.F.);
#6358=ORIENTED_EDGE('',*,*,#10111,.F.);
#6359=ORIENTED_EDGE('',*,*,#10112,.F.);
#6360=ORIENTED_EDGE('',*,*,#10113,.F.);
#6361=ORIENTED_EDGE('',*,*,#10114,.F.);
#6362=ORIENTED_EDGE('',*,*,#10115,.F.);
#6363=ORIENTED_EDGE('',*,*,#10116,.F.);
#6364=ORIENTED_EDGE('',*,*,#9884,.F.);
#6365=ORIENTED_EDGE('',*,*,#9814,.F.);
#6366=ORIENTED_EDGE('',*,*,#10117,.F.);
#6367=CARTESIAN_POINT('',(4.798441,0.193122433241211,1.18476028917522));
#6368=DIRECTION('',(1.0,0.0,6.12303176911189E-17));
#6369=DIRECTION('',(6.12303176911189E-17,0.0,-1.0));
#6370=SURFACE_STYLE_FILL_AREA(#10118);
#6371=ORIENTED_EDGE('',*,*,#10119,.F.);
#6372=ORIENTED_EDGE('',*,*,#10114,.T.);
#6373=ORIENTED_EDGE('',*,*,#10120,.F.);
#6374=ORIENTED_EDGE('',*,*,#10121,.T.);
#6375=CARTESIAN_POINT('',(4.519041,0.508,0.8382));
#6376=DIRECTION('',(6.12303176911189E-17,0.0,-1.0));
#6377=DIRECTION('',(0.0,1.0,0.0));
#6378=SURFACE_STYLE_FILL_AREA(#10122);
#6379=ORIENTED_EDGE('',*,*,#10113,.T.);
#6380=ORIENTED_EDGE('',*,*,#10123,.F.);
#6381=ORIENTED_EDGE('',*,*,#10124,.T.);
#6382=ORIENTED_EDGE('',*,*,#10120,.T.);
#6383=CARTESIAN_POINT('',(4.519041,0.127,1.0922));
#6384=DIRECTION('',(1.0,0.0,6.12303176911189E-17));
#6385=DIRECTION('',(6.12303176911189E-17,0.0,-1.0));
#6386=SURFACE_STYLE_FILL_AREA(#10125);
#6387=ORIENTED_EDGE('',*,*,#10112,.T.);
#6388=ORIENTED_EDGE('',*,*,#10126,.F.);
#6389=ORIENTED_EDGE('',*,*,#10127,.T.);
#6390=ORIENTED_EDGE('',*,*,#10123,.T.);
#6391=CARTESIAN_POINT('',(4.519041,-0.127,1.4986));
#6392=DIRECTION('',(0.0,-1.0,0.0));
#6393=DIRECTION('',(6.12303176911189E-17,0.0,-1.0));
#6394=SURFACE_STYLE_FILL_AREA(#10128);
#6395=ORIENTED_EDGE('',*,*,#10111,.T.);
#6396=ORIENTED_EDGE('',*,*,#10129,.F.);
#6397=ORIENTED_EDGE('',*,*,#10130,.T.);
#6398=ORIENTED_EDGE('',*,*,#10126,.T.);
#6399=CARTESIAN_POINT('',(4.519041,-0.0635,1.905));
#6400=DIRECTION('',(-6.12303176911189E-17,0.0,1.0));
#6401=DIRECTION('',(0.0,-1.0,0.0));
#6402=SURFACE_STYLE_FILL_AREA(#10131);
#6403=ORIENTED_EDGE('',*,*,#10132,.F.);
#6404=ORIENTED_EDGE('',*,*,#10133,.T.);
#6405=ORIENTED_EDGE('',*,*,#10129,.T.);
#6406=ORIENTED_EDGE('',*,*,#10110,.T.);
#6407=CARTESIAN_POINT('',(4.519041,0.0,1.4986));
#6408=DIRECTION('',(0.0,1.0,0.0));
#6409=DIRECTION('',(-6.12303176911189E-17,0.0,1.0));
#6410=SURFACE_STYLE_FILL_AREA(#10134);
#6411=ORIENTED_EDGE('',*,*,#9775,.F.);
#6412=ORIENTED_EDGE('',*,*,#10117,.T.);
#6413=ORIENTED_EDGE('',*,*,#9813,.F.);
#6414=ORIENTED_EDGE('',*,*,#10135,.F.);
#6415=CARTESIAN_POINT('',(4.519041,0.126999999999999,1.0922));
#6416=DIRECTION('',(1.0,0.0,6.12303176911189E-17));
#6417=DIRECTION('',(6.12303176911189E-17,0.0,-1.0));
#6418=SURFACE_STYLE_FILL_AREA(#10136);
#6419=ORIENTED_EDGE('',*,*,#9776,.F.);
#6420=ORIENTED_EDGE('',*,*,#10135,.T.);
#6421=ORIENTED_EDGE('',*,*,#9812,.F.);
#6422=ORIENTED_EDGE('',*,*,#9890,.F.);
#6423=ORIENTED_EDGE('',*,*,#10137,.F.);
#6424=ORIENTED_EDGE('',*,*,#10138,.F.);
#6425=ORIENTED_EDGE('',*,*,#10121,.F.);
#6426=ORIENTED_EDGE('',*,*,#10124,.F.);
#6427=ORIENTED_EDGE('',*,*,#10127,.F.);
#6428=ORIENTED_EDGE('',*,*,#10130,.F.);
#6429=ORIENTED_EDGE('',*,*,#10133,.F.);
#6430=ORIENTED_EDGE('',*,*,#10139,.F.);
#6431=CARTESIAN_POINT('',(4.519041,0.193122433241211,1.18476028917522));
#6432=DIRECTION('',(1.0,0.0,6.12303176911189E-17));
#6433=DIRECTION('',(6.12303176911189E-17,0.0,-1.0));
#6434=SURFACE_STYLE_FILL_AREA(#10140);
#6435=ORIENTED_EDGE('',*,*,#10139,.T.);
#6436=ORIENTED_EDGE('',*,*,#10141,.F.);
#6437=ORIENTED_EDGE('',*,*,#10142,.T.);
#6438=ORIENTED_EDGE('',*,*,#9777,.T.);
#6439=CARTESIAN_POINT('',(-7.20858407145773E-17,0.0,1.17729));
#6440=DIRECTION('',(0.0,-1.0,0.0));
#6441=DIRECTION('',(6.12303176911189E-17,0.0,-1.0));
#6442=SURFACE_STYLE_FILL_AREA(#10143);
#6443=ORIENTED_EDGE('',*,*,#10116,.T.);
#6444=ORIENTED_EDGE('',*,*,#10144,.F.);
#6445=ORIENTED_EDGE('',*,*,#10145,.F.);
#6446=ORIENTED_EDGE('',*,*,#9885,.F.);
#6447=CARTESIAN_POINT('',(4.658741,-0.865,0.957199));
#6448=DIRECTION('',(0.0,0.0,1.0));
#6449=DIRECTION('',(1.0,0.0,0.0));
#6450=SURFACE_STYLE_FILL_AREA(#10146);
#6451=ORIENTED_EDGE('',*,*,#9778,.F.);
#6452=ORIENTED_EDGE('',*,*,#10142,.F.);
#6453=ORIENTED_EDGE('',*,*,#10147,.F.);
#6454=ORIENTED_EDGE('',*,*,#10148,.F.);
#6455=ORIENTED_EDGE('',*,*,#10149,.F.);
#6456=ORIENTED_EDGE('',*,*,#10150,.F.);
#6457=ORIENTED_EDGE('',*,*,#10151,.F.);
#6458=ORIENTED_EDGE('',*,*,#10152,.F.);
#6459=ORIENTED_EDGE('',*,*,#10153,.F.);
#6460=ORIENTED_EDGE('',*,*,#9891,.F.);
#6461=ORIENTED_EDGE('',*,*,#9810,.F.);
#6462=ORIENTED_EDGE('',*,*,#10154,.F.);
#6463=CARTESIAN_POINT('',(3.798443,0.193122433241211,1.18476028917522));
#6464=DIRECTION('',(1.0,0.0,6.12303176911189E-17));
#6465=DIRECTION('',(6.12303176911189E-17,0.0,-1.0));
#6466=SURFACE_STYLE_FILL_AREA(#10155);
#6467=ORIENTED_EDGE('',*,*,#10156,.F.);
#6468=ORIENTED_EDGE('',*,*,#10151,.T.);
#6469=ORIENTED_EDGE('',*,*,#10157,.F.);
#6470=ORIENTED_EDGE('',*,*,#10158,.T.);
#6471=CARTESIAN_POINT('',(3.519043,0.508,0.8382));
#6472=DIRECTION('',(6.12303176911189E-17,0.0,-1.0));
#6473=DIRECTION('',(0.0,1.0,0.0));
#6474=SURFACE_STYLE_FILL_AREA(#10159);
#6475=ORIENTED_EDGE('',*,*,#10150,.T.);
#6476=ORIENTED_EDGE('',*,*,#10160,.F.);
#6477=ORIENTED_EDGE('',*,*,#10161,.T.);
#6478=ORIENTED_EDGE('',*,*,#10157,.T.);
#6479=CARTESIAN_POINT('',(3.519043,0.127,1.0922));
#6480=DIRECTION('',(1.0,0.0,6.12303176911189E-17));
#6481=DIRECTION('',(6.12303176911189E-17,0.0,-1.0));
#6482=SURFACE_STYLE_FILL_AREA(#10162);
#6483=ORIENTED_EDGE('',*,*,#10149,.T.);
#6484=ORIENTED_EDGE('',*,*,#10163,.F.);
#6485=ORIENTED_EDGE('',*,*,#10164,.T.);
#6486=ORIENTED_EDGE('',*,*,#10160,.T.);
#6487=CARTESIAN_POINT('',(3.519043,-0.127,1.4986));
#6488=DIRECTION('',(0.0,-1.0,0.0));
#6489=DIRECTION('',(6.12303176911189E-17,0.0,-1.0));
#6490=SURFACE_STYLE_FILL_AREA(#10165);
#6491=ORIENTED_EDGE('',*,*,#10148,.T.);
#6492=ORIENTED_EDGE('',*,*,#10166,.F.);
#6493=ORIENTED_EDGE('',*,*,#10167,.T.);
#6494=ORIENTED_EDGE('',*,*,#10163,.T.);
#6495=CARTESIAN_POINT('',(3.519043,-0.0635,1.905));
#6496=DIRECTION('',(-6.12303176911189E-17,0.0,1.0));
#6497=DIRECTION('',(0.0,-1.0,0.0));
#6498=SURFACE_STYLE_FILL_AREA(#10168);
#6499=ORIENTED_EDGE('',*,*,#10169,.F.);
#6500=ORIENTED_EDGE('',*,*,#10170,.T.);
#6501=ORIENTED_EDGE('',*,*,#10166,.T.);
#6502=ORIENTED_EDGE('',*,*,#10147,.T.);
#6503=CARTESIAN_POINT('',(3.519043,0.0,1.4986));
#6504=DIRECTION('',(0.0,1.0,0.0));
#6505=DIRECTION('',(-6.12303176911189E-17,0.0,1.0));
#6506=SURFACE_STYLE_FILL_AREA(#10171);
#6507=ORIENTED_EDGE('',*,*,#9779,.F.);
#6508=ORIENTED_EDGE('',*,*,#10154,.T.);
#6509=ORIENTED_EDGE('',*,*,#9809,.F.);
#6510=ORIENTED_EDGE('',*,*,#10172,.F.);
#6511=CARTESIAN_POINT('',(3.519043,0.126999999999999,1.0922));
#6512=DIRECTION('',(1.0,0.0,6.12303176911189E-17));
#6513=DIRECTION('',(6.12303176911189E-17,0.0,-1.0));
#6514=SURFACE_STYLE_FILL_AREA(#10173);
#6515=ORIENTED_EDGE('',*,*,#9780,.F.);
#6516=ORIENTED_EDGE('',*,*,#10172,.T.);
#6517=ORIENTED_EDGE('',*,*,#9808,.F.);
#6518=ORIENTED_EDGE('',*,*,#9897,.F.);
#6519=ORIENTED_EDGE('',*,*,#10174,.F.);
#6520=ORIENTED_EDGE('',*,*,#10175,.F.);
#6521=ORIENTED_EDGE('',*,*,#10158,.F.);
#6522=ORIENTED_EDGE('',*,*,#10161,.F.);
#6523=ORIENTED_EDGE('',*,*,#10164,.F.);
#6524=ORIENTED_EDGE('',*,*,#10167,.F.);
#6525=ORIENTED_EDGE('',*,*,#10170,.F.);
#6526=ORIENTED_EDGE('',*,*,#10176,.F.);
#6527=CARTESIAN_POINT('',(3.519043,0.193122433241211,1.18476028917522));
#6528=DIRECTION('',(1.0,0.0,6.12303176911189E-17));
#6529=DIRECTION('',(6.12303176911189E-17,0.0,-1.0));
#6530=SURFACE_STYLE_FILL_AREA(#10177);
#6531=ORIENTED_EDGE('',*,*,#10176,.T.);
#6532=ORIENTED_EDGE('',*,*,#10178,.F.);
#6533=ORIENTED_EDGE('',*,*,#10179,.T.);
#6534=ORIENTED_EDGE('',*,*,#9781,.T.);
#6535=CARTESIAN_POINT('',(-7.20858407145773E-17,0.0,1.17729));
#6536=DIRECTION('',(0.0,-1.0,0.0));
#6537=DIRECTION('',(6.12303176911189E-17,0.0,-1.0));
#6538=SURFACE_STYLE_FILL_AREA(#10180);
#6539=ORIENTED_EDGE('',*,*,#10153,.T.);
#6540=ORIENTED_EDGE('',*,*,#10181,.F.);
#6541=ORIENTED_EDGE('',*,*,#10182,.F.);
#6542=ORIENTED_EDGE('',*,*,#9892,.F.);
#6543=CARTESIAN_POINT('',(3.658743,-0.865,0.957199));
#6544=DIRECTION('',(0.0,0.0,1.0));
#6545=DIRECTION('',(1.0,0.0,0.0));
#6546=SURFACE_STYLE_FILL_AREA(#10183);
#6547=ORIENTED_EDGE('',*,*,#9782,.F.);
#6548=ORIENTED_EDGE('',*,*,#10179,.F.);
#6549=ORIENTED_EDGE('',*,*,#10184,.F.);
#6550=ORIENTED_EDGE('',*,*,#10185,.F.);
#6551=ORIENTED_EDGE('',*,*,#10186,.F.);
#6552=ORIENTED_EDGE('',*,*,#10187,.F.);
#6553=ORIENTED_EDGE('',*,*,#10188,.F.);
#6554=ORIENTED_EDGE('',*,*,#10189,.F.);
#6555=ORIENTED_EDGE('',*,*,#10190,.F.);
#6556=ORIENTED_EDGE('',*,*,#9898,.F.);
#6557=ORIENTED_EDGE('',*,*,#9806,.F.);
#6558=ORIENTED_EDGE('',*,*,#10191,.F.);
#6559=CARTESIAN_POINT('',(2.798445,0.193122433241211,1.18476028917522));
#6560=DIRECTION('',(1.0,0.0,6.12303176911189E-17));
#6561=DIRECTION('',(6.12303176911189E-17,0.0,-1.0));
#6562=SURFACE_STYLE_FILL_AREA(#10192);
#6563=ORIENTED_EDGE('',*,*,#10193,.F.);
#6564=ORIENTED_EDGE('',*,*,#10188,.T.);
#6565=ORIENTED_EDGE('',*,*,#10194,.F.);
#6566=ORIENTED_EDGE('',*,*,#10195,.T.);
#6567=CARTESIAN_POINT('',(2.519045,0.508,0.8382));
#6568=DIRECTION('',(6.12303176911189E-17,0.0,-1.0));
#6569=DIRECTION('',(0.0,1.0,0.0));
#6570=SURFACE_STYLE_FILL_AREA(#10196);
#6571=ORIENTED_EDGE('',*,*,#10187,.T.);
#6572=ORIENTED_EDGE('',*,*,#10197,.F.);
#6573=ORIENTED_EDGE('',*,*,#10198,.T.);
#6574=ORIENTED_EDGE('',*,*,#10194,.T.);
#6575=CARTESIAN_POINT('',(2.519045,0.127,1.0922));
#6576=DIRECTION('',(1.0,0.0,6.12303176911189E-17));
#6577=DIRECTION('',(6.12303176911189E-17,0.0,-1.0));
#6578=SURFACE_STYLE_FILL_AREA(#10199);
#6579=ORIENTED_EDGE('',*,*,#10186,.T.);
#6580=ORIENTED_EDGE('',*,*,#10200,.F.);
#6581=ORIENTED_EDGE('',*,*,#10201,.T.);
#6582=ORIENTED_EDGE('',*,*,#10197,.T.);
#6583=CARTESIAN_POINT('',(2.519045,-0.127,1.4986));
#6584=DIRECTION('',(0.0,-1.0,0.0));
#6585=DIRECTION('',(6.12303176911189E-17,0.0,-1.0));
#6586=SURFACE_STYLE_FILL_AREA(#10202);
#6587=ORIENTED_EDGE('',*,*,#10185,.T.);
#6588=ORIENTED_EDGE('',*,*,#10203,.F.);
#6589=ORIENTED_EDGE('',*,*,#10204,.T.);
#6590=ORIENTED_EDGE('',*,*,#10200,.T.);
#6591=CARTESIAN_POINT('',(2.519045,-0.0635,1.905));
#6592=DIRECTION('',(-6.12303176911189E-17,0.0,1.0));
#6593=DIRECTION('',(0.0,-1.0,0.0));
#6594=SURFACE_STYLE_FILL_AREA(#10205);
#6595=ORIENTED_EDGE('',*,*,#10206,.F.);
#6596=ORIENTED_EDGE('',*,*,#10207,.T.);
#6597=ORIENTED_EDGE('',*,*,#10203,.T.);
#6598=ORIENTED_EDGE('',*,*,#10184,.T.);
#6599=CARTESIAN_POINT('',(2.519045,0.0,1.4986));
#6600=DIRECTION('',(0.0,1.0,0.0));
#6601=DIRECTION('',(-6.12303176911189E-17,0.0,1.0));
#6602=SURFACE_STYLE_FILL_AREA(#10208);
#6603=ORIENTED_EDGE('',*,*,#9783,.F.);
#6604=ORIENTED_EDGE('',*,*,#10191,.T.);
#6605=ORIENTED_EDGE('',*,*,#9805,.F.);
#6606=ORIENTED_EDGE('',*,*,#10209,.F.);
#6607=CARTESIAN_POINT('',(2.519045,0.126999999999999,1.0922));
#6608=DIRECTION('',(1.0,0.0,6.12303176911189E-17));
#6609=DIRECTION('',(6.12303176911189E-17,0.0,-1.0));
#6610=SURFACE_STYLE_FILL_AREA(#10210);
#6611=ORIENTED_EDGE('',*,*,#9784,.F.);
#6612=ORIENTED_EDGE('',*,*,#10209,.T.);
#6613=ORIENTED_EDGE('',*,*,#9804,.F.);
#6614=ORIENTED_EDGE('',*,*,#9904,.F.);
#6615=ORIENTED_EDGE('',*,*,#10211,.F.);
#6616=ORIENTED_EDGE('',*,*,#10212,.F.);
#6617=ORIENTED_EDGE('',*,*,#10195,.F.);
#6618=ORIENTED_EDGE('',*,*,#10198,.F.);
#6619=ORIENTED_EDGE('',*,*,#10201,.F.);
#6620=ORIENTED_EDGE('',*,*,#10204,.F.);
#6621=ORIENTED_EDGE('',*,*,#10207,.F.);
#6622=ORIENTED_EDGE('',*,*,#10213,.F.);
#6623=CARTESIAN_POINT('',(2.519045,0.193122433241211,1.18476028917522));
#6624=DIRECTION('',(1.0,0.0,6.12303176911189E-17));
#6625=DIRECTION('',(6.12303176911189E-17,0.0,-1.0));
#6626=SURFACE_STYLE_FILL_AREA(#10214);
#6627=ORIENTED_EDGE('',*,*,#10213,.T.);
#6628=ORIENTED_EDGE('',*,*,#10215,.F.);
#6629=ORIENTED_EDGE('',*,*,#10216,.T.);
#6630=ORIENTED_EDGE('',*,*,#9785,.T.);
#6631=CARTESIAN_POINT('',(-7.20858407145773E-17,0.0,1.17729));
#6632=DIRECTION('',(0.0,-1.0,0.0));
#6633=DIRECTION('',(6.12303176911189E-17,0.0,-1.0));
#6634=SURFACE_STYLE_FILL_AREA(#10217);
#6635=ORIENTED_EDGE('',*,*,#10190,.T.);
#6636=ORIENTED_EDGE('',*,*,#10218,.F.);
#6637=ORIENTED_EDGE('',*,*,#10219,.F.);
#6638=ORIENTED_EDGE('',*,*,#9899,.F.);
#6639=CARTESIAN_POINT('',(2.658745,-0.865,0.957199));
#6640=DIRECTION('',(0.0,0.0,1.0));
#6641=DIRECTION('',(1.0,0.0,0.0));
#6642=SURFACE_STYLE_FILL_AREA(#10220);
#6643=ORIENTED_EDGE('',*,*,#9786,.F.);
#6644=ORIENTED_EDGE('',*,*,#10216,.F.);
#6645=ORIENTED_EDGE('',*,*,#10221,.F.);
#6646=ORIENTED_EDGE('',*,*,#10222,.F.);
#6647=ORIENTED_EDGE('',*,*,#10223,.F.);
#6648=ORIENTED_EDGE('',*,*,#10224,.F.);
#6649=ORIENTED_EDGE('',*,*,#10225,.F.);
#6650=ORIENTED_EDGE('',*,*,#10226,.F.);
#6651=ORIENTED_EDGE('',*,*,#10227,.F.);
#6652=ORIENTED_EDGE('',*,*,#9905,.F.);
#6653=ORIENTED_EDGE('',*,*,#9802,.F.);
#6654=ORIENTED_EDGE('',*,*,#10228,.F.);
#6655=CARTESIAN_POINT('',(1.798447,0.193122433241211,1.18476028917522));
#6656=DIRECTION('',(1.0,0.0,6.12303176911189E-17));
#6657=DIRECTION('',(6.12303176911189E-17,0.0,-1.0));
#6658=SURFACE_STYLE_FILL_AREA(#10229);
#6659=ORIENTED_EDGE('',*,*,#10230,.F.);
#6660=ORIENTED_EDGE('',*,*,#10225,.T.);
#6661=ORIENTED_EDGE('',*,*,#10231,.F.);
#6662=ORIENTED_EDGE('',*,*,#10232,.T.);
#6663=CARTESIAN_POINT('',(1.519047,0.508,0.8382));
#6664=DIRECTION('',(6.12303176911189E-17,0.0,-1.0));
#6665=DIRECTION('',(0.0,1.0,0.0));
#6666=SURFACE_STYLE_FILL_AREA(#10233);
#6667=ORIENTED_EDGE('',*,*,#10224,.T.);
#6668=ORIENTED_EDGE('',*,*,#10234,.F.);
#6669=ORIENTED_EDGE('',*,*,#10235,.T.);
#6670=ORIENTED_EDGE('',*,*,#10231,.T.);
#6671=CARTESIAN_POINT('',(1.519047,0.127,1.0922));
#6672=DIRECTION('',(1.0,0.0,6.12303176911189E-17));
#6673=DIRECTION('',(6.12303176911189E-17,0.0,-1.0));
#6674=SURFACE_STYLE_FILL_AREA(#10236);
#6675=ORIENTED_EDGE('',*,*,#10223,.T.);
#6676=ORIENTED_EDGE('',*,*,#10237,.F.);
#6677=ORIENTED_EDGE('',*,*,#10238,.T.);
#6678=ORIENTED_EDGE('',*,*,#10234,.T.);
#6679=CARTESIAN_POINT('',(1.519047,-0.127,1.4986));
#6680=DIRECTION('',(0.0,-1.0,0.0));
#6681=DIRECTION('',(6.12303176911189E-17,0.0,-1.0));
#6682=SURFACE_STYLE_FILL_AREA(#10239);
#6683=ORIENTED_EDGE('',*,*,#10222,.T.);
#6684=ORIENTED_EDGE('',*,*,#10240,.F.);
#6685=ORIENTED_EDGE('',*,*,#10241,.T.);
#6686=ORIENTED_EDGE('',*,*,#10237,.T.);
#6687=CARTESIAN_POINT('',(1.519047,-0.0635,1.905));
#6688=DIRECTION('',(-6.12303176911189E-17,0.0,1.0));
#6689=DIRECTION('',(0.0,-1.0,0.0));
#6690=SURFACE_STYLE_FILL_AREA(#10242);
#6691=ORIENTED_EDGE('',*,*,#10243,.F.);
#6692=ORIENTED_EDGE('',*,*,#10244,.T.);
#6693=ORIENTED_EDGE('',*,*,#10240,.T.);
#6694=ORIENTED_EDGE('',*,*,#10221,.T.);
#6695=CARTESIAN_POINT('',(1.519047,0.0,1.4986));
#6696=DIRECTION('',(0.0,1.0,0.0));
#6697=DIRECTION('',(-6.12303176911189E-17,0.0,1.0));
#6698=SURFACE_STYLE_FILL_AREA(#10245);
#6699=ORIENTED_EDGE('',*,*,#9787,.F.);
#6700=ORIENTED_EDGE('',*,*,#10228,.T.);
#6701=ORIENTED_EDGE('',*,*,#9801,.F.);
#6702=ORIENTED_EDGE('',*,*,#10246,.F.);
#6703=CARTESIAN_POINT('',(1.519047,0.126999999999999,1.0922));
#6704=DIRECTION('',(1.0,0.0,6.12303176911189E-17));
#6705=DIRECTION('',(6.12303176911189E-17,0.0,-1.0));
#6706=SURFACE_STYLE_FILL_AREA(#10247);
#6707=ORIENTED_EDGE('',*,*,#9788,.F.);
#6708=ORIENTED_EDGE('',*,*,#10246,.T.);
#6709=ORIENTED_EDGE('',*,*,#9800,.F.);
#6710=ORIENTED_EDGE('',*,*,#9911,.F.);
#6711=ORIENTED_EDGE('',*,*,#10248,.F.);
#6712=ORIENTED_EDGE('',*,*,#10249,.F.);
#6713=ORIENTED_EDGE('',*,*,#10232,.F.);
#6714=ORIENTED_EDGE('',*,*,#10235,.F.);
#6715=ORIENTED_EDGE('',*,*,#10238,.F.);
#6716=ORIENTED_EDGE('',*,*,#10241,.F.);
#6717=ORIENTED_EDGE('',*,*,#10244,.F.);
#6718=ORIENTED_EDGE('',*,*,#10250,.F.);
#6719=CARTESIAN_POINT('',(1.519047,0.193122433241211,1.18476028917522));
#6720=DIRECTION('',(1.0,0.0,6.12303176911189E-17));
#6721=DIRECTION('',(6.12303176911189E-17,0.0,-1.0));
#6722=SURFACE_STYLE_FILL_AREA(#10251);
#6723=ORIENTED_EDGE('',*,*,#10250,.T.);
#6724=ORIENTED_EDGE('',*,*,#10252,.F.);
#6725=ORIENTED_EDGE('',*,*,#10253,.T.);
#6726=ORIENTED_EDGE('',*,*,#9789,.T.);
#6727=CARTESIAN_POINT('',(-7.20858407145773E-17,0.0,1.17729));
#6728=DIRECTION('',(0.0,-1.0,0.0));
#6729=DIRECTION('',(6.12303176911189E-17,0.0,-1.0));
#6730=SURFACE_STYLE_FILL_AREA(#10254);
#6731=ORIENTED_EDGE('',*,*,#10227,.T.);
#6732=ORIENTED_EDGE('',*,*,#10255,.F.);
#6733=ORIENTED_EDGE('',*,*,#10256,.F.);
#6734=ORIENTED_EDGE('',*,*,#9906,.F.);
#6735=CARTESIAN_POINT('',(1.658747,-0.865,0.957199));
#6736=DIRECTION('',(0.0,0.0,1.0));
#6737=DIRECTION('',(1.0,0.0,0.0));
#6738=SURFACE_STYLE_FILL_AREA(#10257);
#6739=ORIENTED_EDGE('',*,*,#9790,.F.);
#6740=ORIENTED_EDGE('',*,*,#10253,.F.);
#6741=ORIENTED_EDGE('',*,*,#10258,.F.);
#6742=ORIENTED_EDGE('',*,*,#10259,.F.);
#6743=ORIENTED_EDGE('',*,*,#10260,.F.);
#6744=ORIENTED_EDGE('',*,*,#10261,.F.);
#6745=ORIENTED_EDGE('',*,*,#10262,.F.);
#6746=ORIENTED_EDGE('',*,*,#10263,.F.);
#6747=ORIENTED_EDGE('',*,*,#10264,.F.);
#6748=ORIENTED_EDGE('',*,*,#9912,.F.);
#6749=ORIENTED_EDGE('',*,*,#9798,.F.);
#6750=ORIENTED_EDGE('',*,*,#10265,.F.);
#6751=CARTESIAN_POINT('',(0.798449,0.193122433241211,1.18476028917522));
#6752=DIRECTION('',(1.0,0.0,6.12303176911189E-17));
#6753=DIRECTION('',(6.12303176911189E-17,0.0,-1.0));
#6754=SURFACE_STYLE_FILL_AREA(#10266);
#6755=ORIENTED_EDGE('',*,*,#10261,.T.);
#6756=ORIENTED_EDGE('',*,*,#10267,.F.);
#6757=ORIENTED_EDGE('',*,*,#10268,.T.);
#6758=ORIENTED_EDGE('',*,*,#10269,.T.);
#6759=CARTESIAN_POINT('',(0.519049,0.127,1.0922));
#6760=DIRECTION('',(1.0,0.0,6.12303176911189E-17));
#6761=DIRECTION('',(6.12303176911189E-17,0.0,-1.0));
#6762=SURFACE_STYLE_FILL_AREA(#10270);
#6763=ORIENTED_EDGE('',*,*,#10260,.T.);
#6764=ORIENTED_EDGE('',*,*,#10271,.F.);
#6765=ORIENTED_EDGE('',*,*,#10272,.T.);
#6766=ORIENTED_EDGE('',*,*,#10267,.T.);
#6767=CARTESIAN_POINT('',(0.519049,-0.127,1.4986));
#6768=DIRECTION('',(0.0,-1.0,0.0));
#6769=DIRECTION('',(6.12303176911189E-17,0.0,-1.0));
#6770=SURFACE_STYLE_FILL_AREA(#10273);
#6771=ORIENTED_EDGE('',*,*,#10259,.T.);
#6772=ORIENTED_EDGE('',*,*,#10274,.F.);
#6773=ORIENTED_EDGE('',*,*,#10275,.T.);
#6774=ORIENTED_EDGE('',*,*,#10271,.T.);
#6775=CARTESIAN_POINT('',(0.519049,-0.0635,1.905));
#6776=DIRECTION('',(-6.12303176911189E-17,0.0,1.0));
#6777=DIRECTION('',(0.0,-1.0,0.0));
#6778=SURFACE_STYLE_FILL_AREA(#10276);
#6779=ORIENTED_EDGE('',*,*,#10277,.F.);
#6780=ORIENTED_EDGE('',*,*,#10278,.T.);
#6781=ORIENTED_EDGE('',*,*,#10274,.T.);
#6782=ORIENTED_EDGE('',*,*,#10258,.T.);
#6783=CARTESIAN_POINT('',(0.519049,0.0,1.4986));
#6784=DIRECTION('',(0.0,1.0,0.0));
#6785=DIRECTION('',(-6.12303176911189E-17,0.0,1.0));
#6786=SURFACE_STYLE_FILL_AREA(#10279);
#6787=ORIENTED_EDGE('',*,*,#9791,.F.);
#6788=ORIENTED_EDGE('',*,*,#10265,.T.);
#6789=ORIENTED_EDGE('',*,*,#9797,.F.);
#6790=ORIENTED_EDGE('',*,*,#10280,.F.);
#6791=CARTESIAN_POINT('',(0.519049,0.126999999999999,1.0922));
#6792=DIRECTION('',(1.0,0.0,6.12303176911189E-17));
#6793=DIRECTION('',(6.12303176911189E-17,0.0,-1.0));
#6794=SURFACE_STYLE_FILL_AREA(#10281);
#6795=ORIENTED_EDGE('',*,*,#10282,.F.);
#6796=ORIENTED_EDGE('',*,*,#10262,.T.);
#6797=ORIENTED_EDGE('',*,*,#10269,.F.);
#6798=ORIENTED_EDGE('',*,*,#10283,.T.);
#6799=CARTESIAN_POINT('',(0.519049,0.508,0.8382));
#6800=DIRECTION('',(6.12303176911189E-17,0.0,-1.0));
#6801=DIRECTION('',(0.0,1.0,0.0));
#6802=SURFACE_STYLE_FILL_AREA(#10284);
#6803=ORIENTED_EDGE('',*,*,#9792,.F.);
#6804=ORIENTED_EDGE('',*,*,#10280,.T.);
#6805=ORIENTED_EDGE('',*,*,#9796,.F.);
#6806=ORIENTED_EDGE('',*,*,#9918,.F.);
#6807=ORIENTED_EDGE('',*,*,#10285,.F.);
#6808=ORIENTED_EDGE('',*,*,#10286,.F.);
#6809=ORIENTED_EDGE('',*,*,#10283,.F.);
#6810=ORIENTED_EDGE('',*,*,#10268,.F.);
#6811=ORIENTED_EDGE('',*,*,#10272,.F.);
#6812=ORIENTED_EDGE('',*,*,#10275,.F.);
#6813=ORIENTED_EDGE('',*,*,#10278,.F.);
#6814=ORIENTED_EDGE('',*,*,#10287,.F.);
#6815=CARTESIAN_POINT('',(0.519049,0.193122433241211,1.18476028917522));
#6816=DIRECTION('',(1.0,0.0,6.12303176911189E-17));
#6817=DIRECTION('',(6.12303176911189E-17,0.0,-1.0));
#6818=SURFACE_STYLE_FILL_AREA(#10288);
#6819=ORIENTED_EDGE('',*,*,#10287,.T.);
#6820=ORIENTED_EDGE('',*,*,#10289,.F.);
#6821=ORIENTED_EDGE('',*,*,#10290,.T.);
#6822=ORIENTED_EDGE('',*,*,#9793,.T.);
#6823=CARTESIAN_POINT('',(-7.20858407145773E-17,0.0,1.17729));
#6824=DIRECTION('',(0.0,-1.0,0.0));
#6825=DIRECTION('',(6.12303176911189E-17,0.0,-1.0));
#6826=SURFACE_STYLE_FILL_AREA(#10291);
#6827=ORIENTED_EDGE('',*,*,#10263,.T.);
#6828=ORIENTED_EDGE('',*,*,#10282,.T.);
#6829=ORIENTED_EDGE('',*,*,#10286,.T.);
#6830=ORIENTED_EDGE('',*,*,#10292,.T.);
#6831=ORIENTED_EDGE('',*,*,#10293,.T.);
#6832=ORIENTED_EDGE('',*,*,#10294,.F.);
#6833=ORIENTED_EDGE('',*,*,#10295,.F.);
#6834=ORIENTED_EDGE('',*,*,#10296,.T.);
#6835=ORIENTED_EDGE('',*,*,#10297,.T.);
#6836=ORIENTED_EDGE('',*,*,#10298,.T.);
#6837=ORIENTED_EDGE('',*,*,#10299,.T.);
#6838=ORIENTED_EDGE('',*,*,#10300,.T.);
#6839=CARTESIAN_POINT('',(0.658749,0.635,0.0));
#6840=DIRECTION('',(0.0,-1.0,0.0));
#6841=DIRECTION('',(0.0,0.0,-1.0));
#6842=SURFACE_STYLE_FILL_AREA(#10301);
#6843=ORIENTED_EDGE('',*,*,#10285,.T.);
#6844=ORIENTED_EDGE('',*,*,#9917,.F.);
#6845=ORIENTED_EDGE('',*,*,#10302,.F.);
#6846=ORIENTED_EDGE('',*,*,#10292,.F.);
#6847=CARTESIAN_POINT('',(0.658749,-0.865,0.957199));
#6848=DIRECTION('',(0.0,0.0,1.0));
#6849=DIRECTION('',(1.0,0.0,0.0));
#6850=SURFACE_STYLE_FILL_AREA(#10303);
#6851=ORIENTED_EDGE('',*,*,#10264,.T.);
#6852=ORIENTED_EDGE('',*,*,#10296,.F.);
#6853=ORIENTED_EDGE('',*,*,#10304,.F.);
#6854=ORIENTED_EDGE('',*,*,#9913,.F.);
#6855=CARTESIAN_POINT('',(0.658749,-0.865,0.957199));
#6856=DIRECTION('',(0.0,0.0,1.0));
#6857=DIRECTION('',(1.0,0.0,0.0));
#6858=SURFACE_STYLE_FILL_AREA(#10305);
#6859=ORIENTED_EDGE('',*,*,#9843,.F.);
#6860=ORIENTED_EDGE('',*,*,#10306,.F.);
#6861=ORIENTED_EDGE('',*,*,#10307,.F.);
#6862=ORIENTED_EDGE('',*,*,#10308,.F.);
#6863=CARTESIAN_POINT('',(9.658731,1.0,0.29718));
#6864=DIRECTION('',(0.0,0.0,1.0));
#6865=DIRECTION('',(1.0,0.0,0.0));
#6866=SURFACE_STYLE_FILL_AREA(#10309);
#6867=ORIENTED_EDGE('',*,*,#9844,.F.);
#6868=ORIENTED_EDGE('',*,*,#10308,.T.);
#6869=ORIENTED_EDGE('',*,*,#10310,.F.);
#6870=ORIENTED_EDGE('',*,*,#10311,.T.);
#6871=CARTESIAN_POINT('',(9.455531,1.0,0.50038));
#6872=DIRECTION('',(1.0,0.0,0.0));
#6873=DIRECTION('',(0.0,0.0,-1.0));
#6874=SURFACE_STYLE_FILL_AREA(#10312);
#6875=ORIENTED_EDGE('',*,*,#10313,.T.);
#6876=ORIENTED_EDGE('',*,*,#10310,.T.);
#6877=ORIENTED_EDGE('',*,*,#10314,.T.);
#6878=ORIENTED_EDGE('',*,*,#10315,.F.);
#6879=CARTESIAN_POINT('',(9.392031,2.0574,-0.82982));
#6880=DIRECTION('',(0.707106781186548,0.707106781186548,8.65927457071936E-17));
#6881=DIRECTION('',(-0.707106781186548,0.707106781186548,-8.65927457071936E-17));
#6882=SURFACE_STYLE_FILL_AREA(#10316);
#6883=ORIENTED_EDGE('',*,*,#10314,.F.);
#6884=ORIENTED_EDGE('',*,*,#10307,.T.);
#6885=ORIENTED_EDGE('',*,*,#10317,.T.);
#6886=ORIENTED_EDGE('',*,*,#10318,.F.);
#6887=CARTESIAN_POINT('',(10.988931,2.0574,0.23368));
#6888=DIRECTION('',(-4.32963728535968E-17,0.707106781186548,0.707106781186548));
#6889=DIRECTION('',(4.32963728535968E-17,0.707106781186548,-0.707106781186548));
#6890=SURFACE_STYLE_FILL_AREA(#10319);
#6891=ORIENTED_EDGE('',*,*,#10317,.F.);
#6892=ORIENTED_EDGE('',*,*,#10320,.T.);
#6893=ORIENTED_EDGE('',*,*,#10321,.T.);
#6894=ORIENTED_EDGE('',*,*,#10322,.F.);
#6895=CARTESIAN_POINT('',(9.925431,2.0574,1.83058));
#6896=DIRECTION('',(-0.707106781186548,0.707106781186548,-6.16297582203915E-33));
#6897=DIRECTION('',(0.707106781186548,0.707106781186548,-6.16297582203915E-33));
#6898=SURFACE_STYLE_FILL_AREA(#10323);
#6899=ORIENTED_EDGE('',*,*,#10313,.F.);
#6900=ORIENTED_EDGE('',*,*,#10324,.F.);
#6901=ORIENTED_EDGE('',*,*,#10321,.F.);
#6902=ORIENTED_EDGE('',*,*,#10325,.T.);
#6903=CARTESIAN_POINT('',(8.328531,2.0574,0.76708));
#6904=DIRECTION('',(-4.32963728535968E-17,0.707106781186548,-0.707106781186548));
#6905=DIRECTION('',(4.32963728535968E-17,0.707106781186548,0.707106781186548));
#6906=SURFACE_STYLE_FILL_AREA(#10326);
#6907=ORIENTED_EDGE('',*,*,#9841,.F.);
#6908=ORIENTED_EDGE('',*,*,#10311,.F.);
#6909=ORIENTED_EDGE('',*,*,#10325,.F.);
#6910=ORIENTED_EDGE('',*,*,#10327,.F.);
#6911=CARTESIAN_POINT('',(9.658731,1.0,0.70358));
#6912=DIRECTION('',(0.0,0.0,1.0));
#6913=DIRECTION('',(1.0,0.0,0.0));
#6914=SURFACE_STYLE_FILL_AREA(#10328);
#6915=ORIENTED_EDGE('',*,*,#9842,.F.);
#6916=ORIENTED_EDGE('',*,*,#10327,.T.);
#6917=ORIENTED_EDGE('',*,*,#10320,.F.);
#6918=ORIENTED_EDGE('',*,*,#10306,.T.);
#6919=CARTESIAN_POINT('',(9.861931,1.0,0.50038));
#6920=DIRECTION('',(-1.0,0.0,0.0));
#6921=DIRECTION('',(0.0,0.0,1.0));
#6922=SURFACE_STYLE_FILL_AREA(#10329);
#6923=ORIENTED_EDGE('',*,*,#9174,.F.);
#6924=ORIENTED_EDGE('',*,*,#10330,.F.);
#6925=ORIENTED_EDGE('',*,*,#10331,.F.);
#6926=ORIENTED_EDGE('',*,*,#10332,.F.);
#6927=CARTESIAN_POINT('',(9.658731,1.0,-0.70358));
#6928=DIRECTION('',(0.0,0.0,1.0));
#6929=DIRECTION('',(1.0,0.0,0.0));
#6930=SURFACE_STYLE_FILL_AREA(#10333);
#6931=ORIENTED_EDGE('',*,*,#9175,.F.);
#6932=ORIENTED_EDGE('',*,*,#10332,.T.);
#6933=ORIENTED_EDGE('',*,*,#10334,.F.);
#6934=ORIENTED_EDGE('',*,*,#10335,.T.);
#6935=CARTESIAN_POINT('',(9.455531,1.0,-0.50038));
#6936=DIRECTION('',(1.0,0.0,0.0));
#6937=DIRECTION('',(0.0,0.0,-1.0));
#6938=SURFACE_STYLE_FILL_AREA(#10336);
#6939=ORIENTED_EDGE('',*,*,#10337,.T.);
#6940=ORIENTED_EDGE('',*,*,#10334,.T.);
#6941=ORIENTED_EDGE('',*,*,#10338,.T.);
#6942=ORIENTED_EDGE('',*,*,#10339,.F.);
#6943=CARTESIAN_POINT('',(9.392031,2.0574,-1.83058));
#6944=DIRECTION('',(0.707106781186548,0.707106781186548,8.65927457071936E-17));
#6945=DIRECTION('',(-0.707106781186548,0.707106781186548,-8.65927457071936E-17));
#6946=SURFACE_STYLE_FILL_AREA(#10340);
#6947=ORIENTED_EDGE('',*,*,#10338,.F.);
#6948=ORIENTED_EDGE('',*,*,#10331,.T.);
#6949=ORIENTED_EDGE('',*,*,#10341,.T.);
#6950=ORIENTED_EDGE('',*,*,#10342,.F.);
#6951=CARTESIAN_POINT('',(10.988931,2.0574,-0.76708));
#6952=DIRECTION('',(-4.32963728535968E-17,0.707106781186548,0.707106781186548));
#6953=DIRECTION('',(4.32963728535968E-17,0.707106781186548,-0.707106781186548));
#6954=SURFACE_STYLE_FILL_AREA(#10343);
#6955=ORIENTED_EDGE('',*,*,#10341,.F.);
#6956=ORIENTED_EDGE('',*,*,#10344,.T.);
#6957=ORIENTED_EDGE('',*,*,#10345,.T.);
#6958=ORIENTED_EDGE('',*,*,#10346,.F.);
#6959=CARTESIAN_POINT('',(9.925431,2.0574,0.82982));
#6960=DIRECTION('',(-0.707106781186548,0.707106781186548,-6.16297582203915E-33));
#6961=DIRECTION('',(0.707106781186548,0.707106781186548,-6.16297582203915E-33));
#6962=SURFACE_STYLE_FILL_AREA(#10347);
#6963=ORIENTED_EDGE('',*,*,#10337,.F.);
#6964=ORIENTED_EDGE('',*,*,#10348,.F.);
#6965=ORIENTED_EDGE('',*,*,#10345,.F.);
#6966=ORIENTED_EDGE('',*,*,#10349,.T.);
#6967=CARTESIAN_POINT('',(8.328531,2.0574,-0.23368));
#6968=DIRECTION('',(-4.32963728535968E-17,0.707106781186548,-0.707106781186548));
#6969=DIRECTION('',(4.32963728535968E-17,0.707106781186548,0.707106781186548));
#6970=SURFACE_STYLE_FILL_AREA(#10350);
#6971=ORIENTED_EDGE('',*,*,#9172,.F.);
#6972=ORIENTED_EDGE('',*,*,#10335,.F.);
#6973=ORIENTED_EDGE('',*,*,#10349,.F.);
#6974=ORIENTED_EDGE('',*,*,#10351,.F.);
#6975=CARTESIAN_POINT('',(9.658731,1.0,-0.29718));
#6976=DIRECTION('',(0.0,0.0,1.0));
#6977=DIRECTION('',(1.0,0.0,0.0));
#6978=SURFACE_STYLE_FILL_AREA(#10352);
#6979=ORIENTED_EDGE('',*,*,#9173,.F.);
#6980=ORIENTED_EDGE('',*,*,#10351,.T.);
#6981=ORIENTED_EDGE('',*,*,#10344,.F.);
#6982=ORIENTED_EDGE('',*,*,#10330,.T.);
#6983=CARTESIAN_POINT('',(9.861931,1.0,-0.50038));
#6984=DIRECTION('',(-1.0,0.0,0.0));
#6985=DIRECTION('',(0.0,0.0,1.0));
#6986=SURFACE_STYLE_FILL_AREA(#10353);
#6987=ORIENTED_EDGE('',*,*,#10354,.F.);
#6988=ORIENTED_EDGE('',*,*,#10355,.F.);
#6989=ORIENTED_EDGE('',*,*,#10356,.F.);
#6990=ORIENTED_EDGE('',*,*,#10357,.F.);
#6991=CARTESIAN_POINT('',(8.658733,1.0,0.29718));
#6992=DIRECTION('',(0.0,0.0,1.0));
#6993=DIRECTION('',(1.0,0.0,0.0));
#6994=SURFACE_STYLE_FILL_AREA(#10358);
#6995=ORIENTED_EDGE('',*,*,#10359,.F.);
#6996=ORIENTED_EDGE('',*,*,#10357,.T.);
#6997=ORIENTED_EDGE('',*,*,#10360,.F.);
#6998=ORIENTED_EDGE('',*,*,#10361,.T.);
#6999=CARTESIAN_POINT('',(8.455533,1.0,0.50038));
#7000=DIRECTION('',(1.0,0.0,0.0));
#7001=DIRECTION('',(0.0,0.0,-1.0));
#7002=SURFACE_STYLE_FILL_AREA(#10362);
#7003=ORIENTED_EDGE('',*,*,#10363,.T.);
#7004=ORIENTED_EDGE('',*,*,#10360,.T.);
#7005=ORIENTED_EDGE('',*,*,#10364,.T.);
#7006=ORIENTED_EDGE('',*,*,#10365,.F.);
#7007=CARTESIAN_POINT('',(8.392033,2.0574,-0.82982));
#7008=DIRECTION('',(0.707106781186548,0.707106781186548,8.65927457071936E-17));
#7009=DIRECTION('',(-0.707106781186548,0.707106781186548,-8.65927457071936E-17));
#7010=SURFACE_STYLE_FILL_AREA(#10366);
#7011=ORIENTED_EDGE('',*,*,#10364,.F.);
#7012=ORIENTED_EDGE('',*,*,#10356,.T.);
#7013=ORIENTED_EDGE('',*,*,#10367,.T.);
#7014=ORIENTED_EDGE('',*,*,#10368,.F.);
#7015=CARTESIAN_POINT('',(9.988933,2.0574,0.23368));
#7016=DIRECTION('',(-4.32963728535968E-17,0.707106781186548,0.707106781186548));
#7017=DIRECTION('',(4.32963728535968E-17,0.707106781186548,-0.707106781186548));
#7018=SURFACE_STYLE_FILL_AREA(#10369);
#7019=ORIENTED_EDGE('',*,*,#10367,.F.);
#7020=ORIENTED_EDGE('',*,*,#10370,.T.);
#7021=ORIENTED_EDGE('',*,*,#10371,.T.);
#7022=ORIENTED_EDGE('',*,*,#10372,.F.);
#7023=CARTESIAN_POINT('',(8.925433,2.0574,1.83058));
#7024=DIRECTION('',(-0.707106781186548,0.707106781186548,-6.16297582203915E-33));
#7025=DIRECTION('',(0.707106781186548,0.707106781186548,-6.16297582203915E-33));
#7026=SURFACE_STYLE_FILL_AREA(#10373);
#7027=ORIENTED_EDGE('',*,*,#10363,.F.);
#7028=ORIENTED_EDGE('',*,*,#10374,.F.);
#7029=ORIENTED_EDGE('',*,*,#10371,.F.);
#7030=ORIENTED_EDGE('',*,*,#10375,.T.);
#7031=CARTESIAN_POINT('',(7.328533,2.0574,0.76708));
#7032=DIRECTION('',(-4.32963728535968E-17,0.707106781186548,-0.707106781186548));
#7033=DIRECTION('',(4.32963728535968E-17,0.707106781186548,0.707106781186548));
#7034=SURFACE_STYLE_FILL_AREA(#10376);
#7035=ORIENTED_EDGE('',*,*,#10377,.F.);
#7036=ORIENTED_EDGE('',*,*,#10361,.F.);
#7037=ORIENTED_EDGE('',*,*,#10375,.F.);
#7038=ORIENTED_EDGE('',*,*,#10378,.F.);
#7039=CARTESIAN_POINT('',(8.658733,1.0,0.70358));
#7040=DIRECTION('',(0.0,0.0,1.0));
#7041=DIRECTION('',(1.0,0.0,0.0));
#7042=SURFACE_STYLE_FILL_AREA(#10379);
#7043=ORIENTED_EDGE('',*,*,#10380,.F.);
#7044=ORIENTED_EDGE('',*,*,#10378,.T.);
#7045=ORIENTED_EDGE('',*,*,#10370,.F.);
#7046=ORIENTED_EDGE('',*,*,#10355,.T.);
#7047=CARTESIAN_POINT('',(8.861933,1.0,0.50038));
#7048=DIRECTION('',(-1.0,0.0,0.0));
#7049=DIRECTION('',(0.0,0.0,1.0));
#7050=SURFACE_STYLE_FILL_AREA(#10381);
#7051=ORIENTED_EDGE('',*,*,#9233,.F.);
#7052=ORIENTED_EDGE('',*,*,#10382,.F.);
#7053=ORIENTED_EDGE('',*,*,#10383,.F.);
#7054=ORIENTED_EDGE('',*,*,#10384,.F.);
#7055=CARTESIAN_POINT('',(8.658733,1.0,-0.70358));
#7056=DIRECTION('',(0.0,0.0,1.0));
#7057=DIRECTION('',(1.0,0.0,0.0));
#7058=SURFACE_STYLE_FILL_AREA(#10385);
#7059=ORIENTED_EDGE('',*,*,#9234,.F.);
#7060=ORIENTED_EDGE('',*,*,#10384,.T.);
#7061=ORIENTED_EDGE('',*,*,#10386,.F.);
#7062=ORIENTED_EDGE('',*,*,#10387,.T.);
#7063=CARTESIAN_POINT('',(8.455533,1.0,-0.50038));
#7064=DIRECTION('',(1.0,0.0,0.0));
#7065=DIRECTION('',(0.0,0.0,-1.0));
#7066=SURFACE_STYLE_FILL_AREA(#10388);
#7067=ORIENTED_EDGE('',*,*,#10389,.T.);
#7068=ORIENTED_EDGE('',*,*,#10386,.T.);
#7069=ORIENTED_EDGE('',*,*,#10390,.T.);
#7070=ORIENTED_EDGE('',*,*,#10391,.F.);
#7071=CARTESIAN_POINT('',(8.392033,2.0574,-1.83058));
#7072=DIRECTION('',(0.707106781186548,0.707106781186548,8.65927457071936E-17));
#7073=DIRECTION('',(-0.707106781186548,0.707106781186548,-8.65927457071936E-17));
#7074=SURFACE_STYLE_FILL_AREA(#10392);
#7075=ORIENTED_EDGE('',*,*,#10390,.F.);
#7076=ORIENTED_EDGE('',*,*,#10383,.T.);
#7077=ORIENTED_EDGE('',*,*,#10393,.T.);
#7078=ORIENTED_EDGE('',*,*,#10394,.F.);
#7079=CARTESIAN_POINT('',(9.988933,2.0574,-0.76708));
#7080=DIRECTION('',(-4.32963728535968E-17,0.707106781186548,0.707106781186548));
#7081=DIRECTION('',(4.32963728535968E-17,0.707106781186548,-0.707106781186548));
#7082=SURFACE_STYLE_FILL_AREA(#10395);
#7083=ORIENTED_EDGE('',*,*,#10393,.F.);
#7084=ORIENTED_EDGE('',*,*,#10396,.T.);
#7085=ORIENTED_EDGE('',*,*,#10397,.T.);
#7086=ORIENTED_EDGE('',*,*,#10398,.F.);
#7087=CARTESIAN_POINT('',(8.925433,2.0574,0.82982));
#7088=DIRECTION('',(-0.707106781186548,0.707106781186548,-6.16297582203915E-33));
#7089=DIRECTION('',(0.707106781186548,0.707106781186548,-6.16297582203915E-33));
#7090=SURFACE_STYLE_FILL_AREA(#10399);
#7091=ORIENTED_EDGE('',*,*,#10389,.F.);
#7092=ORIENTED_EDGE('',*,*,#10400,.F.);
#7093=ORIENTED_EDGE('',*,*,#10397,.F.);
#7094=ORIENTED_EDGE('',*,*,#10401,.T.);
#7095=CARTESIAN_POINT('',(7.328533,2.0574,-0.23368));
#7096=DIRECTION('',(-4.32963728535968E-17,0.707106781186548,-0.707106781186548));
#7097=DIRECTION('',(4.32963728535968E-17,0.707106781186548,0.707106781186548));
#7098=SURFACE_STYLE_FILL_AREA(#10402);
#7099=ORIENTED_EDGE('',*,*,#9231,.F.);
#7100=ORIENTED_EDGE('',*,*,#10387,.F.);
#7101=ORIENTED_EDGE('',*,*,#10401,.F.);
#7102=ORIENTED_EDGE('',*,*,#10403,.F.);
#7103=CARTESIAN_POINT('',(8.658733,1.0,-0.29718));
#7104=DIRECTION('',(0.0,0.0,1.0));
#7105=DIRECTION('',(1.0,0.0,0.0));
#7106=SURFACE_STYLE_FILL_AREA(#10404);
#7107=ORIENTED_EDGE('',*,*,#9232,.F.);
#7108=ORIENTED_EDGE('',*,*,#10403,.T.);
#7109=ORIENTED_EDGE('',*,*,#10396,.F.);
#7110=ORIENTED_EDGE('',*,*,#10382,.T.);
#7111=CARTESIAN_POINT('',(8.861933,1.0,-0.50038));
#7112=DIRECTION('',(-1.0,0.0,0.0));
#7113=DIRECTION('',(0.0,0.0,1.0));
#7114=SURFACE_STYLE_FILL_AREA(#10405);
#7115=ORIENTED_EDGE('',*,*,#10406,.F.);
#7116=ORIENTED_EDGE('',*,*,#10407,.F.);
#7117=ORIENTED_EDGE('',*,*,#10408,.F.);
#7118=ORIENTED_EDGE('',*,*,#10409,.F.);
#7119=CARTESIAN_POINT('',(7.658735,1.0,0.29718));
#7120=DIRECTION('',(0.0,0.0,1.0));
#7121=DIRECTION('',(1.0,0.0,0.0));
#7122=SURFACE_STYLE_FILL_AREA(#10410);
#7123=ORIENTED_EDGE('',*,*,#10411,.F.);
#7124=ORIENTED_EDGE('',*,*,#10409,.T.);
#7125=ORIENTED_EDGE('',*,*,#10412,.F.);
#7126=ORIENTED_EDGE('',*,*,#10413,.T.);
#7127=CARTESIAN_POINT('',(7.455535,1.0,0.50038));
#7128=DIRECTION('',(1.0,0.0,0.0));
#7129=DIRECTION('',(0.0,0.0,-1.0));
#7130=SURFACE_STYLE_FILL_AREA(#10414);
#7131=ORIENTED_EDGE('',*,*,#10415,.T.);
#7132=ORIENTED_EDGE('',*,*,#10412,.T.);
#7133=ORIENTED_EDGE('',*,*,#10416,.T.);
#7134=ORIENTED_EDGE('',*,*,#10417,.F.);
#7135=CARTESIAN_POINT('',(7.392035,2.0574,-0.82982));
#7136=DIRECTION('',(0.707106781186548,0.707106781186548,8.65927457071936E-17));
#7137=DIRECTION('',(-0.707106781186548,0.707106781186548,-8.65927457071936E-17));
#7138=SURFACE_STYLE_FILL_AREA(#10418);
#7139=ORIENTED_EDGE('',*,*,#10416,.F.);
#7140=ORIENTED_EDGE('',*,*,#10408,.T.);
#7141=ORIENTED_EDGE('',*,*,#10419,.T.);
#7142=ORIENTED_EDGE('',*,*,#10420,.F.);
#7143=CARTESIAN_POINT('',(8.988935,2.0574,0.23368));
#7144=DIRECTION('',(-4.32963728535968E-17,0.707106781186548,0.707106781186548));
#7145=DIRECTION('',(4.32963728535968E-17,0.707106781186548,-0.707106781186548));
#7146=SURFACE_STYLE_FILL_AREA(#10421);
#7147=ORIENTED_EDGE('',*,*,#10419,.F.);
#7148=ORIENTED_EDGE('',*,*,#10422,.T.);
#7149=ORIENTED_EDGE('',*,*,#10423,.T.);
#7150=ORIENTED_EDGE('',*,*,#10424,.F.);
#7151=CARTESIAN_POINT('',(7.925435,2.0574,1.83058));
#7152=DIRECTION('',(-0.707106781186548,0.707106781186548,-6.16297582203915E-33));
#7153=DIRECTION('',(0.707106781186548,0.707106781186548,-6.16297582203915E-33));
#7154=SURFACE_STYLE_FILL_AREA(#10425);
#7155=ORIENTED_EDGE('',*,*,#10415,.F.);
#7156=ORIENTED_EDGE('',*,*,#10426,.F.);
#7157=ORIENTED_EDGE('',*,*,#10423,.F.);
#7158=ORIENTED_EDGE('',*,*,#10427,.T.);
#7159=CARTESIAN_POINT('',(6.328535,2.0574,0.76708));
#7160=DIRECTION('',(-4.32963728535968E-17,0.707106781186548,-0.707106781186548));
#7161=DIRECTION('',(4.32963728535968E-17,0.707106781186548,0.707106781186548));
#7162=SURFACE_STYLE_FILL_AREA(#10428);
#7163=ORIENTED_EDGE('',*,*,#10429,.F.);
#7164=ORIENTED_EDGE('',*,*,#10413,.F.);
#7165=ORIENTED_EDGE('',*,*,#10427,.F.);
#7166=ORIENTED_EDGE('',*,*,#10430,.F.);
#7167=CARTESIAN_POINT('',(7.658735,1.0,0.70358));
#7168=DIRECTION('',(0.0,0.0,1.0));
#7169=DIRECTION('',(1.0,0.0,0.0));
#7170=SURFACE_STYLE_FILL_AREA(#10431);
#7171=ORIENTED_EDGE('',*,*,#10432,.F.);
#7172=ORIENTED_EDGE('',*,*,#10430,.T.);
#7173=ORIENTED_EDGE('',*,*,#10422,.F.);
#7174=ORIENTED_EDGE('',*,*,#10407,.T.);
#7175=CARTESIAN_POINT('',(7.861935,1.0,0.50038));
#7176=DIRECTION('',(-1.0,0.0,0.0));
#7177=DIRECTION('',(0.0,0.0,1.0));
#7178=SURFACE_STYLE_FILL_AREA(#10433);
#7179=ORIENTED_EDGE('',*,*,#9292,.F.);
#7180=ORIENTED_EDGE('',*,*,#10434,.F.);
#7181=ORIENTED_EDGE('',*,*,#10435,.F.);
#7182=ORIENTED_EDGE('',*,*,#10436,.F.);
#7183=CARTESIAN_POINT('',(7.658735,1.0,-0.70358));
#7184=DIRECTION('',(0.0,0.0,1.0));
#7185=DIRECTION('',(1.0,0.0,0.0));
#7186=SURFACE_STYLE_FILL_AREA(#10437);
#7187=ORIENTED_EDGE('',*,*,#9293,.F.);
#7188=ORIENTED_EDGE('',*,*,#10436,.T.);
#7189=ORIENTED_EDGE('',*,*,#10438,.F.);
#7190=ORIENTED_EDGE('',*,*,#10439,.T.);
#7191=CARTESIAN_POINT('',(7.455535,1.0,-0.50038));
#7192=DIRECTION('',(1.0,0.0,0.0));
#7193=DIRECTION('',(0.0,0.0,-1.0));
#7194=SURFACE_STYLE_FILL_AREA(#10440);
#7195=ORIENTED_EDGE('',*,*,#10441,.T.);
#7196=ORIENTED_EDGE('',*,*,#10438,.T.);
#7197=ORIENTED_EDGE('',*,*,#10442,.T.);
#7198=ORIENTED_EDGE('',*,*,#10443,.F.);
#7199=CARTESIAN_POINT('',(7.392035,2.0574,-1.83058));
#7200=DIRECTION('',(0.707106781186548,0.707106781186548,8.65927457071936E-17));
#7201=DIRECTION('',(-0.707106781186548,0.707106781186548,-8.65927457071936E-17));
#7202=SURFACE_STYLE_FILL_AREA(#10444);
#7203=ORIENTED_EDGE('',*,*,#10442,.F.);
#7204=ORIENTED_EDGE('',*,*,#10435,.T.);
#7205=ORIENTED_EDGE('',*,*,#10445,.T.);
#7206=ORIENTED_EDGE('',*,*,#10446,.F.);
#7207=CARTESIAN_POINT('',(8.988935,2.0574,-0.76708));
#7208=DIRECTION('',(-4.32963728535968E-17,0.707106781186548,0.707106781186548));
#7209=DIRECTION('',(4.32963728535968E-17,0.707106781186548,-0.707106781186548));
#7210=SURFACE_STYLE_FILL_AREA(#10447);
#7211=ORIENTED_EDGE('',*,*,#10445,.F.);
#7212=ORIENTED_EDGE('',*,*,#10448,.T.);
#7213=ORIENTED_EDGE('',*,*,#10449,.T.);
#7214=ORIENTED_EDGE('',*,*,#10450,.F.);
#7215=CARTESIAN_POINT('',(7.925435,2.0574,0.82982));
#7216=DIRECTION('',(-0.707106781186548,0.707106781186548,-6.16297582203915E-33));
#7217=DIRECTION('',(0.707106781186548,0.707106781186548,-6.16297582203915E-33));
#7218=SURFACE_STYLE_FILL_AREA(#10451);
#7219=ORIENTED_EDGE('',*,*,#10441,.F.);
#7220=ORIENTED_EDGE('',*,*,#10452,.F.);
#7221=ORIENTED_EDGE('',*,*,#10449,.F.);
#7222=ORIENTED_EDGE('',*,*,#10453,.T.);
#7223=CARTESIAN_POINT('',(6.328535,2.0574,-0.23368));
#7224=DIRECTION('',(-4.32963728535968E-17,0.707106781186548,-0.707106781186548));
#7225=DIRECTION('',(4.32963728535968E-17,0.707106781186548,0.707106781186548));
#7226=SURFACE_STYLE_FILL_AREA(#10454);
#7227=ORIENTED_EDGE('',*,*,#9290,.F.);
#7228=ORIENTED_EDGE('',*,*,#10439,.F.);
#7229=ORIENTED_EDGE('',*,*,#10453,.F.);
#7230=ORIENTED_EDGE('',*,*,#10455,.F.);
#7231=CARTESIAN_POINT('',(7.658735,1.0,-0.29718));
#7232=DIRECTION('',(0.0,0.0,1.0));
#7233=DIRECTION('',(1.0,0.0,0.0));
#7234=SURFACE_STYLE_FILL_AREA(#10456);
#7235=ORIENTED_EDGE('',*,*,#9291,.F.);
#7236=ORIENTED_EDGE('',*,*,#10455,.T.);
#7237=ORIENTED_EDGE('',*,*,#10448,.F.);
#7238=ORIENTED_EDGE('',*,*,#10434,.T.);
#7239=CARTESIAN_POINT('',(7.861935,1.0,-0.50038));
#7240=DIRECTION('',(-1.0,0.0,0.0));
#7241=DIRECTION('',(0.0,0.0,1.0));
#7242=SURFACE_STYLE_FILL_AREA(#10457);
#7243=ORIENTED_EDGE('',*,*,#10458,.F.);
#7244=ORIENTED_EDGE('',*,*,#10459,.F.);
#7245=ORIENTED_EDGE('',*,*,#10460,.F.);
#7246=ORIENTED_EDGE('',*,*,#10461,.F.);
#7247=CARTESIAN_POINT('',(6.658737,1.0,0.29718));
#7248=DIRECTION('',(0.0,0.0,1.0));
#7249=DIRECTION('',(1.0,0.0,0.0));
#7250=SURFACE_STYLE_FILL_AREA(#10462);
#7251=ORIENTED_EDGE('',*,*,#10463,.F.);
#7252=ORIENTED_EDGE('',*,*,#10461,.T.);
#7253=ORIENTED_EDGE('',*,*,#10464,.F.);
#7254=ORIENTED_EDGE('',*,*,#10465,.T.);
#7255=CARTESIAN_POINT('',(6.455537,1.0,0.50038));
#7256=DIRECTION('',(1.0,0.0,0.0));
#7257=DIRECTION('',(0.0,0.0,-1.0));
#7258=SURFACE_STYLE_FILL_AREA(#10466);
#7259=ORIENTED_EDGE('',*,*,#10467,.T.);
#7260=ORIENTED_EDGE('',*,*,#10464,.T.);
#7261=ORIENTED_EDGE('',*,*,#10468,.T.);
#7262=ORIENTED_EDGE('',*,*,#10469,.F.);
#7263=CARTESIAN_POINT('',(6.392037,2.0574,-0.82982));
#7264=DIRECTION('',(0.707106781186548,0.707106781186548,8.65927457071936E-17));
#7265=DIRECTION('',(-0.707106781186548,0.707106781186548,-8.65927457071936E-17));
#7266=SURFACE_STYLE_FILL_AREA(#10470);
#7267=ORIENTED_EDGE('',*,*,#10468,.F.);
#7268=ORIENTED_EDGE('',*,*,#10460,.T.);
#7269=ORIENTED_EDGE('',*,*,#10471,.T.);
#7270=ORIENTED_EDGE('',*,*,#10472,.F.);
#7271=CARTESIAN_POINT('',(7.988937,2.0574,0.23368));
#7272=DIRECTION('',(-4.32963728535968E-17,0.707106781186548,0.707106781186548));
#7273=DIRECTION('',(4.32963728535968E-17,0.707106781186548,-0.707106781186548));
#7274=SURFACE_STYLE_FILL_AREA(#10473);
#7275=ORIENTED_EDGE('',*,*,#10471,.F.);
#7276=ORIENTED_EDGE('',*,*,#10474,.T.);
#7277=ORIENTED_EDGE('',*,*,#10475,.T.);
#7278=ORIENTED_EDGE('',*,*,#10476,.F.);
#7279=CARTESIAN_POINT('',(6.925437,2.0574,1.83058));
#7280=DIRECTION('',(-0.707106781186548,0.707106781186548,-6.16297582203915E-33));
#7281=DIRECTION('',(0.707106781186548,0.707106781186548,-6.16297582203915E-33));
#7282=SURFACE_STYLE_FILL_AREA(#10477);
#7283=ORIENTED_EDGE('',*,*,#10467,.F.);
#7284=ORIENTED_EDGE('',*,*,#10478,.F.);
#7285=ORIENTED_EDGE('',*,*,#10475,.F.);
#7286=ORIENTED_EDGE('',*,*,#10479,.T.);
#7287=CARTESIAN_POINT('',(5.328537,2.0574,0.76708));
#7288=DIRECTION('',(-4.32963728535968E-17,0.707106781186548,-0.707106781186548));
#7289=DIRECTION('',(4.32963728535968E-17,0.707106781186548,0.707106781186548));
#7290=SURFACE_STYLE_FILL_AREA(#10480);
#7291=ORIENTED_EDGE('',*,*,#10481,.F.);
#7292=ORIENTED_EDGE('',*,*,#10465,.F.);
#7293=ORIENTED_EDGE('',*,*,#10479,.F.);
#7294=ORIENTED_EDGE('',*,*,#10482,.F.);
#7295=CARTESIAN_POINT('',(6.658737,1.0,0.70358));
#7296=DIRECTION('',(0.0,0.0,1.0));
#7297=DIRECTION('',(1.0,0.0,0.0));
#7298=SURFACE_STYLE_FILL_AREA(#10483);
#7299=ORIENTED_EDGE('',*,*,#10484,.F.);
#7300=ORIENTED_EDGE('',*,*,#10482,.T.);
#7301=ORIENTED_EDGE('',*,*,#10474,.F.);
#7302=ORIENTED_EDGE('',*,*,#10459,.T.);
#7303=CARTESIAN_POINT('',(6.861937,1.0,0.50038));
#7304=DIRECTION('',(-1.0,0.0,0.0));
#7305=DIRECTION('',(0.0,0.0,1.0));
#7306=SURFACE_STYLE_FILL_AREA(#10485);
#7307=ORIENTED_EDGE('',*,*,#9351,.F.);
#7308=ORIENTED_EDGE('',*,*,#10486,.F.);
#7309=ORIENTED_EDGE('',*,*,#10487,.F.);
#7310=ORIENTED_EDGE('',*,*,#10488,.F.);
#7311=CARTESIAN_POINT('',(6.658737,1.0,-0.70358));
#7312=DIRECTION('',(0.0,0.0,1.0));
#7313=DIRECTION('',(1.0,0.0,0.0));
#7314=SURFACE_STYLE_FILL_AREA(#10489);
#7315=ORIENTED_EDGE('',*,*,#9352,.F.);
#7316=ORIENTED_EDGE('',*,*,#10488,.T.);
#7317=ORIENTED_EDGE('',*,*,#10490,.F.);
#7318=ORIENTED_EDGE('',*,*,#10491,.T.);
#7319=CARTESIAN_POINT('',(6.455537,1.0,-0.50038));
#7320=DIRECTION('',(1.0,0.0,0.0));
#7321=DIRECTION('',(0.0,0.0,-1.0));
#7322=SURFACE_STYLE_FILL_AREA(#10492);
#7323=ORIENTED_EDGE('',*,*,#10493,.T.);
#7324=ORIENTED_EDGE('',*,*,#10490,.T.);
#7325=ORIENTED_EDGE('',*,*,#10494,.T.);
#7326=ORIENTED_EDGE('',*,*,#10495,.F.);
#7327=CARTESIAN_POINT('',(6.392037,2.0574,-1.83058));
#7328=DIRECTION('',(0.707106781186548,0.707106781186548,8.65927457071936E-17));
#7329=DIRECTION('',(-0.707106781186548,0.707106781186548,-8.65927457071936E-17));
#7330=SURFACE_STYLE_FILL_AREA(#10496);
#7331=ORIENTED_EDGE('',*,*,#10494,.F.);
#7332=ORIENTED_EDGE('',*,*,#10487,.T.);
#7333=ORIENTED_EDGE('',*,*,#10497,.T.);
#7334=ORIENTED_EDGE('',*,*,#10498,.F.);
#7335=CARTESIAN_POINT('',(7.988937,2.0574,-0.76708));
#7336=DIRECTION('',(-4.32963728535968E-17,0.707106781186548,0.707106781186548));
#7337=DIRECTION('',(4.32963728535968E-17,0.707106781186548,-0.707106781186548));
#7338=SURFACE_STYLE_FILL_AREA(#10499);
#7339=ORIENTED_EDGE('',*,*,#10497,.F.);
#7340=ORIENTED_EDGE('',*,*,#10500,.T.);
#7341=ORIENTED_EDGE('',*,*,#10501,.T.);
#7342=ORIENTED_EDGE('',*,*,#10502,.F.);
#7343=CARTESIAN_POINT('',(6.925437,2.0574,0.82982));
#7344=DIRECTION('',(-0.707106781186548,0.707106781186548,-6.16297582203915E-33));
#7345=DIRECTION('',(0.707106781186548,0.707106781186548,-6.16297582203915E-33));
#7346=SURFACE_STYLE_FILL_AREA(#10503);
#7347=ORIENTED_EDGE('',*,*,#10493,.F.);
#7348=ORIENTED_EDGE('',*,*,#10504,.F.);
#7349=ORIENTED_EDGE('',*,*,#10501,.F.);
#7350=ORIENTED_EDGE('',*,*,#10505,.T.);
#7351=CARTESIAN_POINT('',(5.328537,2.0574,-0.23368));
#7352=DIRECTION('',(-4.32963728535968E-17,0.707106781186548,-0.707106781186548));
#7353=DIRECTION('',(4.32963728535968E-17,0.707106781186548,0.707106781186548));
#7354=SURFACE_STYLE_FILL_AREA(#10506);
#7355=ORIENTED_EDGE('',*,*,#9349,.F.);
#7356=ORIENTED_EDGE('',*,*,#10491,.F.);
#7357=ORIENTED_EDGE('',*,*,#10505,.F.);
#7358=ORIENTED_EDGE('',*,*,#10507,.F.);
#7359=CARTESIAN_POINT('',(6.658737,1.0,-0.29718));
#7360=DIRECTION('',(0.0,0.0,1.0));
#7361=DIRECTION('',(1.0,0.0,0.0));
#7362=SURFACE_STYLE_FILL_AREA(#10508);
#7363=ORIENTED_EDGE('',*,*,#9350,.F.);
#7364=ORIENTED_EDGE('',*,*,#10507,.T.);
#7365=ORIENTED_EDGE('',*,*,#10500,.F.);
#7366=ORIENTED_EDGE('',*,*,#10486,.T.);
#7367=CARTESIAN_POINT('',(6.861937,1.0,-0.50038));
#7368=DIRECTION('',(-1.0,0.0,0.0));
#7369=DIRECTION('',(0.0,0.0,1.0));
#7370=SURFACE_STYLE_FILL_AREA(#10509);
#7371=ORIENTED_EDGE('',*,*,#10510,.F.);
#7372=ORIENTED_EDGE('',*,*,#10511,.F.);
#7373=ORIENTED_EDGE('',*,*,#10512,.F.);
#7374=ORIENTED_EDGE('',*,*,#10513,.F.);
#7375=CARTESIAN_POINT('',(5.658739,1.0,0.29718));
#7376=DIRECTION('',(0.0,0.0,1.0));
#7377=DIRECTION('',(1.0,0.0,0.0));
#7378=SURFACE_STYLE_FILL_AREA(#10514);
#7379=ORIENTED_EDGE('',*,*,#10515,.F.);
#7380=ORIENTED_EDGE('',*,*,#10513,.T.);
#7381=ORIENTED_EDGE('',*,*,#10516,.F.);
#7382=ORIENTED_EDGE('',*,*,#10517,.T.);
#7383=CARTESIAN_POINT('',(5.455539,1.0,0.50038));
#7384=DIRECTION('',(1.0,0.0,0.0));
#7385=DIRECTION('',(0.0,0.0,-1.0));
#7386=SURFACE_STYLE_FILL_AREA(#10518);
#7387=ORIENTED_EDGE('',*,*,#10519,.T.);
#7388=ORIENTED_EDGE('',*,*,#10516,.T.);
#7389=ORIENTED_EDGE('',*,*,#10520,.T.);
#7390=ORIENTED_EDGE('',*,*,#10521,.F.);
#7391=CARTESIAN_POINT('',(5.392039,2.0574,-0.82982));
#7392=DIRECTION('',(0.707106781186548,0.707106781186548,8.65927457071936E-17));
#7393=DIRECTION('',(-0.707106781186548,0.707106781186548,-8.65927457071936E-17));
#7394=SURFACE_STYLE_FILL_AREA(#10522);
#7395=ORIENTED_EDGE('',*,*,#10520,.F.);
#7396=ORIENTED_EDGE('',*,*,#10512,.T.);
#7397=ORIENTED_EDGE('',*,*,#10523,.T.);
#7398=ORIENTED_EDGE('',*,*,#10524,.F.);
#7399=CARTESIAN_POINT('',(6.988939,2.0574,0.23368));
#7400=DIRECTION('',(-4.32963728535968E-17,0.707106781186548,0.707106781186548));
#7401=DIRECTION('',(4.32963728535968E-17,0.707106781186548,-0.707106781186548));
#7402=SURFACE_STYLE_FILL_AREA(#10525);
#7403=ORIENTED_EDGE('',*,*,#10523,.F.);
#7404=ORIENTED_EDGE('',*,*,#10526,.T.);
#7405=ORIENTED_EDGE('',*,*,#10527,.T.);
#7406=ORIENTED_EDGE('',*,*,#10528,.F.);
#7407=CARTESIAN_POINT('',(5.925439,2.0574,1.83058));
#7408=DIRECTION('',(-0.707106781186548,0.707106781186548,-6.16297582203915E-33));
#7409=DIRECTION('',(0.707106781186548,0.707106781186548,-6.16297582203915E-33));
#7410=SURFACE_STYLE_FILL_AREA(#10529);
#7411=ORIENTED_EDGE('',*,*,#10519,.F.);
#7412=ORIENTED_EDGE('',*,*,#10530,.F.);
#7413=ORIENTED_EDGE('',*,*,#10527,.F.);
#7414=ORIENTED_EDGE('',*,*,#10531,.T.);
#7415=CARTESIAN_POINT('',(4.328539,2.0574,0.76708));
#7416=DIRECTION('',(-4.32963728535968E-17,0.707106781186548,-0.707106781186548));
#7417=DIRECTION('',(4.32963728535968E-17,0.707106781186548,0.707106781186548));
#7418=SURFACE_STYLE_FILL_AREA(#10532);
#7419=ORIENTED_EDGE('',*,*,#10533,.F.);
#7420=ORIENTED_EDGE('',*,*,#10517,.F.);
#7421=ORIENTED_EDGE('',*,*,#10531,.F.);
#7422=ORIENTED_EDGE('',*,*,#10534,.F.);
#7423=CARTESIAN_POINT('',(5.658739,1.0,0.70358));
#7424=DIRECTION('',(0.0,0.0,1.0));
#7425=DIRECTION('',(1.0,0.0,0.0));
#7426=SURFACE_STYLE_FILL_AREA(#10535);
#7427=ORIENTED_EDGE('',*,*,#10536,.F.);
#7428=ORIENTED_EDGE('',*,*,#10534,.T.);
#7429=ORIENTED_EDGE('',*,*,#10526,.F.);
#7430=ORIENTED_EDGE('',*,*,#10511,.T.);
#7431=CARTESIAN_POINT('',(5.861939,1.0,0.50038));
#7432=DIRECTION('',(-1.0,0.0,0.0));
#7433=DIRECTION('',(0.0,0.0,1.0));
#7434=SURFACE_STYLE_FILL_AREA(#10537);
#7435=ORIENTED_EDGE('',*,*,#9410,.F.);
#7436=ORIENTED_EDGE('',*,*,#10538,.F.);
#7437=ORIENTED_EDGE('',*,*,#10539,.F.);
#7438=ORIENTED_EDGE('',*,*,#10540,.F.);
#7439=CARTESIAN_POINT('',(5.658739,1.0,-0.70358));
#7440=DIRECTION('',(0.0,0.0,1.0));
#7441=DIRECTION('',(1.0,0.0,0.0));
#7442=SURFACE_STYLE_FILL_AREA(#10541);
#7443=ORIENTED_EDGE('',*,*,#9411,.F.);
#7444=ORIENTED_EDGE('',*,*,#10540,.T.);
#7445=ORIENTED_EDGE('',*,*,#10542,.F.);
#7446=ORIENTED_EDGE('',*,*,#10543,.T.);
#7447=CARTESIAN_POINT('',(5.455539,1.0,-0.50038));
#7448=DIRECTION('',(1.0,0.0,0.0));
#7449=DIRECTION('',(0.0,0.0,-1.0));
#7450=SURFACE_STYLE_FILL_AREA(#10544);
#7451=ORIENTED_EDGE('',*,*,#10545,.T.);
#7452=ORIENTED_EDGE('',*,*,#10542,.T.);
#7453=ORIENTED_EDGE('',*,*,#10546,.T.);
#7454=ORIENTED_EDGE('',*,*,#10547,.F.);
#7455=CARTESIAN_POINT('',(5.392039,2.0574,-1.83058));
#7456=DIRECTION('',(0.707106781186548,0.707106781186548,8.65927457071936E-17));
#7457=DIRECTION('',(-0.707106781186548,0.707106781186548,-8.65927457071936E-17));
#7458=SURFACE_STYLE_FILL_AREA(#10548);
#7459=ORIENTED_EDGE('',*,*,#10546,.F.);
#7460=ORIENTED_EDGE('',*,*,#10539,.T.);
#7461=ORIENTED_EDGE('',*,*,#10549,.T.);
#7462=ORIENTED_EDGE('',*,*,#10550,.F.);
#7463=CARTESIAN_POINT('',(6.988939,2.0574,-0.76708));
#7464=DIRECTION('',(-4.32963728535968E-17,0.707106781186548,0.707106781186548));
#7465=DIRECTION('',(4.32963728535968E-17,0.707106781186548,-0.707106781186548));
#7466=SURFACE_STYLE_FILL_AREA(#10551);
#7467=ORIENTED_EDGE('',*,*,#10549,.F.);
#7468=ORIENTED_EDGE('',*,*,#10552,.T.);
#7469=ORIENTED_EDGE('',*,*,#10553,.T.);
#7470=ORIENTED_EDGE('',*,*,#10554,.F.);
#7471=CARTESIAN_POINT('',(5.925439,2.0574,0.82982));
#7472=DIRECTION('',(-0.707106781186548,0.707106781186548,-6.16297582203915E-33));
#7473=DIRECTION('',(0.707106781186548,0.707106781186548,-6.16297582203915E-33));
#7474=SURFACE_STYLE_FILL_AREA(#10555);
#7475=ORIENTED_EDGE('',*,*,#10545,.F.);
#7476=ORIENTED_EDGE('',*,*,#10556,.F.);
#7477=ORIENTED_EDGE('',*,*,#10553,.F.);
#7478=ORIENTED_EDGE('',*,*,#10557,.T.);
#7479=CARTESIAN_POINT('',(4.328539,2.0574,-0.23368));
#7480=DIRECTION('',(-4.32963728535968E-17,0.707106781186548,-0.707106781186548));
#7481=DIRECTION('',(4.32963728535968E-17,0.707106781186548,0.707106781186548));
#7482=SURFACE_STYLE_FILL_AREA(#10558);
#7483=ORIENTED_EDGE('',*,*,#9408,.F.);
#7484=ORIENTED_EDGE('',*,*,#10543,.F.);
#7485=ORIENTED_EDGE('',*,*,#10557,.F.);
#7486=ORIENTED_EDGE('',*,*,#10559,.F.);
#7487=CARTESIAN_POINT('',(5.658739,1.0,-0.29718));
#7488=DIRECTION('',(0.0,0.0,1.0));
#7489=DIRECTION('',(1.0,0.0,0.0));
#7490=SURFACE_STYLE_FILL_AREA(#10560);
#7491=ORIENTED_EDGE('',*,*,#9409,.F.);
#7492=ORIENTED_EDGE('',*,*,#10559,.T.);
#7493=ORIENTED_EDGE('',*,*,#10552,.F.);
#7494=ORIENTED_EDGE('',*,*,#10538,.T.);
#7495=CARTESIAN_POINT('',(5.861939,1.0,-0.50038));
#7496=DIRECTION('',(-1.0,0.0,0.0));
#7497=DIRECTION('',(0.0,0.0,1.0));
#7498=SURFACE_STYLE_FILL_AREA(#10561);
#7499=ORIENTED_EDGE('',*,*,#10562,.F.);
#7500=ORIENTED_EDGE('',*,*,#10563,.F.);
#7501=ORIENTED_EDGE('',*,*,#10564,.F.);
#7502=ORIENTED_EDGE('',*,*,#10565,.F.);
#7503=CARTESIAN_POINT('',(4.658741,1.0,0.29718));
#7504=DIRECTION('',(0.0,0.0,1.0));
#7505=DIRECTION('',(1.0,0.0,0.0));
#7506=SURFACE_STYLE_FILL_AREA(#10566);
#7507=ORIENTED_EDGE('',*,*,#10567,.F.);
#7508=ORIENTED_EDGE('',*,*,#10565,.T.);
#7509=ORIENTED_EDGE('',*,*,#10568,.F.);
#7510=ORIENTED_EDGE('',*,*,#10569,.T.);
#7511=CARTESIAN_POINT('',(4.455541,1.0,0.50038));
#7512=DIRECTION('',(1.0,0.0,0.0));
#7513=DIRECTION('',(0.0,0.0,-1.0));
#7514=SURFACE_STYLE_FILL_AREA(#10570);
#7515=ORIENTED_EDGE('',*,*,#10571,.T.);
#7516=ORIENTED_EDGE('',*,*,#10568,.T.);
#7517=ORIENTED_EDGE('',*,*,#10572,.T.);
#7518=ORIENTED_EDGE('',*,*,#10573,.F.);
#7519=CARTESIAN_POINT('',(4.392041,2.0574,-0.82982));
#7520=DIRECTION('',(0.707106781186548,0.707106781186548,8.65927457071936E-17));
#7521=DIRECTION('',(-0.707106781186548,0.707106781186548,-8.65927457071936E-17));
#7522=SURFACE_STYLE_FILL_AREA(#10574);
#7523=ORIENTED_EDGE('',*,*,#10572,.F.);
#7524=ORIENTED_EDGE('',*,*,#10564,.T.);
#7525=ORIENTED_EDGE('',*,*,#10575,.T.);
#7526=ORIENTED_EDGE('',*,*,#10576,.F.);
#7527=CARTESIAN_POINT('',(5.988941,2.0574,0.23368));
#7528=DIRECTION('',(-4.32963728535968E-17,0.707106781186548,0.707106781186548));
#7529=DIRECTION('',(4.32963728535968E-17,0.707106781186548,-0.707106781186548));
#7530=SURFACE_STYLE_FILL_AREA(#10577);
#7531=ORIENTED_EDGE('',*,*,#10575,.F.);
#7532=ORIENTED_EDGE('',*,*,#10578,.T.);
#7533=ORIENTED_EDGE('',*,*,#10579,.T.);
#7534=ORIENTED_EDGE('',*,*,#10580,.F.);
#7535=CARTESIAN_POINT('',(4.925441,2.0574,1.83058));
#7536=DIRECTION('',(-0.707106781186548,0.707106781186548,-6.16297582203915E-33));
#7537=DIRECTION('',(0.707106781186548,0.707106781186548,-6.16297582203915E-33));
#7538=SURFACE_STYLE_FILL_AREA(#10581);
#7539=ORIENTED_EDGE('',*,*,#10571,.F.);
#7540=ORIENTED_EDGE('',*,*,#10582,.F.);
#7541=ORIENTED_EDGE('',*,*,#10579,.F.);
#7542=ORIENTED_EDGE('',*,*,#10583,.T.);
#7543=CARTESIAN_POINT('',(3.328541,2.0574,0.76708));
#7544=DIRECTION('',(-4.32963728535968E-17,0.707106781186548,-0.707106781186548));
#7545=DIRECTION('',(4.32963728535968E-17,0.707106781186548,0.707106781186548));
#7546=SURFACE_STYLE_FILL_AREA(#10584);
#7547=ORIENTED_EDGE('',*,*,#10585,.F.);
#7548=ORIENTED_EDGE('',*,*,#10569,.F.);
#7549=ORIENTED_EDGE('',*,*,#10583,.F.);
#7550=ORIENTED_EDGE('',*,*,#10586,.F.);
#7551=CARTESIAN_POINT('',(4.658741,1.0,0.70358));
#7552=DIRECTION('',(0.0,0.0,1.0));
#7553=DIRECTION('',(1.0,0.0,0.0));
#7554=SURFACE_STYLE_FILL_AREA(#10587);
#7555=ORIENTED_EDGE('',*,*,#10588,.F.);
#7556=ORIENTED_EDGE('',*,*,#10586,.T.);
#7557=ORIENTED_EDGE('',*,*,#10578,.F.);
#7558=ORIENTED_EDGE('',*,*,#10563,.T.);
#7559=CARTESIAN_POINT('',(4.861941,1.0,0.50038));
#7560=DIRECTION('',(-1.0,0.0,0.0));
#7561=DIRECTION('',(0.0,0.0,1.0));
#7562=SURFACE_STYLE_FILL_AREA(#10589);
#7563=ORIENTED_EDGE('',*,*,#9469,.F.);
#7564=ORIENTED_EDGE('',*,*,#10590,.F.);
#7565=ORIENTED_EDGE('',*,*,#10591,.F.);
#7566=ORIENTED_EDGE('',*,*,#10592,.F.);
#7567=CARTESIAN_POINT('',(4.658741,1.0,-0.70358));
#7568=DIRECTION('',(0.0,0.0,1.0));
#7569=DIRECTION('',(1.0,0.0,0.0));
#7570=SURFACE_STYLE_FILL_AREA(#10593);
#7571=ORIENTED_EDGE('',*,*,#9470,.F.);
#7572=ORIENTED_EDGE('',*,*,#10592,.T.);
#7573=ORIENTED_EDGE('',*,*,#10594,.F.);
#7574=ORIENTED_EDGE('',*,*,#10595,.T.);
#7575=CARTESIAN_POINT('',(4.455541,1.0,-0.50038));
#7576=DIRECTION('',(1.0,0.0,0.0));
#7577=DIRECTION('',(0.0,0.0,-1.0));
#7578=SURFACE_STYLE_FILL_AREA(#10596);
#7579=ORIENTED_EDGE('',*,*,#10597,.T.);
#7580=ORIENTED_EDGE('',*,*,#10594,.T.);
#7581=ORIENTED_EDGE('',*,*,#10598,.T.);
#7582=ORIENTED_EDGE('',*,*,#10599,.F.);
#7583=CARTESIAN_POINT('',(4.392041,2.0574,-1.83058));
#7584=DIRECTION('',(0.707106781186548,0.707106781186548,8.65927457071936E-17));
#7585=DIRECTION('',(-0.707106781186548,0.707106781186548,-8.65927457071936E-17));
#7586=SURFACE_STYLE_FILL_AREA(#10600);
#7587=ORIENTED_EDGE('',*,*,#10598,.F.);
#7588=ORIENTED_EDGE('',*,*,#10591,.T.);
#7589=ORIENTED_EDGE('',*,*,#10601,.T.);
#7590=ORIENTED_EDGE('',*,*,#10602,.F.);
#7591=CARTESIAN_POINT('',(5.988941,2.0574,-0.76708));
#7592=DIRECTION('',(-4.32963728535968E-17,0.707106781186548,0.707106781186548));
#7593=DIRECTION('',(4.32963728535968E-17,0.707106781186548,-0.707106781186548));
#7594=SURFACE_STYLE_FILL_AREA(#10603);
#7595=ORIENTED_EDGE('',*,*,#10601,.F.);
#7596=ORIENTED_EDGE('',*,*,#10604,.T.);
#7597=ORIENTED_EDGE('',*,*,#10605,.T.);
#7598=ORIENTED_EDGE('',*,*,#10606,.F.);
#7599=CARTESIAN_POINT('',(4.925441,2.0574,0.82982));
#7600=DIRECTION('',(-0.707106781186548,0.707106781186548,-6.16297582203915E-33));
#7601=DIRECTION('',(0.707106781186548,0.707106781186548,-6.16297582203915E-33));
#7602=SURFACE_STYLE_FILL_AREA(#10607);
#7603=ORIENTED_EDGE('',*,*,#10597,.F.);
#7604=ORIENTED_EDGE('',*,*,#10608,.F.);
#7605=ORIENTED_EDGE('',*,*,#10605,.F.);
#7606=ORIENTED_EDGE('',*,*,#10609,.T.);
#7607=CARTESIAN_POINT('',(3.328541,2.0574,-0.23368));
#7608=DIRECTION('',(-4.32963728535968E-17,0.707106781186548,-0.707106781186548));
#7609=DIRECTION('',(4.32963728535968E-17,0.707106781186548,0.707106781186548));
#7610=SURFACE_STYLE_FILL_AREA(#10610);
#7611=ORIENTED_EDGE('',*,*,#9467,.F.);
#7612=ORIENTED_EDGE('',*,*,#10595,.F.);
#7613=ORIENTED_EDGE('',*,*,#10609,.F.);
#7614=ORIENTED_EDGE('',*,*,#10611,.F.);
#7615=CARTESIAN_POINT('',(4.658741,1.0,-0.29718));
#7616=DIRECTION('',(0.0,0.0,1.0));
#7617=DIRECTION('',(1.0,0.0,0.0));
#7618=SURFACE_STYLE_FILL_AREA(#10612);
#7619=ORIENTED_EDGE('',*,*,#9468,.F.);
#7620=ORIENTED_EDGE('',*,*,#10611,.T.);
#7621=ORIENTED_EDGE('',*,*,#10604,.F.);
#7622=ORIENTED_EDGE('',*,*,#10590,.T.);
#7623=CARTESIAN_POINT('',(4.861941,1.0,-0.50038));
#7624=DIRECTION('',(-1.0,0.0,0.0));
#7625=DIRECTION('',(0.0,0.0,1.0));
#7626=SURFACE_STYLE_FILL_AREA(#10613);
#7627=ORIENTED_EDGE('',*,*,#10614,.F.);
#7628=ORIENTED_EDGE('',*,*,#10615,.F.);
#7629=ORIENTED_EDGE('',*,*,#10616,.F.);
#7630=ORIENTED_EDGE('',*,*,#10617,.F.);
#7631=CARTESIAN_POINT('',(3.658743,1.0,0.29718));
#7632=DIRECTION('',(0.0,0.0,1.0));
#7633=DIRECTION('',(1.0,0.0,0.0));
#7634=SURFACE_STYLE_FILL_AREA(#10618);
#7635=ORIENTED_EDGE('',*,*,#10619,.F.);
#7636=ORIENTED_EDGE('',*,*,#10617,.T.);
#7637=ORIENTED_EDGE('',*,*,#10620,.F.);
#7638=ORIENTED_EDGE('',*,*,#10621,.T.);
#7639=CARTESIAN_POINT('',(3.455543,1.0,0.50038));
#7640=DIRECTION('',(1.0,0.0,0.0));
#7641=DIRECTION('',(0.0,0.0,-1.0));
#7642=SURFACE_STYLE_FILL_AREA(#10622);
#7643=ORIENTED_EDGE('',*,*,#10623,.T.);
#7644=ORIENTED_EDGE('',*,*,#10620,.T.);
#7645=ORIENTED_EDGE('',*,*,#10624,.T.);
#7646=ORIENTED_EDGE('',*,*,#10625,.F.);
#7647=CARTESIAN_POINT('',(3.392043,2.0574,-0.82982));
#7648=DIRECTION('',(0.707106781186548,0.707106781186548,8.65927457071936E-17));
#7649=DIRECTION('',(-0.707106781186548,0.707106781186548,-8.65927457071936E-17));
#7650=SURFACE_STYLE_FILL_AREA(#10626);
#7651=ORIENTED_EDGE('',*,*,#10624,.F.);
#7652=ORIENTED_EDGE('',*,*,#10616,.T.);
#7653=ORIENTED_EDGE('',*,*,#10627,.T.);
#7654=ORIENTED_EDGE('',*,*,#10628,.F.);
#7655=CARTESIAN_POINT('',(4.988943,2.0574,0.23368));
#7656=DIRECTION('',(-4.32963728535968E-17,0.707106781186548,0.707106781186548));
#7657=DIRECTION('',(4.32963728535968E-17,0.707106781186548,-0.707106781186548));
#7658=SURFACE_STYLE_FILL_AREA(#10629);
#7659=ORIENTED_EDGE('',*,*,#10627,.F.);
#7660=ORIENTED_EDGE('',*,*,#10630,.T.);
#7661=ORIENTED_EDGE('',*,*,#10631,.T.);
#7662=ORIENTED_EDGE('',*,*,#10632,.F.);
#7663=CARTESIAN_POINT('',(3.925443,2.0574,1.83058));
#7664=DIRECTION('',(-0.707106781186548,0.707106781186548,-6.16297582203915E-33));
#7665=DIRECTION('',(0.707106781186548,0.707106781186548,-6.16297582203915E-33));
#7666=SURFACE_STYLE_FILL_AREA(#10633);
#7667=ORIENTED_EDGE('',*,*,#10623,.F.);
#7668=ORIENTED_EDGE('',*,*,#10634,.F.);
#7669=ORIENTED_EDGE('',*,*,#10631,.F.);
#7670=ORIENTED_EDGE('',*,*,#10635,.T.);
#7671=CARTESIAN_POINT('',(2.328543,2.0574,0.76708));
#7672=DIRECTION('',(-4.32963728535968E-17,0.707106781186548,-0.707106781186548));
#7673=DIRECTION('',(4.32963728535968E-17,0.707106781186548,0.707106781186548));
#7674=SURFACE_STYLE_FILL_AREA(#10636);
#7675=ORIENTED_EDGE('',*,*,#10637,.F.);
#7676=ORIENTED_EDGE('',*,*,#10621,.F.);
#7677=ORIENTED_EDGE('',*,*,#10635,.F.);
#7678=ORIENTED_EDGE('',*,*,#10638,.F.);
#7679=CARTESIAN_POINT('',(3.658743,1.0,0.70358));
#7680=DIRECTION('',(0.0,0.0,1.0));
#7681=DIRECTION('',(1.0,0.0,0.0));
#7682=SURFACE_STYLE_FILL_AREA(#10639);
#7683=ORIENTED_EDGE('',*,*,#10640,.F.);
#7684=ORIENTED_EDGE('',*,*,#10638,.T.);
#7685=ORIENTED_EDGE('',*,*,#10630,.F.);
#7686=ORIENTED_EDGE('',*,*,#10615,.T.);
#7687=CARTESIAN_POINT('',(3.861943,1.0,0.50038));
#7688=DIRECTION('',(-1.0,0.0,0.0));
#7689=DIRECTION('',(0.0,0.0,1.0));
#7690=SURFACE_STYLE_FILL_AREA(#10641);
#7691=ORIENTED_EDGE('',*,*,#9528,.F.);
#7692=ORIENTED_EDGE('',*,*,#10642,.F.);
#7693=ORIENTED_EDGE('',*,*,#10643,.F.);
#7694=ORIENTED_EDGE('',*,*,#10644,.F.);
#7695=CARTESIAN_POINT('',(3.658743,1.0,-0.70358));
#7696=DIRECTION('',(0.0,0.0,1.0));
#7697=DIRECTION('',(1.0,0.0,0.0));
#7698=SURFACE_STYLE_FILL_AREA(#10645);
#7699=ORIENTED_EDGE('',*,*,#9529,.F.);
#7700=ORIENTED_EDGE('',*,*,#10644,.T.);
#7701=ORIENTED_EDGE('',*,*,#10646,.F.);
#7702=ORIENTED_EDGE('',*,*,#10647,.T.);
#7703=CARTESIAN_POINT('',(3.455543,1.0,-0.50038));
#7704=DIRECTION('',(1.0,0.0,0.0));
#7705=DIRECTION('',(0.0,0.0,-1.0));
#7706=SURFACE_STYLE_FILL_AREA(#10648);
#7707=ORIENTED_EDGE('',*,*,#10649,.T.);
#7708=ORIENTED_EDGE('',*,*,#10646,.T.);
#7709=ORIENTED_EDGE('',*,*,#10650,.T.);
#7710=ORIENTED_EDGE('',*,*,#10651,.F.);
#7711=CARTESIAN_POINT('',(3.392043,2.0574,-1.83058));
#7712=DIRECTION('',(0.707106781186548,0.707106781186548,8.65927457071936E-17));
#7713=DIRECTION('',(-0.707106781186548,0.707106781186548,-8.65927457071936E-17));
#7714=SURFACE_STYLE_FILL_AREA(#10652);
#7715=ORIENTED_EDGE('',*,*,#10650,.F.);
#7716=ORIENTED_EDGE('',*,*,#10643,.T.);
#7717=ORIENTED_EDGE('',*,*,#10653,.T.);
#7718=ORIENTED_EDGE('',*,*,#10654,.F.);
#7719=CARTESIAN_POINT('',(4.988943,2.0574,-0.76708));
#7720=DIRECTION('',(-4.32963728535968E-17,0.707106781186548,0.707106781186548));
#7721=DIRECTION('',(4.32963728535968E-17,0.707106781186548,-0.707106781186548));
#7722=SURFACE_STYLE_FILL_AREA(#10655);
#7723=ORIENTED_EDGE('',*,*,#10653,.F.);
#7724=ORIENTED_EDGE('',*,*,#10656,.T.);
#7725=ORIENTED_EDGE('',*,*,#10657,.T.);
#7726=ORIENTED_EDGE('',*,*,#10658,.F.);
#7727=CARTESIAN_POINT('',(3.925443,2.0574,0.82982));
#7728=DIRECTION('',(-0.707106781186548,0.707106781186548,-6.16297582203915E-33));
#7729=DIRECTION('',(0.707106781186548,0.707106781186548,-6.16297582203915E-33));
#7730=SURFACE_STYLE_FILL_AREA(#10659);
#7731=ORIENTED_EDGE('',*,*,#10649,.F.);
#7732=ORIENTED_EDGE('',*,*,#10660,.F.);
#7733=ORIENTED_EDGE('',*,*,#10657,.F.);
#7734=ORIENTED_EDGE('',*,*,#10661,.T.);
#7735=CARTESIAN_POINT('',(2.328543,2.0574,-0.23368));
#7736=DIRECTION('',(-4.32963728535968E-17,0.707106781186548,-0.707106781186548));
#7737=DIRECTION('',(4.32963728535968E-17,0.707106781186548,0.707106781186548));
#7738=SURFACE_STYLE_FILL_AREA(#10662);
#7739=ORIENTED_EDGE('',*,*,#9526,.F.);
#7740=ORIENTED_EDGE('',*,*,#10647,.F.);
#7741=ORIENTED_EDGE('',*,*,#10661,.F.);
#7742=ORIENTED_EDGE('',*,*,#10663,.F.);
#7743=CARTESIAN_POINT('',(3.658743,1.0,-0.29718));
#7744=DIRECTION('',(0.0,0.0,1.0));
#7745=DIRECTION('',(1.0,0.0,0.0));
#7746=SURFACE_STYLE_FILL_AREA(#10664);
#7747=ORIENTED_EDGE('',*,*,#9527,.F.);
#7748=ORIENTED_EDGE('',*,*,#10663,.T.);
#7749=ORIENTED_EDGE('',*,*,#10656,.F.);
#7750=ORIENTED_EDGE('',*,*,#10642,.T.);
#7751=CARTESIAN_POINT('',(3.861943,1.0,-0.50038));
#7752=DIRECTION('',(-1.0,0.0,0.0));
#7753=DIRECTION('',(0.0,0.0,1.0));
#7754=SURFACE_STYLE_FILL_AREA(#10665);
#7755=ORIENTED_EDGE('',*,*,#10666,.F.);
#7756=ORIENTED_EDGE('',*,*,#10667,.F.);
#7757=ORIENTED_EDGE('',*,*,#10668,.F.);
#7758=ORIENTED_EDGE('',*,*,#10669,.F.);
#7759=CARTESIAN_POINT('',(2.658745,1.0,0.29718));
#7760=DIRECTION('',(0.0,0.0,1.0));
#7761=DIRECTION('',(1.0,0.0,0.0));
#7762=SURFACE_STYLE_FILL_AREA(#10670);
#7763=ORIENTED_EDGE('',*,*,#10671,.F.);
#7764=ORIENTED_EDGE('',*,*,#10669,.T.);
#7765=ORIENTED_EDGE('',*,*,#10672,.F.);
#7766=ORIENTED_EDGE('',*,*,#10673,.T.);
#7767=CARTESIAN_POINT('',(2.455545,1.0,0.50038));
#7768=DIRECTION('',(1.0,0.0,0.0));
#7769=DIRECTION('',(0.0,0.0,-1.0));
#7770=SURFACE_STYLE_FILL_AREA(#10674);
#7771=ORIENTED_EDGE('',*,*,#10675,.T.);
#7772=ORIENTED_EDGE('',*,*,#10672,.T.);
#7773=ORIENTED_EDGE('',*,*,#10676,.T.);
#7774=ORIENTED_EDGE('',*,*,#10677,.F.);
#7775=CARTESIAN_POINT('',(2.392045,2.0574,-0.82982));
#7776=DIRECTION('',(0.707106781186548,0.707106781186548,8.65927457071936E-17));
#7777=DIRECTION('',(-0.707106781186548,0.707106781186548,-8.65927457071936E-17));
#7778=SURFACE_STYLE_FILL_AREA(#10678);
#7779=ORIENTED_EDGE('',*,*,#10676,.F.);
#7780=ORIENTED_EDGE('',*,*,#10668,.T.);
#7781=ORIENTED_EDGE('',*,*,#10679,.T.);
#7782=ORIENTED_EDGE('',*,*,#10680,.F.);
#7783=CARTESIAN_POINT('',(3.988945,2.0574,0.23368));
#7784=DIRECTION('',(-4.32963728535968E-17,0.707106781186548,0.707106781186548));
#7785=DIRECTION('',(4.32963728535968E-17,0.707106781186548,-0.707106781186548));
#7786=SURFACE_STYLE_FILL_AREA(#10681);
#7787=ORIENTED_EDGE('',*,*,#10679,.F.);
#7788=ORIENTED_EDGE('',*,*,#10682,.T.);
#7789=ORIENTED_EDGE('',*,*,#10683,.T.);
#7790=ORIENTED_EDGE('',*,*,#10684,.F.);
#7791=CARTESIAN_POINT('',(2.925445,2.0574,1.83058));
#7792=DIRECTION('',(-0.707106781186548,0.707106781186548,-6.16297582203915E-33));
#7793=DIRECTION('',(0.707106781186548,0.707106781186548,-6.16297582203915E-33));
#7794=SURFACE_STYLE_FILL_AREA(#10685);
#7795=ORIENTED_EDGE('',*,*,#10675,.F.);
#7796=ORIENTED_EDGE('',*,*,#10686,.F.);
#7797=ORIENTED_EDGE('',*,*,#10683,.F.);
#7798=ORIENTED_EDGE('',*,*,#10687,.T.);
#7799=CARTESIAN_POINT('',(1.328545,2.0574,0.76708));
#7800=DIRECTION('',(-4.32963728535968E-17,0.707106781186548,-0.707106781186548));
#7801=DIRECTION('',(4.32963728535968E-17,0.707106781186548,0.707106781186548));
#7802=SURFACE_STYLE_FILL_AREA(#10688);
#7803=ORIENTED_EDGE('',*,*,#10689,.F.);
#7804=ORIENTED_EDGE('',*,*,#10673,.F.);
#7805=ORIENTED_EDGE('',*,*,#10687,.F.);
#7806=ORIENTED_EDGE('',*,*,#10690,.F.);
#7807=CARTESIAN_POINT('',(2.658745,1.0,0.70358));
#7808=DIRECTION('',(0.0,0.0,1.0));
#7809=DIRECTION('',(1.0,0.0,0.0));
#7810=SURFACE_STYLE_FILL_AREA(#10691);
#7811=ORIENTED_EDGE('',*,*,#10692,.F.);
#7812=ORIENTED_EDGE('',*,*,#10690,.T.);
#7813=ORIENTED_EDGE('',*,*,#10682,.F.);
#7814=ORIENTED_EDGE('',*,*,#10667,.T.);
#7815=CARTESIAN_POINT('',(2.861945,1.0,0.50038));
#7816=DIRECTION('',(-1.0,0.0,0.0));
#7817=DIRECTION('',(0.0,0.0,1.0));
#7818=SURFACE_STYLE_FILL_AREA(#10693);
#7819=ORIENTED_EDGE('',*,*,#9587,.F.);
#7820=ORIENTED_EDGE('',*,*,#10694,.F.);
#7821=ORIENTED_EDGE('',*,*,#10695,.F.);
#7822=ORIENTED_EDGE('',*,*,#10696,.F.);
#7823=CARTESIAN_POINT('',(2.658745,1.0,-0.70358));
#7824=DIRECTION('',(0.0,0.0,1.0));
#7825=DIRECTION('',(1.0,0.0,0.0));
#7826=SURFACE_STYLE_FILL_AREA(#10697);
#7827=ORIENTED_EDGE('',*,*,#9588,.F.);
#7828=ORIENTED_EDGE('',*,*,#10696,.T.);
#7829=ORIENTED_EDGE('',*,*,#10698,.F.);
#7830=ORIENTED_EDGE('',*,*,#10699,.T.);
#7831=CARTESIAN_POINT('',(2.455545,1.0,-0.50038));
#7832=DIRECTION('',(1.0,0.0,0.0));
#7833=DIRECTION('',(0.0,0.0,-1.0));
#7834=SURFACE_STYLE_FILL_AREA(#10700);
#7835=ORIENTED_EDGE('',*,*,#10701,.T.);
#7836=ORIENTED_EDGE('',*,*,#10698,.T.);
#7837=ORIENTED_EDGE('',*,*,#10702,.T.);
#7838=ORIENTED_EDGE('',*,*,#10703,.F.);
#7839=CARTESIAN_POINT('',(2.392045,2.0574,-1.83058));
#7840=DIRECTION('',(0.707106781186548,0.707106781186548,8.65927457071936E-17));
#7841=DIRECTION('',(-0.707106781186548,0.707106781186548,-8.65927457071936E-17));
#7842=SURFACE_STYLE_FILL_AREA(#10704);
#7843=ORIENTED_EDGE('',*,*,#10702,.F.);
#7844=ORIENTED_EDGE('',*,*,#10695,.T.);
#7845=ORIENTED_EDGE('',*,*,#10705,.T.);
#7846=ORIENTED_EDGE('',*,*,#10706,.F.);
#7847=CARTESIAN_POINT('',(3.988945,2.0574,-0.76708));
#7848=DIRECTION('',(-4.32963728535968E-17,0.707106781186548,0.707106781186548));
#7849=DIRECTION('',(4.32963728535968E-17,0.707106781186548,-0.707106781186548));
#7850=SURFACE_STYLE_FILL_AREA(#10707);
#7851=ORIENTED_EDGE('',*,*,#10705,.F.);
#7852=ORIENTED_EDGE('',*,*,#10708,.T.);
#7853=ORIENTED_EDGE('',*,*,#10709,.T.);
#7854=ORIENTED_EDGE('',*,*,#10710,.F.);
#7855=CARTESIAN_POINT('',(2.925445,2.0574,0.82982));
#7856=DIRECTION('',(-0.707106781186548,0.707106781186548,-6.16297582203915E-33));
#7857=DIRECTION('',(0.707106781186548,0.707106781186548,-6.16297582203915E-33));
#7858=SURFACE_STYLE_FILL_AREA(#10711);
#7859=ORIENTED_EDGE('',*,*,#10701,.F.);
#7860=ORIENTED_EDGE('',*,*,#10712,.F.);
#7861=ORIENTED_EDGE('',*,*,#10709,.F.);
#7862=ORIENTED_EDGE('',*,*,#10713,.T.);
#7863=CARTESIAN_POINT('',(1.328545,2.0574,-0.23368));
#7864=DIRECTION('',(-4.32963728535968E-17,0.707106781186548,-0.707106781186548));
#7865=DIRECTION('',(4.32963728535968E-17,0.707106781186548,0.707106781186548));
#7866=SURFACE_STYLE_FILL_AREA(#10714);
#7867=ORIENTED_EDGE('',*,*,#9585,.F.);
#7868=ORIENTED_EDGE('',*,*,#10699,.F.);
#7869=ORIENTED_EDGE('',*,*,#10713,.F.);
#7870=ORIENTED_EDGE('',*,*,#10715,.F.);
#7871=CARTESIAN_POINT('',(2.658745,1.0,-0.29718));
#7872=DIRECTION('',(0.0,0.0,1.0));
#7873=DIRECTION('',(1.0,0.0,0.0));
#7874=SURFACE_STYLE_FILL_AREA(#10716);
#7875=ORIENTED_EDGE('',*,*,#9586,.F.);
#7876=ORIENTED_EDGE('',*,*,#10715,.T.);
#7877=ORIENTED_EDGE('',*,*,#10708,.F.);
#7878=ORIENTED_EDGE('',*,*,#10694,.T.);
#7879=CARTESIAN_POINT('',(2.861945,1.0,-0.50038));
#7880=DIRECTION('',(-1.0,0.0,0.0));
#7881=DIRECTION('',(0.0,0.0,1.0));
#7882=SURFACE_STYLE_FILL_AREA(#10717);
#7883=ORIENTED_EDGE('',*,*,#10718,.F.);
#7884=ORIENTED_EDGE('',*,*,#10719,.F.);
#7885=ORIENTED_EDGE('',*,*,#10720,.F.);
#7886=ORIENTED_EDGE('',*,*,#10721,.F.);
#7887=CARTESIAN_POINT('',(1.658747,1.0,0.29718));
#7888=DIRECTION('',(0.0,0.0,1.0));
#7889=DIRECTION('',(1.0,0.0,0.0));
#7890=SURFACE_STYLE_FILL_AREA(#10722);
#7891=ORIENTED_EDGE('',*,*,#10723,.F.);
#7892=ORIENTED_EDGE('',*,*,#10721,.T.);
#7893=ORIENTED_EDGE('',*,*,#10724,.F.);
#7894=ORIENTED_EDGE('',*,*,#10725,.T.);
#7895=CARTESIAN_POINT('',(1.455547,1.0,0.50038));
#7896=DIRECTION('',(1.0,0.0,0.0));
#7897=DIRECTION('',(0.0,0.0,-1.0));
#7898=SURFACE_STYLE_FILL_AREA(#10726);
#7899=ORIENTED_EDGE('',*,*,#10727,.T.);
#7900=ORIENTED_EDGE('',*,*,#10724,.T.);
#7901=ORIENTED_EDGE('',*,*,#10728,.T.);
#7902=ORIENTED_EDGE('',*,*,#10729,.F.);
#7903=CARTESIAN_POINT('',(1.392047,2.0574,-0.82982));
#7904=DIRECTION('',(0.707106781186548,0.707106781186548,8.65927457071936E-17));
#7905=DIRECTION('',(-0.707106781186548,0.707106781186548,-8.65927457071936E-17));
#7906=SURFACE_STYLE_FILL_AREA(#10730);
#7907=ORIENTED_EDGE('',*,*,#10728,.F.);
#7908=ORIENTED_EDGE('',*,*,#10720,.T.);
#7909=ORIENTED_EDGE('',*,*,#10731,.T.);
#7910=ORIENTED_EDGE('',*,*,#10732,.F.);
#7911=CARTESIAN_POINT('',(2.988947,2.0574,0.23368));
#7912=DIRECTION('',(-4.32963728535968E-17,0.707106781186548,0.707106781186548));
#7913=DIRECTION('',(4.32963728535968E-17,0.707106781186548,-0.707106781186548));
#7914=SURFACE_STYLE_FILL_AREA(#10733);
#7915=ORIENTED_EDGE('',*,*,#10731,.F.);
#7916=ORIENTED_EDGE('',*,*,#10734,.T.);
#7917=ORIENTED_EDGE('',*,*,#10735,.T.);
#7918=ORIENTED_EDGE('',*,*,#10736,.F.);
#7919=CARTESIAN_POINT('',(1.925447,2.0574,1.83058));
#7920=DIRECTION('',(-0.707106781186548,0.707106781186548,-6.16297582203915E-33));
#7921=DIRECTION('',(0.707106781186548,0.707106781186548,-6.16297582203915E-33));
#7922=SURFACE_STYLE_FILL_AREA(#10737);
#7923=ORIENTED_EDGE('',*,*,#10727,.F.);
#7924=ORIENTED_EDGE('',*,*,#10738,.F.);
#7925=ORIENTED_EDGE('',*,*,#10735,.F.);
#7926=ORIENTED_EDGE('',*,*,#10739,.T.);
#7927=CARTESIAN_POINT('',(0.328547,2.0574,0.76708));
#7928=DIRECTION('',(-4.32963728535968E-17,0.707106781186548,-0.707106781186548));
#7929=DIRECTION('',(4.32963728535968E-17,0.707106781186548,0.707106781186548));
#7930=SURFACE_STYLE_FILL_AREA(#10740);
#7931=ORIENTED_EDGE('',*,*,#10741,.F.);
#7932=ORIENTED_EDGE('',*,*,#10725,.F.);
#7933=ORIENTED_EDGE('',*,*,#10739,.F.);
#7934=ORIENTED_EDGE('',*,*,#10742,.F.);
#7935=CARTESIAN_POINT('',(1.658747,1.0,0.70358));
#7936=DIRECTION('',(0.0,0.0,1.0));
#7937=DIRECTION('',(1.0,0.0,0.0));
#7938=SURFACE_STYLE_FILL_AREA(#10743);
#7939=ORIENTED_EDGE('',*,*,#10744,.F.);
#7940=ORIENTED_EDGE('',*,*,#10742,.T.);
#7941=ORIENTED_EDGE('',*,*,#10734,.F.);
#7942=ORIENTED_EDGE('',*,*,#10719,.T.);
#7943=CARTESIAN_POINT('',(1.861947,1.0,0.50038));
#7944=DIRECTION('',(-1.0,0.0,0.0));
#7945=DIRECTION('',(0.0,0.0,1.0));
#7946=SURFACE_STYLE_FILL_AREA(#10745);
#7947=ORIENTED_EDGE('',*,*,#9646,.F.);
#7948=ORIENTED_EDGE('',*,*,#10746,.F.);
#7949=ORIENTED_EDGE('',*,*,#10747,.F.);
#7950=ORIENTED_EDGE('',*,*,#10748,.F.);
#7951=CARTESIAN_POINT('',(1.658747,1.0,-0.70358));
#7952=DIRECTION('',(0.0,0.0,1.0));
#7953=DIRECTION('',(1.0,0.0,0.0));
#7954=SURFACE_STYLE_FILL_AREA(#10749);
#7955=ORIENTED_EDGE('',*,*,#9647,.F.);
#7956=ORIENTED_EDGE('',*,*,#10748,.T.);
#7957=ORIENTED_EDGE('',*,*,#10750,.F.);
#7958=ORIENTED_EDGE('',*,*,#10751,.T.);
#7959=CARTESIAN_POINT('',(1.455547,1.0,-0.50038));
#7960=DIRECTION('',(1.0,0.0,0.0));
#7961=DIRECTION('',(0.0,0.0,-1.0));
#7962=SURFACE_STYLE_FILL_AREA(#10752);
#7963=ORIENTED_EDGE('',*,*,#10753,.T.);
#7964=ORIENTED_EDGE('',*,*,#10750,.T.);
#7965=ORIENTED_EDGE('',*,*,#10754,.T.);
#7966=ORIENTED_EDGE('',*,*,#10755,.F.);
#7967=CARTESIAN_POINT('',(1.392047,2.0574,-1.83058));
#7968=DIRECTION('',(0.707106781186548,0.707106781186548,8.65927457071936E-17));
#7969=DIRECTION('',(-0.707106781186548,0.707106781186548,-8.65927457071936E-17));
#7970=SURFACE_STYLE_FILL_AREA(#10756);
#7971=ORIENTED_EDGE('',*,*,#10754,.F.);
#7972=ORIENTED_EDGE('',*,*,#10747,.T.);
#7973=ORIENTED_EDGE('',*,*,#10757,.T.);
#7974=ORIENTED_EDGE('',*,*,#10758,.F.);
#7975=CARTESIAN_POINT('',(2.988947,2.0574,-0.76708));
#7976=DIRECTION('',(-4.32963728535968E-17,0.707106781186548,0.707106781186548));
#7977=DIRECTION('',(4.32963728535968E-17,0.707106781186548,-0.707106781186548));
#7978=SURFACE_STYLE_FILL_AREA(#10759);
#7979=ORIENTED_EDGE('',*,*,#10757,.F.);
#7980=ORIENTED_EDGE('',*,*,#10760,.T.);
#7981=ORIENTED_EDGE('',*,*,#10761,.T.);
#7982=ORIENTED_EDGE('',*,*,#10762,.F.);
#7983=CARTESIAN_POINT('',(1.925447,2.0574,0.82982));
#7984=DIRECTION('',(-0.707106781186548,0.707106781186548,-6.16297582203915E-33));
#7985=DIRECTION('',(0.707106781186548,0.707106781186548,-6.16297582203915E-33));
#7986=SURFACE_STYLE_FILL_AREA(#10763);
#7987=ORIENTED_EDGE('',*,*,#10753,.F.);
#7988=ORIENTED_EDGE('',*,*,#10764,.F.);
#7989=ORIENTED_EDGE('',*,*,#10761,.F.);
#7990=ORIENTED_EDGE('',*,*,#10765,.T.);
#7991=CARTESIAN_POINT('',(0.328547,2.0574,-0.23368));
#7992=DIRECTION('',(-4.32963728535968E-17,0.707106781186548,-0.707106781186548));
#7993=DIRECTION('',(4.32963728535968E-17,0.707106781186548,0.707106781186548));
#7994=SURFACE_STYLE_FILL_AREA(#10766);
#7995=ORIENTED_EDGE('',*,*,#9644,.F.);
#7996=ORIENTED_EDGE('',*,*,#10751,.F.);
#7997=ORIENTED_EDGE('',*,*,#10765,.F.);
#7998=ORIENTED_EDGE('',*,*,#10767,.F.);
#7999=CARTESIAN_POINT('',(1.658747,1.0,-0.29718));
#8000=DIRECTION('',(0.0,0.0,1.0));
#8001=DIRECTION('',(1.0,0.0,0.0));
#8002=SURFACE_STYLE_FILL_AREA(#10768);
#8003=ORIENTED_EDGE('',*,*,#9645,.F.);
#8004=ORIENTED_EDGE('',*,*,#10767,.T.);
#8005=ORIENTED_EDGE('',*,*,#10760,.F.);
#8006=ORIENTED_EDGE('',*,*,#10746,.T.);
#8007=CARTESIAN_POINT('',(1.861947,1.0,-0.50038));
#8008=DIRECTION('',(-1.0,0.0,0.0));
#8009=DIRECTION('',(0.0,0.0,1.0));
#8010=SURFACE_STYLE_FILL_AREA(#10769);
#8011=ORIENTED_EDGE('',*,*,#10299,.F.);
#8012=ORIENTED_EDGE('',*,*,#10770,.F.);
#8013=ORIENTED_EDGE('',*,*,#10771,.F.);
#8014=ORIENTED_EDGE('',*,*,#10772,.F.);
#8015=CARTESIAN_POINT('',(0.658749,1.0,0.29718));
#8016=DIRECTION('',(0.0,0.0,1.0));
#8017=DIRECTION('',(1.0,0.0,0.0));
#8018=SURFACE_STYLE_FILL_AREA(#10773);
#8019=ORIENTED_EDGE('',*,*,#10300,.F.);
#8020=ORIENTED_EDGE('',*,*,#10772,.T.);
#8021=ORIENTED_EDGE('',*,*,#10774,.F.);
#8022=ORIENTED_EDGE('',*,*,#10775,.T.);
#8023=CARTESIAN_POINT('',(0.455549,1.0,0.50038));
#8024=DIRECTION('',(1.0,0.0,0.0));
#8025=DIRECTION('',(0.0,0.0,-1.0));
#8026=SURFACE_STYLE_FILL_AREA(#10776);
#8027=ORIENTED_EDGE('',*,*,#10777,.T.);
#8028=ORIENTED_EDGE('',*,*,#10774,.T.);
#8029=ORIENTED_EDGE('',*,*,#10778,.T.);
#8030=ORIENTED_EDGE('',*,*,#10779,.F.);
#8031=CARTESIAN_POINT('',(0.392049,2.0574,-0.82982));
#8032=DIRECTION('',(0.707106781186548,0.707106781186548,8.65927457071936E-17));
#8033=DIRECTION('',(-0.707106781186548,0.707106781186548,-8.65927457071936E-17));
#8034=SURFACE_STYLE_FILL_AREA(#10780);
#8035=ORIENTED_EDGE('',*,*,#10778,.F.);
#8036=ORIENTED_EDGE('',*,*,#10771,.T.);
#8037=ORIENTED_EDGE('',*,*,#10781,.T.);
#8038=ORIENTED_EDGE('',*,*,#10782,.F.);
#8039=CARTESIAN_POINT('',(1.988949,2.0574,0.23368));
#8040=DIRECTION('',(-4.32963728535968E-17,0.707106781186548,0.707106781186548));
#8041=DIRECTION('',(4.32963728535968E-17,0.707106781186548,-0.707106781186548));
#8042=SURFACE_STYLE_FILL_AREA(#10783);
#8043=ORIENTED_EDGE('',*,*,#10781,.F.);
#8044=ORIENTED_EDGE('',*,*,#10784,.T.);
#8045=ORIENTED_EDGE('',*,*,#10785,.T.);
#8046=ORIENTED_EDGE('',*,*,#10786,.F.);
#8047=CARTESIAN_POINT('',(0.925449,2.0574,1.83058));
#8048=DIRECTION('',(-0.707106781186548,0.707106781186548,-6.16297582203915E-33));
#8049=DIRECTION('',(0.707106781186548,0.707106781186548,-6.16297582203915E-33));
#8050=SURFACE_STYLE_FILL_AREA(#10787);
#8051=ORIENTED_EDGE('',*,*,#10777,.F.);
#8052=ORIENTED_EDGE('',*,*,#10788,.F.);
#8053=ORIENTED_EDGE('',*,*,#10785,.F.);
#8054=ORIENTED_EDGE('',*,*,#10789,.T.);
#8055=CARTESIAN_POINT('',(-0.671451,2.0574,0.76708));
#8056=DIRECTION('',(-4.32963728535968E-17,0.707106781186548,-0.707106781186548));
#8057=DIRECTION('',(4.32963728535968E-17,0.707106781186548,0.707106781186548));
#8058=SURFACE_STYLE_FILL_AREA(#10790);
#8059=ORIENTED_EDGE('',*,*,#10297,.F.);
#8060=ORIENTED_EDGE('',*,*,#10775,.F.);
#8061=ORIENTED_EDGE('',*,*,#10789,.F.);
#8062=ORIENTED_EDGE('',*,*,#10791,.F.);
#8063=CARTESIAN_POINT('',(0.658749,1.0,0.70358));
#8064=DIRECTION('',(0.0,0.0,1.0));
#8065=DIRECTION('',(1.0,0.0,0.0));
#8066=SURFACE_STYLE_FILL_AREA(#10792);
#8067=ORIENTED_EDGE('',*,*,#10298,.F.);
#8068=ORIENTED_EDGE('',*,*,#10791,.T.);
#8069=ORIENTED_EDGE('',*,*,#10784,.F.);
#8070=ORIENTED_EDGE('',*,*,#10770,.T.);
#8071=CARTESIAN_POINT('',(0.861949,1.0,0.50038));
#8072=DIRECTION('',(-1.0,0.0,0.0));
#8073=DIRECTION('',(0.0,0.0,1.0));
#8074=SURFACE_STYLE_FILL_AREA(#10793);
#8075=ORIENTED_EDGE('',*,*,#9705,.F.);
#8076=ORIENTED_EDGE('',*,*,#10794,.F.);
#8077=ORIENTED_EDGE('',*,*,#10795,.F.);
#8078=ORIENTED_EDGE('',*,*,#10796,.F.);
#8079=CARTESIAN_POINT('',(0.658749,1.0,-0.70358));
#8080=DIRECTION('',(0.0,0.0,1.0));
#8081=DIRECTION('',(1.0,0.0,0.0));
#8082=SURFACE_STYLE_FILL_AREA(#10797);
#8083=ORIENTED_EDGE('',*,*,#9706,.F.);
#8084=ORIENTED_EDGE('',*,*,#10796,.T.);
#8085=ORIENTED_EDGE('',*,*,#10798,.F.);
#8086=ORIENTED_EDGE('',*,*,#10799,.T.);
#8087=CARTESIAN_POINT('',(0.455549,1.0,-0.50038));
#8088=DIRECTION('',(1.0,0.0,0.0));
#8089=DIRECTION('',(0.0,0.0,-1.0));
#8090=SURFACE_STYLE_FILL_AREA(#10800);
#8091=ORIENTED_EDGE('',*,*,#10801,.T.);
#8092=ORIENTED_EDGE('',*,*,#10798,.T.);
#8093=ORIENTED_EDGE('',*,*,#10802,.T.);
#8094=ORIENTED_EDGE('',*,*,#10803,.F.);
#8095=CARTESIAN_POINT('',(0.392049,2.0574,-1.83058));
#8096=DIRECTION('',(0.707106781186548,0.707106781186548,8.65927457071936E-17));
#8097=DIRECTION('',(-0.707106781186548,0.707106781186548,-8.65927457071936E-17));
#8098=SURFACE_STYLE_FILL_AREA(#10804);
#8099=ORIENTED_EDGE('',*,*,#10802,.F.);
#8100=ORIENTED_EDGE('',*,*,#10795,.T.);
#8101=ORIENTED_EDGE('',*,*,#10805,.T.);
#8102=ORIENTED_EDGE('',*,*,#10806,.F.);
#8103=CARTESIAN_POINT('',(1.988949,2.0574,-0.76708));
#8104=DIRECTION('',(-4.32963728535968E-17,0.707106781186548,0.707106781186548));
#8105=DIRECTION('',(4.32963728535968E-17,0.707106781186548,-0.707106781186548));
#8106=SURFACE_STYLE_FILL_AREA(#10807);
#8107=ORIENTED_EDGE('',*,*,#10805,.F.);
#8108=ORIENTED_EDGE('',*,*,#10808,.T.);
#8109=ORIENTED_EDGE('',*,*,#10809,.T.);
#8110=ORIENTED_EDGE('',*,*,#10810,.F.);
#8111=CARTESIAN_POINT('',(0.925449,2.0574,0.82982));
#8112=DIRECTION('',(-0.707106781186548,0.707106781186548,-6.16297582203915E-33));
#8113=DIRECTION('',(0.707106781186548,0.707106781186548,-6.16297582203915E-33));
#8114=SURFACE_STYLE_FILL_AREA(#10811);
#8115=ORIENTED_EDGE('',*,*,#10801,.F.);
#8116=ORIENTED_EDGE('',*,*,#10812,.F.);
#8117=ORIENTED_EDGE('',*,*,#10809,.F.);
#8118=ORIENTED_EDGE('',*,*,#10813,.T.);
#8119=CARTESIAN_POINT('',(-0.671451,2.0574,-0.23368));
#8120=DIRECTION('',(-4.32963728535968E-17,0.707106781186548,-0.707106781186548));
#8121=DIRECTION('',(4.32963728535968E-17,0.707106781186548,0.707106781186548));
#8122=SURFACE_STYLE_FILL_AREA(#10814);
#8123=ORIENTED_EDGE('',*,*,#9703,.F.);
#8124=ORIENTED_EDGE('',*,*,#10799,.F.);
#8125=ORIENTED_EDGE('',*,*,#10813,.F.);
#8126=ORIENTED_EDGE('',*,*,#10815,.F.);
#8127=CARTESIAN_POINT('',(0.658749,1.0,-0.29718));
#8128=DIRECTION('',(0.0,0.0,1.0));
#8129=DIRECTION('',(1.0,0.0,0.0));
#8130=SURFACE_STYLE_FILL_AREA(#10816);
#8131=ORIENTED_EDGE('',*,*,#9704,.F.);
#8132=ORIENTED_EDGE('',*,*,#10815,.T.);
#8133=ORIENTED_EDGE('',*,*,#10808,.F.);
#8134=ORIENTED_EDGE('',*,*,#10794,.T.);
#8135=CARTESIAN_POINT('',(0.861949,1.0,-0.50038));
#8136=DIRECTION('',(-1.0,0.0,0.0));
#8137=DIRECTION('',(0.0,0.0,1.0));
#8138=SURFACE_STYLE_FILL_AREA(#10817);
#8139=ORIENTED_EDGE('',*,*,#9848,.F.);
#8140=ORIENTED_EDGE('',*,*,#10818,.F.);
#8141=ORIENTED_EDGE('',*,*,#9168,.T.);
#8142=ORIENTED_EDGE('',*,*,#9178,.T.);
#8143=CARTESIAN_POINT('',(10.001631,-0.865,0.0));
#8144=DIRECTION('',(-1.0,0.0,0.0));
#8145=DIRECTION('',(0.0,0.0,1.0));
#8146=SURFACE_STYLE_FILL_AREA(#10819);
#8147=ORIENTED_EDGE('',*,*,#9852,.F.);
#8148=ORIENTED_EDGE('',*,*,#9960,.T.);
#8149=ORIENTED_EDGE('',*,*,#9839,.T.);
#8150=ORIENTED_EDGE('',*,*,#10820,.F.);
#8151=CARTESIAN_POINT('',(10.001631,-0.865,0.0));
#8152=DIRECTION('',(-1.0,0.0,0.0));
#8153=DIRECTION('',(0.0,0.0,1.0));
#8154=SURFACE_STYLE_FILL_AREA(#10821);
#8155=ORIENTED_EDGE('',*,*,#9846,.F.);
#8156=ORIENTED_EDGE('',*,*,#9180,.T.);
#8157=ORIENTED_EDGE('',*,*,#9170,.F.);
#8158=ORIENTED_EDGE('',*,*,#10822,.F.);
#8159=CARTESIAN_POINT('',(9.315831,-0.865,0.0));
#8160=DIRECTION('',(1.0,0.0,0.0));
#8161=DIRECTION('',(0.0,0.0,-1.0));
#8162=SURFACE_STYLE_FILL_AREA(#10823);
#8163=ORIENTED_EDGE('',*,*,#9853,.F.);
#8164=ORIENTED_EDGE('',*,*,#10820,.T.);
#8165=ORIENTED_EDGE('',*,*,#9838,.T.);
#8166=ORIENTED_EDGE('',*,*,#10824,.T.);
#8167=CARTESIAN_POINT('',(14.158722,1.5,0.207899));
#8168=DIRECTION('',(0.0,0.0,1.0));
#8169=DIRECTION('',(1.0,0.0,0.0));
#8170=SURFACE_STYLE_FILL_AREA(#10825);
#8171=ORIENTED_EDGE('',*,*,#9847,.F.);
#8172=ORIENTED_EDGE('',*,*,#10822,.T.);
#8173=ORIENTED_EDGE('',*,*,#9169,.T.);
#8174=ORIENTED_EDGE('',*,*,#10818,.T.);
#8175=CARTESIAN_POINT('',(14.158722,1.5,-0.207899));
#8176=DIRECTION('',(0.0,0.0,1.0));
#8177=DIRECTION('',(1.0,0.0,0.0));
#8178=SURFACE_STYLE_FILL_AREA(#10826);
#8179=ORIENTED_EDGE('',*,*,#9854,.F.);
#8180=ORIENTED_EDGE('',*,*,#10824,.F.);
#8181=ORIENTED_EDGE('',*,*,#9837,.F.);
#8182=ORIENTED_EDGE('',*,*,#9958,.T.);
#8183=CARTESIAN_POINT('',(9.315831,-0.865,0.0));
#8184=DIRECTION('',(1.0,0.0,0.0));
#8185=DIRECTION('',(0.0,0.0,-1.0));
#8186=SURFACE_STYLE_FILL_AREA(#10827);
#8187=ORIENTED_EDGE('',*,*,#9989,.T.);
#8188=ORIENTED_EDGE('',*,*,#9861,.F.);
#8189=ORIENTED_EDGE('',*,*,#10828,.F.);
#8190=ORIENTED_EDGE('',*,*,#10829,.F.);
#8191=CARTESIAN_POINT('',(8.658733,-0.865,0.957199));
#8192=DIRECTION('',(0.0,0.0,1.0));
#8193=DIRECTION('',(1.0,0.0,0.0));
#8194=SURFACE_STYLE_FILL_AREA(#10830);
#8195=ORIENTED_EDGE('',*,*,#9955,.F.);
#8196=ORIENTED_EDGE('',*,*,#10831,.F.);
#8197=ORIENTED_EDGE('',*,*,#9227,.T.);
#8198=ORIENTED_EDGE('',*,*,#9237,.T.);
#8199=CARTESIAN_POINT('',(9.001633,-0.865,0.0));
#8200=DIRECTION('',(-1.0,0.0,0.0));
#8201=DIRECTION('',(0.0,0.0,1.0));
#8202=SURFACE_STYLE_FILL_AREA(#10832);
#8203=ORIENTED_EDGE('',*,*,#9858,.F.);
#8204=ORIENTED_EDGE('',*,*,#9997,.T.);
#8205=ORIENTED_EDGE('',*,*,#10833,.T.);
#8206=ORIENTED_EDGE('',*,*,#10834,.F.);
#8207=CARTESIAN_POINT('',(9.001633,-0.865,0.0));
#8208=DIRECTION('',(-1.0,0.0,0.0));
#8209=DIRECTION('',(0.0,0.0,1.0));
#8210=SURFACE_STYLE_FILL_AREA(#10835);
#8211=ORIENTED_EDGE('',*,*,#9953,.F.);
#8212=ORIENTED_EDGE('',*,*,#9239,.T.);
#8213=ORIENTED_EDGE('',*,*,#9229,.F.);
#8214=ORIENTED_EDGE('',*,*,#10836,.F.);
#8215=CARTESIAN_POINT('',(8.315833,-0.865,0.0));
#8216=DIRECTION('',(1.0,0.0,0.0));
#8217=DIRECTION('',(0.0,0.0,-1.0));
#8218=SURFACE_STYLE_FILL_AREA(#10837);
#8219=ORIENTED_EDGE('',*,*,#9859,.F.);
#8220=ORIENTED_EDGE('',*,*,#10834,.T.);
#8221=ORIENTED_EDGE('',*,*,#10838,.T.);
#8222=ORIENTED_EDGE('',*,*,#10839,.T.);
#8223=CARTESIAN_POINT('',(13.158724,1.5,0.207899));
#8224=DIRECTION('',(0.0,0.0,1.0));
#8225=DIRECTION('',(1.0,0.0,0.0));
#8226=SURFACE_STYLE_FILL_AREA(#10840);
#8227=ORIENTED_EDGE('',*,*,#9954,.F.);
#8228=ORIENTED_EDGE('',*,*,#10836,.T.);
#8229=ORIENTED_EDGE('',*,*,#9228,.T.);
#8230=ORIENTED_EDGE('',*,*,#10831,.T.);
#8231=CARTESIAN_POINT('',(13.158724,1.5,-0.207899));
#8232=DIRECTION('',(0.0,0.0,1.0));
#8233=DIRECTION('',(1.0,0.0,0.0));
#8234=SURFACE_STYLE_FILL_AREA(#10841);
#8235=ORIENTED_EDGE('',*,*,#9860,.F.);
#8236=ORIENTED_EDGE('',*,*,#10839,.F.);
#8237=ORIENTED_EDGE('',*,*,#10842,.F.);
#8238=ORIENTED_EDGE('',*,*,#10828,.T.);
#8239=CARTESIAN_POINT('',(8.315833,-0.865,0.0));
#8240=DIRECTION('',(1.0,0.0,0.0));
#8241=DIRECTION('',(0.0,0.0,-1.0));
#8242=SURFACE_STYLE_FILL_AREA(#10843);
#8243=ORIENTED_EDGE('',*,*,#9990,.T.);
#8244=ORIENTED_EDGE('',*,*,#10829,.T.);
#8245=ORIENTED_EDGE('',*,*,#10842,.T.);
#8246=ORIENTED_EDGE('',*,*,#10838,.F.);
#8247=ORIENTED_EDGE('',*,*,#10833,.F.);
#8248=ORIENTED_EDGE('',*,*,#9996,.T.);
#8249=ORIENTED_EDGE('',*,*,#9967,.T.);
#8250=ORIENTED_EDGE('',*,*,#9971,.T.);
#8251=ORIENTED_EDGE('',*,*,#10377,.T.);
#8252=ORIENTED_EDGE('',*,*,#10380,.T.);
#8253=ORIENTED_EDGE('',*,*,#10354,.T.);
#8254=ORIENTED_EDGE('',*,*,#10359,.T.);
#8255=CARTESIAN_POINT('',(8.658733,0.635,0.0));
#8256=DIRECTION('',(0.0,-1.0,0.0));
#8257=DIRECTION('',(0.0,0.0,-1.0));
#8258=SURFACE_STYLE_FILL_AREA(#10844);
#8259=ORIENTED_EDGE('',*,*,#10026,.T.);
#8260=ORIENTED_EDGE('',*,*,#9868,.F.);
#8261=ORIENTED_EDGE('',*,*,#10845,.F.);
#8262=ORIENTED_EDGE('',*,*,#10846,.F.);
#8263=CARTESIAN_POINT('',(7.658735,-0.865,0.957199));
#8264=DIRECTION('',(0.0,0.0,1.0));
#8265=DIRECTION('',(1.0,0.0,0.0));
#8266=SURFACE_STYLE_FILL_AREA(#10847);
#8267=ORIENTED_EDGE('',*,*,#9951,.F.);
#8268=ORIENTED_EDGE('',*,*,#10848,.F.);
#8269=ORIENTED_EDGE('',*,*,#9286,.T.);
#8270=ORIENTED_EDGE('',*,*,#9296,.T.);
#8271=CARTESIAN_POINT('',(8.001635,-0.865,0.0));
#8272=DIRECTION('',(-1.0,0.0,0.0));
#8273=DIRECTION('',(0.0,0.0,1.0));
#8274=SURFACE_STYLE_FILL_AREA(#10849);
#8275=ORIENTED_EDGE('',*,*,#9865,.F.);
#8276=ORIENTED_EDGE('',*,*,#10034,.T.);
#8277=ORIENTED_EDGE('',*,*,#10850,.T.);
#8278=ORIENTED_EDGE('',*,*,#10851,.F.);
#8279=CARTESIAN_POINT('',(8.001635,-0.865,0.0));
#8280=DIRECTION('',(-1.0,0.0,0.0));
#8281=DIRECTION('',(0.0,0.0,1.0));
#8282=SURFACE_STYLE_FILL_AREA(#10852);
#8283=ORIENTED_EDGE('',*,*,#9949,.F.);
#8284=ORIENTED_EDGE('',*,*,#9298,.T.);
#8285=ORIENTED_EDGE('',*,*,#9288,.F.);
#8286=ORIENTED_EDGE('',*,*,#10853,.F.);
#8287=CARTESIAN_POINT('',(7.315835,-0.865,0.0));
#8288=DIRECTION('',(1.0,0.0,0.0));
#8289=DIRECTION('',(0.0,0.0,-1.0));
#8290=SURFACE_STYLE_FILL_AREA(#10854);
#8291=ORIENTED_EDGE('',*,*,#9866,.F.);
#8292=ORIENTED_EDGE('',*,*,#10851,.T.);
#8293=ORIENTED_EDGE('',*,*,#10855,.T.);
#8294=ORIENTED_EDGE('',*,*,#10856,.T.);
#8295=CARTESIAN_POINT('',(12.158726,1.5,0.207899));
#8296=DIRECTION('',(0.0,0.0,1.0));
#8297=DIRECTION('',(1.0,0.0,0.0));
#8298=SURFACE_STYLE_FILL_AREA(#10857);
#8299=ORIENTED_EDGE('',*,*,#9950,.F.);
#8300=ORIENTED_EDGE('',*,*,#10853,.T.);
#8301=ORIENTED_EDGE('',*,*,#9287,.T.);
#8302=ORIENTED_EDGE('',*,*,#10848,.T.);
#8303=CARTESIAN_POINT('',(12.158726,1.5,-0.207899));
#8304=DIRECTION('',(0.0,0.0,1.0));
#8305=DIRECTION('',(1.0,0.0,0.0));
#8306=SURFACE_STYLE_FILL_AREA(#10858);
#8307=ORIENTED_EDGE('',*,*,#9867,.F.);
#8308=ORIENTED_EDGE('',*,*,#10856,.F.);
#8309=ORIENTED_EDGE('',*,*,#10859,.F.);
#8310=ORIENTED_EDGE('',*,*,#10845,.T.);
#8311=CARTESIAN_POINT('',(7.315835,-0.865,0.0));
#8312=DIRECTION('',(1.0,0.0,0.0));
#8313=DIRECTION('',(0.0,0.0,-1.0));
#8314=SURFACE_STYLE_FILL_AREA(#10860);
#8315=ORIENTED_EDGE('',*,*,#10027,.T.);
#8316=ORIENTED_EDGE('',*,*,#10846,.T.);
#8317=ORIENTED_EDGE('',*,*,#10859,.T.);
#8318=ORIENTED_EDGE('',*,*,#10855,.F.);
#8319=ORIENTED_EDGE('',*,*,#10850,.F.);
#8320=ORIENTED_EDGE('',*,*,#10033,.T.);
#8321=ORIENTED_EDGE('',*,*,#10004,.T.);
#8322=ORIENTED_EDGE('',*,*,#10008,.T.);
#8323=ORIENTED_EDGE('',*,*,#10429,.T.);
#8324=ORIENTED_EDGE('',*,*,#10432,.T.);
#8325=ORIENTED_EDGE('',*,*,#10406,.T.);
#8326=ORIENTED_EDGE('',*,*,#10411,.T.);
#8327=CARTESIAN_POINT('',(7.658735,0.635,0.0));
#8328=DIRECTION('',(0.0,-1.0,0.0));
#8329=DIRECTION('',(0.0,0.0,-1.0));
#8330=SURFACE_STYLE_FILL_AREA(#10861);
#8331=ORIENTED_EDGE('',*,*,#10063,.T.);
#8332=ORIENTED_EDGE('',*,*,#9875,.F.);
#8333=ORIENTED_EDGE('',*,*,#10862,.F.);
#8334=ORIENTED_EDGE('',*,*,#10863,.F.);
#8335=CARTESIAN_POINT('',(6.658737,-0.865,0.957199));
#8336=DIRECTION('',(0.0,0.0,1.0));
#8337=DIRECTION('',(1.0,0.0,0.0));
#8338=SURFACE_STYLE_FILL_AREA(#10864);
#8339=ORIENTED_EDGE('',*,*,#9947,.F.);
#8340=ORIENTED_EDGE('',*,*,#10865,.F.);
#8341=ORIENTED_EDGE('',*,*,#9345,.T.);
#8342=ORIENTED_EDGE('',*,*,#9355,.T.);
#8343=CARTESIAN_POINT('',(7.001637,-0.865,0.0));
#8344=DIRECTION('',(-1.0,0.0,0.0));
#8345=DIRECTION('',(0.0,0.0,1.0));
#8346=SURFACE_STYLE_FILL_AREA(#10866);
#8347=ORIENTED_EDGE('',*,*,#9872,.F.);
#8348=ORIENTED_EDGE('',*,*,#10071,.T.);
#8349=ORIENTED_EDGE('',*,*,#10867,.T.);
#8350=ORIENTED_EDGE('',*,*,#10868,.F.);
#8351=CARTESIAN_POINT('',(7.001637,-0.865,0.0));
#8352=DIRECTION('',(-1.0,0.0,0.0));
#8353=DIRECTION('',(0.0,0.0,1.0));
#8354=SURFACE_STYLE_FILL_AREA(#10869);
#8355=ORIENTED_EDGE('',*,*,#9945,.F.);
#8356=ORIENTED_EDGE('',*,*,#9357,.T.);
#8357=ORIENTED_EDGE('',*,*,#9347,.F.);
#8358=ORIENTED_EDGE('',*,*,#10870,.F.);
#8359=CARTESIAN_POINT('',(6.315837,-0.865,0.0));
#8360=DIRECTION('',(1.0,0.0,0.0));
#8361=DIRECTION('',(0.0,0.0,-1.0));
#8362=SURFACE_STYLE_FILL_AREA(#10871);
#8363=ORIENTED_EDGE('',*,*,#9873,.F.);
#8364=ORIENTED_EDGE('',*,*,#10868,.T.);
#8365=ORIENTED_EDGE('',*,*,#10872,.T.);
#8366=ORIENTED_EDGE('',*,*,#10873,.T.);
#8367=CARTESIAN_POINT('',(11.158728,1.5,0.207899));
#8368=DIRECTION('',(0.0,0.0,1.0));
#8369=DIRECTION('',(1.0,0.0,0.0));
#8370=SURFACE_STYLE_FILL_AREA(#10874);
#8371=ORIENTED_EDGE('',*,*,#9946,.F.);
#8372=ORIENTED_EDGE('',*,*,#10870,.T.);
#8373=ORIENTED_EDGE('',*,*,#9346,.T.);
#8374=ORIENTED_EDGE('',*,*,#10865,.T.);
#8375=CARTESIAN_POINT('',(11.158728,1.5,-0.207899));
#8376=DIRECTION('',(0.0,0.0,1.0));
#8377=DIRECTION('',(1.0,0.0,0.0));
#8378=SURFACE_STYLE_FILL_AREA(#10875);
#8379=ORIENTED_EDGE('',*,*,#9874,.F.);
#8380=ORIENTED_EDGE('',*,*,#10873,.F.);
#8381=ORIENTED_EDGE('',*,*,#10876,.F.);
#8382=ORIENTED_EDGE('',*,*,#10862,.T.);
#8383=CARTESIAN_POINT('',(6.315837,-0.865,0.0));
#8384=DIRECTION('',(1.0,0.0,0.0));
#8385=DIRECTION('',(0.0,0.0,-1.0));
#8386=SURFACE_STYLE_FILL_AREA(#10877);
#8387=ORIENTED_EDGE('',*,*,#10064,.T.);
#8388=ORIENTED_EDGE('',*,*,#10863,.T.);
#8389=ORIENTED_EDGE('',*,*,#10876,.T.);
#8390=ORIENTED_EDGE('',*,*,#10872,.F.);
#8391=ORIENTED_EDGE('',*,*,#10867,.F.);
#8392=ORIENTED_EDGE('',*,*,#10070,.T.);
#8393=ORIENTED_EDGE('',*,*,#10041,.T.);
#8394=ORIENTED_EDGE('',*,*,#10045,.T.);
#8395=ORIENTED_EDGE('',*,*,#10481,.T.);
#8396=ORIENTED_EDGE('',*,*,#10484,.T.);
#8397=ORIENTED_EDGE('',*,*,#10458,.T.);
#8398=ORIENTED_EDGE('',*,*,#10463,.T.);
#8399=CARTESIAN_POINT('',(6.658737,0.635,0.0));
#8400=DIRECTION('',(0.0,-1.0,0.0));
#8401=DIRECTION('',(0.0,0.0,-1.0));
#8402=SURFACE_STYLE_FILL_AREA(#10878);
#8403=ORIENTED_EDGE('',*,*,#10100,.T.);
#8404=ORIENTED_EDGE('',*,*,#9882,.F.);
#8405=ORIENTED_EDGE('',*,*,#10879,.F.);
#8406=ORIENTED_EDGE('',*,*,#10880,.F.);
#8407=CARTESIAN_POINT('',(5.658739,-0.865,0.957199));
#8408=DIRECTION('',(0.0,0.0,1.0));
#8409=DIRECTION('',(1.0,0.0,0.0));
#8410=SURFACE_STYLE_FILL_AREA(#10881);
#8411=ORIENTED_EDGE('',*,*,#9943,.F.);
#8412=ORIENTED_EDGE('',*,*,#10882,.F.);
#8413=ORIENTED_EDGE('',*,*,#9404,.T.);
#8414=ORIENTED_EDGE('',*,*,#9414,.T.);
#8415=CARTESIAN_POINT('',(6.001639,-0.865,0.0));
#8416=DIRECTION('',(-1.0,0.0,0.0));
#8417=DIRECTION('',(0.0,0.0,1.0));
#8418=SURFACE_STYLE_FILL_AREA(#10883);
#8419=ORIENTED_EDGE('',*,*,#9879,.F.);
#8420=ORIENTED_EDGE('',*,*,#10108,.T.);
#8421=ORIENTED_EDGE('',*,*,#10884,.T.);
#8422=ORIENTED_EDGE('',*,*,#10885,.F.);
#8423=CARTESIAN_POINT('',(6.001639,-0.865,0.0));
#8424=DIRECTION('',(-1.0,0.0,0.0));
#8425=DIRECTION('',(0.0,0.0,1.0));
#8426=SURFACE_STYLE_FILL_AREA(#10886);
#8427=ORIENTED_EDGE('',*,*,#9941,.F.);
#8428=ORIENTED_EDGE('',*,*,#9416,.T.);
#8429=ORIENTED_EDGE('',*,*,#9406,.F.);
#8430=ORIENTED_EDGE('',*,*,#10887,.F.);
#8431=CARTESIAN_POINT('',(5.315839,-0.865,0.0));
#8432=DIRECTION('',(1.0,0.0,0.0));
#8433=DIRECTION('',(0.0,0.0,-1.0));
#8434=SURFACE_STYLE_FILL_AREA(#10888);
#8435=ORIENTED_EDGE('',*,*,#9880,.F.);
#8436=ORIENTED_EDGE('',*,*,#10885,.T.);
#8437=ORIENTED_EDGE('',*,*,#10889,.T.);
#8438=ORIENTED_EDGE('',*,*,#10890,.T.);
#8439=CARTESIAN_POINT('',(10.15873,1.5,0.207899));
#8440=DIRECTION('',(0.0,0.0,1.0));
#8441=DIRECTION('',(1.0,0.0,0.0));
#8442=SURFACE_STYLE_FILL_AREA(#10891);
#8443=ORIENTED_EDGE('',*,*,#9942,.F.);
#8444=ORIENTED_EDGE('',*,*,#10887,.T.);
#8445=ORIENTED_EDGE('',*,*,#9405,.T.);
#8446=ORIENTED_EDGE('',*,*,#10882,.T.);
#8447=CARTESIAN_POINT('',(10.15873,1.5,-0.207899));
#8448=DIRECTION('',(0.0,0.0,1.0));
#8449=DIRECTION('',(1.0,0.0,0.0));
#8450=SURFACE_STYLE_FILL_AREA(#10892);
#8451=ORIENTED_EDGE('',*,*,#9881,.F.);
#8452=ORIENTED_EDGE('',*,*,#10890,.F.);
#8453=ORIENTED_EDGE('',*,*,#10893,.F.);
#8454=ORIENTED_EDGE('',*,*,#10879,.T.);
#8455=CARTESIAN_POINT('',(5.315839,-0.865,0.0));
#8456=DIRECTION('',(1.0,0.0,0.0));
#8457=DIRECTION('',(0.0,0.0,-1.0));
#8458=SURFACE_STYLE_FILL_AREA(#10894);
#8459=ORIENTED_EDGE('',*,*,#10101,.T.);
#8460=ORIENTED_EDGE('',*,*,#10880,.T.);
#8461=ORIENTED_EDGE('',*,*,#10893,.T.);
#8462=ORIENTED_EDGE('',*,*,#10889,.F.);
#8463=ORIENTED_EDGE('',*,*,#10884,.F.);
#8464=ORIENTED_EDGE('',*,*,#10107,.T.);
#8465=ORIENTED_EDGE('',*,*,#10078,.T.);
#8466=ORIENTED_EDGE('',*,*,#10082,.T.);
#8467=ORIENTED_EDGE('',*,*,#10533,.T.);
#8468=ORIENTED_EDGE('',*,*,#10536,.T.);
#8469=ORIENTED_EDGE('',*,*,#10510,.T.);
#8470=ORIENTED_EDGE('',*,*,#10515,.T.);
#8471=CARTESIAN_POINT('',(5.658739,0.635,0.0));
#8472=DIRECTION('',(0.0,-1.0,0.0));
#8473=DIRECTION('',(0.0,0.0,-1.0));
#8474=SURFACE_STYLE_FILL_AREA(#10895);
#8475=ORIENTED_EDGE('',*,*,#10137,.T.);
#8476=ORIENTED_EDGE('',*,*,#9889,.F.);
#8477=ORIENTED_EDGE('',*,*,#10896,.F.);
#8478=ORIENTED_EDGE('',*,*,#10897,.F.);
#8479=CARTESIAN_POINT('',(4.658741,-0.865,0.957199));
#8480=DIRECTION('',(0.0,0.0,1.0));
#8481=DIRECTION('',(1.0,0.0,0.0));
#8482=SURFACE_STYLE_FILL_AREA(#10898);
#8483=ORIENTED_EDGE('',*,*,#9939,.F.);
#8484=ORIENTED_EDGE('',*,*,#10899,.F.);
#8485=ORIENTED_EDGE('',*,*,#9463,.T.);
#8486=ORIENTED_EDGE('',*,*,#9473,.T.);
#8487=CARTESIAN_POINT('',(5.001641,-0.865,0.0));
#8488=DIRECTION('',(-1.0,0.0,0.0));
#8489=DIRECTION('',(0.0,0.0,1.0));
#8490=SURFACE_STYLE_FILL_AREA(#10900);
#8491=ORIENTED_EDGE('',*,*,#9886,.F.);
#8492=ORIENTED_EDGE('',*,*,#10145,.T.);
#8493=ORIENTED_EDGE('',*,*,#10901,.T.);
#8494=ORIENTED_EDGE('',*,*,#10902,.F.);
#8495=CARTESIAN_POINT('',(5.001641,-0.865,0.0));
#8496=DIRECTION('',(-1.0,0.0,0.0));
#8497=DIRECTION('',(0.0,0.0,1.0));
#8498=SURFACE_STYLE_FILL_AREA(#10903);
#8499=ORIENTED_EDGE('',*,*,#9937,.F.);
#8500=ORIENTED_EDGE('',*,*,#9475,.T.);
#8501=ORIENTED_EDGE('',*,*,#9465,.F.);
#8502=ORIENTED_EDGE('',*,*,#10904,.F.);
#8503=CARTESIAN_POINT('',(4.315841,-0.865,0.0));
#8504=DIRECTION('',(1.0,0.0,0.0));
#8505=DIRECTION('',(0.0,0.0,-1.0));
#8506=SURFACE_STYLE_FILL_AREA(#10905);
#8507=ORIENTED_EDGE('',*,*,#9887,.F.);
#8508=ORIENTED_EDGE('',*,*,#10902,.T.);
#8509=ORIENTED_EDGE('',*,*,#10906,.T.);
#8510=ORIENTED_EDGE('',*,*,#10907,.T.);
#8511=CARTESIAN_POINT('',(9.158732,1.5,0.207899));
#8512=DIRECTION('',(0.0,0.0,1.0));
#8513=DIRECTION('',(1.0,0.0,0.0));
#8514=SURFACE_STYLE_FILL_AREA(#10908);
#8515=ORIENTED_EDGE('',*,*,#9938,.F.);
#8516=ORIENTED_EDGE('',*,*,#10904,.T.);
#8517=ORIENTED_EDGE('',*,*,#9464,.T.);
#8518=ORIENTED_EDGE('',*,*,#10899,.T.);
#8519=CARTESIAN_POINT('',(9.158732,1.5,-0.207899));
#8520=DIRECTION('',(0.0,0.0,1.0));
#8521=DIRECTION('',(1.0,0.0,0.0));
#8522=SURFACE_STYLE_FILL_AREA(#10909);
#8523=ORIENTED_EDGE('',*,*,#9888,.F.);
#8524=ORIENTED_EDGE('',*,*,#10907,.F.);
#8525=ORIENTED_EDGE('',*,*,#10910,.F.);
#8526=ORIENTED_EDGE('',*,*,#10896,.T.);
#8527=CARTESIAN_POINT('',(4.315841,-0.865,0.0));
#8528=DIRECTION('',(1.0,0.0,0.0));
#8529=DIRECTION('',(0.0,0.0,-1.0));
#8530=SURFACE_STYLE_FILL_AREA(#10911);
#8531=ORIENTED_EDGE('',*,*,#10138,.T.);
#8532=ORIENTED_EDGE('',*,*,#10897,.T.);
#8533=ORIENTED_EDGE('',*,*,#10910,.T.);
#8534=ORIENTED_EDGE('',*,*,#10906,.F.);
#8535=ORIENTED_EDGE('',*,*,#10901,.F.);
#8536=ORIENTED_EDGE('',*,*,#10144,.T.);
#8537=ORIENTED_EDGE('',*,*,#10115,.T.);
#8538=ORIENTED_EDGE('',*,*,#10119,.T.);
#8539=ORIENTED_EDGE('',*,*,#10585,.T.);
#8540=ORIENTED_EDGE('',*,*,#10588,.T.);
#8541=ORIENTED_EDGE('',*,*,#10562,.T.);
#8542=ORIENTED_EDGE('',*,*,#10567,.T.);
#8543=CARTESIAN_POINT('',(4.658741,0.635,0.0));
#8544=DIRECTION('',(0.0,-1.0,0.0));
#8545=DIRECTION('',(0.0,0.0,-1.0));
#8546=SURFACE_STYLE_FILL_AREA(#10912);
#8547=ORIENTED_EDGE('',*,*,#10174,.T.);
#8548=ORIENTED_EDGE('',*,*,#9896,.F.);
#8549=ORIENTED_EDGE('',*,*,#10913,.F.);
#8550=ORIENTED_EDGE('',*,*,#10914,.F.);
#8551=CARTESIAN_POINT('',(3.658743,-0.865,0.957199));
#8552=DIRECTION('',(0.0,0.0,1.0));
#8553=DIRECTION('',(1.0,0.0,0.0));
#8554=SURFACE_STYLE_FILL_AREA(#10915);
#8555=ORIENTED_EDGE('',*,*,#9935,.F.);
#8556=ORIENTED_EDGE('',*,*,#10916,.F.);
#8557=ORIENTED_EDGE('',*,*,#9522,.T.);
#8558=ORIENTED_EDGE('',*,*,#9532,.T.);
#8559=CARTESIAN_POINT('',(4.001643,-0.865,0.0));
#8560=DIRECTION('',(-1.0,0.0,0.0));
#8561=DIRECTION('',(0.0,0.0,1.0));
#8562=SURFACE_STYLE_FILL_AREA(#10917);
#8563=ORIENTED_EDGE('',*,*,#9893,.F.);
#8564=ORIENTED_EDGE('',*,*,#10182,.T.);
#8565=ORIENTED_EDGE('',*,*,#10918,.T.);
#8566=ORIENTED_EDGE('',*,*,#10919,.F.);
#8567=CARTESIAN_POINT('',(4.001643,-0.865,0.0));
#8568=DIRECTION('',(-1.0,0.0,0.0));
#8569=DIRECTION('',(0.0,0.0,1.0));
#8570=SURFACE_STYLE_FILL_AREA(#10920);
#8571=ORIENTED_EDGE('',*,*,#9933,.F.);
#8572=ORIENTED_EDGE('',*,*,#9534,.T.);
#8573=ORIENTED_EDGE('',*,*,#9524,.F.);
#8574=ORIENTED_EDGE('',*,*,#10921,.F.);
#8575=CARTESIAN_POINT('',(3.315843,-0.865,0.0));
#8576=DIRECTION('',(1.0,0.0,0.0));
#8577=DIRECTION('',(0.0,0.0,-1.0));
#8578=SURFACE_STYLE_FILL_AREA(#10922);
#8579=ORIENTED_EDGE('',*,*,#9894,.F.);
#8580=ORIENTED_EDGE('',*,*,#10919,.T.);
#8581=ORIENTED_EDGE('',*,*,#10923,.T.);
#8582=ORIENTED_EDGE('',*,*,#10924,.T.);
#8583=CARTESIAN_POINT('',(8.158734,1.5,0.207899));
#8584=DIRECTION('',(0.0,0.0,1.0));
#8585=DIRECTION('',(1.0,0.0,0.0));
#8586=SURFACE_STYLE_FILL_AREA(#10925);
#8587=ORIENTED_EDGE('',*,*,#9934,.F.);
#8588=ORIENTED_EDGE('',*,*,#10921,.T.);
#8589=ORIENTED_EDGE('',*,*,#9523,.T.);
#8590=ORIENTED_EDGE('',*,*,#10916,.T.);
#8591=CARTESIAN_POINT('',(8.158734,1.5,-0.207899));
#8592=DIRECTION('',(0.0,0.0,1.0));
#8593=DIRECTION('',(1.0,0.0,0.0));
#8594=SURFACE_STYLE_FILL_AREA(#10926);
#8595=ORIENTED_EDGE('',*,*,#9895,.F.);
#8596=ORIENTED_EDGE('',*,*,#10924,.F.);
#8597=ORIENTED_EDGE('',*,*,#10927,.F.);
#8598=ORIENTED_EDGE('',*,*,#10913,.T.);
#8599=CARTESIAN_POINT('',(3.315843,-0.865,0.0));
#8600=DIRECTION('',(1.0,0.0,0.0));
#8601=DIRECTION('',(0.0,0.0,-1.0));
#8602=SURFACE_STYLE_FILL_AREA(#10928);
#8603=ORIENTED_EDGE('',*,*,#10175,.T.);
#8604=ORIENTED_EDGE('',*,*,#10914,.T.);
#8605=ORIENTED_EDGE('',*,*,#10927,.T.);
#8606=ORIENTED_EDGE('',*,*,#10923,.F.);
#8607=ORIENTED_EDGE('',*,*,#10918,.F.);
#8608=ORIENTED_EDGE('',*,*,#10181,.T.);
#8609=ORIENTED_EDGE('',*,*,#10152,.T.);
#8610=ORIENTED_EDGE('',*,*,#10156,.T.);
#8611=ORIENTED_EDGE('',*,*,#10637,.T.);
#8612=ORIENTED_EDGE('',*,*,#10640,.T.);
#8613=ORIENTED_EDGE('',*,*,#10614,.T.);
#8614=ORIENTED_EDGE('',*,*,#10619,.T.);
#8615=CARTESIAN_POINT('',(3.658743,0.635,0.0));
#8616=DIRECTION('',(0.0,-1.0,0.0));
#8617=DIRECTION('',(0.0,0.0,-1.0));
#8618=SURFACE_STYLE_FILL_AREA(#10929);
#8619=ORIENTED_EDGE('',*,*,#10211,.T.);
#8620=ORIENTED_EDGE('',*,*,#9903,.F.);
#8621=ORIENTED_EDGE('',*,*,#10930,.F.);
#8622=ORIENTED_EDGE('',*,*,#10931,.F.);
#8623=CARTESIAN_POINT('',(2.658745,-0.865,0.957199));
#8624=DIRECTION('',(0.0,0.0,1.0));
#8625=DIRECTION('',(1.0,0.0,0.0));
#8626=SURFACE_STYLE_FILL_AREA(#10932);
#8627=ORIENTED_EDGE('',*,*,#9931,.F.);
#8628=ORIENTED_EDGE('',*,*,#10933,.F.);
#8629=ORIENTED_EDGE('',*,*,#9581,.T.);
#8630=ORIENTED_EDGE('',*,*,#9591,.T.);
#8631=CARTESIAN_POINT('',(3.001645,-0.865,0.0));
#8632=DIRECTION('',(-1.0,0.0,0.0));
#8633=DIRECTION('',(0.0,0.0,1.0));
#8634=SURFACE_STYLE_FILL_AREA(#10934);
#8635=ORIENTED_EDGE('',*,*,#9900,.F.);
#8636=ORIENTED_EDGE('',*,*,#10219,.T.);
#8637=ORIENTED_EDGE('',*,*,#10935,.T.);
#8638=ORIENTED_EDGE('',*,*,#10936,.F.);
#8639=CARTESIAN_POINT('',(3.001645,-0.865,0.0));
#8640=DIRECTION('',(-1.0,0.0,0.0));
#8641=DIRECTION('',(0.0,0.0,1.0));
#8642=SURFACE_STYLE_FILL_AREA(#10937);
#8643=ORIENTED_EDGE('',*,*,#9929,.F.);
#8644=ORIENTED_EDGE('',*,*,#9593,.T.);
#8645=ORIENTED_EDGE('',*,*,#9583,.F.);
#8646=ORIENTED_EDGE('',*,*,#10938,.F.);
#8647=CARTESIAN_POINT('',(2.315845,-0.865,0.0));
#8648=DIRECTION('',(1.0,0.0,0.0));
#8649=DIRECTION('',(0.0,0.0,-1.0));
#8650=SURFACE_STYLE_FILL_AREA(#10939);
#8651=ORIENTED_EDGE('',*,*,#9901,.F.);
#8652=ORIENTED_EDGE('',*,*,#10936,.T.);
#8653=ORIENTED_EDGE('',*,*,#10940,.T.);
#8654=ORIENTED_EDGE('',*,*,#10941,.T.);
#8655=CARTESIAN_POINT('',(7.158736,1.5,0.207899));
#8656=DIRECTION('',(0.0,0.0,1.0));
#8657=DIRECTION('',(1.0,0.0,0.0));
#8658=SURFACE_STYLE_FILL_AREA(#10942);
#8659=ORIENTED_EDGE('',*,*,#9930,.F.);
#8660=ORIENTED_EDGE('',*,*,#10938,.T.);
#8661=ORIENTED_EDGE('',*,*,#9582,.T.);
#8662=ORIENTED_EDGE('',*,*,#10933,.T.);
#8663=CARTESIAN_POINT('',(7.158736,1.5,-0.207899));
#8664=DIRECTION('',(0.0,0.0,1.0));
#8665=DIRECTION('',(1.0,0.0,0.0));
#8666=SURFACE_STYLE_FILL_AREA(#10943);
#8667=ORIENTED_EDGE('',*,*,#9902,.F.);
#8668=ORIENTED_EDGE('',*,*,#10941,.F.);
#8669=ORIENTED_EDGE('',*,*,#10944,.F.);
#8670=ORIENTED_EDGE('',*,*,#10930,.T.);
#8671=CARTESIAN_POINT('',(2.315845,-0.865,0.0));
#8672=DIRECTION('',(1.0,0.0,0.0));
#8673=DIRECTION('',(0.0,0.0,-1.0));
#8674=SURFACE_STYLE_FILL_AREA(#10945);
#8675=ORIENTED_EDGE('',*,*,#10212,.T.);
#8676=ORIENTED_EDGE('',*,*,#10931,.T.);
#8677=ORIENTED_EDGE('',*,*,#10944,.T.);
#8678=ORIENTED_EDGE('',*,*,#10940,.F.);
#8679=ORIENTED_EDGE('',*,*,#10935,.F.);
#8680=ORIENTED_EDGE('',*,*,#10218,.T.);
#8681=ORIENTED_EDGE('',*,*,#10189,.T.);
#8682=ORIENTED_EDGE('',*,*,#10193,.T.);
#8683=ORIENTED_EDGE('',*,*,#10689,.T.);
#8684=ORIENTED_EDGE('',*,*,#10692,.T.);
#8685=ORIENTED_EDGE('',*,*,#10666,.T.);
#8686=ORIENTED_EDGE('',*,*,#10671,.T.);
#8687=CARTESIAN_POINT('',(2.658745,0.635,0.0));
#8688=DIRECTION('',(0.0,-1.0,0.0));
#8689=DIRECTION('',(0.0,0.0,-1.0));
#8690=SURFACE_STYLE_FILL_AREA(#10946);
#8691=ORIENTED_EDGE('',*,*,#10248,.T.);
#8692=ORIENTED_EDGE('',*,*,#9910,.F.);
#8693=ORIENTED_EDGE('',*,*,#10947,.F.);
#8694=ORIENTED_EDGE('',*,*,#10948,.F.);
#8695=CARTESIAN_POINT('',(1.658747,-0.865,0.957199));
#8696=DIRECTION('',(0.0,0.0,1.0));
#8697=DIRECTION('',(1.0,0.0,0.0));
#8698=SURFACE_STYLE_FILL_AREA(#10949);
#8699=ORIENTED_EDGE('',*,*,#9927,.F.);
#8700=ORIENTED_EDGE('',*,*,#10950,.F.);
#8701=ORIENTED_EDGE('',*,*,#9640,.T.);
#8702=ORIENTED_EDGE('',*,*,#9650,.T.);
#8703=CARTESIAN_POINT('',(2.001647,-0.865,0.0));
#8704=DIRECTION('',(-1.0,0.0,0.0));
#8705=DIRECTION('',(0.0,0.0,1.0));
#8706=SURFACE_STYLE_FILL_AREA(#10951);
#8707=ORIENTED_EDGE('',*,*,#9907,.F.);
#8708=ORIENTED_EDGE('',*,*,#10256,.T.);
#8709=ORIENTED_EDGE('',*,*,#10952,.T.);
#8710=ORIENTED_EDGE('',*,*,#10953,.F.);
#8711=CARTESIAN_POINT('',(2.001647,-0.865,0.0));
#8712=DIRECTION('',(-1.0,0.0,0.0));
#8713=DIRECTION('',(0.0,0.0,1.0));
#8714=SURFACE_STYLE_FILL_AREA(#10954);
#8715=ORIENTED_EDGE('',*,*,#9925,.F.);
#8716=ORIENTED_EDGE('',*,*,#9652,.T.);
#8717=ORIENTED_EDGE('',*,*,#9642,.F.);
#8718=ORIENTED_EDGE('',*,*,#10955,.F.);
#8719=CARTESIAN_POINT('',(1.315847,-0.865,0.0));
#8720=DIRECTION('',(1.0,0.0,0.0));
#8721=DIRECTION('',(0.0,0.0,-1.0));
#8722=SURFACE_STYLE_FILL_AREA(#10956);
#8723=ORIENTED_EDGE('',*,*,#9908,.F.);
#8724=ORIENTED_EDGE('',*,*,#10953,.T.);
#8725=ORIENTED_EDGE('',*,*,#10957,.T.);
#8726=ORIENTED_EDGE('',*,*,#10958,.T.);
#8727=CARTESIAN_POINT('',(6.158738,1.5,0.207899));
#8728=DIRECTION('',(0.0,0.0,1.0));
#8729=DIRECTION('',(1.0,0.0,0.0));
#8730=SURFACE_STYLE_FILL_AREA(#10959);
#8731=ORIENTED_EDGE('',*,*,#9926,.F.);
#8732=ORIENTED_EDGE('',*,*,#10955,.T.);
#8733=ORIENTED_EDGE('',*,*,#9641,.T.);
#8734=ORIENTED_EDGE('',*,*,#10950,.T.);
#8735=CARTESIAN_POINT('',(6.158738,1.5,-0.207899));
#8736=DIRECTION('',(0.0,0.0,1.0));
#8737=DIRECTION('',(1.0,0.0,0.0));
#8738=SURFACE_STYLE_FILL_AREA(#10960);
#8739=ORIENTED_EDGE('',*,*,#9909,.F.);
#8740=ORIENTED_EDGE('',*,*,#10958,.F.);
#8741=ORIENTED_EDGE('',*,*,#10961,.F.);
#8742=ORIENTED_EDGE('',*,*,#10947,.T.);
#8743=CARTESIAN_POINT('',(1.315847,-0.865,0.0));
#8744=DIRECTION('',(1.0,0.0,0.0));
#8745=DIRECTION('',(0.0,0.0,-1.0));
#8746=SURFACE_STYLE_FILL_AREA(#10962);
#8747=ORIENTED_EDGE('',*,*,#10249,.T.);
#8748=ORIENTED_EDGE('',*,*,#10948,.T.);
#8749=ORIENTED_EDGE('',*,*,#10961,.T.);
#8750=ORIENTED_EDGE('',*,*,#10957,.F.);
#8751=ORIENTED_EDGE('',*,*,#10952,.F.);
#8752=ORIENTED_EDGE('',*,*,#10255,.T.);
#8753=ORIENTED_EDGE('',*,*,#10226,.T.);
#8754=ORIENTED_EDGE('',*,*,#10230,.T.);
#8755=ORIENTED_EDGE('',*,*,#10741,.T.);
#8756=ORIENTED_EDGE('',*,*,#10744,.T.);
#8757=ORIENTED_EDGE('',*,*,#10718,.T.);
#8758=ORIENTED_EDGE('',*,*,#10723,.T.);
#8759=CARTESIAN_POINT('',(1.658747,0.635,0.0));
#8760=DIRECTION('',(0.0,-1.0,0.0));
#8761=DIRECTION('',(0.0,0.0,-1.0));
#8762=SURFACE_STYLE_FILL_AREA(#10963);
#8763=ORIENTED_EDGE('',*,*,#9923,.F.);
#8764=ORIENTED_EDGE('',*,*,#10964,.F.);
#8765=ORIENTED_EDGE('',*,*,#9699,.T.);
#8766=ORIENTED_EDGE('',*,*,#9709,.T.);
#8767=CARTESIAN_POINT('',(1.001649,-0.865,0.0));
#8768=DIRECTION('',(-1.0,0.0,0.0));
#8769=DIRECTION('',(0.0,0.0,1.0));
#8770=SURFACE_STYLE_FILL_AREA(#10965);
#8771=ORIENTED_EDGE('',*,*,#9914,.F.);
#8772=ORIENTED_EDGE('',*,*,#10304,.T.);
#8773=ORIENTED_EDGE('',*,*,#10295,.T.);
#8774=ORIENTED_EDGE('',*,*,#10966,.F.);
#8775=CARTESIAN_POINT('',(1.001649,-0.865,0.0));
#8776=DIRECTION('',(-1.0,0.0,0.0));
#8777=DIRECTION('',(0.0,0.0,1.0));
#8778=SURFACE_STYLE_FILL_AREA(#10967);
#8779=ORIENTED_EDGE('',*,*,#9921,.F.);
#8780=ORIENTED_EDGE('',*,*,#9711,.T.);
#8781=ORIENTED_EDGE('',*,*,#9701,.F.);
#8782=ORIENTED_EDGE('',*,*,#10968,.F.);
#8783=CARTESIAN_POINT('',(0.315849,-0.865,0.0));
#8784=DIRECTION('',(1.0,0.0,0.0));
#8785=DIRECTION('',(0.0,0.0,-1.0));
#8786=SURFACE_STYLE_FILL_AREA(#10969);
#8787=ORIENTED_EDGE('',*,*,#9915,.F.);
#8788=ORIENTED_EDGE('',*,*,#10966,.T.);
#8789=ORIENTED_EDGE('',*,*,#10294,.T.);
#8790=ORIENTED_EDGE('',*,*,#10970,.T.);
#8791=CARTESIAN_POINT('',(5.15874,1.5,0.207899));
#8792=DIRECTION('',(0.0,0.0,1.0));
#8793=DIRECTION('',(1.0,0.0,0.0));
#8794=SURFACE_STYLE_FILL_AREA(#10971);
#8795=ORIENTED_EDGE('',*,*,#9922,.F.);
#8796=ORIENTED_EDGE('',*,*,#10968,.T.);
#8797=ORIENTED_EDGE('',*,*,#9700,.T.);
#8798=ORIENTED_EDGE('',*,*,#10964,.T.);
#8799=CARTESIAN_POINT('',(5.15874,1.5,-0.207899));
#8800=DIRECTION('',(0.0,0.0,1.0));
#8801=DIRECTION('',(1.0,0.0,0.0));
#8802=SURFACE_STYLE_FILL_AREA(#10972);
#8803=ORIENTED_EDGE('',*,*,#9916,.F.);
#8804=ORIENTED_EDGE('',*,*,#10970,.F.);
#8805=ORIENTED_EDGE('',*,*,#10293,.F.);
#8806=ORIENTED_EDGE('',*,*,#10302,.T.);
#8807=CARTESIAN_POINT('',(0.315849,-0.865,0.0));
#8808=DIRECTION('',(1.0,0.0,0.0));
#8809=DIRECTION('',(0.0,0.0,-1.0));
#8810=SURFACE_STYLE_FILL_AREA(#10973);
#8811=ORIENTED_EDGE('',*,*,#10974,.T.);
#8812=ORIENTED_EDGE('',*,*,#10975,.F.);
#8813=ORIENTED_EDGE('',*,*,#10976,.F.);
#8814=ORIENTED_EDGE('',*,*,#10977,.T.);
#8815=CARTESIAN_POINT('',(-6.53205029128856E-17,1.8923,1.0668));
#8816=DIRECTION('',(-6.12303176911189E-17,0.0,1.0));
#8817=DIRECTION('',(0.0,-1.0,0.0));
#8818=SURFACE_STYLE_FILL_AREA(#10978);
#8819=ORIENTED_EDGE('',*,*,#10315,.T.);
#8820=ORIENTED_EDGE('',*,*,#10318,.T.);
#8821=ORIENTED_EDGE('',*,*,#10322,.T.);
#8822=ORIENTED_EDGE('',*,*,#10324,.T.);
#8823=ORIENTED_EDGE('',*,*,#10339,.T.);
#8824=ORIENTED_EDGE('',*,*,#10342,.T.);
#8825=ORIENTED_EDGE('',*,*,#10346,.T.);
#8826=ORIENTED_EDGE('',*,*,#10348,.T.);
#8827=ORIENTED_EDGE('',*,*,#10365,.T.);
#8828=ORIENTED_EDGE('',*,*,#10368,.T.);
#8829=ORIENTED_EDGE('',*,*,#10372,.T.);
#8830=ORIENTED_EDGE('',*,*,#10374,.T.);
#8831=ORIENTED_EDGE('',*,*,#10391,.T.);
#8832=ORIENTED_EDGE('',*,*,#10394,.T.);
#8833=ORIENTED_EDGE('',*,*,#10398,.T.);
#8834=ORIENTED_EDGE('',*,*,#10400,.T.);
#8835=ORIENTED_EDGE('',*,*,#10417,.T.);
#8836=ORIENTED_EDGE('',*,*,#10420,.T.);
#8837=ORIENTED_EDGE('',*,*,#10424,.T.);
#8838=ORIENTED_EDGE('',*,*,#10426,.T.);
#8839=ORIENTED_EDGE('',*,*,#10443,.T.);
#8840=ORIENTED_EDGE('',*,*,#10446,.T.);
#8841=ORIENTED_EDGE('',*,*,#10450,.T.);
#8842=ORIENTED_EDGE('',*,*,#10452,.T.);
#8843=ORIENTED_EDGE('',*,*,#10469,.T.);
#8844=ORIENTED_EDGE('',*,*,#10472,.T.);
#8845=ORIENTED_EDGE('',*,*,#10476,.T.);
#8846=ORIENTED_EDGE('',*,*,#10478,.T.);
#8847=ORIENTED_EDGE('',*,*,#10495,.T.);
#8848=ORIENTED_EDGE('',*,*,#10498,.T.);
#8849=ORIENTED_EDGE('',*,*,#10502,.T.);
#8850=ORIENTED_EDGE('',*,*,#10504,.T.);
#8851=ORIENTED_EDGE('',*,*,#10521,.T.);
#8852=ORIENTED_EDGE('',*,*,#10524,.T.);
#8853=ORIENTED_EDGE('',*,*,#10528,.T.);
#8854=ORIENTED_EDGE('',*,*,#10530,.T.);
#8855=ORIENTED_EDGE('',*,*,#10547,.T.);
#8856=ORIENTED_EDGE('',*,*,#10550,.T.);
#8857=ORIENTED_EDGE('',*,*,#10554,.T.);
#8858=ORIENTED_EDGE('',*,*,#10556,.T.);
#8859=ORIENTED_EDGE('',*,*,#10573,.T.);
#8860=ORIENTED_EDGE('',*,*,#10576,.T.);
#8861=ORIENTED_EDGE('',*,*,#10580,.T.);
#8862=ORIENTED_EDGE('',*,*,#10582,.T.);
#8863=ORIENTED_EDGE('',*,*,#10599,.T.);
#8864=ORIENTED_EDGE('',*,*,#10602,.T.);
#8865=ORIENTED_EDGE('',*,*,#10606,.T.);
#8866=ORIENTED_EDGE('',*,*,#10608,.T.);
#8867=ORIENTED_EDGE('',*,*,#10625,.T.);
#8868=ORIENTED_EDGE('',*,*,#10628,.T.);
#8869=ORIENTED_EDGE('',*,*,#10632,.T.);
#8870=ORIENTED_EDGE('',*,*,#10634,.T.);
#8871=ORIENTED_EDGE('',*,*,#10651,.T.);
#8872=ORIENTED_EDGE('',*,*,#10654,.T.);
#8873=ORIENTED_EDGE('',*,*,#10658,.T.);
#8874=ORIENTED_EDGE('',*,*,#10660,.T.);
#8875=ORIENTED_EDGE('',*,*,#10677,.T.);
#8876=ORIENTED_EDGE('',*,*,#10680,.T.);
#8877=ORIENTED_EDGE('',*,*,#10684,.T.);
#8878=ORIENTED_EDGE('',*,*,#10686,.T.);
#8879=ORIENTED_EDGE('',*,*,#10703,.T.);
#8880=ORIENTED_EDGE('',*,*,#10706,.T.);
#8881=ORIENTED_EDGE('',*,*,#10710,.T.);
#8882=ORIENTED_EDGE('',*,*,#10712,.T.);
#8883=ORIENTED_EDGE('',*,*,#10729,.T.);
#8884=ORIENTED_EDGE('',*,*,#10732,.T.);
#8885=ORIENTED_EDGE('',*,*,#10736,.T.);
#8886=ORIENTED_EDGE('',*,*,#10738,.T.);
#8887=ORIENTED_EDGE('',*,*,#10755,.T.);
#8888=ORIENTED_EDGE('',*,*,#10758,.T.);
#8889=ORIENTED_EDGE('',*,*,#10762,.T.);
#8890=ORIENTED_EDGE('',*,*,#10764,.T.);
#8891=ORIENTED_EDGE('',*,*,#10779,.T.);
#8892=ORIENTED_EDGE('',*,*,#10782,.T.);
#8893=ORIENTED_EDGE('',*,*,#10786,.T.);
#8894=ORIENTED_EDGE('',*,*,#10788,.T.);
#8895=ORIENTED_EDGE('',*,*,#10803,.T.);
#8896=ORIENTED_EDGE('',*,*,#10806,.T.);
#8897=ORIENTED_EDGE('',*,*,#10810,.T.);
#8898=ORIENTED_EDGE('',*,*,#10812,.T.);
#8899=ORIENTED_EDGE('',*,*,#10979,.T.);
#8900=ORIENTED_EDGE('',*,*,#10980,.F.);
#8901=ORIENTED_EDGE('',*,*,#10981,.F.);
#8902=ORIENTED_EDGE('',*,*,#10975,.T.);
#8903=CARTESIAN_POINT('',(4.07875851034759E-32,2.1209,-6.66133814775094E-16));
#8904=DIRECTION('',(0.0,1.0,0.0));
#8905=DIRECTION('',(-6.12303176911189E-17,-0.0,1.0));
#8906=SURFACE_STYLE_FILL_AREA(#10982);
#8907=ORIENTED_EDGE('',*,*,#10983,.T.);
#8908=ORIENTED_EDGE('',*,*,#10984,.F.);
#8909=ORIENTED_EDGE('',*,*,#10985,.F.);
#8910=ORIENTED_EDGE('',*,*,#10980,.T.);
#8911=CARTESIAN_POINT('',(6.53205029128857E-17,1.8923,-1.0668));
#8912=DIRECTION('',(6.12303176911189E-17,0.0,-1.0));
#8913=DIRECTION('',(0.0,1.0,0.0));
#8914=SURFACE_STYLE_FILL_AREA(#10986);
#8915=ORIENTED_EDGE('',*,*,#10987,.T.);
#8916=ORIENTED_EDGE('',*,*,#10988,.F.);
#8917=ORIENTED_EDGE('',*,*,#10989,.F.);
#8918=ORIENTED_EDGE('',*,*,#10984,.T.);
#8919=CARTESIAN_POINT('',(7.15415031903033E-17,1.6637,-1.1684));
#8920=DIRECTION('',(0.0,1.0,0.0));
#8921=DIRECTION('',(-6.12303176911189E-17,-0.0,1.0));
#8922=SURFACE_STYLE_FILL_AREA(#10990);
#8923=ORIENTED_EDGE('',*,*,#10991,.T.);
#8924=ORIENTED_EDGE('',*,*,#10992,.F.);
#8925=ORIENTED_EDGE('',*,*,#9150,.F.);
#8926=ORIENTED_EDGE('',*,*,#9165,.F.);
#8927=ORIENTED_EDGE('',*,*,#9209,.F.);
#8928=ORIENTED_EDGE('',*,*,#9224,.F.);
#8929=ORIENTED_EDGE('',*,*,#9268,.F.);
#8930=ORIENTED_EDGE('',*,*,#9283,.F.);
#8931=ORIENTED_EDGE('',*,*,#9327,.F.);
#8932=ORIENTED_EDGE('',*,*,#9342,.F.);
#8933=ORIENTED_EDGE('',*,*,#9386,.F.);
#8934=ORIENTED_EDGE('',*,*,#9401,.F.);
#8935=ORIENTED_EDGE('',*,*,#9445,.F.);
#8936=ORIENTED_EDGE('',*,*,#9460,.F.);
#8937=ORIENTED_EDGE('',*,*,#9504,.F.);
#8938=ORIENTED_EDGE('',*,*,#9519,.F.);
#8939=ORIENTED_EDGE('',*,*,#9563,.F.);
#8940=ORIENTED_EDGE('',*,*,#9578,.F.);
#8941=ORIENTED_EDGE('',*,*,#9622,.F.);
#8942=ORIENTED_EDGE('',*,*,#9637,.F.);
#8943=ORIENTED_EDGE('',*,*,#9681,.F.);
#8944=ORIENTED_EDGE('',*,*,#9696,.F.);
#8945=ORIENTED_EDGE('',*,*,#10993,.F.);
#8946=ORIENTED_EDGE('',*,*,#10988,.T.);
#8947=CARTESIAN_POINT('',(7.7762503467721E-17,0.83185,-1.27));
#8948=DIRECTION('',(6.12303176911189E-17,0.0,-1.0));
#8949=DIRECTION('',(0.0,1.0,0.0));
#8950=SURFACE_STYLE_FILL_AREA(#10994);
#8951=ORIENTED_EDGE('',*,*,#9128,.T.);
#8952=ORIENTED_EDGE('',*,*,#10992,.T.);
#8953=ORIENTED_EDGE('',*,*,#10995,.T.);
#8954=ORIENTED_EDGE('',*,*,#10996,.F.);
#8955=CARTESIAN_POINT('',(7.20858407145774E-17,0.0,-1.17729));
#8956=DIRECTION('',(0.0,-1.0,0.0));
#8957=DIRECTION('',(6.12303176911189E-17,0.0,-1.0));
#8958=SURFACE_STYLE_FILL_AREA(#10997);
#8959=ORIENTED_EDGE('',*,*,#9129,.T.);
#8960=ORIENTED_EDGE('',*,*,#10996,.T.);
#8961=ORIENTED_EDGE('',*,*,#10998,.T.);
#8962=ORIENTED_EDGE('',*,*,#9849,.F.);
#8963=ORIENTED_EDGE('',*,*,#9130,.T.);
#8964=ORIENTED_EDGE('',*,*,#9125,.T.);
#8965=ORIENTED_EDGE('',*,*,#9160,.T.);
#8966=ORIENTED_EDGE('',*,*,#9956,.F.);
#8967=ORIENTED_EDGE('',*,*,#9189,.T.);
#8968=ORIENTED_EDGE('',*,*,#9185,.T.);
#8969=ORIENTED_EDGE('',*,*,#9219,.T.);
#8970=ORIENTED_EDGE('',*,*,#9952,.F.);
#8971=ORIENTED_EDGE('',*,*,#9248,.T.);
#8972=ORIENTED_EDGE('',*,*,#9244,.T.);
#8973=ORIENTED_EDGE('',*,*,#9278,.T.);
#8974=ORIENTED_EDGE('',*,*,#9948,.F.);
#8975=ORIENTED_EDGE('',*,*,#9307,.T.);
#8976=ORIENTED_EDGE('',*,*,#9303,.T.);
#8977=ORIENTED_EDGE('',*,*,#9337,.T.);
#8978=ORIENTED_EDGE('',*,*,#9944,.F.);
#8979=ORIENTED_EDGE('',*,*,#9366,.T.);
#8980=ORIENTED_EDGE('',*,*,#9362,.T.);
#8981=ORIENTED_EDGE('',*,*,#9396,.T.);
#8982=ORIENTED_EDGE('',*,*,#9940,.F.);
#8983=ORIENTED_EDGE('',*,*,#9425,.T.);
#8984=ORIENTED_EDGE('',*,*,#9421,.T.);
#8985=ORIENTED_EDGE('',*,*,#9455,.T.);
#8986=ORIENTED_EDGE('',*,*,#9936,.F.);
#8987=ORIENTED_EDGE('',*,*,#9484,.T.);
#8988=ORIENTED_EDGE('',*,*,#9480,.T.);
#8989=ORIENTED_EDGE('',*,*,#9514,.T.);
#8990=ORIENTED_EDGE('',*,*,#9932,.F.);
#8991=ORIENTED_EDGE('',*,*,#9543,.T.);
#8992=ORIENTED_EDGE('',*,*,#9539,.T.);
#8993=ORIENTED_EDGE('',*,*,#9573,.T.);
#8994=ORIENTED_EDGE('',*,*,#9928,.F.);
#8995=ORIENTED_EDGE('',*,*,#9602,.T.);
#8996=ORIENTED_EDGE('',*,*,#9598,.T.);
#8997=ORIENTED_EDGE('',*,*,#9632,.T.);
#8998=ORIENTED_EDGE('',*,*,#9924,.F.);
#8999=ORIENTED_EDGE('',*,*,#9661,.T.);
#9000=ORIENTED_EDGE('',*,*,#9657,.T.);
#9001=ORIENTED_EDGE('',*,*,#9691,.T.);
#9002=ORIENTED_EDGE('',*,*,#9920,.F.);
#9003=ORIENTED_EDGE('',*,*,#10999,.F.);
#9004=ORIENTED_EDGE('',*,*,#9694,.T.);
#9005=ORIENTED_EDGE('',*,*,#9692,.T.);
#9006=ORIENTED_EDGE('',*,*,#9655,.T.);
#9007=ORIENTED_EDGE('',*,*,#9660,.T.);
#9008=ORIENTED_EDGE('',*,*,#9635,.T.);
#9009=ORIENTED_EDGE('',*,*,#9633,.T.);
#9010=ORIENTED_EDGE('',*,*,#9596,.T.);
#9011=ORIENTED_EDGE('',*,*,#9601,.T.);
#9012=ORIENTED_EDGE('',*,*,#9576,.T.);
#9013=ORIENTED_EDGE('',*,*,#9574,.T.);
#9014=ORIENTED_EDGE('',*,*,#9537,.T.);
#9015=ORIENTED_EDGE('',*,*,#9542,.T.);
#9016=ORIENTED_EDGE('',*,*,#9517,.T.);
#9017=ORIENTED_EDGE('',*,*,#9515,.T.);
#9018=ORIENTED_EDGE('',*,*,#9478,.T.);
#9019=ORIENTED_EDGE('',*,*,#9483,.T.);
#9020=ORIENTED_EDGE('',*,*,#9458,.T.);
#9021=ORIENTED_EDGE('',*,*,#9456,.T.);
#9022=ORIENTED_EDGE('',*,*,#9419,.T.);
#9023=ORIENTED_EDGE('',*,*,#9424,.T.);
#9024=ORIENTED_EDGE('',*,*,#9399,.T.);
#9025=ORIENTED_EDGE('',*,*,#9397,.T.);
#9026=ORIENTED_EDGE('',*,*,#9360,.T.);
#9027=ORIENTED_EDGE('',*,*,#9365,.T.);
#9028=ORIENTED_EDGE('',*,*,#9340,.T.);
#9029=ORIENTED_EDGE('',*,*,#9338,.T.);
#9030=ORIENTED_EDGE('',*,*,#9301,.T.);
#9031=ORIENTED_EDGE('',*,*,#9306,.T.);
#9032=ORIENTED_EDGE('',*,*,#9281,.T.);
#9033=ORIENTED_EDGE('',*,*,#9279,.T.);
#9034=ORIENTED_EDGE('',*,*,#9242,.T.);
#9035=ORIENTED_EDGE('',*,*,#9247,.T.);
#9036=ORIENTED_EDGE('',*,*,#9222,.T.);
#9037=ORIENTED_EDGE('',*,*,#9220,.T.);
#9038=ORIENTED_EDGE('',*,*,#9183,.T.);
#9039=ORIENTED_EDGE('',*,*,#9188,.T.);
#9040=ORIENTED_EDGE('',*,*,#9163,.T.);
#9041=ORIENTED_EDGE('',*,*,#9161,.T.);
#9042=ORIENTED_EDGE('',*,*,#9123,.T.);
#9043=CARTESIAN_POINT('',(6.25210527880477E-17,0.0635,-1.02108));
#9044=DIRECTION('',(-4.32963728535968E-17,-0.707106781186548,0.707106781186547));
#9045=DIRECTION('',(4.32963728535968E-17,-0.707106781186547,-0.707106781186548));
#9046=SURFACE_STYLE_FILL_AREA(#11000);
#9047=ORIENTED_EDGE('',*,*,#9715,.T.);
#9048=ORIENTED_EDGE('',*,*,#9834,.T.);
#9049=ORIENTED_EDGE('',*,*,#11001,.T.);
#9050=ORIENTED_EDGE('',*,*,#11002,.F.);
#9051=CARTESIAN_POINT('',(-7.20858407145773E-17,0.0,1.17729));
#9052=DIRECTION('',(0.0,-1.0,0.0));
#9053=DIRECTION('',(6.12303176911189E-17,0.0,-1.0));
#9054=SURFACE_STYLE_FILL_AREA(#11003);
#9055=ORIENTED_EDGE('',*,*,#11004,.T.);
#9056=ORIENTED_EDGE('',*,*,#11005,.F.);
#9057=ORIENTED_EDGE('',*,*,#11006,.T.);
#9058=ORIENTED_EDGE('',*,*,#10289,.T.);
#9059=ORIENTED_EDGE('',*,*,#10277,.T.);
#9060=ORIENTED_EDGE('',*,*,#10252,.T.);
#9061=ORIENTED_EDGE('',*,*,#10243,.T.);
#9062=ORIENTED_EDGE('',*,*,#10215,.T.);
#9063=ORIENTED_EDGE('',*,*,#10206,.T.);
#9064=ORIENTED_EDGE('',*,*,#10178,.T.);
#9065=ORIENTED_EDGE('',*,*,#10169,.T.);
#9066=ORIENTED_EDGE('',*,*,#10141,.T.);
#9067=ORIENTED_EDGE('',*,*,#10132,.T.);
#9068=ORIENTED_EDGE('',*,*,#10104,.T.);
#9069=ORIENTED_EDGE('',*,*,#10095,.T.);
#9070=ORIENTED_EDGE('',*,*,#10067,.T.);
#9071=ORIENTED_EDGE('',*,*,#10058,.T.);
#9072=ORIENTED_EDGE('',*,*,#10030,.T.);
#9073=ORIENTED_EDGE('',*,*,#10021,.T.);
#9074=ORIENTED_EDGE('',*,*,#9993,.T.);
#9075=ORIENTED_EDGE('',*,*,#9984,.T.);
#9076=ORIENTED_EDGE('',*,*,#9754,.T.);
#9077=ORIENTED_EDGE('',*,*,#9737,.T.);
#9078=ORIENTED_EDGE('',*,*,#11002,.T.);
#9079=CARTESIAN_POINT('',(-7.77625034677209E-17,0.83185,1.27));
#9080=DIRECTION('',(-6.12303176911189E-17,0.0,1.0));
#9081=DIRECTION('',(0.0,-1.0,0.0));
#9082=SURFACE_STYLE_FILL_AREA(#11007);
#9083=ORIENTED_EDGE('',*,*,#11008,.T.);
#9084=ORIENTED_EDGE('',*,*,#10977,.F.);
#9085=ORIENTED_EDGE('',*,*,#11009,.F.);
#9086=ORIENTED_EDGE('',*,*,#11005,.T.);
#9087=CARTESIAN_POINT('',(-7.15415031903032E-17,1.6637,1.1684));
#9088=DIRECTION('',(0.0,1.0,0.0));
#9089=DIRECTION('',(-6.12303176911189E-17,-0.0,1.0));
#9090=SURFACE_STYLE_FILL_AREA(#11010);
#9091=ORIENTED_EDGE('',*,*,#10974,.F.);
#9092=ORIENTED_EDGE('',*,*,#11008,.F.);
#9093=ORIENTED_EDGE('',*,*,#11004,.F.);
#9094=ORIENTED_EDGE('',*,*,#11001,.F.);
#9095=ORIENTED_EDGE('',*,*,#9833,.F.);
#9096=ORIENTED_EDGE('',*,*,#9850,.F.);
#9097=ORIENTED_EDGE('',*,*,#10998,.F.);
#9098=ORIENTED_EDGE('',*,*,#10995,.F.);
#9099=ORIENTED_EDGE('',*,*,#10991,.F.);
#9100=ORIENTED_EDGE('',*,*,#10987,.F.);
#9101=ORIENTED_EDGE('',*,*,#10983,.F.);
#9102=ORIENTED_EDGE('',*,*,#10979,.F.);
#9103=CARTESIAN_POINT('',(10.31748,1.0571253920085,-8.99023878345866E-17));
#9104=DIRECTION('',(1.0,0.0,6.12303176911189E-17));
#9105=DIRECTION('',(6.12303176911189E-17,0.0,-1.0));
#9106=SURFACE_STYLE_FILL_AREA(#11011);
#9107=ORIENTED_EDGE('',*,*,#11009,.T.);
#9108=ORIENTED_EDGE('',*,*,#10976,.T.);
#9109=ORIENTED_EDGE('',*,*,#10981,.T.);
#9110=ORIENTED_EDGE('',*,*,#10985,.T.);
#9111=ORIENTED_EDGE('',*,*,#10989,.T.);
#9112=ORIENTED_EDGE('',*,*,#10993,.T.);
#9113=ORIENTED_EDGE('',*,*,#9695,.F.);
#9114=ORIENTED_EDGE('',*,*,#10999,.T.);
#9115=ORIENTED_EDGE('',*,*,#9919,.T.);
#9116=ORIENTED_EDGE('',*,*,#9794,.T.);
#9117=ORIENTED_EDGE('',*,*,#10290,.F.);
#9118=ORIENTED_EDGE('',*,*,#11006,.F.);
#9119=CARTESIAN_POINT('',(4.41865505287656E-32,1.0571253920085,-7.21644966006352E-16));
#9120=DIRECTION('',(1.0,0.0,6.12303176911189E-17));
#9121=DIRECTION('',(6.12303176911189E-17,0.0,-1.0));
#9122=FILL_AREA_STYLE('',(#11012));
#9123=EDGE_CURVE('',#11013,#11014,#11015,.T.);
#9124=EDGE_CURVE('',#11013,#11016,#11017,.T.);
#9125=EDGE_CURVE('',#11018,#11016,#11019,.T.);
#9126=EDGE_CURVE('',#11014,#11018,#11020,.T.);
#9127=FILL_AREA_STYLE('',(#11021));
#9128=EDGE_CURVE('',#11022,#11023,#11024,.T.);
#9129=EDGE_CURVE('',#11014,#11022,#11025,.T.);
#9130=EDGE_CURVE('',#11026,#11018,#11027,.T.);
#9131=EDGE_CURVE('',#11028,#11026,#11029,.T.);
#9132=EDGE_CURVE('',#11030,#11028,#11031,.T.);
#9133=EDGE_CURVE('',#11032,#11030,#11033,.T.);
#9134=EDGE_CURVE('',#11034,#11032,#11035,.T.);
#9135=EDGE_CURVE('',#11036,#11034,#11037,.T.);
#9136=EDGE_CURVE('',#11038,#11036,#11039,.T.);
#9137=EDGE_CURVE('',#11040,#11038,#11041,.T.);
#9138=EDGE_CURVE('',#11023,#11040,#11042,.T.);
#9139=FILL_AREA_STYLE('',(#11043));
#9140=EDGE_CURVE('',#11044,#11045,#11046,.T.);
#9141=EDGE_CURVE('',#11036,#11045,#11047,.T.);
#9142=EDGE_CURVE('',#11034,#11044,#11048,.T.);
#9143=FILL_AREA_STYLE('',(#11049));
#9144=EDGE_CURVE('',#11045,#11050,#11051,.T.);
#9145=EDGE_CURVE('',#11038,#11050,#11052,.T.);
#9146=FILL_AREA_STYLE('',(#11053));
#9147=EDGE_CURVE('',#11050,#11054,#11055,.T.);
#9148=EDGE_CURVE('',#11040,#11054,#11056,.T.);
#9149=FILL_AREA_STYLE('',(#11057));
#9150=EDGE_CURVE('',#11058,#11023,#11059,.T.);
#9151=EDGE_CURVE('',#11054,#11058,#11060,.T.);
#9152=FILL_AREA_STYLE('',(#11061));
#9153=EDGE_CURVE('',#11062,#11032,#11063,.T.);
#9154=EDGE_CURVE('',#11062,#11044,#11064,.T.);
#9155=FILL_AREA_STYLE('',(#11065));
#9156=EDGE_CURVE('',#11058,#11066,#11067,.T.);
#9157=EDGE_CURVE('',#11068,#11062,#11069,.T.);
#9158=EDGE_CURVE('',#11070,#11068,#11071,.T.);
#9159=EDGE_CURVE('',#11072,#11070,#11073,.T.);
#9160=EDGE_CURVE('',#11016,#11072,#11074,.T.);
#9161=EDGE_CURVE('',#11066,#11013,#11075,.T.);
#9162=FILL_AREA_STYLE('',(#11076));
#9163=EDGE_CURVE('',#11077,#11066,#11078,.T.);
#9164=EDGE_CURVE('',#11077,#11079,#11080,.T.);
#9165=EDGE_CURVE('',#11079,#11058,#11081,.T.);
#9166=FILL_AREA_STYLE('',(#11082));
#9167=EDGE_CURVE('',#11030,#11083,#11084,.T.);
#9168=EDGE_CURVE('',#11085,#11083,#11086,.T.);
#9169=EDGE_CURVE('',#11087,#11085,#11088,.T.);
#9170=EDGE_CURVE('',#11087,#11089,#11090,.T.);
#9171=EDGE_CURVE('',#11089,#11068,#11091,.T.);
#9172=EDGE_CURVE('',#11092,#11093,#11094,.T.);
#9173=EDGE_CURVE('',#11093,#11095,#11096,.T.);
#9174=EDGE_CURVE('',#11095,#11097,#11098,.T.);
#9175=EDGE_CURVE('',#11097,#11092,#11099,.T.);
#9176=FILL_AREA_STYLE('',(#11100));
#9177=EDGE_CURVE('',#11101,#11028,#11102,.T.);
#9178=EDGE_CURVE('',#11083,#11101,#11103,.T.);
#9179=FILL_AREA_STYLE('',(#11104));
#9180=EDGE_CURVE('',#11105,#11089,#11106,.T.);
#9181=EDGE_CURVE('',#11070,#11105,#11107,.T.);
#9182=FILL_AREA_STYLE('',(#11108));
#9183=EDGE_CURVE('',#11109,#11110,#11111,.T.);
#9184=EDGE_CURVE('',#11109,#11112,#11113,.T.);
#9185=EDGE_CURVE('',#11114,#11112,#11115,.T.);
#9186=EDGE_CURVE('',#11110,#11114,#11116,.T.);
#9187=FILL_AREA_STYLE('',(#11117));
#9188=EDGE_CURVE('',#11110,#11077,#11118,.T.);
#9189=EDGE_CURVE('',#11119,#11114,#11120,.T.);
#9190=EDGE_CURVE('',#11121,#11119,#11122,.T.);
#9191=EDGE_CURVE('',#11123,#11121,#11124,.T.);
#9192=EDGE_CURVE('',#11125,#11123,#11126,.T.);
#9193=EDGE_CURVE('',#11127,#11125,#11128,.T.);
#9194=EDGE_CURVE('',#11129,#11127,#11130,.T.);
#9195=EDGE_CURVE('',#11131,#11129,#11132,.T.);
#9196=EDGE_CURVE('',#11133,#11131,#11134,.T.);
#9197=EDGE_CURVE('',#11079,#11133,#11135,.T.);
#9198=FILL_AREA_STYLE('',(#11136));
#9199=EDGE_CURVE('',#11137,#11138,#11139,.T.);
#9200=EDGE_CURVE('',#11129,#11138,#11140,.T.);
#9201=EDGE_CURVE('',#11127,#11137,#11141,.T.);
#9202=FILL_AREA_STYLE('',(#11142));
#9203=EDGE_CURVE('',#11138,#11143,#11144,.T.);
#9204=EDGE_CURVE('',#11131,#11143,#11145,.T.);
#9205=FILL_AREA_STYLE('',(#11146));
#9206=EDGE_CURVE('',#11143,#11147,#11148,.T.);
#9207=EDGE_CURVE('',#11133,#11147,#11149,.T.);
#9208=FILL_AREA_STYLE('',(#11150));
#9209=EDGE_CURVE('',#11151,#11079,#11152,.T.);
#9210=EDGE_CURVE('',#11147,#11151,#11153,.T.);
#9211=FILL_AREA_STYLE('',(#11154));
#9212=EDGE_CURVE('',#11155,#11125,#11156,.T.);
#9213=EDGE_CURVE('',#11155,#11137,#11157,.T.);
#9214=FILL_AREA_STYLE('',(#11158));
#9215=EDGE_CURVE('',#11151,#11159,#11160,.T.);
#9216=EDGE_CURVE('',#11161,#11155,#11162,.T.);
#9217=EDGE_CURVE('',#11163,#11161,#11164,.T.);
#9218=EDGE_CURVE('',#11165,#11163,#11166,.T.);
#9219=EDGE_CURVE('',#11112,#11165,#11167,.T.);
#9220=EDGE_CURVE('',#11159,#11109,#11168,.T.);
#9221=FILL_AREA_STYLE('',(#11169));
#9222=EDGE_CURVE('',#11170,#11159,#11171,.T.);
#9223=EDGE_CURVE('',#11170,#11172,#11173,.T.);
#9224=EDGE_CURVE('',#11172,#11151,#11174,.T.);
#9225=FILL_AREA_STYLE('',(#11175));
#9226=EDGE_CURVE('',#11123,#11176,#11177,.T.);
#9227=EDGE_CURVE('',#11178,#11176,#11179,.T.);
#9228=EDGE_CURVE('',#11180,#11178,#11181,.T.);
#9229=EDGE_CURVE('',#11180,#11182,#11183,.T.);
#9230=EDGE_CURVE('',#11182,#11161,#11184,.T.);
#9231=EDGE_CURVE('',#11185,#11186,#11187,.T.);
#9232=EDGE_CURVE('',#11186,#11188,#11189,.T.);
#9233=EDGE_CURVE('',#11188,#11190,#11191,.T.);
#9234=EDGE_CURVE('',#11190,#11185,#11192,.T.);
#9235=FILL_AREA_STYLE('',(#11193));
#9236=EDGE_CURVE('',#11194,#11121,#11195,.T.);
#9237=EDGE_CURVE('',#11176,#11194,#11196,.T.);
#9238=FILL_AREA_STYLE('',(#11197));
#9239=EDGE_CURVE('',#11198,#11182,#11199,.T.);
#9240=EDGE_CURVE('',#11163,#11198,#11200,.T.);
#9241=FILL_AREA_STYLE('',(#11201));
#9242=EDGE_CURVE('',#11202,#11203,#11204,.T.);
#9243=EDGE_CURVE('',#11202,#11205,#11206,.T.);
#9244=EDGE_CURVE('',#11207,#11205,#11208,.T.);
#9245=EDGE_CURVE('',#11203,#11207,#11209,.T.);
#9246=FILL_AREA_STYLE('',(#11210));
#9247=EDGE_CURVE('',#11203,#11170,#11211,.T.);
#9248=EDGE_CURVE('',#11212,#11207,#11213,.T.);
#9249=EDGE_CURVE('',#11214,#11212,#11215,.T.);
#9250=EDGE_CURVE('',#11216,#11214,#11217,.T.);
#9251=EDGE_CURVE('',#11218,#11216,#11219,.T.);
#9252=EDGE_CURVE('',#11220,#11218,#11221,.T.);
#9253=EDGE_CURVE('',#11222,#11220,#11223,.T.);
#9254=EDGE_CURVE('',#11224,#11222,#11225,.T.);
#9255=EDGE_CURVE('',#11226,#11224,#11227,.T.);
#9256=EDGE_CURVE('',#11172,#11226,#11228,.T.);
#9257=FILL_AREA_STYLE('',(#11229));
#9258=EDGE_CURVE('',#11230,#11231,#11232,.T.);
#9259=EDGE_CURVE('',#11222,#11231,#11233,.T.);
#9260=EDGE_CURVE('',#11220,#11230,#11234,.T.);
#9261=FILL_AREA_STYLE('',(#11235));
#9262=EDGE_CURVE('',#11231,#11236,#11237,.T.);
#9263=EDGE_CURVE('',#11224,#11236,#11238,.T.);
#9264=FILL_AREA_STYLE('',(#11239));
#9265=EDGE_CURVE('',#11236,#11240,#11241,.T.);
#9266=EDGE_CURVE('',#11226,#11240,#11242,.T.);
#9267=FILL_AREA_STYLE('',(#11243));
#9268=EDGE_CURVE('',#11244,#11172,#11245,.T.);
#9269=EDGE_CURVE('',#11240,#11244,#11246,.T.);
#9270=FILL_AREA_STYLE('',(#11247));
#9271=EDGE_CURVE('',#11248,#11218,#11249,.T.);
#9272=EDGE_CURVE('',#11248,#11230,#11250,.T.);
#9273=FILL_AREA_STYLE('',(#11251));
#9274=EDGE_CURVE('',#11244,#11252,#11253,.T.);
#9275=EDGE_CURVE('',#11254,#11248,#11255,.T.);
#9276=EDGE_CURVE('',#11256,#11254,#11257,.T.);
#9277=EDGE_CURVE('',#11258,#11256,#11259,.T.);
#9278=EDGE_CURVE('',#11205,#11258,#11260,.T.);
#9279=EDGE_CURVE('',#11252,#11202,#11261,.T.);
#9280=FILL_AREA_STYLE('',(#11262));
#9281=EDGE_CURVE('',#11263,#11252,#11264,.T.);
#9282=EDGE_CURVE('',#11263,#11265,#11266,.T.);
#9283=EDGE_CURVE('',#11265,#11244,#11267,.T.);
#9284=FILL_AREA_STYLE('',(#11268));
#9285=EDGE_CURVE('',#11216,#11269,#11270,.T.);
#9286=EDGE_CURVE('',#11271,#11269,#11272,.T.);
#9287=EDGE_CURVE('',#11273,#11271,#11274,.T.);
#9288=EDGE_CURVE('',#11273,#11275,#11276,.T.);
#9289=EDGE_CURVE('',#11275,#11254,#11277,.T.);
#9290=EDGE_CURVE('',#11278,#11279,#11280,.T.);
#9291=EDGE_CURVE('',#11279,#11281,#11282,.T.);
#9292=EDGE_CURVE('',#11281,#11283,#11284,.T.);
#9293=EDGE_CURVE('',#11283,#11278,#11285,.T.);
#9294=FILL_AREA_STYLE('',(#11286));
#9295=EDGE_CURVE('',#11287,#11214,#11288,.T.);
#9296=EDGE_CURVE('',#11269,#11287,#11289,.T.);
#9297=FILL_AREA_STYLE('',(#11290));
#9298=EDGE_CURVE('',#11291,#11275,#11292,.T.);
#9299=EDGE_CURVE('',#11256,#11291,#11293,.T.);
#9300=FILL_AREA_STYLE('',(#11294));
#9301=EDGE_CURVE('',#11295,#11296,#11297,.T.);
#9302=EDGE_CURVE('',#11295,#11298,#11299,.T.);
#9303=EDGE_CURVE('',#11300,#11298,#11301,.T.);
#9304=EDGE_CURVE('',#11296,#11300,#11302,.T.);
#9305=FILL_AREA_STYLE('',(#11303));
#9306=EDGE_CURVE('',#11296,#11263,#11304,.T.);
#9307=EDGE_CURVE('',#11305,#11300,#11306,.T.);
#9308=EDGE_CURVE('',#11307,#11305,#11308,.T.);
#9309=EDGE_CURVE('',#11309,#11307,#11310,.T.);
#9310=EDGE_CURVE('',#11311,#11309,#11312,.T.);
#9311=EDGE_CURVE('',#11313,#11311,#11314,.T.);
#9312=EDGE_CURVE('',#11315,#11313,#11316,.T.);
#9313=EDGE_CURVE('',#11317,#11315,#11318,.T.);
#9314=EDGE_CURVE('',#11319,#11317,#11320,.T.);
#9315=EDGE_CURVE('',#11265,#11319,#11321,.T.);
#9316=FILL_AREA_STYLE('',(#11322));
#9317=EDGE_CURVE('',#11323,#11324,#11325,.T.);
#9318=EDGE_CURVE('',#11315,#11324,#11326,.T.);
#9319=EDGE_CURVE('',#11313,#11323,#11327,.T.);
#9320=FILL_AREA_STYLE('',(#11328));
#9321=EDGE_CURVE('',#11324,#11329,#11330,.T.);
#9322=EDGE_CURVE('',#11317,#11329,#11331,.T.);
#9323=FILL_AREA_STYLE('',(#11332));
#9324=EDGE_CURVE('',#11329,#11333,#11334,.T.);
#9325=EDGE_CURVE('',#11319,#11333,#11335,.T.);
#9326=FILL_AREA_STYLE('',(#11336));
#9327=EDGE_CURVE('',#11337,#11265,#11338,.T.);
#9328=EDGE_CURVE('',#11333,#11337,#11339,.T.);
#9329=FILL_AREA_STYLE('',(#11340));
#9330=EDGE_CURVE('',#11341,#11311,#11342,.T.);
#9331=EDGE_CURVE('',#11341,#11323,#11343,.T.);
#9332=FILL_AREA_STYLE('',(#11344));
#9333=EDGE_CURVE('',#11337,#11345,#11346,.T.);
#9334=EDGE_CURVE('',#11347,#11341,#11348,.T.);
#9335=EDGE_CURVE('',#11349,#11347,#11350,.T.);
#9336=EDGE_CURVE('',#11351,#11349,#11352,.T.);
#9337=EDGE_CURVE('',#11298,#11351,#11353,.T.);
#9338=EDGE_CURVE('',#11345,#11295,#11354,.T.);
#9339=FILL_AREA_STYLE('',(#11355));
#9340=EDGE_CURVE('',#11356,#11345,#11357,.T.);
#9341=EDGE_CURVE('',#11356,#11358,#11359,.T.);
#9342=EDGE_CURVE('',#11358,#11337,#11360,.T.);
#9343=FILL_AREA_STYLE('',(#11361));
#9344=EDGE_CURVE('',#11309,#11362,#11363,.T.);
#9345=EDGE_CURVE('',#11364,#11362,#11365,.T.);
#9346=EDGE_CURVE('',#11366,#11364,#11367,.T.);
#9347=EDGE_CURVE('',#11366,#11368,#11369,.T.);
#9348=EDGE_CURVE('',#11368,#11347,#11370,.T.);
#9349=EDGE_CURVE('',#11371,#11372,#11373,.T.);
#9350=EDGE_CURVE('',#11372,#11374,#11375,.T.);
#9351=EDGE_CURVE('',#11374,#11376,#11377,.T.);
#9352=EDGE_CURVE('',#11376,#11371,#11378,.T.);
#9353=FILL_AREA_STYLE('',(#11379));
#9354=EDGE_CURVE('',#11380,#11307,#11381,.T.);
#9355=EDGE_CURVE('',#11362,#11380,#11382,.T.);
#9356=FILL_AREA_STYLE('',(#11383));
#9357=EDGE_CURVE('',#11384,#11368,#11385,.T.);
#9358=EDGE_CURVE('',#11349,#11384,#11386,.T.);
#9359=FILL_AREA_STYLE('',(#11387));
#9360=EDGE_CURVE('',#11388,#11389,#11390,.T.);
#9361=EDGE_CURVE('',#11388,#11391,#11392,.T.);
#9362=EDGE_CURVE('',#11393,#11391,#11394,.T.);
#9363=EDGE_CURVE('',#11389,#11393,#11395,.T.);
#9364=FILL_AREA_STYLE('',(#11396));
#9365=EDGE_CURVE('',#11389,#11356,#11397,.T.);
#9366=EDGE_CURVE('',#11398,#11393,#11399,.T.);
#9367=EDGE_CURVE('',#11400,#11398,#11401,.T.);
#9368=EDGE_CURVE('',#11402,#11400,#11403,.T.);
#9369=EDGE_CURVE('',#11404,#11402,#11405,.T.);
#9370=EDGE_CURVE('',#11406,#11404,#11407,.T.);
#9371=EDGE_CURVE('',#11408,#11406,#11409,.T.);
#9372=EDGE_CURVE('',#11410,#11408,#11411,.T.);
#9373=EDGE_CURVE('',#11412,#11410,#11413,.T.);
#9374=EDGE_CURVE('',#11358,#11412,#11414,.T.);
#9375=FILL_AREA_STYLE('',(#11415));
#9376=EDGE_CURVE('',#11416,#11417,#11418,.T.);
#9377=EDGE_CURVE('',#11408,#11417,#11419,.T.);
#9378=EDGE_CURVE('',#11406,#11416,#11420,.T.);
#9379=FILL_AREA_STYLE('',(#11421));
#9380=EDGE_CURVE('',#11417,#11422,#11423,.T.);
#9381=EDGE_CURVE('',#11410,#11422,#11424,.T.);
#9382=FILL_AREA_STYLE('',(#11425));
#9383=EDGE_CURVE('',#11422,#11426,#11427,.T.);
#9384=EDGE_CURVE('',#11412,#11426,#11428,.T.);
#9385=FILL_AREA_STYLE('',(#11429));
#9386=EDGE_CURVE('',#11430,#11358,#11431,.T.);
#9387=EDGE_CURVE('',#11426,#11430,#11432,.T.);
#9388=FILL_AREA_STYLE('',(#11433));
#9389=EDGE_CURVE('',#11434,#11404,#11435,.T.);
#9390=EDGE_CURVE('',#11434,#11416,#11436,.T.);
#9391=FILL_AREA_STYLE('',(#11437));
#9392=EDGE_CURVE('',#11430,#11438,#11439,.T.);
#9393=EDGE_CURVE('',#11440,#11434,#11441,.T.);
#9394=EDGE_CURVE('',#11442,#11440,#11443,.T.);
#9395=EDGE_CURVE('',#11444,#11442,#11445,.T.);
#9396=EDGE_CURVE('',#11391,#11444,#11446,.T.);
#9397=EDGE_CURVE('',#11438,#11388,#11447,.T.);
#9398=FILL_AREA_STYLE('',(#11448));
#9399=EDGE_CURVE('',#11449,#11438,#11450,.T.);
#9400=EDGE_CURVE('',#11449,#11451,#11452,.T.);
#9401=EDGE_CURVE('',#11451,#11430,#11453,.T.);
#9402=FILL_AREA_STYLE('',(#11454));
#9403=EDGE_CURVE('',#11402,#11455,#11456,.T.);
#9404=EDGE_CURVE('',#11457,#11455,#11458,.T.);
#9405=EDGE_CURVE('',#11459,#11457,#11460,.T.);
#9406=EDGE_CURVE('',#11459,#11461,#11462,.T.);
#9407=EDGE_CURVE('',#11461,#11440,#11463,.T.);
#9408=EDGE_CURVE('',#11464,#11465,#11466,.T.);
#9409=EDGE_CURVE('',#11465,#11467,#11468,.T.);
#9410=EDGE_CURVE('',#11467,#11469,#11470,.T.);
#9411=EDGE_CURVE('',#11469,#11464,#11471,.T.);
#9412=FILL_AREA_STYLE('',(#11472));
#9413=EDGE_CURVE('',#11473,#11400,#11474,.T.);
#9414=EDGE_CURVE('',#11455,#11473,#11475,.T.);
#9415=FILL_AREA_STYLE('',(#11476));
#9416=EDGE_CURVE('',#11477,#11461,#11478,.T.);
#9417=EDGE_CURVE('',#11442,#11477,#11479,.T.);
#9418=FILL_AREA_STYLE('',(#11480));
#9419=EDGE_CURVE('',#11481,#11482,#11483,.T.);
#9420=EDGE_CURVE('',#11481,#11484,#11485,.T.);
#9421=EDGE_CURVE('',#11486,#11484,#11487,.T.);
#9422=EDGE_CURVE('',#11482,#11486,#11488,.T.);
#9423=FILL_AREA_STYLE('',(#11489));
#9424=EDGE_CURVE('',#11482,#11449,#11490,.T.);
#9425=EDGE_CURVE('',#11491,#11486,#11492,.T.);
#9426=EDGE_CURVE('',#11493,#11491,#11494,.T.);
#9427=EDGE_CURVE('',#11495,#11493,#11496,.T.);
#9428=EDGE_CURVE('',#11497,#11495,#11498,.T.);
#9429=EDGE_CURVE('',#11499,#11497,#11500,.T.);
#9430=EDGE_CURVE('',#11501,#11499,#11502,.T.);
#9431=EDGE_CURVE('',#11503,#11501,#11504,.T.);
#9432=EDGE_CURVE('',#11505,#11503,#11506,.T.);
#9433=EDGE_CURVE('',#11451,#11505,#11507,.T.);
#9434=FILL_AREA_STYLE('',(#11508));
#9435=EDGE_CURVE('',#11509,#11510,#11511,.T.);
#9436=EDGE_CURVE('',#11501,#11510,#11512,.T.);
#9437=EDGE_CURVE('',#11499,#11509,#11513,.T.);
#9438=FILL_AREA_STYLE('',(#11514));
#9439=EDGE_CURVE('',#11510,#11515,#11516,.T.);
#9440=EDGE_CURVE('',#11503,#11515,#11517,.T.);
#9441=FILL_AREA_STYLE('',(#11518));
#9442=EDGE_CURVE('',#11515,#11519,#11520,.T.);
#9443=EDGE_CURVE('',#11505,#11519,#11521,.T.);
#9444=FILL_AREA_STYLE('',(#11522));
#9445=EDGE_CURVE('',#11523,#11451,#11524,.T.);
#9446=EDGE_CURVE('',#11519,#11523,#11525,.T.);
#9447=FILL_AREA_STYLE('',(#11526));
#9448=EDGE_CURVE('',#11527,#11497,#11528,.T.);
#9449=EDGE_CURVE('',#11527,#11509,#11529,.T.);
#9450=FILL_AREA_STYLE('',(#11530));
#9451=EDGE_CURVE('',#11523,#11531,#11532,.T.);
#9452=EDGE_CURVE('',#11533,#11527,#11534,.T.);
#9453=EDGE_CURVE('',#11535,#11533,#11536,.T.);
#9454=EDGE_CURVE('',#11537,#11535,#11538,.T.);
#9455=EDGE_CURVE('',#11484,#11537,#11539,.T.);
#9456=EDGE_CURVE('',#11531,#11481,#11540,.T.);
#9457=FILL_AREA_STYLE('',(#11541));
#9458=EDGE_CURVE('',#11542,#11531,#11543,.T.);
#9459=EDGE_CURVE('',#11542,#11544,#11545,.T.);
#9460=EDGE_CURVE('',#11544,#11523,#11546,.T.);
#9461=FILL_AREA_STYLE('',(#11547));
#9462=EDGE_CURVE('',#11495,#11548,#11549,.T.);
#9463=EDGE_CURVE('',#11550,#11548,#11551,.T.);
#9464=EDGE_CURVE('',#11552,#11550,#11553,.T.);
#9465=EDGE_CURVE('',#11552,#11554,#11555,.T.);
#9466=EDGE_CURVE('',#11554,#11533,#11556,.T.);
#9467=EDGE_CURVE('',#11557,#11558,#11559,.T.);
#9468=EDGE_CURVE('',#11558,#11560,#11561,.T.);
#9469=EDGE_CURVE('',#11560,#11562,#11563,.T.);
#9470=EDGE_CURVE('',#11562,#11557,#11564,.T.);
#9471=FILL_AREA_STYLE('',(#11565));
#9472=EDGE_CURVE('',#11566,#11493,#11567,.T.);
#9473=EDGE_CURVE('',#11548,#11566,#11568,.T.);
#9474=FILL_AREA_STYLE('',(#11569));
#9475=EDGE_CURVE('',#11570,#11554,#11571,.T.);
#9476=EDGE_CURVE('',#11535,#11570,#11572,.T.);
#9477=FILL_AREA_STYLE('',(#11573));
#9478=EDGE_CURVE('',#11574,#11575,#11576,.T.);
#9479=EDGE_CURVE('',#11574,#11577,#11578,.T.);
#9480=EDGE_CURVE('',#11579,#11577,#11580,.T.);
#9481=EDGE_CURVE('',#11575,#11579,#11581,.T.);
#9482=FILL_AREA_STYLE('',(#11582));
#9483=EDGE_CURVE('',#11575,#11542,#11583,.T.);
#9484=EDGE_CURVE('',#11584,#11579,#11585,.T.);
#9485=EDGE_CURVE('',#11586,#11584,#11587,.T.);
#9486=EDGE_CURVE('',#11588,#11586,#11589,.T.);
#9487=EDGE_CURVE('',#11590,#11588,#11591,.T.);
#9488=EDGE_CURVE('',#11592,#11590,#11593,.T.);
#9489=EDGE_CURVE('',#11594,#11592,#11595,.T.);
#9490=EDGE_CURVE('',#11596,#11594,#11597,.T.);
#9491=EDGE_CURVE('',#11598,#11596,#11599,.T.);
#9492=EDGE_CURVE('',#11544,#11598,#11600,.T.);
#9493=FILL_AREA_STYLE('',(#11601));
#9494=EDGE_CURVE('',#11602,#11603,#11604,.T.);
#9495=EDGE_CURVE('',#11594,#11603,#11605,.T.);
#9496=EDGE_CURVE('',#11592,#11602,#11606,.T.);
#9497=FILL_AREA_STYLE('',(#11607));
#9498=EDGE_CURVE('',#11603,#11608,#11609,.T.);
#9499=EDGE_CURVE('',#11596,#11608,#11610,.T.);
#9500=FILL_AREA_STYLE('',(#11611));
#9501=EDGE_CURVE('',#11608,#11612,#11613,.T.);
#9502=EDGE_CURVE('',#11598,#11612,#11614,.T.);
#9503=FILL_AREA_STYLE('',(#11615));
#9504=EDGE_CURVE('',#11616,#11544,#11617,.T.);
#9505=EDGE_CURVE('',#11612,#11616,#11618,.T.);
#9506=FILL_AREA_STYLE('',(#11619));
#9507=EDGE_CURVE('',#11620,#11590,#11621,.T.);
#9508=EDGE_CURVE('',#11620,#11602,#11622,.T.);
#9509=FILL_AREA_STYLE('',(#11623));
#9510=EDGE_CURVE('',#11616,#11624,#11625,.T.);
#9511=EDGE_CURVE('',#11626,#11620,#11627,.T.);
#9512=EDGE_CURVE('',#11628,#11626,#11629,.T.);
#9513=EDGE_CURVE('',#11630,#11628,#11631,.T.);
#9514=EDGE_CURVE('',#11577,#11630,#11632,.T.);
#9515=EDGE_CURVE('',#11624,#11574,#11633,.T.);
#9516=FILL_AREA_STYLE('',(#11634));
#9517=EDGE_CURVE('',#11635,#11624,#11636,.T.);
#9518=EDGE_CURVE('',#11635,#11637,#11638,.T.);
#9519=EDGE_CURVE('',#11637,#11616,#11639,.T.);
#9520=FILL_AREA_STYLE('',(#11640));
#9521=EDGE_CURVE('',#11588,#11641,#11642,.T.);
#9522=EDGE_CURVE('',#11643,#11641,#11644,.T.);
#9523=EDGE_CURVE('',#11645,#11643,#11646,.T.);
#9524=EDGE_CURVE('',#11645,#11647,#11648,.T.);
#9525=EDGE_CURVE('',#11647,#11626,#11649,.T.);
#9526=EDGE_CURVE('',#11650,#11651,#11652,.T.);
#9527=EDGE_CURVE('',#11651,#11653,#11654,.T.);
#9528=EDGE_CURVE('',#11653,#11655,#11656,.T.);
#9529=EDGE_CURVE('',#11655,#11650,#11657,.T.);
#9530=FILL_AREA_STYLE('',(#11658));
#9531=EDGE_CURVE('',#11659,#11586,#11660,.T.);
#9532=EDGE_CURVE('',#11641,#11659,#11661,.T.);
#9533=FILL_AREA_STYLE('',(#11662));
#9534=EDGE_CURVE('',#11663,#11647,#11664,.T.);
#9535=EDGE_CURVE('',#11628,#11663,#11665,.T.);
#9536=FILL_AREA_STYLE('',(#11666));
#9537=EDGE_CURVE('',#11667,#11668,#11669,.T.);
#9538=EDGE_CURVE('',#11667,#11670,#11671,.T.);
#9539=EDGE_CURVE('',#11672,#11670,#11673,.T.);
#9540=EDGE_CURVE('',#11668,#11672,#11674,.T.);
#9541=FILL_AREA_STYLE('',(#11675));
#9542=EDGE_CURVE('',#11668,#11635,#11676,.T.);
#9543=EDGE_CURVE('',#11677,#11672,#11678,.T.);
#9544=EDGE_CURVE('',#11679,#11677,#11680,.T.);
#9545=EDGE_CURVE('',#11681,#11679,#11682,.T.);
#9546=EDGE_CURVE('',#11683,#11681,#11684,.T.);
#9547=EDGE_CURVE('',#11685,#11683,#11686,.T.);
#9548=EDGE_CURVE('',#11687,#11685,#11688,.T.);
#9549=EDGE_CURVE('',#11689,#11687,#11690,.T.);
#9550=EDGE_CURVE('',#11691,#11689,#11692,.T.);
#9551=EDGE_CURVE('',#11637,#11691,#11693,.T.);
#9552=FILL_AREA_STYLE('',(#11694));
#9553=EDGE_CURVE('',#11695,#11696,#11697,.T.);
#9554=EDGE_CURVE('',#11687,#11696,#11698,.T.);
#9555=EDGE_CURVE('',#11685,#11695,#11699,.T.);
#9556=FILL_AREA_STYLE('',(#11700));
#9557=EDGE_CURVE('',#11696,#11701,#11702,.T.);
#9558=EDGE_CURVE('',#11689,#11701,#11703,.T.);
#9559=FILL_AREA_STYLE('',(#11704));
#9560=EDGE_CURVE('',#11701,#11705,#11706,.T.);
#9561=EDGE_CURVE('',#11691,#11705,#11707,.T.);
#9562=FILL_AREA_STYLE('',(#11708));
#9563=EDGE_CURVE('',#11709,#11637,#11710,.T.);
#9564=EDGE_CURVE('',#11705,#11709,#11711,.T.);
#9565=FILL_AREA_STYLE('',(#11712));
#9566=EDGE_CURVE('',#11713,#11683,#11714,.T.);
#9567=EDGE_CURVE('',#11713,#11695,#11715,.T.);
#9568=FILL_AREA_STYLE('',(#11716));
#9569=EDGE_CURVE('',#11709,#11717,#11718,.T.);
#9570=EDGE_CURVE('',#11719,#11713,#11720,.T.);
#9571=EDGE_CURVE('',#11721,#11719,#11722,.T.);
#9572=EDGE_CURVE('',#11723,#11721,#11724,.T.);
#9573=EDGE_CURVE('',#11670,#11723,#11725,.T.);
#9574=EDGE_CURVE('',#11717,#11667,#11726,.T.);
#9575=FILL_AREA_STYLE('',(#11727));
#9576=EDGE_CURVE('',#11728,#11717,#11729,.T.);
#9577=EDGE_CURVE('',#11728,#11730,#11731,.T.);
#9578=EDGE_CURVE('',#11730,#11709,#11732,.T.);
#9579=FILL_AREA_STYLE('',(#11733));
#9580=EDGE_CURVE('',#11681,#11734,#11735,.T.);
#9581=EDGE_CURVE('',#11736,#11734,#11737,.T.);
#9582=EDGE_CURVE('',#11738,#11736,#11739,.T.);
#9583=EDGE_CURVE('',#11738,#11740,#11741,.T.);
#9584=EDGE_CURVE('',#11740,#11719,#11742,.T.);
#9585=EDGE_CURVE('',#11743,#11744,#11745,.T.);
#9586=EDGE_CURVE('',#11744,#11746,#11747,.T.);
#9587=EDGE_CURVE('',#11746,#11748,#11749,.T.);
#9588=EDGE_CURVE('',#11748,#11743,#11750,.T.);
#9589=FILL_AREA_STYLE('',(#11751));
#9590=EDGE_CURVE('',#11752,#11679,#11753,.T.);
#9591=EDGE_CURVE('',#11734,#11752,#11754,.T.);
#9592=FILL_AREA_STYLE('',(#11755));
#9593=EDGE_CURVE('',#11756,#11740,#11757,.T.);
#9594=EDGE_CURVE('',#11721,#11756,#11758,.T.);
#9595=FILL_AREA_STYLE('',(#11759));
#9596=EDGE_CURVE('',#11760,#11761,#11762,.T.);
#9597=EDGE_CURVE('',#11760,#11763,#11764,.T.);
#9598=EDGE_CURVE('',#11765,#11763,#11766,.T.);
#9599=EDGE_CURVE('',#11761,#11765,#11767,.T.);
#9600=FILL_AREA_STYLE('',(#11768));
#9601=EDGE_CURVE('',#11761,#11728,#11769,.T.);
#9602=EDGE_CURVE('',#11770,#11765,#11771,.T.);
#9603=EDGE_CURVE('',#11772,#11770,#11773,.T.);
#9604=EDGE_CURVE('',#11774,#11772,#11775,.T.);
#9605=EDGE_CURVE('',#11776,#11774,#11777,.T.);
#9606=EDGE_CURVE('',#11778,#11776,#11779,.T.);
#9607=EDGE_CURVE('',#11780,#11778,#11781,.T.);
#9608=EDGE_CURVE('',#11782,#11780,#11783,.T.);
#9609=EDGE_CURVE('',#11784,#11782,#11785,.T.);
#9610=EDGE_CURVE('',#11730,#11784,#11786,.T.);
#9611=FILL_AREA_STYLE('',(#11787));
#9612=EDGE_CURVE('',#11788,#11789,#11790,.T.);
#9613=EDGE_CURVE('',#11780,#11789,#11791,.T.);
#9614=EDGE_CURVE('',#11778,#11788,#11792,.T.);
#9615=FILL_AREA_STYLE('',(#11793));
#9616=EDGE_CURVE('',#11789,#11794,#11795,.T.);
#9617=EDGE_CURVE('',#11782,#11794,#11796,.T.);
#9618=FILL_AREA_STYLE('',(#11797));
#9619=EDGE_CURVE('',#11794,#11798,#11799,.T.);
#9620=EDGE_CURVE('',#11784,#11798,#11800,.T.);
#9621=FILL_AREA_STYLE('',(#11801));
#9622=EDGE_CURVE('',#11802,#11730,#11803,.T.);
#9623=EDGE_CURVE('',#11798,#11802,#11804,.T.);
#9624=FILL_AREA_STYLE('',(#11805));
#9625=EDGE_CURVE('',#11806,#11776,#11807,.T.);
#9626=EDGE_CURVE('',#11806,#11788,#11808,.T.);
#9627=FILL_AREA_STYLE('',(#11809));
#9628=EDGE_CURVE('',#11802,#11810,#11811,.T.);
#9629=EDGE_CURVE('',#11812,#11806,#11813,.T.);
#9630=EDGE_CURVE('',#11814,#11812,#11815,.T.);
#9631=EDGE_CURVE('',#11816,#11814,#11817,.T.);
#9632=EDGE_CURVE('',#11763,#11816,#11818,.T.);
#9633=EDGE_CURVE('',#11810,#11760,#11819,.T.);
#9634=FILL_AREA_STYLE('',(#11820));
#9635=EDGE_CURVE('',#11821,#11810,#11822,.T.);
#9636=EDGE_CURVE('',#11821,#11823,#11824,.T.);
#9637=EDGE_CURVE('',#11823,#11802,#11825,.T.);
#9638=FILL_AREA_STYLE('',(#11826));
#9639=EDGE_CURVE('',#11774,#11827,#11828,.T.);
#9640=EDGE_CURVE('',#11829,#11827,#11830,.T.);
#9641=EDGE_CURVE('',#11831,#11829,#11832,.T.);
#9642=EDGE_CURVE('',#11831,#11833,#11834,.T.);
#9643=EDGE_CURVE('',#11833,#11812,#11835,.T.);
#9644=EDGE_CURVE('',#11836,#11837,#11838,.T.);
#9645=EDGE_CURVE('',#11837,#11839,#11840,.T.);
#9646=EDGE_CURVE('',#11839,#11841,#11842,.T.);
#9647=EDGE_CURVE('',#11841,#11836,#11843,.T.);
#9648=FILL_AREA_STYLE('',(#11844));
#9649=EDGE_CURVE('',#11845,#11772,#11846,.T.);
#9650=EDGE_CURVE('',#11827,#11845,#11847,.T.);
#9651=FILL_AREA_STYLE('',(#11848));
#9652=EDGE_CURVE('',#11849,#11833,#11850,.T.);
#9653=EDGE_CURVE('',#11814,#11849,#11851,.T.);
#9654=FILL_AREA_STYLE('',(#11852));
#9655=EDGE_CURVE('',#11853,#11854,#11855,.T.);
#9656=EDGE_CURVE('',#11853,#11856,#11857,.T.);
#9657=EDGE_CURVE('',#11858,#11856,#11859,.T.);
#9658=EDGE_CURVE('',#11854,#11858,#11860,.T.);
#9659=FILL_AREA_STYLE('',(#11861));
#9660=EDGE_CURVE('',#11854,#11821,#11862,.T.);
#9661=EDGE_CURVE('',#11863,#11858,#11864,.T.);
#9662=EDGE_CURVE('',#11865,#11863,#11866,.T.);
#9663=EDGE_CURVE('',#11867,#11865,#11868,.T.);
#9664=EDGE_CURVE('',#11869,#11867,#11870,.T.);
#9665=EDGE_CURVE('',#11871,#11869,#11872,.T.);
#9666=EDGE_CURVE('',#11873,#11871,#11874,.T.);
#9667=EDGE_CURVE('',#11875,#11873,#11876,.T.);
#9668=EDGE_CURVE('',#11877,#11875,#11878,.T.);
#9669=EDGE_CURVE('',#11823,#11877,#11879,.T.);
#9670=FILL_AREA_STYLE('',(#11880));
#9671=EDGE_CURVE('',#11881,#11882,#11883,.T.);
#9672=EDGE_CURVE('',#11873,#11882,#11884,.T.);
#9673=EDGE_CURVE('',#11871,#11881,#11885,.T.);
#9674=FILL_AREA_STYLE('',(#11886));
#9675=EDGE_CURVE('',#11882,#11887,#11888,.T.);
#9676=EDGE_CURVE('',#11875,#11887,#11889,.T.);
#9677=FILL_AREA_STYLE('',(#11890));
#9678=EDGE_CURVE('',#11887,#11891,#11892,.T.);
#9679=EDGE_CURVE('',#11877,#11891,#11893,.T.);
#9680=FILL_AREA_STYLE('',(#11894));
#9681=EDGE_CURVE('',#11895,#11823,#11896,.T.);
#9682=EDGE_CURVE('',#11891,#11895,#11897,.T.);
#9683=FILL_AREA_STYLE('',(#11898));
#9684=EDGE_CURVE('',#11899,#11869,#11900,.T.);
#9685=EDGE_CURVE('',#11899,#11881,#11901,.T.);
#9686=FILL_AREA_STYLE('',(#11902));
#9687=EDGE_CURVE('',#11895,#11903,#11904,.T.);
#9688=EDGE_CURVE('',#11905,#11899,#11906,.T.);
#9689=EDGE_CURVE('',#11907,#11905,#11908,.T.);
#9690=EDGE_CURVE('',#11909,#11907,#11910,.T.);
#9691=EDGE_CURVE('',#11856,#11909,#11911,.T.);
#9692=EDGE_CURVE('',#11903,#11853,#11912,.T.);
#9693=FILL_AREA_STYLE('',(#11913));
#9694=EDGE_CURVE('',#11914,#11903,#11915,.T.);
#9695=EDGE_CURVE('',#11914,#11916,#11917,.T.);
#9696=EDGE_CURVE('',#11916,#11895,#11918,.T.);
#9697=FILL_AREA_STYLE('',(#11919));
#9698=EDGE_CURVE('',#11867,#11920,#11921,.T.);
#9699=EDGE_CURVE('',#11922,#11920,#11923,.T.);
#9700=EDGE_CURVE('',#11924,#11922,#11925,.T.);
#9701=EDGE_CURVE('',#11924,#11926,#11927,.T.);
#9702=EDGE_CURVE('',#11926,#11905,#11928,.T.);
#9703=EDGE_CURVE('',#11929,#11930,#11931,.T.);
#9704=EDGE_CURVE('',#11930,#11932,#11933,.T.);
#9705=EDGE_CURVE('',#11932,#11934,#11935,.T.);
#9706=EDGE_CURVE('',#11934,#11929,#11936,.T.);
#9707=FILL_AREA_STYLE('',(#11937));
#9708=EDGE_CURVE('',#11938,#11865,#11939,.T.);
#9709=EDGE_CURVE('',#11920,#11938,#11940,.T.);
#9710=FILL_AREA_STYLE('',(#11941));
#9711=EDGE_CURVE('',#11942,#11926,#11943,.T.);
#9712=EDGE_CURVE('',#11907,#11942,#11944,.T.);
#9713=FILL_AREA_STYLE('',(#11945));
#9714=EDGE_CURVE('',#11946,#11947,#11948,.T.);
#9715=EDGE_CURVE('',#11949,#11946,#11950,.T.);
#9716=EDGE_CURVE('',#11951,#11949,#11952,.T.);
#9717=EDGE_CURVE('',#11953,#11951,#11954,.T.);
#9718=EDGE_CURVE('',#11955,#11953,#11956,.T.);
#9719=EDGE_CURVE('',#11957,#11955,#11958,.T.);
#9720=EDGE_CURVE('',#11959,#11957,#11960,.T.);
#9721=EDGE_CURVE('',#11961,#11959,#11962,.T.);
#9722=EDGE_CURVE('',#11963,#11961,#11964,.T.);
#9723=EDGE_CURVE('',#11965,#11963,#11966,.T.);
#9724=EDGE_CURVE('',#11967,#11965,#11968,.T.);
#9725=EDGE_CURVE('',#11947,#11967,#11969,.T.);
#9726=FILL_AREA_STYLE('',(#11970));
#9727=EDGE_CURVE('',#11971,#11955,#11972,.T.);
#9728=EDGE_CURVE('',#11971,#11973,#11974,.T.);
#9729=EDGE_CURVE('',#11973,#11957,#11975,.T.);
#9730=FILL_AREA_STYLE('',(#11976));
#9731=EDGE_CURVE('',#11977,#11953,#11978,.T.);
#9732=EDGE_CURVE('',#11977,#11971,#11979,.T.);
#9733=FILL_AREA_STYLE('',(#11980));
#9734=EDGE_CURVE('',#11981,#11951,#11982,.T.);
#9735=EDGE_CURVE('',#11981,#11977,#11983,.T.);
#9736=FILL_AREA_STYLE('',(#11984));
#9737=EDGE_CURVE('',#11985,#11949,#11986,.T.);
#9738=EDGE_CURVE('',#11985,#11981,#11987,.T.);
#9739=FILL_AREA_STYLE('',(#11988));
#9740=EDGE_CURVE('',#11947,#11989,#11990,.T.);
#9741=EDGE_CURVE('',#11991,#11967,#11992,.T.);
#9742=EDGE_CURVE('',#11989,#11991,#11993,.T.);
#9743=FILL_AREA_STYLE('',(#11994));
#9744=EDGE_CURVE('',#11959,#11995,#11996,.T.);
#9745=EDGE_CURVE('',#11973,#11995,#11997,.T.);
#9746=FILL_AREA_STYLE('',(#11998));
#9747=EDGE_CURVE('',#11989,#11999,#12000,.T.);
#9748=EDGE_CURVE('',#12001,#11991,#12002,.T.);
#9749=EDGE_CURVE('',#12003,#12001,#12004,.T.);
#9750=EDGE_CURVE('',#12005,#12003,#12006,.T.);
#9751=EDGE_CURVE('',#11995,#12005,#12007,.T.);
#9752=EDGE_CURVE('',#11999,#11985,#12008,.T.);
#9753=FILL_AREA_STYLE('',(#12009));
#9754=EDGE_CURVE('',#12010,#11985,#12011,.T.);
#9755=EDGE_CURVE('',#12010,#12012,#12013,.T.);
#9756=EDGE_CURVE('',#12012,#11999,#12014,.T.);
#9757=FILL_AREA_STYLE('',(#12015));
#9758=EDGE_CURVE('',#12012,#12016,#12017,.T.);
#9759=EDGE_CURVE('',#12016,#12018,#12019,.T.);
#9760=EDGE_CURVE('',#12018,#12020,#12021,.T.);
#9761=EDGE_CURVE('',#12022,#12020,#12023,.T.);
#9762=EDGE_CURVE('',#12022,#12024,#12025,.T.);
#9763=EDGE_CURVE('',#12024,#12026,#12027,.T.);
#9764=EDGE_CURVE('',#12026,#12028,#12029,.T.);
#9765=EDGE_CURVE('',#12030,#12028,#12031,.T.);
#9766=EDGE_CURVE('',#12030,#12032,#12033,.T.);
#9767=EDGE_CURVE('',#12032,#12034,#12035,.T.);
#9768=EDGE_CURVE('',#12034,#12036,#12037,.T.);
#9769=EDGE_CURVE('',#12038,#12036,#12039,.T.);
#9770=EDGE_CURVE('',#12038,#12040,#12041,.T.);
#9771=EDGE_CURVE('',#12040,#12042,#12043,.T.);
#9772=EDGE_CURVE('',#12042,#12044,#12045,.T.);
#9773=EDGE_CURVE('',#12046,#12044,#12047,.T.);
#9774=EDGE_CURVE('',#12046,#12048,#12049,.T.);
#9775=EDGE_CURVE('',#12048,#12050,#12051,.T.);
#9776=EDGE_CURVE('',#12050,#12052,#12053,.T.);
#9777=EDGE_CURVE('',#12054,#12052,#12055,.T.);
#9778=EDGE_CURVE('',#12054,#12056,#12057,.T.);
#9779=EDGE_CURVE('',#12056,#12058,#12059,.T.);
#9780=EDGE_CURVE('',#12058,#12060,#12061,.T.);
#9781=EDGE_CURVE('',#12062,#12060,#12063,.T.);
#9782=EDGE_CURVE('',#12062,#12064,#12065,.T.);
#9783=EDGE_CURVE('',#12064,#12066,#12067,.T.);
#9784=EDGE_CURVE('',#12066,#12068,#12069,.T.);
#9785=EDGE_CURVE('',#12070,#12068,#12071,.T.);
#9786=EDGE_CURVE('',#12070,#12072,#12073,.T.);
#9787=EDGE_CURVE('',#12072,#12074,#12075,.T.);
#9788=EDGE_CURVE('',#12074,#12076,#12077,.T.);
#9789=EDGE_CURVE('',#12078,#12076,#12079,.T.);
#9790=EDGE_CURVE('',#12078,#12080,#12081,.T.);
#9791=EDGE_CURVE('',#12080,#12082,#12083,.T.);
#9792=EDGE_CURVE('',#12082,#12084,#12085,.T.);
#9793=EDGE_CURVE('',#12086,#12084,#12087,.T.);
#9794=EDGE_CURVE('',#12088,#12086,#12089,.T.);
#9795=EDGE_CURVE('',#12088,#12090,#12091,.T.);
#9796=EDGE_CURVE('',#12090,#12092,#12093,.T.);
#9797=EDGE_CURVE('',#12092,#12094,#12095,.T.);
#9798=EDGE_CURVE('',#12094,#12096,#12097,.T.);
#9799=EDGE_CURVE('',#12096,#12098,#12099,.T.);
#9800=EDGE_CURVE('',#12098,#12100,#12101,.T.);
#9801=EDGE_CURVE('',#12100,#12102,#12103,.T.);
#9802=EDGE_CURVE('',#12102,#12104,#12105,.T.);
#9803=EDGE_CURVE('',#12104,#12106,#12107,.T.);
#9804=EDGE_CURVE('',#12106,#12108,#12109,.T.);
#9805=EDGE_CURVE('',#12108,#12110,#12111,.T.);
#9806=EDGE_CURVE('',#12110,#12112,#12113,.T.);
#9807=EDGE_CURVE('',#12112,#12114,#12115,.T.);
#9808=EDGE_CURVE('',#12114,#12116,#12117,.T.);
#9809=EDGE_CURVE('',#12116,#12118,#12119,.T.);
#9810=EDGE_CURVE('',#12118,#12120,#12121,.T.);
#9811=EDGE_CURVE('',#12120,#12122,#12123,.T.);
#9812=EDGE_CURVE('',#12122,#12124,#12125,.T.);
#9813=EDGE_CURVE('',#12124,#12126,#12127,.T.);
#9814=EDGE_CURVE('',#12126,#12128,#12129,.T.);
#9815=EDGE_CURVE('',#12128,#12130,#12131,.T.);
#9816=EDGE_CURVE('',#12130,#12132,#12133,.T.);
#9817=EDGE_CURVE('',#12132,#12134,#12135,.T.);
#9818=EDGE_CURVE('',#12134,#12136,#12137,.T.);
#9819=EDGE_CURVE('',#12136,#12138,#12139,.T.);
#9820=EDGE_CURVE('',#12138,#12140,#12141,.T.);
#9821=EDGE_CURVE('',#12140,#12142,#12143,.T.);
#9822=EDGE_CURVE('',#12142,#12144,#12145,.T.);
#9823=EDGE_CURVE('',#12144,#12146,#12147,.T.);
#9824=EDGE_CURVE('',#12146,#12148,#12149,.T.);
#9825=EDGE_CURVE('',#12148,#12150,#12151,.T.);
#9826=EDGE_CURVE('',#12150,#12152,#12153,.T.);
#9827=EDGE_CURVE('',#12152,#12154,#12155,.T.);
#9828=EDGE_CURVE('',#12154,#12156,#12157,.T.);
#9829=EDGE_CURVE('',#12156,#12158,#12159,.T.);
#9830=EDGE_CURVE('',#12158,#12160,#12161,.T.);
#9831=EDGE_CURVE('',#12160,#12001,#12162,.T.);
#9832=EDGE_CURVE('',#11965,#12163,#12164,.T.);
#9833=EDGE_CURVE('',#12163,#12165,#12166,.T.);
#9834=EDGE_CURVE('',#11946,#12165,#12167,.T.);
#9835=FILL_AREA_STYLE('',(#12168));
#9836=EDGE_CURVE('',#12005,#12169,#12170,.T.);
#9837=EDGE_CURVE('',#12169,#12171,#12172,.T.);
#9838=EDGE_CURVE('',#12173,#12171,#12174,.T.);
#9839=EDGE_CURVE('',#12175,#12173,#12176,.T.);
#9840=EDGE_CURVE('',#12175,#11961,#12177,.T.);
#9841=EDGE_CURVE('',#12178,#12179,#12180,.T.);
#9842=EDGE_CURVE('',#12179,#12181,#12182,.T.);
#9843=EDGE_CURVE('',#12181,#12183,#12184,.T.);
#9844=EDGE_CURVE('',#12183,#12178,#12185,.T.);
#9845=FILL_AREA_STYLE('',(#12186));
#9846=EDGE_CURVE('',#11105,#12187,#12188,.T.);
#9847=EDGE_CURVE('',#12187,#12189,#12190,.T.);
#9848=EDGE_CURVE('',#12189,#11101,#12191,.T.);
#9849=EDGE_CURVE('',#11026,#12192,#12193,.T.);
#9850=EDGE_CURVE('',#12192,#12163,#12194,.T.);
#9851=EDGE_CURVE('',#11963,#12195,#12196,.T.);
#9852=EDGE_CURVE('',#12195,#12197,#12198,.T.);
#9853=EDGE_CURVE('',#12197,#12199,#12200,.T.);
#9854=EDGE_CURVE('',#12199,#12201,#12202,.T.);
#9855=EDGE_CURVE('',#12201,#12003,#12203,.T.);
#9856=EDGE_CURVE('',#12160,#12204,#12205,.T.);
#9857=EDGE_CURVE('',#12204,#12206,#12207,.T.);
#9858=EDGE_CURVE('',#12206,#12208,#12209,.T.);
#9859=EDGE_CURVE('',#12208,#12210,#12211,.T.);
#9860=EDGE_CURVE('',#12210,#12212,#12213,.T.);
#9861=EDGE_CURVE('',#12212,#12214,#12215,.T.);
#9862=EDGE_CURVE('',#12214,#12154,#12216,.T.);
#9863=EDGE_CURVE('',#12152,#12217,#12218,.T.);
#9864=EDGE_CURVE('',#12217,#12219,#12220,.T.);
#9865=EDGE_CURVE('',#12219,#12221,#12222,.T.);
#9866=EDGE_CURVE('',#12221,#12223,#12224,.T.);
#9867=EDGE_CURVE('',#12223,#12225,#12226,.T.);
#9868=EDGE_CURVE('',#12225,#12227,#12228,.T.);
#9869=EDGE_CURVE('',#12227,#12146,#12229,.T.);
#9870=EDGE_CURVE('',#12144,#12230,#12231,.T.);
#9871=EDGE_CURVE('',#12230,#12232,#12233,.T.);
#9872=EDGE_CURVE('',#12232,#12234,#12235,.T.);
#9873=EDGE_CURVE('',#12234,#12236,#12237,.T.);
#9874=EDGE_CURVE('',#12236,#12238,#12239,.T.);
#9875=EDGE_CURVE('',#12238,#12240,#12241,.T.);
#9876=EDGE_CURVE('',#12240,#12138,#12242,.T.);
#9877=EDGE_CURVE('',#12136,#12243,#12244,.T.);
#9878=EDGE_CURVE('',#12243,#12245,#12246,.T.);
#9879=EDGE_CURVE('',#12245,#12247,#12248,.T.);
#9880=EDGE_CURVE('',#12247,#12249,#12250,.T.);
#9881=EDGE_CURVE('',#12249,#12251,#12252,.T.);
#9882=EDGE_CURVE('',#12251,#12253,#12254,.T.);
#9883=EDGE_CURVE('',#12253,#12130,#12255,.T.);
#9884=EDGE_CURVE('',#12128,#12256,#12257,.T.);
#9885=EDGE_CURVE('',#12256,#12258,#12259,.T.);
#9886=EDGE_CURVE('',#12258,#12260,#12261,.T.);
#9887=EDGE_CURVE('',#12260,#12262,#12263,.T.);
#9888=EDGE_CURVE('',#12262,#12264,#12265,.T.);
#9889=EDGE_CURVE('',#12264,#12266,#12267,.T.);
#9890=EDGE_CURVE('',#12266,#12122,#12268,.T.);
#9891=EDGE_CURVE('',#12120,#12269,#12270,.T.);
#9892=EDGE_CURVE('',#12269,#12271,#12272,.T.);
#9893=EDGE_CURVE('',#12271,#12273,#12274,.T.);
#9894=EDGE_CURVE('',#12273,#12275,#12276,.T.);
#9895=EDGE_CURVE('',#12275,#12277,#12278,.T.);
#9896=EDGE_CURVE('',#12277,#12279,#12280,.T.);
#9897=EDGE_CURVE('',#12279,#12114,#12281,.T.);
#9898=EDGE_CURVE('',#12112,#12282,#12283,.T.);
#9899=EDGE_CURVE('',#12282,#12284,#12285,.T.);
#9900=EDGE_CURVE('',#12284,#12286,#12287,.T.);
#9901=EDGE_CURVE('',#12286,#12288,#12289,.T.);
#9902=EDGE_CURVE('',#12288,#12290,#12291,.T.);
#9903=EDGE_CURVE('',#12290,#12292,#12293,.T.);
#9904=EDGE_CURVE('',#12292,#12106,#12294,.T.);
#9905=EDGE_CURVE('',#12104,#12295,#12296,.T.);
#9906=EDGE_CURVE('',#12295,#12297,#12298,.T.);
#9907=EDGE_CURVE('',#12297,#12299,#12300,.T.);
#9908=EDGE_CURVE('',#12299,#12301,#12302,.T.);
#9909=EDGE_CURVE('',#12301,#12303,#12304,.T.);
#9910=EDGE_CURVE('',#12303,#12305,#12306,.T.);
#9911=EDGE_CURVE('',#12305,#12098,#12307,.T.);
#9912=EDGE_CURVE('',#12096,#12308,#12309,.T.);
#9913=EDGE_CURVE('',#12308,#12310,#12311,.T.);
#9914=EDGE_CURVE('',#12310,#12312,#12313,.T.);
#9915=EDGE_CURVE('',#12312,#12314,#12315,.T.);
#9916=EDGE_CURVE('',#12314,#12316,#12317,.T.);
#9917=EDGE_CURVE('',#12316,#12318,#12319,.T.);
#9918=EDGE_CURVE('',#12318,#12090,#12320,.T.);
#9919=EDGE_CURVE('',#12321,#12088,#12322,.T.);
#9920=EDGE_CURVE('',#12321,#11909,#12323,.T.);
#9921=EDGE_CURVE('',#11942,#12324,#12325,.T.);
#9922=EDGE_CURVE('',#12324,#12326,#12327,.T.);
#9923=EDGE_CURVE('',#12326,#11938,#12328,.T.);
#9924=EDGE_CURVE('',#11863,#11816,#12329,.T.);
#9925=EDGE_CURVE('',#11849,#12330,#12331,.T.);
#9926=EDGE_CURVE('',#12330,#12332,#12333,.T.);
#9927=EDGE_CURVE('',#12332,#11845,#12334,.T.);
#9928=EDGE_CURVE('',#11770,#11723,#12335,.T.);
#9929=EDGE_CURVE('',#11756,#12336,#12337,.T.);
#9930=EDGE_CURVE('',#12336,#12338,#12339,.T.);
#9931=EDGE_CURVE('',#12338,#11752,#12340,.T.);
#9932=EDGE_CURVE('',#11677,#11630,#12341,.T.);
#9933=EDGE_CURVE('',#11663,#12342,#12343,.T.);
#9934=EDGE_CURVE('',#12342,#12344,#12345,.T.);
#9935=EDGE_CURVE('',#12344,#11659,#12346,.T.);
#9936=EDGE_CURVE('',#11584,#11537,#12347,.T.);
#9937=EDGE_CURVE('',#11570,#12348,#12349,.T.);
#9938=EDGE_CURVE('',#12348,#12350,#12351,.T.);
#9939=EDGE_CURVE('',#12350,#11566,#12352,.T.);
#9940=EDGE_CURVE('',#11491,#11444,#12353,.T.);
#9941=EDGE_CURVE('',#11477,#12354,#12355,.T.);
#9942=EDGE_CURVE('',#12354,#12356,#12357,.T.);
#9943=EDGE_CURVE('',#12356,#11473,#12358,.T.);
#9944=EDGE_CURVE('',#11398,#11351,#12359,.T.);
#9945=EDGE_CURVE('',#11384,#12360,#12361,.T.);
#9946=EDGE_CURVE('',#12360,#12362,#12363,.T.);
#9947=EDGE_CURVE('',#12362,#11380,#12364,.T.);
#9948=EDGE_CURVE('',#11305,#11258,#12365,.T.);
#9949=EDGE_CURVE('',#11291,#12366,#12367,.T.);
#9950=EDGE_CURVE('',#12366,#12368,#12369,.T.);
#9951=EDGE_CURVE('',#12368,#11287,#12370,.T.);
#9952=EDGE_CURVE('',#11212,#11165,#12371,.T.);
#9953=EDGE_CURVE('',#11198,#12372,#12373,.T.);
#9954=EDGE_CURVE('',#12372,#12374,#12375,.T.);
#9955=EDGE_CURVE('',#12374,#11194,#12376,.T.);
#9956=EDGE_CURVE('',#11119,#11072,#12377,.T.);
#9957=FILL_AREA_STYLE('',(#12378));
#9958=EDGE_CURVE('',#12169,#12201,#12379,.T.);
#9959=FILL_AREA_STYLE('',(#12380));
#9960=EDGE_CURVE('',#12195,#12175,#12381,.T.);
#9961=FILL_AREA_STYLE('',(#12382));
#9962=EDGE_CURVE('',#12383,#12010,#12384,.T.);
#9963=EDGE_CURVE('',#12385,#12383,#12386,.T.);
#9964=EDGE_CURVE('',#12387,#12385,#12388,.T.);
#9965=EDGE_CURVE('',#12389,#12387,#12390,.T.);
#9966=EDGE_CURVE('',#12391,#12389,#12392,.T.);
#9967=EDGE_CURVE('',#12393,#12391,#12394,.T.);
#9968=EDGE_CURVE('',#12204,#12393,#12395,.T.);
#9969=EDGE_CURVE('',#12016,#12158,#12396,.T.);
#9970=FILL_AREA_STYLE('',(#12397));
#9971=EDGE_CURVE('',#12391,#12398,#12399,.T.);
#9972=EDGE_CURVE('',#12400,#12389,#12401,.T.);
#9973=EDGE_CURVE('',#12400,#12398,#12402,.T.);
#9974=FILL_AREA_STYLE('',(#12403));
#9975=EDGE_CURVE('',#12404,#12387,#12405,.T.);
#9976=EDGE_CURVE('',#12404,#12400,#12406,.T.);
#9977=FILL_AREA_STYLE('',(#12407));
#9978=EDGE_CURVE('',#12408,#12385,#12409,.T.);
#9979=EDGE_CURVE('',#12408,#12404,#12410,.T.);
#9980=FILL_AREA_STYLE('',(#12411));
#9981=EDGE_CURVE('',#12412,#12383,#12413,.T.);
#9982=EDGE_CURVE('',#12412,#12408,#12414,.T.);
#9983=FILL_AREA_STYLE('',(#12415));
#9984=EDGE_CURVE('',#12416,#12010,#12417,.T.);
#9985=EDGE_CURVE('',#12416,#12412,#12418,.T.);
#9986=FILL_AREA_STYLE('',(#12419));
#9987=EDGE_CURVE('',#12018,#12156,#12420,.T.);
#9988=FILL_AREA_STYLE('',(#12421));
#9989=EDGE_CURVE('',#12422,#12214,#12423,.T.);
#9990=EDGE_CURVE('',#12398,#12422,#12424,.T.);
#9991=EDGE_CURVE('',#12020,#12416,#12425,.T.);
#9992=FILL_AREA_STYLE('',(#12426));
#9993=EDGE_CURVE('',#12427,#12416,#12428,.T.);
#9994=EDGE_CURVE('',#12427,#12022,#12429,.T.);
#9995=FILL_AREA_STYLE('',(#12430));
#9996=EDGE_CURVE('',#12431,#12393,#12432,.T.);
#9997=EDGE_CURVE('',#12206,#12431,#12433,.T.);
#9998=FILL_AREA_STYLE('',(#12434));
#9999=EDGE_CURVE('',#12435,#12427,#12436,.T.);
#10000=EDGE_CURVE('',#12437,#12435,#12438,.T.);
#10001=EDGE_CURVE('',#12439,#12437,#12440,.T.);
#10002=EDGE_CURVE('',#12441,#12439,#12442,.T.);
#10003=EDGE_CURVE('',#12443,#12441,#12444,.T.);
#10004=EDGE_CURVE('',#12445,#12443,#12446,.T.);
#10005=EDGE_CURVE('',#12217,#12445,#12447,.T.);
#10006=EDGE_CURVE('',#12024,#12150,#12448,.T.);
#10007=FILL_AREA_STYLE('',(#12449));
#10008=EDGE_CURVE('',#12443,#12450,#12451,.T.);
#10009=EDGE_CURVE('',#12452,#12441,#12453,.T.);
#10010=EDGE_CURVE('',#12452,#12450,#12454,.T.);
#10011=FILL_AREA_STYLE('',(#12455));
#10012=EDGE_CURVE('',#12456,#12439,#12457,.T.);
#10013=EDGE_CURVE('',#12456,#12452,#12458,.T.);
#10014=FILL_AREA_STYLE('',(#12459));
#10015=EDGE_CURVE('',#12460,#12437,#12461,.T.);
#10016=EDGE_CURVE('',#12460,#12456,#12462,.T.);
#10017=FILL_AREA_STYLE('',(#12463));
#10018=EDGE_CURVE('',#12464,#12435,#12465,.T.);
#10019=EDGE_CURVE('',#12464,#12460,#12466,.T.);
#10020=FILL_AREA_STYLE('',(#12467));
#10021=EDGE_CURVE('',#12468,#12427,#12469,.T.);
#10022=EDGE_CURVE('',#12468,#12464,#12470,.T.);
#10023=FILL_AREA_STYLE('',(#12471));
#10024=EDGE_CURVE('',#12026,#12148,#12472,.T.);
#10025=FILL_AREA_STYLE('',(#12473));
#10026=EDGE_CURVE('',#12474,#12227,#12475,.T.);
#10027=EDGE_CURVE('',#12450,#12474,#12476,.T.);
#10028=EDGE_CURVE('',#12028,#12468,#12477,.T.);
#10029=FILL_AREA_STYLE('',(#12478));
#10030=EDGE_CURVE('',#12479,#12468,#12480,.T.);
#10031=EDGE_CURVE('',#12479,#12030,#12481,.T.);
#10032=FILL_AREA_STYLE('',(#12482));
#10033=EDGE_CURVE('',#12483,#12445,#12484,.T.);
#10034=EDGE_CURVE('',#12219,#12483,#12485,.T.);
#10035=FILL_AREA_STYLE('',(#12486));
#10036=EDGE_CURVE('',#12487,#12479,#12488,.T.);
#10037=EDGE_CURVE('',#12489,#12487,#12490,.T.);
#10038=EDGE_CURVE('',#12491,#12489,#12492,.T.);
#10039=EDGE_CURVE('',#12493,#12491,#12494,.T.);
#10040=EDGE_CURVE('',#12495,#12493,#12496,.T.);
#10041=EDGE_CURVE('',#12497,#12495,#12498,.T.);
#10042=EDGE_CURVE('',#12230,#12497,#12499,.T.);
#10043=EDGE_CURVE('',#12032,#12142,#12500,.T.);
#10044=FILL_AREA_STYLE('',(#12501));
#10045=EDGE_CURVE('',#12495,#12502,#12503,.T.);
#10046=EDGE_CURVE('',#12504,#12493,#12505,.T.);
#10047=EDGE_CURVE('',#12504,#12502,#12506,.T.);
#10048=FILL_AREA_STYLE('',(#12507));
#10049=EDGE_CURVE('',#12508,#12491,#12509,.T.);
#10050=EDGE_CURVE('',#12508,#12504,#12510,.T.);
#10051=FILL_AREA_STYLE('',(#12511));
#10052=EDGE_CURVE('',#12512,#12489,#12513,.T.);
#10053=EDGE_CURVE('',#12512,#12508,#12514,.T.);
#10054=FILL_AREA_STYLE('',(#12515));
#10055=EDGE_CURVE('',#12516,#12487,#12517,.T.);
#10056=EDGE_CURVE('',#12516,#12512,#12518,.T.);
#10057=FILL_AREA_STYLE('',(#12519));
#10058=EDGE_CURVE('',#12520,#12479,#12521,.T.);
#10059=EDGE_CURVE('',#12520,#12516,#12522,.T.);
#10060=FILL_AREA_STYLE('',(#12523));
#10061=EDGE_CURVE('',#12034,#12140,#12524,.T.);
#10062=FILL_AREA_STYLE('',(#12525));
#10063=EDGE_CURVE('',#12526,#12240,#12527,.T.);
#10064=EDGE_CURVE('',#12502,#12526,#12528,.T.);
#10065=EDGE_CURVE('',#12036,#12520,#12529,.T.);
#10066=FILL_AREA_STYLE('',(#12530));
#10067=EDGE_CURVE('',#12531,#12520,#12532,.T.);
#10068=EDGE_CURVE('',#12531,#12038,#12533,.T.);
#10069=FILL_AREA_STYLE('',(#12534));
#10070=EDGE_CURVE('',#12535,#12497,#12536,.T.);
#10071=EDGE_CURVE('',#12232,#12535,#12537,.T.);
#10072=FILL_AREA_STYLE('',(#12538));
#10073=EDGE_CURVE('',#12539,#12531,#12540,.T.);
#10074=EDGE_CURVE('',#12541,#12539,#12542,.T.);
#10075=EDGE_CURVE('',#12543,#12541,#12544,.T.);
#10076=EDGE_CURVE('',#12545,#12543,#12546,.T.);
#10077=EDGE_CURVE('',#12547,#12545,#12548,.T.);
#10078=EDGE_CURVE('',#12549,#12547,#12550,.T.);
#10079=EDGE_CURVE('',#12243,#12549,#12551,.T.);
#10080=EDGE_CURVE('',#12040,#12134,#12552,.T.);
#10081=FILL_AREA_STYLE('',(#12553));
#10082=EDGE_CURVE('',#12547,#12554,#12555,.T.);
#10083=EDGE_CURVE('',#12556,#12545,#12557,.T.);
#10084=EDGE_CURVE('',#12556,#12554,#12558,.T.);
#10085=FILL_AREA_STYLE('',(#12559));
#10086=EDGE_CURVE('',#12560,#12543,#12561,.T.);
#10087=EDGE_CURVE('',#12560,#12556,#12562,.T.);
#10088=FILL_AREA_STYLE('',(#12563));
#10089=EDGE_CURVE('',#12564,#12541,#12565,.T.);
#10090=EDGE_CURVE('',#12564,#12560,#12566,.T.);
#10091=FILL_AREA_STYLE('',(#12567));
#10092=EDGE_CURVE('',#12568,#12539,#12569,.T.);
#10093=EDGE_CURVE('',#12568,#12564,#12570,.T.);
#10094=FILL_AREA_STYLE('',(#12571));
#10095=EDGE_CURVE('',#12572,#12531,#12573,.T.);
#10096=EDGE_CURVE('',#12572,#12568,#12574,.T.);
#10097=FILL_AREA_STYLE('',(#12575));
#10098=EDGE_CURVE('',#12042,#12132,#12576,.T.);
#10099=FILL_AREA_STYLE('',(#12577));
#10100=EDGE_CURVE('',#12578,#12253,#12579,.T.);
#10101=EDGE_CURVE('',#12554,#12578,#12580,.T.);
#10102=EDGE_CURVE('',#12044,#12572,#12581,.T.);
#10103=FILL_AREA_STYLE('',(#12582));
#10104=EDGE_CURVE('',#12583,#12572,#12584,.T.);
#10105=EDGE_CURVE('',#12583,#12046,#12585,.T.);
#10106=FILL_AREA_STYLE('',(#12586));
#10107=EDGE_CURVE('',#12587,#12549,#12588,.T.);
#10108=EDGE_CURVE('',#12245,#12587,#12589,.T.);
#10109=FILL_AREA_STYLE('',(#12590));
#10110=EDGE_CURVE('',#12591,#12583,#12592,.T.);
#10111=EDGE_CURVE('',#12593,#12591,#12594,.T.);
#10112=EDGE_CURVE('',#12595,#12593,#12596,.T.);
#10113=EDGE_CURVE('',#12597,#12595,#12598,.T.);
#10114=EDGE_CURVE('',#12599,#12597,#12600,.T.);
#10115=EDGE_CURVE('',#12601,#12599,#12602,.T.);
#10116=EDGE_CURVE('',#12256,#12601,#12603,.T.);
#10117=EDGE_CURVE('',#12048,#12126,#12604,.T.);
#10118=FILL_AREA_STYLE('',(#12605));
#10119=EDGE_CURVE('',#12599,#12606,#12607,.T.);
#10120=EDGE_CURVE('',#12608,#12597,#12609,.T.);
#10121=EDGE_CURVE('',#12608,#12606,#12610,.T.);
#10122=FILL_AREA_STYLE('',(#12611));
#10123=EDGE_CURVE('',#12612,#12595,#12613,.T.);
#10124=EDGE_CURVE('',#12612,#12608,#12614,.T.);
#10125=FILL_AREA_STYLE('',(#12615));
#10126=EDGE_CURVE('',#12616,#12593,#12617,.T.);
#10127=EDGE_CURVE('',#12616,#12612,#12618,.T.);
#10128=FILL_AREA_STYLE('',(#12619));
#10129=EDGE_CURVE('',#12620,#12591,#12621,.T.);
#10130=EDGE_CURVE('',#12620,#12616,#12622,.T.);
#10131=FILL_AREA_STYLE('',(#12623));
#10132=EDGE_CURVE('',#12624,#12583,#12625,.T.);
#10133=EDGE_CURVE('',#12624,#12620,#12626,.T.);
#10134=FILL_AREA_STYLE('',(#12627));
#10135=EDGE_CURVE('',#12050,#12124,#12628,.T.);
#10136=FILL_AREA_STYLE('',(#12629));
#10137=EDGE_CURVE('',#12630,#12266,#12631,.T.);
#10138=EDGE_CURVE('',#12606,#12630,#12632,.T.);
#10139=EDGE_CURVE('',#12052,#12624,#12633,.T.);
#10140=FILL_AREA_STYLE('',(#12634));
#10141=EDGE_CURVE('',#12635,#12624,#12636,.T.);
#10142=EDGE_CURVE('',#12635,#12054,#12637,.T.);
#10143=FILL_AREA_STYLE('',(#12638));
#10144=EDGE_CURVE('',#12639,#12601,#12640,.T.);
#10145=EDGE_CURVE('',#12258,#12639,#12641,.T.);
#10146=FILL_AREA_STYLE('',(#12642));
#10147=EDGE_CURVE('',#12643,#12635,#12644,.T.);
#10148=EDGE_CURVE('',#12645,#12643,#12646,.T.);
#10149=EDGE_CURVE('',#12647,#12645,#12648,.T.);
#10150=EDGE_CURVE('',#12649,#12647,#12650,.T.);
#10151=EDGE_CURVE('',#12651,#12649,#12652,.T.);
#10152=EDGE_CURVE('',#12653,#12651,#12654,.T.);
#10153=EDGE_CURVE('',#12269,#12653,#12655,.T.);
#10154=EDGE_CURVE('',#12056,#12118,#12656,.T.);
#10155=FILL_AREA_STYLE('',(#12657));
#10156=EDGE_CURVE('',#12651,#12658,#12659,.T.);
#10157=EDGE_CURVE('',#12660,#12649,#12661,.T.);
#10158=EDGE_CURVE('',#12660,#12658,#12662,.T.);
#10159=FILL_AREA_STYLE('',(#12663));
#10160=EDGE_CURVE('',#12664,#12647,#12665,.T.);
#10161=EDGE_CURVE('',#12664,#12660,#12666,.T.);
#10162=FILL_AREA_STYLE('',(#12667));
#10163=EDGE_CURVE('',#12668,#12645,#12669,.T.);
#10164=EDGE_CURVE('',#12668,#12664,#12670,.T.);
#10165=FILL_AREA_STYLE('',(#12671));
#10166=EDGE_CURVE('',#12672,#12643,#12673,.T.);
#10167=EDGE_CURVE('',#12672,#12668,#12674,.T.);
#10168=FILL_AREA_STYLE('',(#12675));
#10169=EDGE_CURVE('',#12676,#12635,#12677,.T.);
#10170=EDGE_CURVE('',#12676,#12672,#12678,.T.);
#10171=FILL_AREA_STYLE('',(#12679));
#10172=EDGE_CURVE('',#12058,#12116,#12680,.T.);
#10173=FILL_AREA_STYLE('',(#12681));
#10174=EDGE_CURVE('',#12682,#12279,#12683,.T.);
#10175=EDGE_CURVE('',#12658,#12682,#12684,.T.);
#10176=EDGE_CURVE('',#12060,#12676,#12685,.T.);
#10177=FILL_AREA_STYLE('',(#12686));
#10178=EDGE_CURVE('',#12687,#12676,#12688,.T.);
#10179=EDGE_CURVE('',#12687,#12062,#12689,.T.);
#10180=FILL_AREA_STYLE('',(#12690));
#10181=EDGE_CURVE('',#12691,#12653,#12692,.T.);
#10182=EDGE_CURVE('',#12271,#12691,#12693,.T.);
#10183=FILL_AREA_STYLE('',(#12694));
#10184=EDGE_CURVE('',#12695,#12687,#12696,.T.);
#10185=EDGE_CURVE('',#12697,#12695,#12698,.T.);
#10186=EDGE_CURVE('',#12699,#12697,#12700,.T.);
#10187=EDGE_CURVE('',#12701,#12699,#12702,.T.);
#10188=EDGE_CURVE('',#12703,#12701,#12704,.T.);
#10189=EDGE_CURVE('',#12705,#12703,#12706,.T.);
#10190=EDGE_CURVE('',#12282,#12705,#12707,.T.);
#10191=EDGE_CURVE('',#12064,#12110,#12708,.T.);
#10192=FILL_AREA_STYLE('',(#12709));
#10193=EDGE_CURVE('',#12703,#12710,#12711,.T.);
#10194=EDGE_CURVE('',#12712,#12701,#12713,.T.);
#10195=EDGE_CURVE('',#12712,#12710,#12714,.T.);
#10196=FILL_AREA_STYLE('',(#12715));
#10197=EDGE_CURVE('',#12716,#12699,#12717,.T.);
#10198=EDGE_CURVE('',#12716,#12712,#12718,.T.);
#10199=FILL_AREA_STYLE('',(#12719));
#10200=EDGE_CURVE('',#12720,#12697,#12721,.T.);
#10201=EDGE_CURVE('',#12720,#12716,#12722,.T.);
#10202=FILL_AREA_STYLE('',(#12723));
#10203=EDGE_CURVE('',#12724,#12695,#12725,.T.);
#10204=EDGE_CURVE('',#12724,#12720,#12726,.T.);
#10205=FILL_AREA_STYLE('',(#12727));
#10206=EDGE_CURVE('',#12728,#12687,#12729,.T.);
#10207=EDGE_CURVE('',#12728,#12724,#12730,.T.);
#10208=FILL_AREA_STYLE('',(#12731));
#10209=EDGE_CURVE('',#12066,#12108,#12732,.T.);
#10210=FILL_AREA_STYLE('',(#12733));
#10211=EDGE_CURVE('',#12734,#12292,#12735,.T.);
#10212=EDGE_CURVE('',#12710,#12734,#12736,.T.);
#10213=EDGE_CURVE('',#12068,#12728,#12737,.T.);
#10214=FILL_AREA_STYLE('',(#12738));
#10215=EDGE_CURVE('',#12739,#12728,#12740,.T.);
#10216=EDGE_CURVE('',#12739,#12070,#12741,.T.);
#10217=FILL_AREA_STYLE('',(#12742));
#10218=EDGE_CURVE('',#12743,#12705,#12744,.T.);
#10219=EDGE_CURVE('',#12284,#12743,#12745,.T.);
#10220=FILL_AREA_STYLE('',(#12746));
#10221=EDGE_CURVE('',#12747,#12739,#12748,.T.);
#10222=EDGE_CURVE('',#12749,#12747,#12750,.T.);
#10223=EDGE_CURVE('',#12751,#12749,#12752,.T.);
#10224=EDGE_CURVE('',#12753,#12751,#12754,.T.);
#10225=EDGE_CURVE('',#12755,#12753,#12756,.T.);
#10226=EDGE_CURVE('',#12757,#12755,#12758,.T.);
#10227=EDGE_CURVE('',#12295,#12757,#12759,.T.);
#10228=EDGE_CURVE('',#12072,#12102,#12760,.T.);
#10229=FILL_AREA_STYLE('',(#12761));
#10230=EDGE_CURVE('',#12755,#12762,#12763,.T.);
#10231=EDGE_CURVE('',#12764,#12753,#12765,.T.);
#10232=EDGE_CURVE('',#12764,#12762,#12766,.T.);
#10233=FILL_AREA_STYLE('',(#12767));
#10234=EDGE_CURVE('',#12768,#12751,#12769,.T.);
#10235=EDGE_CURVE('',#12768,#12764,#12770,.T.);
#10236=FILL_AREA_STYLE('',(#12771));
#10237=EDGE_CURVE('',#12772,#12749,#12773,.T.);
#10238=EDGE_CURVE('',#12772,#12768,#12774,.T.);
#10239=FILL_AREA_STYLE('',(#12775));
#10240=EDGE_CURVE('',#12776,#12747,#12777,.T.);
#10241=EDGE_CURVE('',#12776,#12772,#12778,.T.);
#10242=FILL_AREA_STYLE('',(#12779));
#10243=EDGE_CURVE('',#12780,#12739,#12781,.T.);
#10244=EDGE_CURVE('',#12780,#12776,#12782,.T.);
#10245=FILL_AREA_STYLE('',(#12783));
#10246=EDGE_CURVE('',#12074,#12100,#12784,.T.);
#10247=FILL_AREA_STYLE('',(#12785));
#10248=EDGE_CURVE('',#12786,#12305,#12787,.T.);
#10249=EDGE_CURVE('',#12762,#12786,#12788,.T.);
#10250=EDGE_CURVE('',#12076,#12780,#12789,.T.);
#10251=FILL_AREA_STYLE('',(#12790));
#10252=EDGE_CURVE('',#12791,#12780,#12792,.T.);
#10253=EDGE_CURVE('',#12791,#12078,#12793,.T.);
#10254=FILL_AREA_STYLE('',(#12794));
#10255=EDGE_CURVE('',#12795,#12757,#12796,.T.);
#10256=EDGE_CURVE('',#12297,#12795,#12797,.T.);
#10257=FILL_AREA_STYLE('',(#12798));
#10258=EDGE_CURVE('',#12799,#12791,#12800,.T.);
#10259=EDGE_CURVE('',#12801,#12799,#12802,.T.);
#10260=EDGE_CURVE('',#12803,#12801,#12804,.T.);
#10261=EDGE_CURVE('',#12805,#12803,#12806,.T.);
#10262=EDGE_CURVE('',#12807,#12805,#12808,.T.);
#10263=EDGE_CURVE('',#12809,#12807,#12810,.T.);
#10264=EDGE_CURVE('',#12308,#12809,#12811,.T.);
#10265=EDGE_CURVE('',#12080,#12094,#12812,.T.);
#10266=FILL_AREA_STYLE('',(#12813));
#10267=EDGE_CURVE('',#12814,#12803,#12815,.T.);
#10268=EDGE_CURVE('',#12814,#12816,#12817,.T.);
#10269=EDGE_CURVE('',#12816,#12805,#12818,.T.);
#10270=FILL_AREA_STYLE('',(#12819));
#10271=EDGE_CURVE('',#12820,#12801,#12821,.T.);
#10272=EDGE_CURVE('',#12820,#12814,#12822,.T.);
#10273=FILL_AREA_STYLE('',(#12823));
#10274=EDGE_CURVE('',#12824,#12799,#12825,.T.);
#10275=EDGE_CURVE('',#12824,#12820,#12826,.T.);
#10276=FILL_AREA_STYLE('',(#12827));
#10277=EDGE_CURVE('',#12828,#12791,#12829,.T.);
#10278=EDGE_CURVE('',#12828,#12824,#12830,.T.);
#10279=FILL_AREA_STYLE('',(#12831));
#10280=EDGE_CURVE('',#12082,#12092,#12832,.T.);
#10281=FILL_AREA_STYLE('',(#12833));
#10282=EDGE_CURVE('',#12807,#12834,#12835,.T.);
#10283=EDGE_CURVE('',#12816,#12834,#12836,.T.);
#10284=FILL_AREA_STYLE('',(#12837));
#10285=EDGE_CURVE('',#12838,#12318,#12839,.T.);
#10286=EDGE_CURVE('',#12834,#12838,#12840,.T.);
#10287=EDGE_CURVE('',#12084,#12828,#12841,.T.);
#10288=FILL_AREA_STYLE('',(#12842));
#10289=EDGE_CURVE('',#12843,#12828,#12844,.T.);
#10290=EDGE_CURVE('',#12843,#12086,#12845,.T.);
#10291=FILL_AREA_STYLE('',(#12846));
#10292=EDGE_CURVE('',#12838,#12847,#12848,.T.);
#10293=EDGE_CURVE('',#12847,#12849,#12850,.T.);
#10294=EDGE_CURVE('',#12851,#12849,#12852,.T.);
#10295=EDGE_CURVE('',#12853,#12851,#12854,.T.);
#10296=EDGE_CURVE('',#12853,#12809,#12855,.T.);
#10297=EDGE_CURVE('',#12856,#12857,#12858,.T.);
#10298=EDGE_CURVE('',#12857,#12859,#12860,.T.);
#10299=EDGE_CURVE('',#12859,#12861,#12862,.T.);
#10300=EDGE_CURVE('',#12861,#12856,#12863,.T.);
#10301=FILL_AREA_STYLE('',(#12864));
#10302=EDGE_CURVE('',#12847,#12316,#12865,.T.);
#10303=FILL_AREA_STYLE('',(#12866));
#10304=EDGE_CURVE('',#12310,#12853,#12867,.T.);
#10305=FILL_AREA_STYLE('',(#12868));
#10306=EDGE_CURVE('',#12869,#12181,#12870,.T.);
#10307=EDGE_CURVE('',#12871,#12869,#12872,.T.);
#10308=EDGE_CURVE('',#12183,#12871,#12873,.T.);
#10309=FILL_AREA_STYLE('',(#12874));
#10310=EDGE_CURVE('',#12875,#12871,#12876,.T.);
#10311=EDGE_CURVE('',#12875,#12178,#12877,.T.);
#10312=FILL_AREA_STYLE('',(#12878));
#10313=EDGE_CURVE('',#12879,#12875,#12880,.T.);
#10314=EDGE_CURVE('',#12871,#12881,#12882,.T.);
#10315=EDGE_CURVE('',#12879,#12881,#12883,.T.);
#10316=FILL_AREA_STYLE('',(#12884));
#10317=EDGE_CURVE('',#12869,#12885,#12886,.T.);
#10318=EDGE_CURVE('',#12881,#12885,#12887,.T.);
#10319=FILL_AREA_STYLE('',(#12888));
#10320=EDGE_CURVE('',#12869,#12889,#12890,.T.);
#10321=EDGE_CURVE('',#12889,#12891,#12892,.T.);
#10322=EDGE_CURVE('',#12885,#12891,#12893,.T.);
#10323=FILL_AREA_STYLE('',(#12894));
#10324=EDGE_CURVE('',#12891,#12879,#12895,.T.);
#10325=EDGE_CURVE('',#12889,#12875,#12896,.T.);
#10326=FILL_AREA_STYLE('',(#12897));
#10327=EDGE_CURVE('',#12179,#12889,#12898,.T.);
#10328=FILL_AREA_STYLE('',(#12899));
#10329=FILL_AREA_STYLE('',(#12900));
#10330=EDGE_CURVE('',#12901,#11095,#12902,.T.);
#10331=EDGE_CURVE('',#12903,#12901,#12904,.T.);
#10332=EDGE_CURVE('',#11097,#12903,#12905,.T.);
#10333=FILL_AREA_STYLE('',(#12906));
#10334=EDGE_CURVE('',#12907,#12903,#12908,.T.);
#10335=EDGE_CURVE('',#12907,#11092,#12909,.T.);
#10336=FILL_AREA_STYLE('',(#12910));
#10337=EDGE_CURVE('',#12911,#12907,#12912,.T.);
#10338=EDGE_CURVE('',#12903,#12913,#12914,.T.);
#10339=EDGE_CURVE('',#12911,#12913,#12915,.T.);
#10340=FILL_AREA_STYLE('',(#12916));
#10341=EDGE_CURVE('',#12901,#12917,#12918,.T.);
#10342=EDGE_CURVE('',#12913,#12917,#12919,.T.);
#10343=FILL_AREA_STYLE('',(#12920));
#10344=EDGE_CURVE('',#12901,#12921,#12922,.T.);
#10345=EDGE_CURVE('',#12921,#12923,#12924,.T.);
#10346=EDGE_CURVE('',#12917,#12923,#12925,.T.);
#10347=FILL_AREA_STYLE('',(#12926));
#10348=EDGE_CURVE('',#12923,#12911,#12927,.T.);
#10349=EDGE_CURVE('',#12921,#12907,#12928,.T.);
#10350=FILL_AREA_STYLE('',(#12929));
#10351=EDGE_CURVE('',#11093,#12921,#12930,.T.);
#10352=FILL_AREA_STYLE('',(#12931));
#10353=FILL_AREA_STYLE('',(#12932));
#10354=EDGE_CURVE('',#12933,#12934,#12935,.T.);
#10355=EDGE_CURVE('',#12936,#12933,#12937,.T.);
#10356=EDGE_CURVE('',#12938,#12936,#12939,.T.);
#10357=EDGE_CURVE('',#12934,#12938,#12940,.T.);
#10358=FILL_AREA_STYLE('',(#12941));
#10359=EDGE_CURVE('',#12934,#12942,#12943,.T.);
#10360=EDGE_CURVE('',#12944,#12938,#12945,.T.);
#10361=EDGE_CURVE('',#12944,#12942,#12946,.T.);
#10362=FILL_AREA_STYLE('',(#12947));
#10363=EDGE_CURVE('',#12948,#12944,#12949,.T.);
#10364=EDGE_CURVE('',#12938,#12950,#12951,.T.);
#10365=EDGE_CURVE('',#12948,#12950,#12952,.T.);
#10366=FILL_AREA_STYLE('',(#12953));
#10367=EDGE_CURVE('',#12936,#12954,#12955,.T.);
#10368=EDGE_CURVE('',#12950,#12954,#12956,.T.);
#10369=FILL_AREA_STYLE('',(#12957));
#10370=EDGE_CURVE('',#12936,#12958,#12959,.T.);
#10371=EDGE_CURVE('',#12958,#12960,#12961,.T.);
#10372=EDGE_CURVE('',#12954,#12960,#12962,.T.);
#10373=FILL_AREA_STYLE('',(#12963));
#10374=EDGE_CURVE('',#12960,#12948,#12964,.T.);
#10375=EDGE_CURVE('',#12958,#12944,#12965,.T.);
#10376=FILL_AREA_STYLE('',(#12966));
#10377=EDGE_CURVE('',#12942,#12967,#12968,.T.);
#10378=EDGE_CURVE('',#12967,#12958,#12969,.T.);
#10379=FILL_AREA_STYLE('',(#12970));
#10380=EDGE_CURVE('',#12967,#12933,#12971,.T.);
#10381=FILL_AREA_STYLE('',(#12972));
#10382=EDGE_CURVE('',#12973,#11188,#12974,.T.);
#10383=EDGE_CURVE('',#12975,#12973,#12976,.T.);
#10384=EDGE_CURVE('',#11190,#12975,#12977,.T.);
#10385=FILL_AREA_STYLE('',(#12978));
#10386=EDGE_CURVE('',#12979,#12975,#12980,.T.);
#10387=EDGE_CURVE('',#12979,#11185,#12981,.T.);
#10388=FILL_AREA_STYLE('',(#12982));
#10389=EDGE_CURVE('',#12983,#12979,#12984,.T.);
#10390=EDGE_CURVE('',#12975,#12985,#12986,.T.);
#10391=EDGE_CURVE('',#12983,#12985,#12987,.T.);
#10392=FILL_AREA_STYLE('',(#12988));
#10393=EDGE_CURVE('',#12973,#12989,#12990,.T.);
#10394=EDGE_CURVE('',#12985,#12989,#12991,.T.);
#10395=FILL_AREA_STYLE('',(#12992));
#10396=EDGE_CURVE('',#12973,#12993,#12994,.T.);
#10397=EDGE_CURVE('',#12993,#12995,#12996,.T.);
#10398=EDGE_CURVE('',#12989,#12995,#12997,.T.);
#10399=FILL_AREA_STYLE('',(#12998));
#10400=EDGE_CURVE('',#12995,#12983,#12999,.T.);
#10401=EDGE_CURVE('',#12993,#12979,#13000,.T.);
#10402=FILL_AREA_STYLE('',(#13001));
#10403=EDGE_CURVE('',#11186,#12993,#13002,.T.);
#10404=FILL_AREA_STYLE('',(#13003));
#10405=FILL_AREA_STYLE('',(#13004));
#10406=EDGE_CURVE('',#13005,#13006,#13007,.T.);
#10407=EDGE_CURVE('',#13008,#13005,#13009,.T.);
#10408=EDGE_CURVE('',#13010,#13008,#13011,.T.);
#10409=EDGE_CURVE('',#13006,#13010,#13012,.T.);
#10410=FILL_AREA_STYLE('',(#13013));
#10411=EDGE_CURVE('',#13006,#13014,#13015,.T.);
#10412=EDGE_CURVE('',#13016,#13010,#13017,.T.);
#10413=EDGE_CURVE('',#13016,#13014,#13018,.T.);
#10414=FILL_AREA_STYLE('',(#13019));
#10415=EDGE_CURVE('',#13020,#13016,#13021,.T.);
#10416=EDGE_CURVE('',#13010,#13022,#13023,.T.);
#10417=EDGE_CURVE('',#13020,#13022,#13024,.T.);
#10418=FILL_AREA_STYLE('',(#13025));
#10419=EDGE_CURVE('',#13008,#13026,#13027,.T.);
#10420=EDGE_CURVE('',#13022,#13026,#13028,.T.);
#10421=FILL_AREA_STYLE('',(#13029));
#10422=EDGE_CURVE('',#13008,#13030,#13031,.T.);
#10423=EDGE_CURVE('',#13030,#13032,#13033,.T.);
#10424=EDGE_CURVE('',#13026,#13032,#13034,.T.);
#10425=FILL_AREA_STYLE('',(#13035));
#10426=EDGE_CURVE('',#13032,#13020,#13036,.T.);
#10427=EDGE_CURVE('',#13030,#13016,#13037,.T.);
#10428=FILL_AREA_STYLE('',(#13038));
#10429=EDGE_CURVE('',#13014,#13039,#13040,.T.);
#10430=EDGE_CURVE('',#13039,#13030,#13041,.T.);
#10431=FILL_AREA_STYLE('',(#13042));
#10432=EDGE_CURVE('',#13039,#13005,#13043,.T.);
#10433=FILL_AREA_STYLE('',(#13044));
#10434=EDGE_CURVE('',#13045,#11281,#13046,.T.);
#10435=EDGE_CURVE('',#13047,#13045,#13048,.T.);
#10436=EDGE_CURVE('',#11283,#13047,#13049,.T.);
#10437=FILL_AREA_STYLE('',(#13050));
#10438=EDGE_CURVE('',#13051,#13047,#13052,.T.);
#10439=EDGE_CURVE('',#13051,#11278,#13053,.T.);
#10440=FILL_AREA_STYLE('',(#13054));
#10441=EDGE_CURVE('',#13055,#13051,#13056,.T.);
#10442=EDGE_CURVE('',#13047,#13057,#13058,.T.);
#10443=EDGE_CURVE('',#13055,#13057,#13059,.T.);
#10444=FILL_AREA_STYLE('',(#13060));
#10445=EDGE_CURVE('',#13045,#13061,#13062,.T.);
#10446=EDGE_CURVE('',#13057,#13061,#13063,.T.);
#10447=FILL_AREA_STYLE('',(#13064));
#10448=EDGE_CURVE('',#13045,#13065,#13066,.T.);
#10449=EDGE_CURVE('',#13065,#13067,#13068,.T.);
#10450=EDGE_CURVE('',#13061,#13067,#13069,.T.);
#10451=FILL_AREA_STYLE('',(#13070));
#10452=EDGE_CURVE('',#13067,#13055,#13071,.T.);
#10453=EDGE_CURVE('',#13065,#13051,#13072,.T.);
#10454=FILL_AREA_STYLE('',(#13073));
#10455=EDGE_CURVE('',#11279,#13065,#13074,.T.);
#10456=FILL_AREA_STYLE('',(#13075));
#10457=FILL_AREA_STYLE('',(#13076));
#10458=EDGE_CURVE('',#13077,#13078,#13079,.T.);
#10459=EDGE_CURVE('',#13080,#13077,#13081,.T.);
#10460=EDGE_CURVE('',#13082,#13080,#13083,.T.);
#10461=EDGE_CURVE('',#13078,#13082,#13084,.T.);
#10462=FILL_AREA_STYLE('',(#13085));
#10463=EDGE_CURVE('',#13078,#13086,#13087,.T.);
#10464=EDGE_CURVE('',#13088,#13082,#13089,.T.);
#10465=EDGE_CURVE('',#13088,#13086,#13090,.T.);
#10466=FILL_AREA_STYLE('',(#13091));
#10467=EDGE_CURVE('',#13092,#13088,#13093,.T.);
#10468=EDGE_CURVE('',#13082,#13094,#13095,.T.);
#10469=EDGE_CURVE('',#13092,#13094,#13096,.T.);
#10470=FILL_AREA_STYLE('',(#13097));
#10471=EDGE_CURVE('',#13080,#13098,#13099,.T.);
#10472=EDGE_CURVE('',#13094,#13098,#13100,.T.);
#10473=FILL_AREA_STYLE('',(#13101));
#10474=EDGE_CURVE('',#13080,#13102,#13103,.T.);
#10475=EDGE_CURVE('',#13102,#13104,#13105,.T.);
#10476=EDGE_CURVE('',#13098,#13104,#13106,.T.);
#10477=FILL_AREA_STYLE('',(#13107));
#10478=EDGE_CURVE('',#13104,#13092,#13108,.T.);
#10479=EDGE_CURVE('',#13102,#13088,#13109,.T.);
#10480=FILL_AREA_STYLE('',(#13110));
#10481=EDGE_CURVE('',#13086,#13111,#13112,.T.);
#10482=EDGE_CURVE('',#13111,#13102,#13113,.T.);
#10483=FILL_AREA_STYLE('',(#13114));
#10484=EDGE_CURVE('',#13111,#13077,#13115,.T.);
#10485=FILL_AREA_STYLE('',(#13116));
#10486=EDGE_CURVE('',#13117,#11374,#13118,.T.);
#10487=EDGE_CURVE('',#13119,#13117,#13120,.T.);
#10488=EDGE_CURVE('',#11376,#13119,#13121,.T.);
#10489=FILL_AREA_STYLE('',(#13122));
#10490=EDGE_CURVE('',#13123,#13119,#13124,.T.);
#10491=EDGE_CURVE('',#13123,#11371,#13125,.T.);
#10492=FILL_AREA_STYLE('',(#13126));
#10493=EDGE_CURVE('',#13127,#13123,#13128,.T.);
#10494=EDGE_CURVE('',#13119,#13129,#13130,.T.);
#10495=EDGE_CURVE('',#13127,#13129,#13131,.T.);
#10496=FILL_AREA_STYLE('',(#13132));
#10497=EDGE_CURVE('',#13117,#13133,#13134,.T.);
#10498=EDGE_CURVE('',#13129,#13133,#13135,.T.);
#10499=FILL_AREA_STYLE('',(#13136));
#10500=EDGE_CURVE('',#13117,#13137,#13138,.T.);
#10501=EDGE_CURVE('',#13137,#13139,#13140,.T.);
#10502=EDGE_CURVE('',#13133,#13139,#13141,.T.);
#10503=FILL_AREA_STYLE('',(#13142));
#10504=EDGE_CURVE('',#13139,#13127,#13143,.T.);
#10505=EDGE_CURVE('',#13137,#13123,#13144,.T.);
#10506=FILL_AREA_STYLE('',(#13145));
#10507=EDGE_CURVE('',#11372,#13137,#13146,.T.);
#10508=FILL_AREA_STYLE('',(#13147));
#10509=FILL_AREA_STYLE('',(#13148));
#10510=EDGE_CURVE('',#13149,#13150,#13151,.T.);
#10511=EDGE_CURVE('',#13152,#13149,#13153,.T.);
#10512=EDGE_CURVE('',#13154,#13152,#13155,.T.);
#10513=EDGE_CURVE('',#13150,#13154,#13156,.T.);
#10514=FILL_AREA_STYLE('',(#13157));
#10515=EDGE_CURVE('',#13150,#13158,#13159,.T.);
#10516=EDGE_CURVE('',#13160,#13154,#13161,.T.);
#10517=EDGE_CURVE('',#13160,#13158,#13162,.T.);
#10518=FILL_AREA_STYLE('',(#13163));
#10519=EDGE_CURVE('',#13164,#13160,#13165,.T.);
#10520=EDGE_CURVE('',#13154,#13166,#13167,.T.);
#10521=EDGE_CURVE('',#13164,#13166,#13168,.T.);
#10522=FILL_AREA_STYLE('',(#13169));
#10523=EDGE_CURVE('',#13152,#13170,#13171,.T.);
#10524=EDGE_CURVE('',#13166,#13170,#13172,.T.);
#10525=FILL_AREA_STYLE('',(#13173));
#10526=EDGE_CURVE('',#13152,#13174,#13175,.T.);
#10527=EDGE_CURVE('',#13174,#13176,#13177,.T.);
#10528=EDGE_CURVE('',#13170,#13176,#13178,.T.);
#10529=FILL_AREA_STYLE('',(#13179));
#10530=EDGE_CURVE('',#13176,#13164,#13180,.T.);
#10531=EDGE_CURVE('',#13174,#13160,#13181,.T.);
#10532=FILL_AREA_STYLE('',(#13182));
#10533=EDGE_CURVE('',#13158,#13183,#13184,.T.);
#10534=EDGE_CURVE('',#13183,#13174,#13185,.T.);
#10535=FILL_AREA_STYLE('',(#13186));
#10536=EDGE_CURVE('',#13183,#13149,#13187,.T.);
#10537=FILL_AREA_STYLE('',(#13188));
#10538=EDGE_CURVE('',#13189,#11467,#13190,.T.);
#10539=EDGE_CURVE('',#13191,#13189,#13192,.T.);
#10540=EDGE_CURVE('',#11469,#13191,#13193,.T.);
#10541=FILL_AREA_STYLE('',(#13194));
#10542=EDGE_CURVE('',#13195,#13191,#13196,.T.);
#10543=EDGE_CURVE('',#13195,#11464,#13197,.T.);
#10544=FILL_AREA_STYLE('',(#13198));
#10545=EDGE_CURVE('',#13199,#13195,#13200,.T.);
#10546=EDGE_CURVE('',#13191,#13201,#13202,.T.);
#10547=EDGE_CURVE('',#13199,#13201,#13203,.T.);
#10548=FILL_AREA_STYLE('',(#13204));
#10549=EDGE_CURVE('',#13189,#13205,#13206,.T.);
#10550=EDGE_CURVE('',#13201,#13205,#13207,.T.);
#10551=FILL_AREA_STYLE('',(#13208));
#10552=EDGE_CURVE('',#13189,#13209,#13210,.T.);
#10553=EDGE_CURVE('',#13209,#13211,#13212,.T.);
#10554=EDGE_CURVE('',#13205,#13211,#13213,.T.);
#10555=FILL_AREA_STYLE('',(#13214));
#10556=EDGE_CURVE('',#13211,#13199,#13215,.T.);
#10557=EDGE_CURVE('',#13209,#13195,#13216,.T.);
#10558=FILL_AREA_STYLE('',(#13217));
#10559=EDGE_CURVE('',#11465,#13209,#13218,.T.);
#10560=FILL_AREA_STYLE('',(#13219));
#10561=FILL_AREA_STYLE('',(#13220));
#10562=EDGE_CURVE('',#13221,#13222,#13223,.T.);
#10563=EDGE_CURVE('',#13224,#13221,#13225,.T.);
#10564=EDGE_CURVE('',#13226,#13224,#13227,.T.);
#10565=EDGE_CURVE('',#13222,#13226,#13228,.T.);
#10566=FILL_AREA_STYLE('',(#13229));
#10567=EDGE_CURVE('',#13222,#13230,#13231,.T.);
#10568=EDGE_CURVE('',#13232,#13226,#13233,.T.);
#10569=EDGE_CURVE('',#13232,#13230,#13234,.T.);
#10570=FILL_AREA_STYLE('',(#13235));
#10571=EDGE_CURVE('',#13236,#13232,#13237,.T.);
#10572=EDGE_CURVE('',#13226,#13238,#13239,.T.);
#10573=EDGE_CURVE('',#13236,#13238,#13240,.T.);
#10574=FILL_AREA_STYLE('',(#13241));
#10575=EDGE_CURVE('',#13224,#13242,#13243,.T.);
#10576=EDGE_CURVE('',#13238,#13242,#13244,.T.);
#10577=FILL_AREA_STYLE('',(#13245));
#10578=EDGE_CURVE('',#13224,#13246,#13247,.T.);
#10579=EDGE_CURVE('',#13246,#13248,#13249,.T.);
#10580=EDGE_CURVE('',#13242,#13248,#13250,.T.);
#10581=FILL_AREA_STYLE('',(#13251));
#10582=EDGE_CURVE('',#13248,#13236,#13252,.T.);
#10583=EDGE_CURVE('',#13246,#13232,#13253,.T.);
#10584=FILL_AREA_STYLE('',(#13254));
#10585=EDGE_CURVE('',#13230,#13255,#13256,.T.);
#10586=EDGE_CURVE('',#13255,#13246,#13257,.T.);
#10587=FILL_AREA_STYLE('',(#13258));
#10588=EDGE_CURVE('',#13255,#13221,#13259,.T.);
#10589=FILL_AREA_STYLE('',(#13260));
#10590=EDGE_CURVE('',#13261,#11560,#13262,.T.);
#10591=EDGE_CURVE('',#13263,#13261,#13264,.T.);
#10592=EDGE_CURVE('',#11562,#13263,#13265,.T.);
#10593=FILL_AREA_STYLE('',(#13266));
#10594=EDGE_CURVE('',#13267,#13263,#13268,.T.);
#10595=EDGE_CURVE('',#13267,#11557,#13269,.T.);
#10596=FILL_AREA_STYLE('',(#13270));
#10597=EDGE_CURVE('',#13271,#13267,#13272,.T.);
#10598=EDGE_CURVE('',#13263,#13273,#13274,.T.);
#10599=EDGE_CURVE('',#13271,#13273,#13275,.T.);
#10600=FILL_AREA_STYLE('',(#13276));
#10601=EDGE_CURVE('',#13261,#13277,#13278,.T.);
#10602=EDGE_CURVE('',#13273,#13277,#13279,.T.);
#10603=FILL_AREA_STYLE('',(#13280));
#10604=EDGE_CURVE('',#13261,#13281,#13282,.T.);
#10605=EDGE_CURVE('',#13281,#13283,#13284,.T.);
#10606=EDGE_CURVE('',#13277,#13283,#13285,.T.);
#10607=FILL_AREA_STYLE('',(#13286));
#10608=EDGE_CURVE('',#13283,#13271,#13287,.T.);
#10609=EDGE_CURVE('',#13281,#13267,#13288,.T.);
#10610=FILL_AREA_STYLE('',(#13289));
#10611=EDGE_CURVE('',#11558,#13281,#13290,.T.);
#10612=FILL_AREA_STYLE('',(#13291));
#10613=FILL_AREA_STYLE('',(#13292));
#10614=EDGE_CURVE('',#13293,#13294,#13295,.T.);
#10615=EDGE_CURVE('',#13296,#13293,#13297,.T.);
#10616=EDGE_CURVE('',#13298,#13296,#13299,.T.);
#10617=EDGE_CURVE('',#13294,#13298,#13300,.T.);
#10618=FILL_AREA_STYLE('',(#13301));
#10619=EDGE_CURVE('',#13294,#13302,#13303,.T.);
#10620=EDGE_CURVE('',#13304,#13298,#13305,.T.);
#10621=EDGE_CURVE('',#13304,#13302,#13306,.T.);
#10622=FILL_AREA_STYLE('',(#13307));
#10623=EDGE_CURVE('',#13308,#13304,#13309,.T.);
#10624=EDGE_CURVE('',#13298,#13310,#13311,.T.);
#10625=EDGE_CURVE('',#13308,#13310,#13312,.T.);
#10626=FILL_AREA_STYLE('',(#13313));
#10627=EDGE_CURVE('',#13296,#13314,#13315,.T.);
#10628=EDGE_CURVE('',#13310,#13314,#13316,.T.);
#10629=FILL_AREA_STYLE('',(#13317));
#10630=EDGE_CURVE('',#13296,#13318,#13319,.T.);
#10631=EDGE_CURVE('',#13318,#13320,#13321,.T.);
#10632=EDGE_CURVE('',#13314,#13320,#13322,.T.);
#10633=FILL_AREA_STYLE('',(#13323));
#10634=EDGE_CURVE('',#13320,#13308,#13324,.T.);
#10635=EDGE_CURVE('',#13318,#13304,#13325,.T.);
#10636=FILL_AREA_STYLE('',(#13326));
#10637=EDGE_CURVE('',#13302,#13327,#13328,.T.);
#10638=EDGE_CURVE('',#13327,#13318,#13329,.T.);
#10639=FILL_AREA_STYLE('',(#13330));
#10640=EDGE_CURVE('',#13327,#13293,#13331,.T.);
#10641=FILL_AREA_STYLE('',(#13332));
#10642=EDGE_CURVE('',#13333,#11653,#13334,.T.);
#10643=EDGE_CURVE('',#13335,#13333,#13336,.T.);
#10644=EDGE_CURVE('',#11655,#13335,#13337,.T.);
#10645=FILL_AREA_STYLE('',(#13338));
#10646=EDGE_CURVE('',#13339,#13335,#13340,.T.);
#10647=EDGE_CURVE('',#13339,#11650,#13341,.T.);
#10648=FILL_AREA_STYLE('',(#13342));
#10649=EDGE_CURVE('',#13343,#13339,#13344,.T.);
#10650=EDGE_CURVE('',#13335,#13345,#13346,.T.);
#10651=EDGE_CURVE('',#13343,#13345,#13347,.T.);
#10652=FILL_AREA_STYLE('',(#13348));
#10653=EDGE_CURVE('',#13333,#13349,#13350,.T.);
#10654=EDGE_CURVE('',#13345,#13349,#13351,.T.);
#10655=FILL_AREA_STYLE('',(#13352));
#10656=EDGE_CURVE('',#13333,#13353,#13354,.T.);
#10657=EDGE_CURVE('',#13353,#13355,#13356,.T.);
#10658=EDGE_CURVE('',#13349,#13355,#13357,.T.);
#10659=FILL_AREA_STYLE('',(#13358));
#10660=EDGE_CURVE('',#13355,#13343,#13359,.T.);
#10661=EDGE_CURVE('',#13353,#13339,#13360,.T.);
#10662=FILL_AREA_STYLE('',(#13361));
#10663=EDGE_CURVE('',#11651,#13353,#13362,.T.);
#10664=FILL_AREA_STYLE('',(#13363));
#10665=FILL_AREA_STYLE('',(#13364));
#10666=EDGE_CURVE('',#13365,#13366,#13367,.T.);
#10667=EDGE_CURVE('',#13368,#13365,#13369,.T.);
#10668=EDGE_CURVE('',#13370,#13368,#13371,.T.);
#10669=EDGE_CURVE('',#13366,#13370,#13372,.T.);
#10670=FILL_AREA_STYLE('',(#13373));
#10671=EDGE_CURVE('',#13366,#13374,#13375,.T.);
#10672=EDGE_CURVE('',#13376,#13370,#13377,.T.);
#10673=EDGE_CURVE('',#13376,#13374,#13378,.T.);
#10674=FILL_AREA_STYLE('',(#13379));
#10675=EDGE_CURVE('',#13380,#13376,#13381,.T.);
#10676=EDGE_CURVE('',#13370,#13382,#13383,.T.);
#10677=EDGE_CURVE('',#13380,#13382,#13384,.T.);
#10678=FILL_AREA_STYLE('',(#13385));
#10679=EDGE_CURVE('',#13368,#13386,#13387,.T.);
#10680=EDGE_CURVE('',#13382,#13386,#13388,.T.);
#10681=FILL_AREA_STYLE('',(#13389));
#10682=EDGE_CURVE('',#13368,#13390,#13391,.T.);
#10683=EDGE_CURVE('',#13390,#13392,#13393,.T.);
#10684=EDGE_CURVE('',#13386,#13392,#13394,.T.);
#10685=FILL_AREA_STYLE('',(#13395));
#10686=EDGE_CURVE('',#13392,#13380,#13396,.T.);
#10687=EDGE_CURVE('',#13390,#13376,#13397,.T.);
#10688=FILL_AREA_STYLE('',(#13398));
#10689=EDGE_CURVE('',#13374,#13399,#13400,.T.);
#10690=EDGE_CURVE('',#13399,#13390,#13401,.T.);
#10691=FILL_AREA_STYLE('',(#13402));
#10692=EDGE_CURVE('',#13399,#13365,#13403,.T.);
#10693=FILL_AREA_STYLE('',(#13404));
#10694=EDGE_CURVE('',#13405,#11746,#13406,.T.);
#10695=EDGE_CURVE('',#13407,#13405,#13408,.T.);
#10696=EDGE_CURVE('',#11748,#13407,#13409,.T.);
#10697=FILL_AREA_STYLE('',(#13410));
#10698=EDGE_CURVE('',#13411,#13407,#13412,.T.);
#10699=EDGE_CURVE('',#13411,#11743,#13413,.T.);
#10700=FILL_AREA_STYLE('',(#13414));
#10701=EDGE_CURVE('',#13415,#13411,#13416,.T.);
#10702=EDGE_CURVE('',#13407,#13417,#13418,.T.);
#10703=EDGE_CURVE('',#13415,#13417,#13419,.T.);
#10704=FILL_AREA_STYLE('',(#13420));
#10705=EDGE_CURVE('',#13405,#13421,#13422,.T.);
#10706=EDGE_CURVE('',#13417,#13421,#13423,.T.);
#10707=FILL_AREA_STYLE('',(#13424));
#10708=EDGE_CURVE('',#13405,#13425,#13426,.T.);
#10709=EDGE_CURVE('',#13425,#13427,#13428,.T.);
#10710=EDGE_CURVE('',#13421,#13427,#13429,.T.);
#10711=FILL_AREA_STYLE('',(#13430));
#10712=EDGE_CURVE('',#13427,#13415,#13431,.T.);
#10713=EDGE_CURVE('',#13425,#13411,#13432,.T.);
#10714=FILL_AREA_STYLE('',(#13433));
#10715=EDGE_CURVE('',#11744,#13425,#13434,.T.);
#10716=FILL_AREA_STYLE('',(#13435));
#10717=FILL_AREA_STYLE('',(#13436));
#10718=EDGE_CURVE('',#13437,#13438,#13439,.T.);
#10719=EDGE_CURVE('',#13440,#13437,#13441,.T.);
#10720=EDGE_CURVE('',#13442,#13440,#13443,.T.);
#10721=EDGE_CURVE('',#13438,#13442,#13444,.T.);
#10722=FILL_AREA_STYLE('',(#13445));
#10723=EDGE_CURVE('',#13438,#13446,#13447,.T.);
#10724=EDGE_CURVE('',#13448,#13442,#13449,.T.);
#10725=EDGE_CURVE('',#13448,#13446,#13450,.T.);
#10726=FILL_AREA_STYLE('',(#13451));
#10727=EDGE_CURVE('',#13452,#13448,#13453,.T.);
#10728=EDGE_CURVE('',#13442,#13454,#13455,.T.);
#10729=EDGE_CURVE('',#13452,#13454,#13456,.T.);
#10730=FILL_AREA_STYLE('',(#13457));
#10731=EDGE_CURVE('',#13440,#13458,#13459,.T.);
#10732=EDGE_CURVE('',#13454,#13458,#13460,.T.);
#10733=FILL_AREA_STYLE('',(#13461));
#10734=EDGE_CURVE('',#13440,#13462,#13463,.T.);
#10735=EDGE_CURVE('',#13462,#13464,#13465,.T.);
#10736=EDGE_CURVE('',#13458,#13464,#13466,.T.);
#10737=FILL_AREA_STYLE('',(#13467));
#10738=EDGE_CURVE('',#13464,#13452,#13468,.T.);
#10739=EDGE_CURVE('',#13462,#13448,#13469,.T.);
#10740=FILL_AREA_STYLE('',(#13470));
#10741=EDGE_CURVE('',#13446,#13471,#13472,.T.);
#10742=EDGE_CURVE('',#13471,#13462,#13473,.T.);
#10743=FILL_AREA_STYLE('',(#13474));
#10744=EDGE_CURVE('',#13471,#13437,#13475,.T.);
#10745=FILL_AREA_STYLE('',(#13476));
#10746=EDGE_CURVE('',#13477,#11839,#13478,.T.);
#10747=EDGE_CURVE('',#13479,#13477,#13480,.T.);
#10748=EDGE_CURVE('',#11841,#13479,#13481,.T.);
#10749=FILL_AREA_STYLE('',(#13482));
#10750=EDGE_CURVE('',#13483,#13479,#13484,.T.);
#10751=EDGE_CURVE('',#13483,#11836,#13485,.T.);
#10752=FILL_AREA_STYLE('',(#13486));
#10753=EDGE_CURVE('',#13487,#13483,#13488,.T.);
#10754=EDGE_CURVE('',#13479,#13489,#13490,.T.);
#10755=EDGE_CURVE('',#13487,#13489,#13491,.T.);
#10756=FILL_AREA_STYLE('',(#13492));
#10757=EDGE_CURVE('',#13477,#13493,#13494,.T.);
#10758=EDGE_CURVE('',#13489,#13493,#13495,.T.);
#10759=FILL_AREA_STYLE('',(#13496));
#10760=EDGE_CURVE('',#13477,#13497,#13498,.T.);
#10761=EDGE_CURVE('',#13497,#13499,#13500,.T.);
#10762=EDGE_CURVE('',#13493,#13499,#13501,.T.);
#10763=FILL_AREA_STYLE('',(#13502));
#10764=EDGE_CURVE('',#13499,#13487,#13503,.T.);
#10765=EDGE_CURVE('',#13497,#13483,#13504,.T.);
#10766=FILL_AREA_STYLE('',(#13505));
#10767=EDGE_CURVE('',#11837,#13497,#13506,.T.);
#10768=FILL_AREA_STYLE('',(#13507));
#10769=FILL_AREA_STYLE('',(#13508));
#10770=EDGE_CURVE('',#13509,#12859,#13510,.T.);
#10771=EDGE_CURVE('',#13511,#13509,#13512,.T.);
#10772=EDGE_CURVE('',#12861,#13511,#13513,.T.);
#10773=FILL_AREA_STYLE('',(#13514));
#10774=EDGE_CURVE('',#13515,#13511,#13516,.T.);
#10775=EDGE_CURVE('',#13515,#12856,#13517,.T.);
#10776=FILL_AREA_STYLE('',(#13518));
#10777=EDGE_CURVE('',#13519,#13515,#13520,.T.);
#10778=EDGE_CURVE('',#13511,#13521,#13522,.T.);
#10779=EDGE_CURVE('',#13519,#13521,#13523,.T.);
#10780=FILL_AREA_STYLE('',(#13524));
#10781=EDGE_CURVE('',#13509,#13525,#13526,.T.);
#10782=EDGE_CURVE('',#13521,#13525,#13527,.T.);
#10783=FILL_AREA_STYLE('',(#13528));
#10784=EDGE_CURVE('',#13509,#13529,#13530,.T.);
#10785=EDGE_CURVE('',#13529,#13531,#13532,.T.);
#10786=EDGE_CURVE('',#13525,#13531,#13533,.T.);
#10787=FILL_AREA_STYLE('',(#13534));
#10788=EDGE_CURVE('',#13531,#13519,#13535,.T.);
#10789=EDGE_CURVE('',#13529,#13515,#13536,.T.);
#10790=FILL_AREA_STYLE('',(#13537));
#10791=EDGE_CURVE('',#12857,#13529,#13538,.T.);
#10792=FILL_AREA_STYLE('',(#13539));
#10793=FILL_AREA_STYLE('',(#13540));
#10794=EDGE_CURVE('',#13541,#11932,#13542,.T.);
#10795=EDGE_CURVE('',#13543,#13541,#13544,.T.);
#10796=EDGE_CURVE('',#11934,#13543,#13545,.T.);
#10797=FILL_AREA_STYLE('',(#13546));
#10798=EDGE_CURVE('',#13547,#13543,#13548,.T.);
#10799=EDGE_CURVE('',#13547,#11929,#13549,.T.);
#10800=FILL_AREA_STYLE('',(#13550));
#10801=EDGE_CURVE('',#13551,#13547,#13552,.T.);
#10802=EDGE_CURVE('',#13543,#13553,#13554,.T.);
#10803=EDGE_CURVE('',#13551,#13553,#13555,.T.);
#10804=FILL_AREA_STYLE('',(#13556));
#10805=EDGE_CURVE('',#13541,#13557,#13558,.T.);
#10806=EDGE_CURVE('',#13553,#13557,#13559,.T.);
#10807=FILL_AREA_STYLE('',(#13560));
#10808=EDGE_CURVE('',#13541,#13561,#13562,.T.);
#10809=EDGE_CURVE('',#13561,#13563,#13564,.T.);
#10810=EDGE_CURVE('',#13557,#13563,#13565,.T.);
#10811=FILL_AREA_STYLE('',(#13566));
#10812=EDGE_CURVE('',#13563,#13551,#13567,.T.);
#10813=EDGE_CURVE('',#13561,#13547,#13568,.T.);
#10814=FILL_AREA_STYLE('',(#13569));
#10815=EDGE_CURVE('',#11930,#13561,#13570,.T.);
#10816=FILL_AREA_STYLE('',(#13571));
#10817=FILL_AREA_STYLE('',(#13572));
#10818=EDGE_CURVE('',#11085,#12189,#13573,.T.);
#10819=FILL_AREA_STYLE('',(#13574));
#10820=EDGE_CURVE('',#12197,#12173,#13575,.T.);
#10821=FILL_AREA_STYLE('',(#13576));
#10822=EDGE_CURVE('',#12187,#11087,#13577,.T.);
#10823=FILL_AREA_STYLE('',(#13578));
#10824=EDGE_CURVE('',#12171,#12199,#13579,.T.);
#10825=FILL_AREA_STYLE('',(#13580));
#10826=FILL_AREA_STYLE('',(#13581));
#10827=FILL_AREA_STYLE('',(#13582));
#10828=EDGE_CURVE('',#13583,#12212,#13584,.T.);
#10829=EDGE_CURVE('',#12422,#13583,#13585,.T.);
#10830=FILL_AREA_STYLE('',(#13586));
#10831=EDGE_CURVE('',#11178,#12374,#13587,.T.);
#10832=FILL_AREA_STYLE('',(#13588));
#10833=EDGE_CURVE('',#12431,#13589,#13590,.T.);
#10834=EDGE_CURVE('',#12208,#13589,#13591,.T.);
#10835=FILL_AREA_STYLE('',(#13592));
#10836=EDGE_CURVE('',#12372,#11180,#13593,.T.);
#10837=FILL_AREA_STYLE('',(#13594));
#10838=EDGE_CURVE('',#13589,#13595,#13596,.T.);
#10839=EDGE_CURVE('',#13595,#12210,#13597,.T.);
#10840=FILL_AREA_STYLE('',(#13598));
#10841=FILL_AREA_STYLE('',(#13599));
#10842=EDGE_CURVE('',#13583,#13595,#13600,.T.);
#10843=FILL_AREA_STYLE('',(#13601));
#10844=FILL_AREA_STYLE('',(#13602));
#10845=EDGE_CURVE('',#13603,#12225,#13604,.T.);
#10846=EDGE_CURVE('',#12474,#13603,#13605,.T.);
#10847=FILL_AREA_STYLE('',(#13606));
#10848=EDGE_CURVE('',#11271,#12368,#13607,.T.);
#10849=FILL_AREA_STYLE('',(#13608));
#10850=EDGE_CURVE('',#12483,#13609,#13610,.T.);
#10851=EDGE_CURVE('',#12221,#13609,#13611,.T.);
#10852=FILL_AREA_STYLE('',(#13612));
#10853=EDGE_CURVE('',#12366,#11273,#13613,.T.);
#10854=FILL_AREA_STYLE('',(#13614));
#10855=EDGE_CURVE('',#13609,#13615,#13616,.T.);
#10856=EDGE_CURVE('',#13615,#12223,#13617,.T.);
#10857=FILL_AREA_STYLE('',(#13618));
#10858=FILL_AREA_STYLE('',(#13619));
#10859=EDGE_CURVE('',#13603,#13615,#13620,.T.);
#10860=FILL_AREA_STYLE('',(#13621));
#10861=FILL_AREA_STYLE('',(#13622));
#10862=EDGE_CURVE('',#13623,#12238,#13624,.T.);
#10863=EDGE_CURVE('',#12526,#13623,#13625,.T.);
#10864=FILL_AREA_STYLE('',(#13626));
#10865=EDGE_CURVE('',#11364,#12362,#13627,.T.);
#10866=FILL_AREA_STYLE('',(#13628));
#10867=EDGE_CURVE('',#12535,#13629,#13630,.T.);
#10868=EDGE_CURVE('',#12234,#13629,#13631,.T.);
#10869=FILL_AREA_STYLE('',(#13632));
#10870=EDGE_CURVE('',#12360,#11366,#13633,.T.);
#10871=FILL_AREA_STYLE('',(#13634));
#10872=EDGE_CURVE('',#13629,#13635,#13636,.T.);
#10873=EDGE_CURVE('',#13635,#12236,#13637,.T.);
#10874=FILL_AREA_STYLE('',(#13638));
#10875=FILL_AREA_STYLE('',(#13639));
#10876=EDGE_CURVE('',#13623,#13635,#13640,.T.);
#10877=FILL_AREA_STYLE('',(#13641));
#10878=FILL_AREA_STYLE('',(#13642));
#10879=EDGE_CURVE('',#13643,#12251,#13644,.T.);
#10880=EDGE_CURVE('',#12578,#13643,#13645,.T.);
#10881=FILL_AREA_STYLE('',(#13646));
#10882=EDGE_CURVE('',#11457,#12356,#13647,.T.);
#10883=FILL_AREA_STYLE('',(#13648));
#10884=EDGE_CURVE('',#12587,#13649,#13650,.T.);
#10885=EDGE_CURVE('',#12247,#13649,#13651,.T.);
#10886=FILL_AREA_STYLE('',(#13652));
#10887=EDGE_CURVE('',#12354,#11459,#13653,.T.);
#10888=FILL_AREA_STYLE('',(#13654));
#10889=EDGE_CURVE('',#13649,#13655,#13656,.T.);
#10890=EDGE_CURVE('',#13655,#12249,#13657,.T.);
#10891=FILL_AREA_STYLE('',(#13658));
#10892=FILL_AREA_STYLE('',(#13659));
#10893=EDGE_CURVE('',#13643,#13655,#13660,.T.);
#10894=FILL_AREA_STYLE('',(#13661));
#10895=FILL_AREA_STYLE('',(#13662));
#10896=EDGE_CURVE('',#13663,#12264,#13664,.T.);
#10897=EDGE_CURVE('',#12630,#13663,#13665,.T.);
#10898=FILL_AREA_STYLE('',(#13666));
#10899=EDGE_CURVE('',#11550,#12350,#13667,.T.);
#10900=FILL_AREA_STYLE('',(#13668));
#10901=EDGE_CURVE('',#12639,#13669,#13670,.T.);
#10902=EDGE_CURVE('',#12260,#13669,#13671,.T.);
#10903=FILL_AREA_STYLE('',(#13672));
#10904=EDGE_CURVE('',#12348,#11552,#13673,.T.);
#10905=FILL_AREA_STYLE('',(#13674));
#10906=EDGE_CURVE('',#13669,#13675,#13676,.T.);
#10907=EDGE_CURVE('',#13675,#12262,#13677,.T.);
#10908=FILL_AREA_STYLE('',(#13678));
#10909=FILL_AREA_STYLE('',(#13679));
#10910=EDGE_CURVE('',#13663,#13675,#13680,.T.);
#10911=FILL_AREA_STYLE('',(#13681));
#10912=FILL_AREA_STYLE('',(#13682));
#10913=EDGE_CURVE('',#13683,#12277,#13684,.T.);
#10914=EDGE_CURVE('',#12682,#13683,#13685,.T.);
#10915=FILL_AREA_STYLE('',(#13686));
#10916=EDGE_CURVE('',#11643,#12344,#13687,.T.);
#10917=FILL_AREA_STYLE('',(#13688));
#10918=EDGE_CURVE('',#12691,#13689,#13690,.T.);
#10919=EDGE_CURVE('',#12273,#13689,#13691,.T.);
#10920=FILL_AREA_STYLE('',(#13692));
#10921=EDGE_CURVE('',#12342,#11645,#13693,.T.);
#10922=FILL_AREA_STYLE('',(#13694));
#10923=EDGE_CURVE('',#13689,#13695,#13696,.T.);
#10924=EDGE_CURVE('',#13695,#12275,#13697,.T.);
#10925=FILL_AREA_STYLE('',(#13698));
#10926=FILL_AREA_STYLE('',(#13699));
#10927=EDGE_CURVE('',#13683,#13695,#13700,.T.);
#10928=FILL_AREA_STYLE('',(#13701));
#10929=FILL_AREA_STYLE('',(#13702));
#10930=EDGE_CURVE('',#13703,#12290,#13704,.T.);
#10931=EDGE_CURVE('',#12734,#13703,#13705,.T.);
#10932=FILL_AREA_STYLE('',(#13706));
#10933=EDGE_CURVE('',#11736,#12338,#13707,.T.);
#10934=FILL_AREA_STYLE('',(#13708));
#10935=EDGE_CURVE('',#12743,#13709,#13710,.T.);
#10936=EDGE_CURVE('',#12286,#13709,#13711,.T.);
#10937=FILL_AREA_STYLE('',(#13712));
#10938=EDGE_CURVE('',#12336,#11738,#13713,.T.);
#10939=FILL_AREA_STYLE('',(#13714));
#10940=EDGE_CURVE('',#13709,#13715,#13716,.T.);
#10941=EDGE_CURVE('',#13715,#12288,#13717,.T.);
#10942=FILL_AREA_STYLE('',(#13718));
#10943=FILL_AREA_STYLE('',(#13719));
#10944=EDGE_CURVE('',#13703,#13715,#13720,.T.);
#10945=FILL_AREA_STYLE('',(#13721));
#10946=FILL_AREA_STYLE('',(#13722));
#10947=EDGE_CURVE('',#13723,#12303,#13724,.T.);
#10948=EDGE_CURVE('',#12786,#13723,#13725,.T.);
#10949=FILL_AREA_STYLE('',(#13726));
#10950=EDGE_CURVE('',#11829,#12332,#13727,.T.);
#10951=FILL_AREA_STYLE('',(#13728));
#10952=EDGE_CURVE('',#12795,#13729,#13730,.T.);
#10953=EDGE_CURVE('',#12299,#13729,#13731,.T.);
#10954=FILL_AREA_STYLE('',(#13732));
#10955=EDGE_CURVE('',#12330,#11831,#13733,.T.);
#10956=FILL_AREA_STYLE('',(#13734));
#10957=EDGE_CURVE('',#13729,#13735,#13736,.T.);
#10958=EDGE_CURVE('',#13735,#12301,#13737,.T.);
#10959=FILL_AREA_STYLE('',(#13738));
#10960=FILL_AREA_STYLE('',(#13739));
#10961=EDGE_CURVE('',#13723,#13735,#13740,.T.);
#10962=FILL_AREA_STYLE('',(#13741));
#10963=FILL_AREA_STYLE('',(#13742));
#10964=EDGE_CURVE('',#11922,#12326,#13743,.T.);
#10965=FILL_AREA_STYLE('',(#13744));
#10966=EDGE_CURVE('',#12312,#12851,#13745,.T.);
#10967=FILL_AREA_STYLE('',(#13746));
#10968=EDGE_CURVE('',#12324,#11924,#13747,.T.);
#10969=FILL_AREA_STYLE('',(#13748));
#10970=EDGE_CURVE('',#12849,#12314,#13749,.T.);
#10971=FILL_AREA_STYLE('',(#13750));
#10972=FILL_AREA_STYLE('',(#13751));
#10973=FILL_AREA_STYLE('',(#13752));
#10974=EDGE_CURVE('',#13753,#13754,#13755,.T.);
#10975=EDGE_CURVE('',#13756,#13754,#13757,.T.);
#10976=EDGE_CURVE('',#13758,#13756,#13759,.T.);
#10977=EDGE_CURVE('',#13758,#13753,#13760,.T.);
#10978=FILL_AREA_STYLE('',(#13761));
#10979=EDGE_CURVE('',#13754,#13762,#13763,.T.);
#10980=EDGE_CURVE('',#13764,#13762,#13765,.T.);
#10981=EDGE_CURVE('',#13756,#13764,#13766,.T.);
#10982=FILL_AREA_STYLE('',(#13767));
#10983=EDGE_CURVE('',#13762,#13768,#13769,.T.);
#10984=EDGE_CURVE('',#13770,#13768,#13771,.T.);
#10985=EDGE_CURVE('',#13764,#13770,#13772,.T.);
#10986=FILL_AREA_STYLE('',(#13773));
#10987=EDGE_CURVE('',#13768,#13774,#13775,.T.);
#10988=EDGE_CURVE('',#13776,#13774,#13777,.T.);
#10989=EDGE_CURVE('',#13770,#13776,#13778,.T.);
#10990=FILL_AREA_STYLE('',(#13779));
#10991=EDGE_CURVE('',#13774,#13780,#13781,.T.);
#10992=EDGE_CURVE('',#11023,#13780,#13782,.T.);
#10993=EDGE_CURVE('',#13776,#11916,#13783,.T.);
#10994=FILL_AREA_STYLE('',(#13784));
#10995=EDGE_CURVE('',#13780,#13785,#13786,.T.);
#10996=EDGE_CURVE('',#11022,#13785,#13787,.T.);
#10997=FILL_AREA_STYLE('',(#13788));
#10998=EDGE_CURVE('',#13785,#12192,#13789,.T.);
#10999=EDGE_CURVE('',#11914,#12321,#13790,.T.);
#11000=FILL_AREA_STYLE('',(#13791));
#11001=EDGE_CURVE('',#12165,#13792,#13793,.T.);
#11002=EDGE_CURVE('',#11949,#13792,#13794,.T.);
#11003=FILL_AREA_STYLE('',(#13795));
#11004=EDGE_CURVE('',#13792,#13796,#13797,.T.);
#11005=EDGE_CURVE('',#13798,#13796,#13799,.T.);
#11006=EDGE_CURVE('',#13798,#12843,#13800,.T.);
#11007=FILL_AREA_STYLE('',(#13801));
#11008=EDGE_CURVE('',#13796,#13753,#13802,.T.);
#11009=EDGE_CURVE('',#13798,#13758,#13803,.T.);
#11010=FILL_AREA_STYLE('',(#13804));
#11011=FILL_AREA_STYLE('',(#13805));
#11012=FILL_AREA_STYLE_COLOUR('',#13806);
#11013=VERTEX_POINT('',#13807);
#11014=VERTEX_POINT('',#13808);
#11015=LINE('',#13809,#13810);
#11016=VERTEX_POINT('',#13811);
#11017=CIRCLE('',#13812,0.127);
#11018=VERTEX_POINT('',#13813);
#11019=LINE('',#13814,#13815);
#11020=CIRCLE('',#13816,0.127);
#11021=FILL_AREA_STYLE_COLOUR('',#13817);
#11022=VERTEX_POINT('',#13818);
#11023=VERTEX_POINT('',#13819);
#11024=LINE('',#13820,#13821);
#11025=LINE('',#13822,#13823);
#11026=VERTEX_POINT('',#13824);
#11027=LINE('',#13825,#13826);
#11028=VERTEX_POINT('',#13827);
#11029=LINE('',#13828,#13829);
#11030=VERTEX_POINT('',#13830);
#11031=LINE('',#13831,#13832);
#11032=VERTEX_POINT('',#13833);
#11033=LINE('',#13834,#13835);
#11034=VERTEX_POINT('',#13836);
#11035=LINE('',#13837,#13838);
#11036=VERTEX_POINT('',#13839);
#11037=CIRCLE('',#13840,0.254);
#11038=VERTEX_POINT('',#13841);
#11039=LINE('',#13842,#13843);
#11040=VERTEX_POINT('',#13844);
#11041=LINE('',#13845,#13846);
#11042=LINE('',#13847,#13848);
#11043=FILL_AREA_STYLE_COLOUR('',#13849);
#11044=VERTEX_POINT('',#13850);
#11045=VERTEX_POINT('',#13851);
#11046=CIRCLE('',#13852,0.254);
#11047=LINE('',#13853,#13854);
#11048=LINE('',#13855,#13856);
#11049=FILL_AREA_STYLE_COLOUR('',#13857);
#11050=VERTEX_POINT('',#13858);
#11051=LINE('',#13859,#13860);
#11052=LINE('',#13861,#13862);
#11053=FILL_AREA_STYLE_COLOUR('',#13863);
#11054=VERTEX_POINT('',#13864);
#11055=LINE('',#13865,#13866);
#11056=LINE('',#13867,#13868);
#11057=FILL_AREA_STYLE_COLOUR('',#13869);
#11058=VERTEX_POINT('',#13870);
#11059=LINE('',#13871,#13872);
#11060=LINE('',#13873,#13874);
#11061=FILL_AREA_STYLE_COLOUR('',#13875);
#11062=VERTEX_POINT('',#13876);
#11063=LINE('',#13877,#13878);
#11064=LINE('',#13879,#13880);
#11065=FILL_AREA_STYLE_COLOUR('',#13881);
#11066=VERTEX_POINT('',#13882);
#11067=LINE('',#13883,#13884);
#11068=VERTEX_POINT('',#13885);
#11069=LINE('',#13886,#13887);
#11070=VERTEX_POINT('',#13888);
#11071=LINE('',#13889,#13890);
#11072=VERTEX_POINT('',#13891);
#11073=LINE('',#13892,#13893);
#11074=LINE('',#13894,#13895);
#11075=LINE('',#13896,#13897);
#11076=FILL_AREA_STYLE_COLOUR('',#13898);
#11077=VERTEX_POINT('',#13899);
#11078=LINE('',#13900,#13901);
#11079=VERTEX_POINT('',#13902);
#11080=LINE('',#13903,#13904);
#11081=LINE('',#13905,#13906);
#11082=FILL_AREA_STYLE_COLOUR('',#13907);
#11083=VERTEX_POINT('',#13908);
#11084=LINE('',#13909,#13910);
#11085=VERTEX_POINT('',#13911);
#11086=LINE('',#13912,#13913);
#11087=VERTEX_POINT('',#13914);
#11088=LINE('',#13915,#13916);
#11089=VERTEX_POINT('',#13917);
#11090=LINE('',#13918,#13919);
#11091=LINE('',#13920,#13921);
#11092=VERTEX_POINT('',#13922);
#11093=VERTEX_POINT('',#13923);
#11094=LINE('',#13924,#13925);
#11095=VERTEX_POINT('',#13926);
#11096=LINE('',#13927,#13928);
#11097=VERTEX_POINT('',#13929);
#11098=LINE('',#13930,#13931);
#11099=LINE('',#13932,#13933);
#11100=FILL_AREA_STYLE_COLOUR('',#13934);
#11101=VERTEX_POINT('',#13935);
#11102=LINE('',#13936,#13937);
#11103=LINE('',#13938,#13939);
#11104=FILL_AREA_STYLE_COLOUR('',#13940);
#11105=VERTEX_POINT('',#13941);
#11106=LINE('',#13942,#13943);
#11107=LINE('',#13944,#13945);
#11108=FILL_AREA_STYLE_COLOUR('',#13946);
#11109=VERTEX_POINT('',#13947);
#11110=VERTEX_POINT('',#13948);
#11111=LINE('',#13949,#13950);
#11112=VERTEX_POINT('',#13951);
#11113=CIRCLE('',#13952,0.127);
#11114=VERTEX_POINT('',#13953);
#11115=LINE('',#13954,#13955);
#11116=CIRCLE('',#13956,0.127);
#11117=FILL_AREA_STYLE_COLOUR('',#13957);
#11118=LINE('',#13958,#13959);
#11119=VERTEX_POINT('',#13960);
#11120=LINE('',#13961,#13962);
#11121=VERTEX_POINT('',#13963);
#11122=LINE('',#13964,#13965);
#11123=VERTEX_POINT('',#13966);
#11124=LINE('',#13967,#13968);
#11125=VERTEX_POINT('',#13969);
#11126=LINE('',#13970,#13971);
#11127=VERTEX_POINT('',#13972);
#11128=LINE('',#13973,#13974);
#11129=VERTEX_POINT('',#13975);
#11130=CIRCLE('',#13976,0.254);
#11131=VERTEX_POINT('',#13977);
#11132=LINE('',#13978,#13979);
#11133=VERTEX_POINT('',#13980);
#11134=LINE('',#13981,#13982);
#11135=LINE('',#13983,#13984);
#11136=FILL_AREA_STYLE_COLOUR('',#13985);
#11137=VERTEX_POINT('',#13986);
#11138=VERTEX_POINT('',#13987);
#11139=CIRCLE('',#13988,0.254);
#11140=LINE('',#13989,#13990);
#11141=LINE('',#13991,#13992);
#11142=FILL_AREA_STYLE_COLOUR('',#13993);
#11143=VERTEX_POINT('',#13994);
#11144=LINE('',#13995,#13996);
#11145=LINE('',#13997,#13998);
#11146=FILL_AREA_STYLE_COLOUR('',#13999);
#11147=VERTEX_POINT('',#14000);
#11148=LINE('',#14001,#14002);
#11149=LINE('',#14003,#14004);
#11150=FILL_AREA_STYLE_COLOUR('',#14005);
#11151=VERTEX_POINT('',#14006);
#11152=LINE('',#14007,#14008);
#11153=LINE('',#14009,#14010);
#11154=FILL_AREA_STYLE_COLOUR('',#14011);
#11155=VERTEX_POINT('',#14012);
#11156=LINE('',#14013,#14014);
#11157=LINE('',#14015,#14016);
#11158=FILL_AREA_STYLE_COLOUR('',#14017);
#11159=VERTEX_POINT('',#14018);
#11160=LINE('',#14019,#14020);
#11161=VERTEX_POINT('',#14021);
#11162=LINE('',#14022,#14023);
#11163=VERTEX_POINT('',#14024);
#11164=LINE('',#14025,#14026);
#11165=VERTEX_POINT('',#14027);
#11166=LINE('',#14028,#14029);
#11167=LINE('',#14030,#14031);
#11168=LINE('',#14032,#14033);
#11169=FILL_AREA_STYLE_COLOUR('',#14034);
#11170=VERTEX_POINT('',#14035);
#11171=LINE('',#14036,#14037);
#11172=VERTEX_POINT('',#14038);
#11173=LINE('',#14039,#14040);
#11174=LINE('',#14041,#14042);
#11175=FILL_AREA_STYLE_COLOUR('',#14043);
#11176=VERTEX_POINT('',#14044);
#11177=LINE('',#14045,#14046);
#11178=VERTEX_POINT('',#14047);
#11179=LINE('',#14048,#14049);
#11180=VERTEX_POINT('',#14050);
#11181=LINE('',#14051,#14052);
#11182=VERTEX_POINT('',#14053);
#11183=LINE('',#14054,#14055);
#11184=LINE('',#14056,#14057);
#11185=VERTEX_POINT('',#14058);
#11186=VERTEX_POINT('',#14059);
#11187=LINE('',#14060,#14061);
#11188=VERTEX_POINT('',#14062);
#11189=LINE('',#14063,#14064);
#11190=VERTEX_POINT('',#14065);
#11191=LINE('',#14066,#14067);
#11192=LINE('',#14068,#14069);
#11193=FILL_AREA_STYLE_COLOUR('',#14070);
#11194=VERTEX_POINT('',#14071);
#11195=LINE('',#14072,#14073);
#11196=LINE('',#14074,#14075);
#11197=FILL_AREA_STYLE_COLOUR('',#14076);
#11198=VERTEX_POINT('',#14077);
#11199=LINE('',#14078,#14079);
#11200=LINE('',#14080,#14081);
#11201=FILL_AREA_STYLE_COLOUR('',#14082);
#11202=VERTEX_POINT('',#14083);
#11203=VERTEX_POINT('',#14084);
#11204=LINE('',#14085,#14086);
#11205=VERTEX_POINT('',#14087);
#11206=CIRCLE('',#14088,0.127);
#11207=VERTEX_POINT('',#14089);
#11208=LINE('',#14090,#14091);
#11209=CIRCLE('',#14092,0.127);
#11210=FILL_AREA_STYLE_COLOUR('',#14093);
#11211=LINE('',#14094,#14095);
#11212=VERTEX_POINT('',#14096);
#11213=LINE('',#14097,#14098);
#11214=VERTEX_POINT('',#14099);
#11215=LINE('',#14100,#14101);
#11216=VERTEX_POINT('',#14102);
#11217=LINE('',#14103,#14104);
#11218=VERTEX_POINT('',#14105);
#11219=LINE('',#14106,#14107);
#11220=VERTEX_POINT('',#14108);
#11221=LINE('',#14109,#14110);
#11222=VERTEX_POINT('',#14111);
#11223=CIRCLE('',#14112,0.254);
#11224=VERTEX_POINT('',#14113);
#11225=LINE('',#14114,#14115);
#11226=VERTEX_POINT('',#14116);
#11227=LINE('',#14117,#14118);
#11228=LINE('',#14119,#14120);
#11229=FILL_AREA_STYLE_COLOUR('',#14121);
#11230=VERTEX_POINT('',#14122);
#11231=VERTEX_POINT('',#14123);
#11232=CIRCLE('',#14124,0.254);
#11233=LINE('',#14125,#14126);
#11234=LINE('',#14127,#14128);
#11235=FILL_AREA_STYLE_COLOUR('',#14129);
#11236=VERTEX_POINT('',#14130);
#11237=LINE('',#14131,#14132);
#11238=LINE('',#14133,#14134);
#11239=FILL_AREA_STYLE_COLOUR('',#14135);
#11240=VERTEX_POINT('',#14136);
#11241=LINE('',#14137,#14138);
#11242=LINE('',#14139,#14140);
#11243=FILL_AREA_STYLE_COLOUR('',#14141);
#11244=VERTEX_POINT('',#14142);
#11245=LINE('',#14143,#14144);
#11246=LINE('',#14145,#14146);
#11247=FILL_AREA_STYLE_COLOUR('',#14147);
#11248=VERTEX_POINT('',#14148);
#11249=LINE('',#14149,#14150);
#11250=LINE('',#14151,#14152);
#11251=FILL_AREA_STYLE_COLOUR('',#14153);
#11252=VERTEX_POINT('',#14154);
#11253=LINE('',#14155,#14156);
#11254=VERTEX_POINT('',#14157);
#11255=LINE('',#14158,#14159);
#11256=VERTEX_POINT('',#14160);
#11257=LINE('',#14161,#14162);
#11258=VERTEX_POINT('',#14163);
#11259=LINE('',#14164,#14165);
#11260=LINE('',#14166,#14167);
#11261=LINE('',#14168,#14169);
#11262=FILL_AREA_STYLE_COLOUR('',#14170);
#11263=VERTEX_POINT('',#14171);
#11264=LINE('',#14172,#14173);
#11265=VERTEX_POINT('',#14174);
#11266=LINE('',#14175,#14176);
#11267=LINE('',#14177,#14178);
#11268=FILL_AREA_STYLE_COLOUR('',#14179);
#11269=VERTEX_POINT('',#14180);
#11270=LINE('',#14181,#14182);
#11271=VERTEX_POINT('',#14183);
#11272=LINE('',#14184,#14185);
#11273=VERTEX_POINT('',#14186);
#11274=LINE('',#14187,#14188);
#11275=VERTEX_POINT('',#14189);
#11276=LINE('',#14190,#14191);
#11277=LINE('',#14192,#14193);
#11278=VERTEX_POINT('',#14194);
#11279=VERTEX_POINT('',#14195);
#11280=LINE('',#14196,#14197);
#11281=VERTEX_POINT('',#14198);
#11282=LINE('',#14199,#14200);
#11283=VERTEX_POINT('',#14201);
#11284=LINE('',#14202,#14203);
#11285=LINE('',#14204,#14205);
#11286=FILL_AREA_STYLE_COLOUR('',#14206);
#11287=VERTEX_POINT('',#14207);
#11288=LINE('',#14208,#14209);
#11289=LINE('',#14210,#14211);
#11290=FILL_AREA_STYLE_COLOUR('',#14212);
#11291=VERTEX_POINT('',#14213);
#11292=LINE('',#14214,#14215);
#11293=LINE('',#14216,#14217);
#11294=FILL_AREA_STYLE_COLOUR('',#14218);
#11295=VERTEX_POINT('',#14219);
#11296=VERTEX_POINT('',#14220);
#11297=LINE('',#14221,#14222);
#11298=VERTEX_POINT('',#14223);
#11299=CIRCLE('',#14224,0.127);
#11300=VERTEX_POINT('',#14225);
#11301=LINE('',#14226,#14227);
#11302=CIRCLE('',#14228,0.127);
#11303=FILL_AREA_STYLE_COLOUR('',#14229);
#11304=LINE('',#14230,#14231);
#11305=VERTEX_POINT('',#14232);
#11306=LINE('',#14233,#14234);
#11307=VERTEX_POINT('',#14235);
#11308=LINE('',#14236,#14237);
#11309=VERTEX_POINT('',#14238);
#11310=LINE('',#14239,#14240);
#11311=VERTEX_POINT('',#14241);
#11312=LINE('',#14242,#14243);
#11313=VERTEX_POINT('',#14244);
#11314=LINE('',#14245,#14246);
#11315=VERTEX_POINT('',#14247);
#11316=CIRCLE('',#14248,0.254);
#11317=VERTEX_POINT('',#14249);
#11318=LINE('',#14250,#14251);
#11319=VERTEX_POINT('',#14252);
#11320=LINE('',#14253,#14254);
#11321=LINE('',#14255,#14256);
#11322=FILL_AREA_STYLE_COLOUR('',#14257);
#11323=VERTEX_POINT('',#14258);
#11324=VERTEX_POINT('',#14259);
#11325=CIRCLE('',#14260,0.254);
#11326=LINE('',#14261,#14262);
#11327=LINE('',#14263,#14264);
#11328=FILL_AREA_STYLE_COLOUR('',#14265);
#11329=VERTEX_POINT('',#14266);
#11330=LINE('',#14267,#14268);
#11331=LINE('',#14269,#14270);
#11332=FILL_AREA_STYLE_COLOUR('',#14271);
#11333=VERTEX_POINT('',#14272);
#11334=LINE('',#14273,#14274);
#11335=LINE('',#14275,#14276);
#11336=FILL_AREA_STYLE_COLOUR('',#14277);
#11337=VERTEX_POINT('',#14278);
#11338=LINE('',#14279,#14280);
#11339=LINE('',#14281,#14282);
#11340=FILL_AREA_STYLE_COLOUR('',#14283);
#11341=VERTEX_POINT('',#14284);
#11342=LINE('',#14285,#14286);
#11343=LINE('',#14287,#14288);
#11344=FILL_AREA_STYLE_COLOUR('',#14289);
#11345=VERTEX_POINT('',#14290);
#11346=LINE('',#14291,#14292);
#11347=VERTEX_POINT('',#14293);
#11348=LINE('',#14294,#14295);
#11349=VERTEX_POINT('',#14296);
#11350=LINE('',#14297,#14298);
#11351=VERTEX_POINT('',#14299);
#11352=LINE('',#14300,#14301);
#11353=LINE('',#14302,#14303);
#11354=LINE('',#14304,#14305);
#11355=FILL_AREA_STYLE_COLOUR('',#14306);
#11356=VERTEX_POINT('',#14307);
#11357=LINE('',#14308,#14309);
#11358=VERTEX_POINT('',#14310);
#11359=LINE('',#14311,#14312);
#11360=LINE('',#14313,#14314);
#11361=FILL_AREA_STYLE_COLOUR('',#14315);
#11362=VERTEX_POINT('',#14316);
#11363=LINE('',#14317,#14318);
#11364=VERTEX_POINT('',#14319);
#11365=LINE('',#14320,#14321);
#11366=VERTEX_POINT('',#14322);
#11367=LINE('',#14323,#14324);
#11368=VERTEX_POINT('',#14325);
#11369=LINE('',#14326,#14327);
#11370=LINE('',#14328,#14329);
#11371=VERTEX_POINT('',#14330);
#11372=VERTEX_POINT('',#14331);
#11373=LINE('',#14332,#14333);
#11374=VERTEX_POINT('',#14334);
#11375=LINE('',#14335,#14336);
#11376=VERTEX_POINT('',#14337);
#11377=LINE('',#14338,#14339);
#11378=LINE('',#14340,#14341);
#11379=FILL_AREA_STYLE_COLOUR('',#14342);
#11380=VERTEX_POINT('',#14343);
#11381=LINE('',#14344,#14345);
#11382=LINE('',#14346,#14347);
#11383=FILL_AREA_STYLE_COLOUR('',#14348);
#11384=VERTEX_POINT('',#14349);
#11385=LINE('',#14350,#14351);
#11386=LINE('',#14352,#14353);
#11387=FILL_AREA_STYLE_COLOUR('',#14354);
#11388=VERTEX_POINT('',#14355);
#11389=VERTEX_POINT('',#14356);
#11390=LINE('',#14357,#14358);
#11391=VERTEX_POINT('',#14359);
#11392=CIRCLE('',#14360,0.127);
#11393=VERTEX_POINT('',#14361);
#11394=LINE('',#14362,#14363);
#11395=CIRCLE('',#14364,0.127);
#11396=FILL_AREA_STYLE_COLOUR('',#14365);
#11397=LINE('',#14366,#14367);
#11398=VERTEX_POINT('',#14368);
#11399=LINE('',#14369,#14370);
#11400=VERTEX_POINT('',#14371);
#11401=LINE('',#14372,#14373);
#11402=VERTEX_POINT('',#14374);
#11403=LINE('',#14375,#14376);
#11404=VERTEX_POINT('',#14377);
#11405=LINE('',#14378,#14379);
#11406=VERTEX_POINT('',#14380);
#11407=LINE('',#14381,#14382);
#11408=VERTEX_POINT('',#14383);
#11409=CIRCLE('',#14384,0.254);
#11410=VERTEX_POINT('',#14385);
#11411=LINE('',#14386,#14387);
#11412=VERTEX_POINT('',#14388);
#11413=LINE('',#14389,#14390);
#11414=LINE('',#14391,#14392);
#11415=FILL_AREA_STYLE_COLOUR('',#14393);
#11416=VERTEX_POINT('',#14394);
#11417=VERTEX_POINT('',#14395);
#11418=CIRCLE('',#14396,0.254);
#11419=LINE('',#14397,#14398);
#11420=LINE('',#14399,#14400);
#11421=FILL_AREA_STYLE_COLOUR('',#14401);
#11422=VERTEX_POINT('',#14402);
#11423=LINE('',#14403,#14404);
#11424=LINE('',#14405,#14406);
#11425=FILL_AREA_STYLE_COLOUR('',#14407);
#11426=VERTEX_POINT('',#14408);
#11427=LINE('',#14409,#14410);
#11428=LINE('',#14411,#14412);
#11429=FILL_AREA_STYLE_COLOUR('',#14413);
#11430=VERTEX_POINT('',#14414);
#11431=LINE('',#14415,#14416);
#11432=LINE('',#14417,#14418);
#11433=FILL_AREA_STYLE_COLOUR('',#14419);
#11434=VERTEX_POINT('',#14420);
#11435=LINE('',#14421,#14422);
#11436=LINE('',#14423,#14424);
#11437=FILL_AREA_STYLE_COLOUR('',#14425);
#11438=VERTEX_POINT('',#14426);
#11439=LINE('',#14427,#14428);
#11440=VERTEX_POINT('',#14429);
#11441=LINE('',#14430,#14431);
#11442=VERTEX_POINT('',#14432);
#11443=LINE('',#14433,#14434);
#11444=VERTEX_POINT('',#14435);
#11445=LINE('',#14436,#14437);
#11446=LINE('',#14438,#14439);
#11447=LINE('',#14440,#14441);
#11448=FILL_AREA_STYLE_COLOUR('',#14442);
#11449=VERTEX_POINT('',#14443);
#11450=LINE('',#14444,#14445);
#11451=VERTEX_POINT('',#14446);
#11452=LINE('',#14447,#14448);
#11453=LINE('',#14449,#14450);
#11454=FILL_AREA_STYLE_COLOUR('',#14451);
#11455=VERTEX_POINT('',#14452);
#11456=LINE('',#14453,#14454);
#11457=VERTEX_POINT('',#14455);
#11458=LINE('',#14456,#14457);
#11459=VERTEX_POINT('',#14458);
#11460=LINE('',#14459,#14460);
#11461=VERTEX_POINT('',#14461);
#11462=LINE('',#14462,#14463);
#11463=LINE('',#14464,#14465);
#11464=VERTEX_POINT('',#14466);
#11465=VERTEX_POINT('',#14467);
#11466=LINE('',#14468,#14469);
#11467=VERTEX_POINT('',#14470);
#11468=LINE('',#14471,#14472);
#11469=VERTEX_POINT('',#14473);
#11470=LINE('',#14474,#14475);
#11471=LINE('',#14476,#14477);
#11472=FILL_AREA_STYLE_COLOUR('',#14478);
#11473=VERTEX_POINT('',#14479);
#11474=LINE('',#14480,#14481);
#11475=LINE('',#14482,#14483);
#11476=FILL_AREA_STYLE_COLOUR('',#14484);
#11477=VERTEX_POINT('',#14485);
#11478=LINE('',#14486,#14487);
#11479=LINE('',#14488,#14489);
#11480=FILL_AREA_STYLE_COLOUR('',#14490);
#11481=VERTEX_POINT('',#14491);
#11482=VERTEX_POINT('',#14492);
#11483=LINE('',#14493,#14494);
#11484=VERTEX_POINT('',#14495);
#11485=CIRCLE('',#14496,0.127);
#11486=VERTEX_POINT('',#14497);
#11487=LINE('',#14498,#14499);
#11488=CIRCLE('',#14500,0.127);
#11489=FILL_AREA_STYLE_COLOUR('',#14501);
#11490=LINE('',#14502,#14503);
#11491=VERTEX_POINT('',#14504);
#11492=LINE('',#14505,#14506);
#11493=VERTEX_POINT('',#14507);
#11494=LINE('',#14508,#14509);
#11495=VERTEX_POINT('',#14510);
#11496=LINE('',#14511,#14512);
#11497=VERTEX_POINT('',#14513);
#11498=LINE('',#14514,#14515);
#11499=VERTEX_POINT('',#14516);
#11500=LINE('',#14517,#14518);
#11501=VERTEX_POINT('',#14519);
#11502=CIRCLE('',#14520,0.254);
#11503=VERTEX_POINT('',#14521);
#11504=LINE('',#14522,#14523);
#11505=VERTEX_POINT('',#14524);
#11506=LINE('',#14525,#14526);
#11507=LINE('',#14527,#14528);
#11508=FILL_AREA_STYLE_COLOUR('',#14529);
#11509=VERTEX_POINT('',#14530);
#11510=VERTEX_POINT('',#14531);
#11511=CIRCLE('',#14532,0.254);
#11512=LINE('',#14533,#14534);
#11513=LINE('',#14535,#14536);
#11514=FILL_AREA_STYLE_COLOUR('',#14537);
#11515=VERTEX_POINT('',#14538);
#11516=LINE('',#14539,#14540);
#11517=LINE('',#14541,#14542);
#11518=FILL_AREA_STYLE_COLOUR('',#14543);
#11519=VERTEX_POINT('',#14544);
#11520=LINE('',#14545,#14546);
#11521=LINE('',#14547,#14548);
#11522=FILL_AREA_STYLE_COLOUR('',#14549);
#11523=VERTEX_POINT('',#14550);
#11524=LINE('',#14551,#14552);
#11525=LINE('',#14553,#14554);
#11526=FILL_AREA_STYLE_COLOUR('',#14555);
#11527=VERTEX_POINT('',#14556);
#11528=LINE('',#14557,#14558);
#11529=LINE('',#14559,#14560);
#11530=FILL_AREA_STYLE_COLOUR('',#14561);
#11531=VERTEX_POINT('',#14562);
#11532=LINE('',#14563,#14564);
#11533=VERTEX_POINT('',#14565);
#11534=LINE('',#14566,#14567);
#11535=VERTEX_POINT('',#14568);
#11536=LINE('',#14569,#14570);
#11537=VERTEX_POINT('',#14571);
#11538=LINE('',#14572,#14573);
#11539=LINE('',#14574,#14575);
#11540=LINE('',#14576,#14577);
#11541=FILL_AREA_STYLE_COLOUR('',#14578);
#11542=VERTEX_POINT('',#14579);
#11543=LINE('',#14580,#14581);
#11544=VERTEX_POINT('',#14582);
#11545=LINE('',#14583,#14584);
#11546=LINE('',#14585,#14586);
#11547=FILL_AREA_STYLE_COLOUR('',#14587);
#11548=VERTEX_POINT('',#14588);
#11549=LINE('',#14589,#14590);
#11550=VERTEX_POINT('',#14591);
#11551=LINE('',#14592,#14593);
#11552=VERTEX_POINT('',#14594);
#11553=LINE('',#14595,#14596);
#11554=VERTEX_POINT('',#14597);
#11555=LINE('',#14598,#14599);
#11556=LINE('',#14600,#14601);
#11557=VERTEX_POINT('',#14602);
#11558=VERTEX_POINT('',#14603);
#11559=LINE('',#14604,#14605);
#11560=VERTEX_POINT('',#14606);
#11561=LINE('',#14607,#14608);
#11562=VERTEX_POINT('',#14609);
#11563=LINE('',#14610,#14611);
#11564=LINE('',#14612,#14613);
#11565=FILL_AREA_STYLE_COLOUR('',#14614);
#11566=VERTEX_POINT('',#14615);
#11567=LINE('',#14616,#14617);
#11568=LINE('',#14618,#14619);
#11569=FILL_AREA_STYLE_COLOUR('',#14620);
#11570=VERTEX_POINT('',#14621);
#11571=LINE('',#14622,#14623);
#11572=LINE('',#14624,#14625);
#11573=FILL_AREA_STYLE_COLOUR('',#14626);
#11574=VERTEX_POINT('',#14627);
#11575=VERTEX_POINT('',#14628);
#11576=LINE('',#14629,#14630);
#11577=VERTEX_POINT('',#14631);
#11578=CIRCLE('',#14632,0.127);
#11579=VERTEX_POINT('',#14633);
#11580=LINE('',#14634,#14635);
#11581=CIRCLE('',#14636,0.127);
#11582=FILL_AREA_STYLE_COLOUR('',#14637);
#11583=LINE('',#14638,#14639);
#11584=VERTEX_POINT('',#14640);
#11585=LINE('',#14641,#14642);
#11586=VERTEX_POINT('',#14643);
#11587=LINE('',#14644,#14645);
#11588=VERTEX_POINT('',#14646);
#11589=LINE('',#14647,#14648);
#11590=VERTEX_POINT('',#14649);
#11591=LINE('',#14650,#14651);
#11592=VERTEX_POINT('',#14652);
#11593=LINE('',#14653,#14654);
#11594=VERTEX_POINT('',#14655);
#11595=CIRCLE('',#14656,0.254);
#11596=VERTEX_POINT('',#14657);
#11597=LINE('',#14658,#14659);
#11598=VERTEX_POINT('',#14660);
#11599=LINE('',#14661,#14662);
#11600=LINE('',#14663,#14664);
#11601=FILL_AREA_STYLE_COLOUR('',#14665);
#11602=VERTEX_POINT('',#14666);
#11603=VERTEX_POINT('',#14667);
#11604=CIRCLE('',#14668,0.254);
#11605=LINE('',#14669,#14670);
#11606=LINE('',#14671,#14672);
#11607=FILL_AREA_STYLE_COLOUR('',#14673);
#11608=VERTEX_POINT('',#14674);
#11609=LINE('',#14675,#14676);
#11610=LINE('',#14677,#14678);
#11611=FILL_AREA_STYLE_COLOUR('',#14679);
#11612=VERTEX_POINT('',#14680);
#11613=LINE('',#14681,#14682);
#11614=LINE('',#14683,#14684);
#11615=FILL_AREA_STYLE_COLOUR('',#14685);
#11616=VERTEX_POINT('',#14686);
#11617=LINE('',#14687,#14688);
#11618=LINE('',#14689,#14690);
#11619=FILL_AREA_STYLE_COLOUR('',#14691);
#11620=VERTEX_POINT('',#14692);
#11621=LINE('',#14693,#14694);
#11622=LINE('',#14695,#14696);
#11623=FILL_AREA_STYLE_COLOUR('',#14697);
#11624=VERTEX_POINT('',#14698);
#11625=LINE('',#14699,#14700);
#11626=VERTEX_POINT('',#14701);
#11627=LINE('',#14702,#14703);
#11628=VERTEX_POINT('',#14704);
#11629=LINE('',#14705,#14706);
#11630=VERTEX_POINT('',#14707);
#11631=LINE('',#14708,#14709);
#11632=LINE('',#14710,#14711);
#11633=LINE('',#14712,#14713);
#11634=FILL_AREA_STYLE_COLOUR('',#14714);
#11635=VERTEX_POINT('',#14715);
#11636=LINE('',#14716,#14717);
#11637=VERTEX_POINT('',#14718);
#11638=LINE('',#14719,#14720);
#11639=LINE('',#14721,#14722);
#11640=FILL_AREA_STYLE_COLOUR('',#14723);
#11641=VERTEX_POINT('',#14724);
#11642=LINE('',#14725,#14726);
#11643=VERTEX_POINT('',#14727);
#11644=LINE('',#14728,#14729);
#11645=VERTEX_POINT('',#14730);
#11646=LINE('',#14731,#14732);
#11647=VERTEX_POINT('',#14733);
#11648=LINE('',#14734,#14735);
#11649=LINE('',#14736,#14737);
#11650=VERTEX_POINT('',#14738);
#11651=VERTEX_POINT('',#14739);
#11652=LINE('',#14740,#14741);
#11653=VERTEX_POINT('',#14742);
#11654=LINE('',#14743,#14744);
#11655=VERTEX_POINT('',#14745);
#11656=LINE('',#14746,#14747);
#11657=LINE('',#14748,#14749);
#11658=FILL_AREA_STYLE_COLOUR('',#14750);
#11659=VERTEX_POINT('',#14751);
#11660=LINE('',#14752,#14753);
#11661=LINE('',#14754,#14755);
#11662=FILL_AREA_STYLE_COLOUR('',#14756);
#11663=VERTEX_POINT('',#14757);
#11664=LINE('',#14758,#14759);
#11665=LINE('',#14760,#14761);
#11666=FILL_AREA_STYLE_COLOUR('',#14762);
#11667=VERTEX_POINT('',#14763);
#11668=VERTEX_POINT('',#14764);
#11669=LINE('',#14765,#14766);
#11670=VERTEX_POINT('',#14767);
#11671=CIRCLE('',#14768,0.127);
#11672=VERTEX_POINT('',#14769);
#11673=LINE('',#14770,#14771);
#11674=CIRCLE('',#14772,0.127);
#11675=FILL_AREA_STYLE_COLOUR('',#14773);
#11676=LINE('',#14774,#14775);
#11677=VERTEX_POINT('',#14776);
#11678=LINE('',#14777,#14778);
#11679=VERTEX_POINT('',#14779);
#11680=LINE('',#14780,#14781);
#11681=VERTEX_POINT('',#14782);
#11682=LINE('',#14783,#14784);
#11683=VERTEX_POINT('',#14785);
#11684=LINE('',#14786,#14787);
#11685=VERTEX_POINT('',#14788);
#11686=LINE('',#14789,#14790);
#11687=VERTEX_POINT('',#14791);
#11688=CIRCLE('',#14792,0.254);
#11689=VERTEX_POINT('',#14793);
#11690=LINE('',#14794,#14795);
#11691=VERTEX_POINT('',#14796);
#11692=LINE('',#14797,#14798);
#11693=LINE('',#14799,#14800);
#11694=FILL_AREA_STYLE_COLOUR('',#14801);
#11695=VERTEX_POINT('',#14802);
#11696=VERTEX_POINT('',#14803);
#11697=CIRCLE('',#14804,0.254);
#11698=LINE('',#14805,#14806);
#11699=LINE('',#14807,#14808);
#11700=FILL_AREA_STYLE_COLOUR('',#14809);
#11701=VERTEX_POINT('',#14810);
#11702=LINE('',#14811,#14812);
#11703=LINE('',#14813,#14814);
#11704=FILL_AREA_STYLE_COLOUR('',#14815);
#11705=VERTEX_POINT('',#14816);
#11706=LINE('',#14817,#14818);
#11707=LINE('',#14819,#14820);
#11708=FILL_AREA_STYLE_COLOUR('',#14821);
#11709=VERTEX_POINT('',#14822);
#11710=LINE('',#14823,#14824);
#11711=LINE('',#14825,#14826);
#11712=FILL_AREA_STYLE_COLOUR('',#14827);
#11713=VERTEX_POINT('',#14828);
#11714=LINE('',#14829,#14830);
#11715=LINE('',#14831,#14832);
#11716=FILL_AREA_STYLE_COLOUR('',#14833);
#11717=VERTEX_POINT('',#14834);
#11718=LINE('',#14835,#14836);
#11719=VERTEX_POINT('',#14837);
#11720=LINE('',#14838,#14839);
#11721=VERTEX_POINT('',#14840);
#11722=LINE('',#14841,#14842);
#11723=VERTEX_POINT('',#14843);
#11724=LINE('',#14844,#14845);
#11725=LINE('',#14846,#14847);
#11726=LINE('',#14848,#14849);
#11727=FILL_AREA_STYLE_COLOUR('',#14850);
#11728=VERTEX_POINT('',#14851);
#11729=LINE('',#14852,#14853);
#11730=VERTEX_POINT('',#14854);
#11731=LINE('',#14855,#14856);
#11732=LINE('',#14857,#14858);
#11733=FILL_AREA_STYLE_COLOUR('',#14859);
#11734=VERTEX_POINT('',#14860);
#11735=LINE('',#14861,#14862);
#11736=VERTEX_POINT('',#14863);
#11737=LINE('',#14864,#14865);
#11738=VERTEX_POINT('',#14866);
#11739=LINE('',#14867,#14868);
#11740=VERTEX_POINT('',#14869);
#11741=LINE('',#14870,#14871);
#11742=LINE('',#14872,#14873);
#11743=VERTEX_POINT('',#14874);
#11744=VERTEX_POINT('',#14875);
#11745=LINE('',#14876,#14877);
#11746=VERTEX_POINT('',#14878);
#11747=LINE('',#14879,#14880);
#11748=VERTEX_POINT('',#14881);
#11749=LINE('',#14882,#14883);
#11750=LINE('',#14884,#14885);
#11751=FILL_AREA_STYLE_COLOUR('',#14886);
#11752=VERTEX_POINT('',#14887);
#11753=LINE('',#14888,#14889);
#11754=LINE('',#14890,#14891);
#11755=FILL_AREA_STYLE_COLOUR('',#14892);
#11756=VERTEX_POINT('',#14893);
#11757=LINE('',#14894,#14895);
#11758=LINE('',#14896,#14897);
#11759=FILL_AREA_STYLE_COLOUR('',#14898);
#11760=VERTEX_POINT('',#14899);
#11761=VERTEX_POINT('',#14900);
#11762=LINE('',#14901,#14902);
#11763=VERTEX_POINT('',#14903);
#11764=CIRCLE('',#14904,0.127);
#11765=VERTEX_POINT('',#14905);
#11766=LINE('',#14906,#14907);
#11767=CIRCLE('',#14908,0.127);
#11768=FILL_AREA_STYLE_COLOUR('',#14909);
#11769=LINE('',#14910,#14911);
#11770=VERTEX_POINT('',#14912);
#11771=LINE('',#14913,#14914);
#11772=VERTEX_POINT('',#14915);
#11773=LINE('',#14916,#14917);
#11774=VERTEX_POINT('',#14918);
#11775=LINE('',#14919,#14920);
#11776=VERTEX_POINT('',#14921);
#11777=LINE('',#14922,#14923);
#11778=VERTEX_POINT('',#14924);
#11779=LINE('',#14925,#14926);
#11780=VERTEX_POINT('',#14927);
#11781=CIRCLE('',#14928,0.254);
#11782=VERTEX_POINT('',#14929);
#11783=LINE('',#14930,#14931);
#11784=VERTEX_POINT('',#14932);
#11785=LINE('',#14933,#14934);
#11786=LINE('',#14935,#14936);
#11787=FILL_AREA_STYLE_COLOUR('',#14937);
#11788=VERTEX_POINT('',#14938);
#11789=VERTEX_POINT('',#14939);
#11790=CIRCLE('',#14940,0.254);
#11791=LINE('',#14941,#14942);
#11792=LINE('',#14943,#14944);
#11793=FILL_AREA_STYLE_COLOUR('',#14945);
#11794=VERTEX_POINT('',#14946);
#11795=LINE('',#14947,#14948);
#11796=LINE('',#14949,#14950);
#11797=FILL_AREA_STYLE_COLOUR('',#14951);
#11798=VERTEX_POINT('',#14952);
#11799=LINE('',#14953,#14954);
#11800=LINE('',#14955,#14956);
#11801=FILL_AREA_STYLE_COLOUR('',#14957);
#11802=VERTEX_POINT('',#14958);
#11803=LINE('',#14959,#14960);
#11804=LINE('',#14961,#14962);
#11805=FILL_AREA_STYLE_COLOUR('',#14963);
#11806=VERTEX_POINT('',#14964);
#11807=LINE('',#14965,#14966);
#11808=LINE('',#14967,#14968);
#11809=FILL_AREA_STYLE_COLOUR('',#14969);
#11810=VERTEX_POINT('',#14970);
#11811=LINE('',#14971,#14972);
#11812=VERTEX_POINT('',#14973);
#11813=LINE('',#14974,#14975);
#11814=VERTEX_POINT('',#14976);
#11815=LINE('',#14977,#14978);
#11816=VERTEX_POINT('',#14979);
#11817=LINE('',#14980,#14981);
#11818=LINE('',#14982,#14983);
#11819=LINE('',#14984,#14985);
#11820=FILL_AREA_STYLE_COLOUR('',#14986);
#11821=VERTEX_POINT('',#14987);
#11822=LINE('',#14988,#14989);
#11823=VERTEX_POINT('',#14990);
#11824=LINE('',#14991,#14992);
#11825=LINE('',#14993,#14994);
#11826=FILL_AREA_STYLE_COLOUR('',#14995);
#11827=VERTEX_POINT('',#14996);
#11828=LINE('',#14997,#14998);
#11829=VERTEX_POINT('',#14999);
#11830=LINE('',#15000,#15001);
#11831=VERTEX_POINT('',#15002);
#11832=LINE('',#15003,#15004);
#11833=VERTEX_POINT('',#15005);
#11834=LINE('',#15006,#15007);
#11835=LINE('',#15008,#15009);
#11836=VERTEX_POINT('',#15010);
#11837=VERTEX_POINT('',#15011);
#11838=LINE('',#15012,#15013);
#11839=VERTEX_POINT('',#15014);
#11840=LINE('',#15015,#15016);
#11841=VERTEX_POINT('',#15017);
#11842=LINE('',#15018,#15019);
#11843=LINE('',#15020,#15021);
#11844=FILL_AREA_STYLE_COLOUR('',#15022);
#11845=VERTEX_POINT('',#15023);
#11846=LINE('',#15024,#15025);
#11847=LINE('',#15026,#15027);
#11848=FILL_AREA_STYLE_COLOUR('',#15028);
#11849=VERTEX_POINT('',#15029);
#11850=LINE('',#15030,#15031);
#11851=LINE('',#15032,#15033);
#11852=FILL_AREA_STYLE_COLOUR('',#15034);
#11853=VERTEX_POINT('',#15035);
#11854=VERTEX_POINT('',#15036);
#11855=LINE('',#15037,#15038);
#11856=VERTEX_POINT('',#15039);
#11857=CIRCLE('',#15040,0.127);
#11858=VERTEX_POINT('',#15041);
#11859=LINE('',#15042,#15043);
#11860=CIRCLE('',#15044,0.127);
#11861=FILL_AREA_STYLE_COLOUR('',#15045);
#11862=LINE('',#15046,#15047);
#11863=VERTEX_POINT('',#15048);
#11864=LINE('',#15049,#15050);
#11865=VERTEX_POINT('',#15051);
#11866=LINE('',#15052,#15053);
#11867=VERTEX_POINT('',#15054);
#11868=LINE('',#15055,#15056);
#11869=VERTEX_POINT('',#15057);
#11870=LINE('',#15058,#15059);
#11871=VERTEX_POINT('',#15060);
#11872=LINE('',#15061,#15062);
#11873=VERTEX_POINT('',#15063);
#11874=CIRCLE('',#15064,0.254);
#11875=VERTEX_POINT('',#15065);
#11876=LINE('',#15066,#15067);
#11877=VERTEX_POINT('',#15068);
#11878=LINE('',#15069,#15070);
#11879=LINE('',#15071,#15072);
#11880=FILL_AREA_STYLE_COLOUR('',#15073);
#11881=VERTEX_POINT('',#15074);
#11882=VERTEX_POINT('',#15075);
#11883=CIRCLE('',#15076,0.254);
#11884=LINE('',#15077,#15078);
#11885=LINE('',#15079,#15080);
#11886=FILL_AREA_STYLE_COLOUR('',#15081);
#11887=VERTEX_POINT('',#15082);
#11888=LINE('',#15083,#15084);
#11889=LINE('',#15085,#15086);
#11890=FILL_AREA_STYLE_COLOUR('',#15087);
#11891=VERTEX_POINT('',#15088);
#11892=LINE('',#15089,#15090);
#11893=LINE('',#15091,#15092);
#11894=FILL_AREA_STYLE_COLOUR('',#15093);
#11895=VERTEX_POINT('',#15094);
#11896=LINE('',#15095,#15096);
#11897=LINE('',#15097,#15098);
#11898=FILL_AREA_STYLE_COLOUR('',#15099);
#11899=VERTEX_POINT('',#15100);
#11900=LINE('',#15101,#15102);
#11901=LINE('',#15103,#15104);
#11902=FILL_AREA_STYLE_COLOUR('',#15105);
#11903=VERTEX_POINT('',#15106);
#11904=LINE('',#15107,#15108);
#11905=VERTEX_POINT('',#15109);
#11906=LINE('',#15110,#15111);
#11907=VERTEX_POINT('',#15112);
#11908=LINE('',#15113,#15114);
#11909=VERTEX_POINT('',#15115);
#11910=LINE('',#15116,#15117);
#11911=LINE('',#15118,#15119);
#11912=LINE('',#15120,#15121);
#11913=FILL_AREA_STYLE_COLOUR('',#15122);
#11914=VERTEX_POINT('',#15123);
#11915=LINE('',#15124,#15125);
#11916=VERTEX_POINT('',#15126);
#11917=LINE('',#15127,#15128);
#11918=LINE('',#15129,#15130);
#11919=FILL_AREA_STYLE_COLOUR('',#15131);
#11920=VERTEX_POINT('',#15132);
#11921=LINE('',#15133,#15134);
#11922=VERTEX_POINT('',#15135);
#11923=LINE('',#15136,#15137);
#11924=VERTEX_POINT('',#15138);
#11925=LINE('',#15139,#15140);
#11926=VERTEX_POINT('',#15141);
#11927=LINE('',#15142,#15143);
#11928=LINE('',#15144,#15145);
#11929=VERTEX_POINT('',#15146);
#11930=VERTEX_POINT('',#15147);
#11931=LINE('',#15148,#15149);
#11932=VERTEX_POINT('',#15150);
#11933=LINE('',#15151,#15152);
#11934=VERTEX_POINT('',#15153);
#11935=LINE('',#15154,#15155);
#11936=LINE('',#15156,#15157);
#11937=FILL_AREA_STYLE_COLOUR('',#15158);
#11938=VERTEX_POINT('',#15159);
#11939=LINE('',#15160,#15161);
#11940=LINE('',#15162,#15163);
#11941=FILL_AREA_STYLE_COLOUR('',#15164);
#11942=VERTEX_POINT('',#15165);
#11943=LINE('',#15166,#15167);
#11944=LINE('',#15168,#15169);
#11945=FILL_AREA_STYLE_COLOUR('',#15170);
#11946=VERTEX_POINT('',#15171);
#11947=VERTEX_POINT('',#15172);
#11948=LINE('',#15173,#15174);
#11949=VERTEX_POINT('',#15175);
#11950=LINE('',#15176,#15177);
#11951=VERTEX_POINT('',#15178);
#11952=LINE('',#15179,#15180);
#11953=VERTEX_POINT('',#15181);
#11954=LINE('',#15182,#15183);
#11955=VERTEX_POINT('',#15184);
#11956=LINE('',#15185,#15186);
#11957=VERTEX_POINT('',#15187);
#11958=CIRCLE('',#15188,0.254);
#11959=VERTEX_POINT('',#15189);
#11960=LINE('',#15190,#15191);
#11961=VERTEX_POINT('',#15192);
#11962=LINE('',#15193,#15194);
#11963=VERTEX_POINT('',#15195);
#11964=LINE('',#15196,#15197);
#11965=VERTEX_POINT('',#15198);
#11966=LINE('',#15199,#15200);
#11967=VERTEX_POINT('',#15201);
#11968=LINE('',#15202,#15203);
#11969=CIRCLE('',#15204,0.127);
#11970=FILL_AREA_STYLE_COLOUR('',#15205);
#11971=VERTEX_POINT('',#15206);
#11972=LINE('',#15207,#15208);
#11973=VERTEX_POINT('',#15209);
#11974=CIRCLE('',#15210,0.254);
#11975=LINE('',#15211,#15212);
#11976=FILL_AREA_STYLE_COLOUR('',#15213);
#11977=VERTEX_POINT('',#15214);
#11978=LINE('',#15215,#15216);
#11979=LINE('',#15217,#15218);
#11980=FILL_AREA_STYLE_COLOUR('',#15219);
#11981=VERTEX_POINT('',#15220);
#11982=LINE('',#15221,#15222);
#11983=LINE('',#15223,#15224);
#11984=FILL_AREA_STYLE_COLOUR('',#15225);
#11985=VERTEX_POINT('',#15226);
#11986=LINE('',#15227,#15228);
#11987=LINE('',#15229,#15230);
#11988=FILL_AREA_STYLE_COLOUR('',#15231);
#11989=VERTEX_POINT('',#15232);
#11990=LINE('',#15233,#15234);
#11991=VERTEX_POINT('',#15235);
#11992=LINE('',#15236,#15237);
#11993=CIRCLE('',#15238,0.127);
#11994=FILL_AREA_STYLE_COLOUR('',#15239);
#11995=VERTEX_POINT('',#15240);
#11996=LINE('',#15241,#15242);
#11997=LINE('',#15243,#15244);
#11998=FILL_AREA_STYLE_COLOUR('',#15245);
#11999=VERTEX_POINT('',#15246);
#12000=LINE('',#15247,#15248);
#12001=VERTEX_POINT('',#15249);
#12002=LINE('',#15250,#15251);
#12003=VERTEX_POINT('',#15252);
#12004=LINE('',#15253,#15254);
#12005=VERTEX_POINT('',#15255);
#12006=LINE('',#15256,#15257);
#12007=LINE('',#15258,#15259);
#12008=LINE('',#15260,#15261);
#12009=FILL_AREA_STYLE_COLOUR('',#15262);
#12010=VERTEX_POINT('',#15263);
#12011=LINE('',#15264,#15265);
#12012=VERTEX_POINT('',#15266);
#12013=LINE('',#15267,#15268);
#12014=LINE('',#15269,#15270);
#12015=FILL_AREA_STYLE_COLOUR('',#15271);
#12016=VERTEX_POINT('',#15272);
#12017=LINE('',#15273,#15274);
#12018=VERTEX_POINT('',#15275);
#12019=LINE('',#15276,#15277);
#12020=VERTEX_POINT('',#15278);
#12021=LINE('',#15279,#15280);
#12022=VERTEX_POINT('',#15281);
#12023=LINE('',#15282,#15283);
#12024=VERTEX_POINT('',#15284);
#12025=LINE('',#15285,#15286);
#12026=VERTEX_POINT('',#15287);
#12027=LINE('',#15288,#15289);
#12028=VERTEX_POINT('',#15290);
#12029=LINE('',#15291,#15292);
#12030=VERTEX_POINT('',#15293);
#12031=LINE('',#15294,#15295);
#12032=VERTEX_POINT('',#15296);
#12033=LINE('',#15297,#15298);
#12034=VERTEX_POINT('',#15299);
#12035=LINE('',#15300,#15301);
#12036=VERTEX_POINT('',#15302);
#12037=LINE('',#15303,#15304);
#12038=VERTEX_POINT('',#15305);
#12039=LINE('',#15306,#15307);
#12040=VERTEX_POINT('',#15308);
#12041=LINE('',#15309,#15310);
#12042=VERTEX_POINT('',#15311);
#12043=LINE('',#15312,#15313);
#12044=VERTEX_POINT('',#15314);
#12045=LINE('',#15315,#15316);
#12046=VERTEX_POINT('',#15317);
#12047=LINE('',#15318,#15319);
#12048=VERTEX_POINT('',#15320);
#12049=LINE('',#15321,#15322);
#12050=VERTEX_POINT('',#15323);
#12051=LINE('',#15324,#15325);
#12052=VERTEX_POINT('',#15326);
#12053=LINE('',#15327,#15328);
#12054=VERTEX_POINT('',#15329);
#12055=LINE('',#15330,#15331);
#12056=VERTEX_POINT('',#15332);
#12057=LINE('',#15333,#15334);
#12058=VERTEX_POINT('',#15335);
#12059=LINE('',#15336,#15337);
#12060=VERTEX_POINT('',#15338);
#12061=LINE('',#15339,#15340);
#12062=VERTEX_POINT('',#15341);
#12063=LINE('',#15342,#15343);
#12064=VERTEX_POINT('',#15344);
#12065=LINE('',#15345,#15346);
#12066=VERTEX_POINT('',#15347);
#12067=LINE('',#15348,#15349);
#12068=VERTEX_POINT('',#15350);
#12069=LINE('',#15351,#15352);
#12070=VERTEX_POINT('',#15353);
#12071=LINE('',#15354,#15355);
#12072=VERTEX_POINT('',#15356);
#12073=LINE('',#15357,#15358);
#12074=VERTEX_POINT('',#15359);
#12075=LINE('',#15360,#15361);
#12076=VERTEX_POINT('',#15362);
#12077=LINE('',#15363,#15364);
#12078=VERTEX_POINT('',#15365);
#12079=LINE('',#15366,#15367);
#12080=VERTEX_POINT('',#15368);
#12081=LINE('',#15369,#15370);
#12082=VERTEX_POINT('',#15371);
#12083=LINE('',#15372,#15373);
#12084=VERTEX_POINT('',#15374);
#12085=LINE('',#15375,#15376);
#12086=VERTEX_POINT('',#15377);
#12087=LINE('',#15378,#15379);
#12088=VERTEX_POINT('',#15380);
#12089=LINE('',#15381,#15382);
#12090=VERTEX_POINT('',#15383);
#12091=LINE('',#15384,#15385);
#12092=VERTEX_POINT('',#15386);
#12093=LINE('',#15387,#15388);
#12094=VERTEX_POINT('',#15389);
#12095=LINE('',#15390,#15391);
#12096=VERTEX_POINT('',#15392);
#12097=LINE('',#15393,#15394);
#12098=VERTEX_POINT('',#15395);
#12099=LINE('',#15396,#15397);
#12100=VERTEX_POINT('',#15398);
#12101=LINE('',#15399,#15400);
#12102=VERTEX_POINT('',#15401);
#12103=LINE('',#15402,#15403);
#12104=VERTEX_POINT('',#15404);
#12105=LINE('',#15405,#15406);
#12106=VERTEX_POINT('',#15407);
#12107=LINE('',#15408,#15409);
#12108=VERTEX_POINT('',#15410);
#12109=LINE('',#15411,#15412);
#12110=VERTEX_POINT('',#15413);
#12111=LINE('',#15414,#15415);
#12112=VERTEX_POINT('',#15416);
#12113=LINE('',#15417,#15418);
#12114=VERTEX_POINT('',#15419);
#12115=LINE('',#15420,#15421);
#12116=VERTEX_POINT('',#15422);
#12117=LINE('',#15423,#15424);
#12118=VERTEX_POINT('',#15425);
#12119=LINE('',#15426,#15427);
#12120=VERTEX_POINT('',#15428);
#12121=LINE('',#15429,#15430);
#12122=VERTEX_POINT('',#15431);
#12123=LINE('',#15432,#15433);
#12124=VERTEX_POINT('',#15434);
#12125=LINE('',#15435,#15436);
#12126=VERTEX_POINT('',#15437);
#12127=LINE('',#15438,#15439);
#12128=VERTEX_POINT('',#15440);
#12129=LINE('',#15441,#15442);
#12130=VERTEX_POINT('',#15443);
#12131=LINE('',#15444,#15445);
#12132=VERTEX_POINT('',#15446);
#12133=LINE('',#15447,#15448);
#12134=VERTEX_POINT('',#15449);
#12135=LINE('',#15450,#15451);
#12136=VERTEX_POINT('',#15452);
#12137=LINE('',#15453,#15454);
#12138=VERTEX_POINT('',#15455);
#12139=LINE('',#15456,#15457);
#12140=VERTEX_POINT('',#15458);
#12141=LINE('',#15459,#15460);
#12142=VERTEX_POINT('',#15461);
#12143=LINE('',#15462,#15463);
#12144=VERTEX_POINT('',#15464);
#12145=LINE('',#15465,#15466);
#12146=VERTEX_POINT('',#15467);
#12147=LINE('',#15468,#15469);
#12148=VERTEX_POINT('',#15470);
#12149=LINE('',#15471,#15472);
#12150=VERTEX_POINT('',#15473);
#12151=LINE('',#15474,#15475);
#12152=VERTEX_POINT('',#15476);
#12153=LINE('',#15477,#15478);
#12154=VERTEX_POINT('',#15479);
#12155=LINE('',#15480,#15481);
#12156=VERTEX_POINT('',#15482);
#12157=LINE('',#15483,#15484);
#12158=VERTEX_POINT('',#15485);
#12159=LINE('',#15486,#15487);
#12160=VERTEX_POINT('',#15488);
#12161=LINE('',#15489,#15490);
#12162=LINE('',#15491,#15492);
#12163=VERTEX_POINT('',#15493);
#12164=LINE('',#15494,#15495);
#12165=VERTEX_POINT('',#15496);
#12166=LINE('',#15497,#15498);
#12167=LINE('',#15499,#15500);
#12168=FILL_AREA_STYLE_COLOUR('',#15501);
#12169=VERTEX_POINT('',#15502);
#12170=LINE('',#15503,#15504);
#12171=VERTEX_POINT('',#15505);
#12172=LINE('',#15506,#15507);
#12173=VERTEX_POINT('',#15508);
#12174=LINE('',#15509,#15510);
#12175=VERTEX_POINT('',#15511);
#12176=LINE('',#15512,#15513);
#12177=LINE('',#15514,#15515);
#12178=VERTEX_POINT('',#15516);
#12179=VERTEX_POINT('',#15517);
#12180=LINE('',#15518,#15519);
#12181=VERTEX_POINT('',#15520);
#12182=LINE('',#15521,#15522);
#12183=VERTEX_POINT('',#15523);
#12184=LINE('',#15524,#15525);
#12185=LINE('',#15526,#15527);
#12186=FILL_AREA_STYLE_COLOUR('',#15528);
#12187=VERTEX_POINT('',#15529);
#12188=LINE('',#15530,#15531);
#12189=VERTEX_POINT('',#15532);
#12190=LINE('',#15533,#15534);
#12191=LINE('',#15535,#15536);
#12192=VERTEX_POINT('',#15537);
#12193=LINE('',#15538,#15539);
#12194=LINE('',#15540,#15541);
#12195=VERTEX_POINT('',#15542);
#12196=LINE('',#15543,#15544);
#12197=VERTEX_POINT('',#15545);
#12198=LINE('',#15546,#15547);
#12199=VERTEX_POINT('',#15548);
#12200=LINE('',#15549,#15550);
#12201=VERTEX_POINT('',#15551);
#12202=LINE('',#15552,#15553);
#12203=LINE('',#15554,#15555);
#12204=VERTEX_POINT('',#15556);
#12205=LINE('',#15557,#15558);
#12206=VERTEX_POINT('',#15559);
#12207=LINE('',#15560,#15561);
#12208=VERTEX_POINT('',#15562);
#12209=LINE('',#15563,#15564);
#12210=VERTEX_POINT('',#15565);
#12211=LINE('',#15566,#15567);
#12212=VERTEX_POINT('',#15568);
#12213=LINE('',#15569,#15570);
#12214=VERTEX_POINT('',#15571);
#12215=LINE('',#15572,#15573);
#12216=LINE('',#15574,#15575);
#12217=VERTEX_POINT('',#15576);
#12218=LINE('',#15577,#15578);
#12219=VERTEX_POINT('',#15579);
#12220=LINE('',#15580,#15581);
#12221=VERTEX_POINT('',#15582);
#12222=LINE('',#15583,#15584);
#12223=VERTEX_POINT('',#15585);
#12224=LINE('',#15586,#15587);
#12225=VERTEX_POINT('',#15588);
#12226=LINE('',#15589,#15590);
#12227=VERTEX_POINT('',#15591);
#12228=LINE('',#15592,#15593);
#12229=LINE('',#15594,#15595);
#12230=VERTEX_POINT('',#15596);
#12231=LINE('',#15597,#15598);
#12232=VERTEX_POINT('',#15599);
#12233=LINE('',#15600,#15601);
#12234=VERTEX_POINT('',#15602);
#12235=LINE('',#15603,#15604);
#12236=VERTEX_POINT('',#15605);
#12237=LINE('',#15606,#15607);
#12238=VERTEX_POINT('',#15608);
#12239=LINE('',#15609,#15610);
#12240=VERTEX_POINT('',#15611);
#12241=LINE('',#15612,#15613);
#12242=LINE('',#15614,#15615);
#12243=VERTEX_POINT('',#15616);
#12244=LINE('',#15617,#15618);
#12245=VERTEX_POINT('',#15619);
#12246=LINE('',#15620,#15621);
#12247=VERTEX_POINT('',#15622);
#12248=LINE('',#15623,#15624);
#12249=VERTEX_POINT('',#15625);
#12250=LINE('',#15626,#15627);
#12251=VERTEX_POINT('',#15628);
#12252=LINE('',#15629,#15630);
#12253=VERTEX_POINT('',#15631);
#12254=LINE('',#15632,#15633);
#12255=LINE('',#15634,#15635);
#12256=VERTEX_POINT('',#15636);
#12257=LINE('',#15637,#15638);
#12258=VERTEX_POINT('',#15639);
#12259=LINE('',#15640,#15641);
#12260=VERTEX_POINT('',#15642);
#12261=LINE('',#15643,#15644);
#12262=VERTEX_POINT('',#15645);
#12263=LINE('',#15646,#15647);
#12264=VERTEX_POINT('',#15648);
#12265=LINE('',#15649,#15650);
#12266=VERTEX_POINT('',#15651);
#12267=LINE('',#15652,#15653);
#12268=LINE('',#15654,#15655);
#12269=VERTEX_POINT('',#15656);
#12270=LINE('',#15657,#15658);
#12271=VERTEX_POINT('',#15659);
#12272=LINE('',#15660,#15661);
#12273=VERTEX_POINT('',#15662);
#12274=LINE('',#15663,#15664);
#12275=VERTEX_POINT('',#15665);
#12276=LINE('',#15666,#15667);
#12277=VERTEX_POINT('',#15668);
#12278=LINE('',#15669,#15670);
#12279=VERTEX_POINT('',#15671);
#12280=LINE('',#15672,#15673);
#12281=LINE('',#15674,#15675);
#12282=VERTEX_POINT('',#15676);
#12283=LINE('',#15677,#15678);
#12284=VERTEX_POINT('',#15679);
#12285=LINE('',#15680,#15681);
#12286=VERTEX_POINT('',#15682);
#12287=LINE('',#15683,#15684);
#12288=VERTEX_POINT('',#15685);
#12289=LINE('',#15686,#15687);
#12290=VERTEX_POINT('',#15688);
#12291=LINE('',#15689,#15690);
#12292=VERTEX_POINT('',#15691);
#12293=LINE('',#15692,#15693);
#12294=LINE('',#15694,#15695);
#12295=VERTEX_POINT('',#15696);
#12296=LINE('',#15697,#15698);
#12297=VERTEX_POINT('',#15699);
#12298=LINE('',#15700,#15701);
#12299=VERTEX_POINT('',#15702);
#12300=LINE('',#15703,#15704);
#12301=VERTEX_POINT('',#15705);
#12302=LINE('',#15706,#15707);
#12303=VERTEX_POINT('',#15708);
#12304=LINE('',#15709,#15710);
#12305=VERTEX_POINT('',#15711);
#12306=LINE('',#15712,#15713);
#12307=LINE('',#15714,#15715);
#12308=VERTEX_POINT('',#15716);
#12309=LINE('',#15717,#15718);
#12310=VERTEX_POINT('',#15719);
#12311=LINE('',#15720,#15721);
#12312=VERTEX_POINT('',#15722);
#12313=LINE('',#15723,#15724);
#12314=VERTEX_POINT('',#15725);
#12315=LINE('',#15726,#15727);
#12316=VERTEX_POINT('',#15728);
#12317=LINE('',#15729,#15730);
#12318=VERTEX_POINT('',#15731);
#12319=LINE('',#15732,#15733);
#12320=LINE('',#15734,#15735);
#12321=VERTEX_POINT('',#15736);
#12322=LINE('',#15737,#15738);
#12323=LINE('',#15739,#15740);
#12324=VERTEX_POINT('',#15741);
#12325=LINE('',#15742,#15743);
#12326=VERTEX_POINT('',#15744);
#12327=LINE('',#15745,#15746);
#12328=LINE('',#15747,#15748);
#12329=LINE('',#15749,#15750);
#12330=VERTEX_POINT('',#15751);
#12331=LINE('',#15752,#15753);
#12332=VERTEX_POINT('',#15754);
#12333=LINE('',#15755,#15756);
#12334=LINE('',#15757,#15758);
#12335=LINE('',#15759,#15760);
#12336=VERTEX_POINT('',#15761);
#12337=LINE('',#15762,#15763);
#12338=VERTEX_POINT('',#15764);
#12339=LINE('',#15765,#15766);
#12340=LINE('',#15767,#15768);
#12341=LINE('',#15769,#15770);
#12342=VERTEX_POINT('',#15771);
#12343=LINE('',#15772,#15773);
#12344=VERTEX_POINT('',#15774);
#12345=LINE('',#15775,#15776);
#12346=LINE('',#15777,#15778);
#12347=LINE('',#15779,#15780);
#12348=VERTEX_POINT('',#15781);
#12349=LINE('',#15782,#15783);
#12350=VERTEX_POINT('',#15784);
#12351=LINE('',#15785,#15786);
#12352=LINE('',#15787,#15788);
#12353=LINE('',#15789,#15790);
#12354=VERTEX_POINT('',#15791);
#12355=LINE('',#15792,#15793);
#12356=VERTEX_POINT('',#15794);
#12357=LINE('',#15795,#15796);
#12358=LINE('',#15797,#15798);
#12359=LINE('',#15799,#15800);
#12360=VERTEX_POINT('',#15801);
#12361=LINE('',#15802,#15803);
#12362=VERTEX_POINT('',#15804);
#12363=LINE('',#15805,#15806);
#12364=LINE('',#15807,#15808);
#12365=LINE('',#15809,#15810);
#12366=VERTEX_POINT('',#15811);
#12367=LINE('',#15812,#15813);
#12368=VERTEX_POINT('',#15814);
#12369=LINE('',#15815,#15816);
#12370=LINE('',#15817,#15818);
#12371=LINE('',#15819,#15820);
#12372=VERTEX_POINT('',#15821);
#12373=LINE('',#15822,#15823);
#12374=VERTEX_POINT('',#15824);
#12375=LINE('',#15825,#15826);
#12376=LINE('',#15827,#15828);
#12377=LINE('',#15829,#15830);
#12378=FILL_AREA_STYLE_COLOUR('',#15831);
#12379=LINE('',#15832,#15833);
#12380=FILL_AREA_STYLE_COLOUR('',#15834);
#12381=LINE('',#15835,#15836);
#12382=FILL_AREA_STYLE_COLOUR('',#15837);
#12383=VERTEX_POINT('',#15838);
#12384=LINE('',#15839,#15840);
#12385=VERTEX_POINT('',#15841);
#12386=LINE('',#15842,#15843);
#12387=VERTEX_POINT('',#15844);
#12388=LINE('',#15845,#15846);
#12389=VERTEX_POINT('',#15847);
#12390=CIRCLE('',#15848,0.254);
#12391=VERTEX_POINT('',#15849);
#12392=LINE('',#15850,#15851);
#12393=VERTEX_POINT('',#15852);
#12394=LINE('',#15853,#15854);
#12395=LINE('',#15855,#15856);
#12396=CIRCLE('',#15857,0.127);
#12397=FILL_AREA_STYLE_COLOUR('',#15858);
#12398=VERTEX_POINT('',#15859);
#12399=LINE('',#15860,#15861);
#12400=VERTEX_POINT('',#15862);
#12401=LINE('',#15863,#15864);
#12402=LINE('',#15865,#15866);
#12403=FILL_AREA_STYLE_COLOUR('',#15867);
#12404=VERTEX_POINT('',#15868);
#12405=LINE('',#15869,#15870);
#12406=CIRCLE('',#15871,0.254);
#12407=FILL_AREA_STYLE_COLOUR('',#15872);
#12408=VERTEX_POINT('',#15873);
#12409=LINE('',#15874,#15875);
#12410=LINE('',#15876,#15877);
#12411=FILL_AREA_STYLE_COLOUR('',#15878);
#12412=VERTEX_POINT('',#15879);
#12413=LINE('',#15880,#15881);
#12414=LINE('',#15882,#15883);
#12415=FILL_AREA_STYLE_COLOUR('',#15884);
#12416=VERTEX_POINT('',#15885);
#12417=LINE('',#15886,#15887);
#12418=LINE('',#15888,#15889);
#12419=FILL_AREA_STYLE_COLOUR('',#15890);
#12420=CIRCLE('',#15891,0.127);
#12421=FILL_AREA_STYLE_COLOUR('',#15892);
#12422=VERTEX_POINT('',#15893);
#12423=LINE('',#15894,#15895);
#12424=LINE('',#15896,#15897);
#12425=LINE('',#15898,#15899);
#12426=FILL_AREA_STYLE_COLOUR('',#15900);
#12427=VERTEX_POINT('',#15901);
#12428=LINE('',#15902,#15903);
#12429=LINE('',#15904,#15905);
#12430=FILL_AREA_STYLE_COLOUR('',#15906);
#12431=VERTEX_POINT('',#15907);
#12432=LINE('',#15908,#15909);
#12433=LINE('',#15910,#15911);
#12434=FILL_AREA_STYLE_COLOUR('',#15912);
#12435=VERTEX_POINT('',#15913);
#12436=LINE('',#15914,#15915);
#12437=VERTEX_POINT('',#15916);
#12438=LINE('',#15917,#15918);
#12439=VERTEX_POINT('',#15919);
#12440=LINE('',#15920,#15921);
#12441=VERTEX_POINT('',#15922);
#12442=CIRCLE('',#15923,0.254);
#12443=VERTEX_POINT('',#15924);
#12444=LINE('',#15925,#15926);
#12445=VERTEX_POINT('',#15927);
#12446=LINE('',#15928,#15929);
#12447=LINE('',#15930,#15931);
#12448=CIRCLE('',#15932,0.127);
#12449=FILL_AREA_STYLE_COLOUR('',#15933);
#12450=VERTEX_POINT('',#15934);
#12451=LINE('',#15935,#15936);
#12452=VERTEX_POINT('',#15937);
#12453=LINE('',#15938,#15939);
#12454=LINE('',#15940,#15941);
#12455=FILL_AREA_STYLE_COLOUR('',#15942);
#12456=VERTEX_POINT('',#15943);
#12457=LINE('',#15944,#15945);
#12458=CIRCLE('',#15946,0.254);
#12459=FILL_AREA_STYLE_COLOUR('',#15947);
#12460=VERTEX_POINT('',#15948);
#12461=LINE('',#15949,#15950);
#12462=LINE('',#15951,#15952);
#12463=FILL_AREA_STYLE_COLOUR('',#15953);
#12464=VERTEX_POINT('',#15954);
#12465=LINE('',#15955,#15956);
#12466=LINE('',#15957,#15958);
#12467=FILL_AREA_STYLE_COLOUR('',#15959);
#12468=VERTEX_POINT('',#15960);
#12469=LINE('',#15961,#15962);
#12470=LINE('',#15963,#15964);
#12471=FILL_AREA_STYLE_COLOUR('',#15965);
#12472=CIRCLE('',#15966,0.127);
#12473=FILL_AREA_STYLE_COLOUR('',#15967);
#12474=VERTEX_POINT('',#15968);
#12475=LINE('',#15969,#15970);
#12476=LINE('',#15971,#15972);
#12477=LINE('',#15973,#15974);
#12478=FILL_AREA_STYLE_COLOUR('',#15975);
#12479=VERTEX_POINT('',#15976);
#12480=LINE('',#15977,#15978);
#12481=LINE('',#15979,#15980);
#12482=FILL_AREA_STYLE_COLOUR('',#15981);
#12483=VERTEX_POINT('',#15982);
#12484=LINE('',#15983,#15984);
#12485=LINE('',#15985,#15986);
#12486=FILL_AREA_STYLE_COLOUR('',#15987);
#12487=VERTEX_POINT('',#15988);
#12488=LINE('',#15989,#15990);
#12489=VERTEX_POINT('',#15991);
#12490=LINE('',#15992,#15993);
#12491=VERTEX_POINT('',#15994);
#12492=LINE('',#15995,#15996);
#12493=VERTEX_POINT('',#15997);
#12494=CIRCLE('',#15998,0.254);
#12495=VERTEX_POINT('',#15999);
#12496=LINE('',#16000,#16001);
#12497=VERTEX_POINT('',#16002);
#12498=LINE('',#16003,#16004);
#12499=LINE('',#16005,#16006);
#12500=CIRCLE('',#16007,0.127);
#12501=FILL_AREA_STYLE_COLOUR('',#16008);
#12502=VERTEX_POINT('',#16009);
#12503=LINE('',#16010,#16011);
#12504=VERTEX_POINT('',#16012);
#12505=LINE('',#16013,#16014);
#12506=LINE('',#16015,#16016);
#12507=FILL_AREA_STYLE_COLOUR('',#16017);
#12508=VERTEX_POINT('',#16018);
#12509=LINE('',#16019,#16020);
#12510=CIRCLE('',#16021,0.254);
#12511=FILL_AREA_STYLE_COLOUR('',#16022);
#12512=VERTEX_POINT('',#16023);
#12513=LINE('',#16024,#16025);
#12514=LINE('',#16026,#16027);
#12515=FILL_AREA_STYLE_COLOUR('',#16028);
#12516=VERTEX_POINT('',#16029);
#12517=LINE('',#16030,#16031);
#12518=LINE('',#16032,#16033);
#12519=FILL_AREA_STYLE_COLOUR('',#16034);
#12520=VERTEX_POINT('',#16035);
#12521=LINE('',#16036,#16037);
#12522=LINE('',#16038,#16039);
#12523=FILL_AREA_STYLE_COLOUR('',#16040);
#12524=CIRCLE('',#16041,0.127);
#12525=FILL_AREA_STYLE_COLOUR('',#16042);
#12526=VERTEX_POINT('',#16043);
#12527=LINE('',#16044,#16045);
#12528=LINE('',#16046,#16047);
#12529=LINE('',#16048,#16049);
#12530=FILL_AREA_STYLE_COLOUR('',#16050);
#12531=VERTEX_POINT('',#16051);
#12532=LINE('',#16052,#16053);
#12533=LINE('',#16054,#16055);
#12534=FILL_AREA_STYLE_COLOUR('',#16056);
#12535=VERTEX_POINT('',#16057);
#12536=LINE('',#16058,#16059);
#12537=LINE('',#16060,#16061);
#12538=FILL_AREA_STYLE_COLOUR('',#16062);
#12539=VERTEX_POINT('',#16063);
#12540=LINE('',#16064,#16065);
#12541=VERTEX_POINT('',#16066);
#12542=LINE('',#16067,#16068);
#12543=VERTEX_POINT('',#16069);
#12544=LINE('',#16070,#16071);
#12545=VERTEX_POINT('',#16072);
#12546=CIRCLE('',#16073,0.254);
#12547=VERTEX_POINT('',#16074);
#12548=LINE('',#16075,#16076);
#12549=VERTEX_POINT('',#16077);
#12550=LINE('',#16078,#16079);
#12551=LINE('',#16080,#16081);
#12552=CIRCLE('',#16082,0.127);
#12553=FILL_AREA_STYLE_COLOUR('',#16083);
#12554=VERTEX_POINT('',#16084);
#12555=LINE('',#16085,#16086);
#12556=VERTEX_POINT('',#16087);
#12557=LINE('',#16088,#16089);
#12558=LINE('',#16090,#16091);
#12559=FILL_AREA_STYLE_COLOUR('',#16092);
#12560=VERTEX_POINT('',#16093);
#12561=LINE('',#16094,#16095);
#12562=CIRCLE('',#16096,0.254);
#12563=FILL_AREA_STYLE_COLOUR('',#16097);
#12564=VERTEX_POINT('',#16098);
#12565=LINE('',#16099,#16100);
#12566=LINE('',#16101,#16102);
#12567=FILL_AREA_STYLE_COLOUR('',#16103);
#12568=VERTEX_POINT('',#16104);
#12569=LINE('',#16105,#16106);
#12570=LINE('',#16107,#16108);
#12571=FILL_AREA_STYLE_COLOUR('',#16109);
#12572=VERTEX_POINT('',#16110);
#12573=LINE('',#16111,#16112);
#12574=LINE('',#16113,#16114);
#12575=FILL_AREA_STYLE_COLOUR('',#16115);
#12576=CIRCLE('',#16116,0.127);
#12577=FILL_AREA_STYLE_COLOUR('',#16117);
#12578=VERTEX_POINT('',#16118);
#12579=LINE('',#16119,#16120);
#12580=LINE('',#16121,#16122);
#12581=LINE('',#16123,#16124);
#12582=FILL_AREA_STYLE_COLOUR('',#16125);
#12583=VERTEX_POINT('',#16126);
#12584=LINE('',#16127,#16128);
#12585=LINE('',#16129,#16130);
#12586=FILL_AREA_STYLE_COLOUR('',#16131);
#12587=VERTEX_POINT('',#16132);
#12588=LINE('',#16133,#16134);
#12589=LINE('',#16135,#16136);
#12590=FILL_AREA_STYLE_COLOUR('',#16137);
#12591=VERTEX_POINT('',#16138);
#12592=LINE('',#16139,#16140);
#12593=VERTEX_POINT('',#16141);
#12594=LINE('',#16142,#16143);
#12595=VERTEX_POINT('',#16144);
#12596=LINE('',#16145,#16146);
#12597=VERTEX_POINT('',#16147);
#12598=CIRCLE('',#16148,0.254);
#12599=VERTEX_POINT('',#16149);
#12600=LINE('',#16150,#16151);
#12601=VERTEX_POINT('',#16152);
#12602=LINE('',#16153,#16154);
#12603=LINE('',#16155,#16156);
#12604=CIRCLE('',#16157,0.127);
#12605=FILL_AREA_STYLE_COLOUR('',#16158);
#12606=VERTEX_POINT('',#16159);
#12607=LINE('',#16160,#16161);
#12608=VERTEX_POINT('',#16162);
#12609=LINE('',#16163,#16164);
#12610=LINE('',#16165,#16166);
#12611=FILL_AREA_STYLE_COLOUR('',#16167);
#12612=VERTEX_POINT('',#16168);
#12613=LINE('',#16169,#16170);
#12614=CIRCLE('',#16171,0.254);
#12615=FILL_AREA_STYLE_COLOUR('',#16172);
#12616=VERTEX_POINT('',#16173);
#12617=LINE('',#16174,#16175);
#12618=LINE('',#16176,#16177);
#12619=FILL_AREA_STYLE_COLOUR('',#16178);
#12620=VERTEX_POINT('',#16179);
#12621=LINE('',#16180,#16181);
#12622=LINE('',#16182,#16183);
#12623=FILL_AREA_STYLE_COLOUR('',#16184);
#12624=VERTEX_POINT('',#16185);
#12625=LINE('',#16186,#16187);
#12626=LINE('',#16188,#16189);
#12627=FILL_AREA_STYLE_COLOUR('',#16190);
#12628=CIRCLE('',#16191,0.127);
#12629=FILL_AREA_STYLE_COLOUR('',#16192);
#12630=VERTEX_POINT('',#16193);
#12631=LINE('',#16194,#16195);
#12632=LINE('',#16196,#16197);
#12633=LINE('',#16198,#16199);
#12634=FILL_AREA_STYLE_COLOUR('',#16200);
#12635=VERTEX_POINT('',#16201);
#12636=LINE('',#16202,#16203);
#12637=LINE('',#16204,#16205);
#12638=FILL_AREA_STYLE_COLOUR('',#16206);
#12639=VERTEX_POINT('',#16207);
#12640=LINE('',#16208,#16209);
#12641=LINE('',#16210,#16211);
#12642=FILL_AREA_STYLE_COLOUR('',#16212);
#12643=VERTEX_POINT('',#16213);
#12644=LINE('',#16214,#16215);
#12645=VERTEX_POINT('',#16216);
#12646=LINE('',#16217,#16218);
#12647=VERTEX_POINT('',#16219);
#12648=LINE('',#16220,#16221);
#12649=VERTEX_POINT('',#16222);
#12650=CIRCLE('',#16223,0.254);
#12651=VERTEX_POINT('',#16224);
#12652=LINE('',#16225,#16226);
#12653=VERTEX_POINT('',#16227);
#12654=LINE('',#16228,#16229);
#12655=LINE('',#16230,#16231);
#12656=CIRCLE('',#16232,0.127);
#12657=FILL_AREA_STYLE_COLOUR('',#16233);
#12658=VERTEX_POINT('',#16234);
#12659=LINE('',#16235,#16236);
#12660=VERTEX_POINT('',#16237);
#12661=LINE('',#16238,#16239);
#12662=LINE('',#16240,#16241);
#12663=FILL_AREA_STYLE_COLOUR('',#16242);
#12664=VERTEX_POINT('',#16243);
#12665=LINE('',#16244,#16245);
#12666=CIRCLE('',#16246,0.254);
#12667=FILL_AREA_STYLE_COLOUR('',#16247);
#12668=VERTEX_POINT('',#16248);
#12669=LINE('',#16249,#16250);
#12670=LINE('',#16251,#16252);
#12671=FILL_AREA_STYLE_COLOUR('',#16253);
#12672=VERTEX_POINT('',#16254);
#12673=LINE('',#16255,#16256);
#12674=LINE('',#16257,#16258);
#12675=FILL_AREA_STYLE_COLOUR('',#16259);
#12676=VERTEX_POINT('',#16260);
#12677=LINE('',#16261,#16262);
#12678=LINE('',#16263,#16264);
#12679=FILL_AREA_STYLE_COLOUR('',#16265);
#12680=CIRCLE('',#16266,0.127);
#12681=FILL_AREA_STYLE_COLOUR('',#16267);
#12682=VERTEX_POINT('',#16268);
#12683=LINE('',#16269,#16270);
#12684=LINE('',#16271,#16272);
#12685=LINE('',#16273,#16274);
#12686=FILL_AREA_STYLE_COLOUR('',#16275);
#12687=VERTEX_POINT('',#16276);
#12688=LINE('',#16277,#16278);
#12689=LINE('',#16279,#16280);
#12690=FILL_AREA_STYLE_COLOUR('',#16281);
#12691=VERTEX_POINT('',#16282);
#12692=LINE('',#16283,#16284);
#12693=LINE('',#16285,#16286);
#12694=FILL_AREA_STYLE_COLOUR('',#16287);
#12695=VERTEX_POINT('',#16288);
#12696=LINE('',#16289,#16290);
#12697=VERTEX_POINT('',#16291);
#12698=LINE('',#16292,#16293);
#12699=VERTEX_POINT('',#16294);
#12700=LINE('',#16295,#16296);
#12701=VERTEX_POINT('',#16297);
#12702=CIRCLE('',#16298,0.254);
#12703=VERTEX_POINT('',#16299);
#12704=LINE('',#16300,#16301);
#12705=VERTEX_POINT('',#16302);
#12706=LINE('',#16303,#16304);
#12707=LINE('',#16305,#16306);
#12708=CIRCLE('',#16307,0.127);
#12709=FILL_AREA_STYLE_COLOUR('',#16308);
#12710=VERTEX_POINT('',#16309);
#12711=LINE('',#16310,#16311);
#12712=VERTEX_POINT('',#16312);
#12713=LINE('',#16313,#16314);
#12714=LINE('',#16315,#16316);
#12715=FILL_AREA_STYLE_COLOUR('',#16317);
#12716=VERTEX_POINT('',#16318);
#12717=LINE('',#16319,#16320);
#12718=CIRCLE('',#16321,0.254);
#12719=FILL_AREA_STYLE_COLOUR('',#16322);
#12720=VERTEX_POINT('',#16323);
#12721=LINE('',#16324,#16325);
#12722=LINE('',#16326,#16327);
#12723=FILL_AREA_STYLE_COLOUR('',#16328);
#12724=VERTEX_POINT('',#16329);
#12725=LINE('',#16330,#16331);
#12726=LINE('',#16332,#16333);
#12727=FILL_AREA_STYLE_COLOUR('',#16334);
#12728=VERTEX_POINT('',#16335);
#12729=LINE('',#16336,#16337);
#12730=LINE('',#16338,#16339);
#12731=FILL_AREA_STYLE_COLOUR('',#16340);
#12732=CIRCLE('',#16341,0.127);
#12733=FILL_AREA_STYLE_COLOUR('',#16342);
#12734=VERTEX_POINT('',#16343);
#12735=LINE('',#16344,#16345);
#12736=LINE('',#16346,#16347);
#12737=LINE('',#16348,#16349);
#12738=FILL_AREA_STYLE_COLOUR('',#16350);
#12739=VERTEX_POINT('',#16351);
#12740=LINE('',#16352,#16353);
#12741=LINE('',#16354,#16355);
#12742=FILL_AREA_STYLE_COLOUR('',#16356);
#12743=VERTEX_POINT('',#16357);
#12744=LINE('',#16358,#16359);
#12745=LINE('',#16360,#16361);
#12746=FILL_AREA_STYLE_COLOUR('',#16362);
#12747=VERTEX_POINT('',#16363);
#12748=LINE('',#16364,#16365);
#12749=VERTEX_POINT('',#16366);
#12750=LINE('',#16367,#16368);
#12751=VERTEX_POINT('',#16369);
#12752=LINE('',#16370,#16371);
#12753=VERTEX_POINT('',#16372);
#12754=CIRCLE('',#16373,0.254);
#12755=VERTEX_POINT('',#16374);
#12756=LINE('',#16375,#16376);
#12757=VERTEX_POINT('',#16377);
#12758=LINE('',#16378,#16379);
#12759=LINE('',#16380,#16381);
#12760=CIRCLE('',#16382,0.127);
#12761=FILL_AREA_STYLE_COLOUR('',#16383);
#12762=VERTEX_POINT('',#16384);
#12763=LINE('',#16385,#16386);
#12764=VERTEX_POINT('',#16387);
#12765=LINE('',#16388,#16389);
#12766=LINE('',#16390,#16391);
#12767=FILL_AREA_STYLE_COLOUR('',#16392);
#12768=VERTEX_POINT('',#16393);
#12769=LINE('',#16394,#16395);
#12770=CIRCLE('',#16396,0.254);
#12771=FILL_AREA_STYLE_COLOUR('',#16397);
#12772=VERTEX_POINT('',#16398);
#12773=LINE('',#16399,#16400);
#12774=LINE('',#16401,#16402);
#12775=FILL_AREA_STYLE_COLOUR('',#16403);
#12776=VERTEX_POINT('',#16404);
#12777=LINE('',#16405,#16406);
#12778=LINE('',#16407,#16408);
#12779=FILL_AREA_STYLE_COLOUR('',#16409);
#12780=VERTEX_POINT('',#16410);
#12781=LINE('',#16411,#16412);
#12782=LINE('',#16413,#16414);
#12783=FILL_AREA_STYLE_COLOUR('',#16415);
#12784=CIRCLE('',#16416,0.127);
#12785=FILL_AREA_STYLE_COLOUR('',#16417);
#12786=VERTEX_POINT('',#16418);
#12787=LINE('',#16419,#16420);
#12788=LINE('',#16421,#16422);
#12789=LINE('',#16423,#16424);
#12790=FILL_AREA_STYLE_COLOUR('',#16425);
#12791=VERTEX_POINT('',#16426);
#12792=LINE('',#16427,#16428);
#12793=LINE('',#16429,#16430);
#12794=FILL_AREA_STYLE_COLOUR('',#16431);
#12795=VERTEX_POINT('',#16432);
#12796=LINE('',#16433,#16434);
#12797=LINE('',#16435,#16436);
#12798=FILL_AREA_STYLE_COLOUR('',#16437);
#12799=VERTEX_POINT('',#16438);
#12800=LINE('',#16439,#16440);
#12801=VERTEX_POINT('',#16441);
#12802=LINE('',#16442,#16443);
#12803=VERTEX_POINT('',#16444);
#12804=LINE('',#16445,#16446);
#12805=VERTEX_POINT('',#16447);
#12806=CIRCLE('',#16448,0.254);
#12807=VERTEX_POINT('',#16449);
#12808=LINE('',#16450,#16451);
#12809=VERTEX_POINT('',#16452);
#12810=LINE('',#16453,#16454);
#12811=LINE('',#16455,#16456);
#12812=CIRCLE('',#16457,0.127);
#12813=FILL_AREA_STYLE_COLOUR('',#16458);
#12814=VERTEX_POINT('',#16459);
#12815=LINE('',#16460,#16461);
#12816=VERTEX_POINT('',#16462);
#12817=CIRCLE('',#16463,0.254);
#12818=LINE('',#16464,#16465);
#12819=FILL_AREA_STYLE_COLOUR('',#16466);
#12820=VERTEX_POINT('',#16467);
#12821=LINE('',#16468,#16469);
#12822=LINE('',#16470,#16471);
#12823=FILL_AREA_STYLE_COLOUR('',#16472);
#12824=VERTEX_POINT('',#16473);
#12825=LINE('',#16474,#16475);
#12826=LINE('',#16476,#16477);
#12827=FILL_AREA_STYLE_COLOUR('',#16478);
#12828=VERTEX_POINT('',#16479);
#12829=LINE('',#16480,#16481);
#12830=LINE('',#16482,#16483);
#12831=FILL_AREA_STYLE_COLOUR('',#16484);
#12832=CIRCLE('',#16485,0.127);
#12833=FILL_AREA_STYLE_COLOUR('',#16486);
#12834=VERTEX_POINT('',#16487);
#12835=LINE('',#16488,#16489);
#12836=LINE('',#16490,#16491);
#12837=FILL_AREA_STYLE_COLOUR('',#16492);
#12838=VERTEX_POINT('',#16493);
#12839=LINE('',#16494,#16495);
#12840=LINE('',#16496,#16497);
#12841=LINE('',#16498,#16499);
#12842=FILL_AREA_STYLE_COLOUR('',#16500);
#12843=VERTEX_POINT('',#16501);
#12844=LINE('',#16502,#16503);
#12845=LINE('',#16504,#16505);
#12846=FILL_AREA_STYLE_COLOUR('',#16506);
#12847=VERTEX_POINT('',#16507);
#12848=LINE('',#16508,#16509);
#12849=VERTEX_POINT('',#16510);
#12850=LINE('',#16511,#16512);
#12851=VERTEX_POINT('',#16513);
#12852=LINE('',#16514,#16515);
#12853=VERTEX_POINT('',#16516);
#12854=LINE('',#16517,#16518);
#12855=LINE('',#16519,#16520);
#12856=VERTEX_POINT('',#16521);
#12857=VERTEX_POINT('',#16522);
#12858=LINE('',#16523,#16524);
#12859=VERTEX_POINT('',#16525);
#12860=LINE('',#16526,#16527);
#12861=VERTEX_POINT('',#16528);
#12862=LINE('',#16529,#16530);
#12863=LINE('',#16531,#16532);
#12864=FILL_AREA_STYLE_COLOUR('',#16533);
#12865=LINE('',#16534,#16535);
#12866=FILL_AREA_STYLE_COLOUR('',#16536);
#12867=LINE('',#16537,#16538);
#12868=FILL_AREA_STYLE_COLOUR('',#16539);
#12869=VERTEX_POINT('',#16540);
#12870=LINE('',#16541,#16542);
#12871=VERTEX_POINT('',#16543);
#12872=LINE('',#16544,#16545);
#12873=LINE('',#16546,#16547);
#12874=FILL_AREA_STYLE_COLOUR('',#16548);
#12875=VERTEX_POINT('',#16549);
#12876=LINE('',#16550,#16551);
#12877=LINE('',#16552,#16553);
#12878=FILL_AREA_STYLE_COLOUR('',#16554);
#12879=VERTEX_POINT('',#16555);
#12880=LINE('',#16556,#16557);
#12881=VERTEX_POINT('',#16558);
#12882=LINE('',#16559,#16560);
#12883=LINE('',#16561,#16562);
#12884=FILL_AREA_STYLE_COLOUR('',#16563);
#12885=VERTEX_POINT('',#16564);
#12886=LINE('',#16565,#16566);
#12887=LINE('',#16567,#16568);
#12888=FILL_AREA_STYLE_COLOUR('',#16569);
#12889=VERTEX_POINT('',#16570);
#12890=LINE('',#16571,#16572);
#12891=VERTEX_POINT('',#16573);
#12892=LINE('',#16574,#16575);
#12893=LINE('',#16576,#16577);
#12894=FILL_AREA_STYLE_COLOUR('',#16578);
#12895=LINE('',#16579,#16580);
#12896=LINE('',#16581,#16582);
#12897=FILL_AREA_STYLE_COLOUR('',#16583);
#12898=LINE('',#16584,#16585);
#12899=FILL_AREA_STYLE_COLOUR('',#16586);
#12900=FILL_AREA_STYLE_COLOUR('',#16587);
#12901=VERTEX_POINT('',#16588);
#12902=LINE('',#16589,#16590);
#12903=VERTEX_POINT('',#16591);
#12904=LINE('',#16592,#16593);
#12905=LINE('',#16594,#16595);
#12906=FILL_AREA_STYLE_COLOUR('',#16596);
#12907=VERTEX_POINT('',#16597);
#12908=LINE('',#16598,#16599);
#12909=LINE('',#16600,#16601);
#12910=FILL_AREA_STYLE_COLOUR('',#16602);
#12911=VERTEX_POINT('',#16603);
#12912=LINE('',#16604,#16605);
#12913=VERTEX_POINT('',#16606);
#12914=LINE('',#16607,#16608);
#12915=LINE('',#16609,#16610);
#12916=FILL_AREA_STYLE_COLOUR('',#16611);
#12917=VERTEX_POINT('',#16612);
#12918=LINE('',#16613,#16614);
#12919=LINE('',#16615,#16616);
#12920=FILL_AREA_STYLE_COLOUR('',#16617);
#12921=VERTEX_POINT('',#16618);
#12922=LINE('',#16619,#16620);
#12923=VERTEX_POINT('',#16621);
#12924=LINE('',#16622,#16623);
#12925=LINE('',#16624,#16625);
#12926=FILL_AREA_STYLE_COLOUR('',#16626);
#12927=LINE('',#16627,#16628);
#12928=LINE('',#16629,#16630);
#12929=FILL_AREA_STYLE_COLOUR('',#16631);
#12930=LINE('',#16632,#16633);
#12931=FILL_AREA_STYLE_COLOUR('',#16634);
#12932=FILL_AREA_STYLE_COLOUR('',#16635);
#12933=VERTEX_POINT('',#16636);
#12934=VERTEX_POINT('',#16637);
#12935=LINE('',#16638,#16639);
#12936=VERTEX_POINT('',#16640);
#12937=LINE('',#16641,#16642);
#12938=VERTEX_POINT('',#16643);
#12939=LINE('',#16644,#16645);
#12940=LINE('',#16646,#16647);
#12941=FILL_AREA_STYLE_COLOUR('',#16648);
#12942=VERTEX_POINT('',#16649);
#12943=LINE('',#16650,#16651);
#12944=VERTEX_POINT('',#16652);
#12945=LINE('',#16653,#16654);
#12946=LINE('',#16655,#16656);
#12947=FILL_AREA_STYLE_COLOUR('',#16657);
#12948=VERTEX_POINT('',#16658);
#12949=LINE('',#16659,#16660);
#12950=VERTEX_POINT('',#16661);
#12951=LINE('',#16662,#16663);
#12952=LINE('',#16664,#16665);
#12953=FILL_AREA_STYLE_COLOUR('',#16666);
#12954=VERTEX_POINT('',#16667);
#12955=LINE('',#16668,#16669);
#12956=LINE('',#16670,#16671);
#12957=FILL_AREA_STYLE_COLOUR('',#16672);
#12958=VERTEX_POINT('',#16673);
#12959=LINE('',#16674,#16675);
#12960=VERTEX_POINT('',#16676);
#12961=LINE('',#16677,#16678);
#12962=LINE('',#16679,#16680);
#12963=FILL_AREA_STYLE_COLOUR('',#16681);
#12964=LINE('',#16682,#16683);
#12965=LINE('',#16684,#16685);
#12966=FILL_AREA_STYLE_COLOUR('',#16686);
#12967=VERTEX_POINT('',#16687);
#12968=LINE('',#16688,#16689);
#12969=LINE('',#16690,#16691);
#12970=FILL_AREA_STYLE_COLOUR('',#16692);
#12971=LINE('',#16693,#16694);
#12972=FILL_AREA_STYLE_COLOUR('',#16695);
#12973=VERTEX_POINT('',#16696);
#12974=LINE('',#16697,#16698);
#12975=VERTEX_POINT('',#16699);
#12976=LINE('',#16700,#16701);
#12977=LINE('',#16702,#16703);
#12978=FILL_AREA_STYLE_COLOUR('',#16704);
#12979=VERTEX_POINT('',#16705);
#12980=LINE('',#16706,#16707);
#12981=LINE('',#16708,#16709);
#12982=FILL_AREA_STYLE_COLOUR('',#16710);
#12983=VERTEX_POINT('',#16711);
#12984=LINE('',#16712,#16713);
#12985=VERTEX_POINT('',#16714);
#12986=LINE('',#16715,#16716);
#12987=LINE('',#16717,#16718);
#12988=FILL_AREA_STYLE_COLOUR('',#16719);
#12989=VERTEX_POINT('',#16720);
#12990=LINE('',#16721,#16722);
#12991=LINE('',#16723,#16724);
#12992=FILL_AREA_STYLE_COLOUR('',#16725);
#12993=VERTEX_POINT('',#16726);
#12994=LINE('',#16727,#16728);
#12995=VERTEX_POINT('',#16729);
#12996=LINE('',#16730,#16731);
#12997=LINE('',#16732,#16733);
#12998=FILL_AREA_STYLE_COLOUR('',#16734);
#12999=LINE('',#16735,#16736);
#13000=LINE('',#16737,#16738);
#13001=FILL_AREA_STYLE_COLOUR('',#16739);
#13002=LINE('',#16740,#16741);
#13003=FILL_AREA_STYLE_COLOUR('',#16742);
#13004=FILL_AREA_STYLE_COLOUR('',#16743);
#13005=VERTEX_POINT('',#16744);
#13006=VERTEX_POINT('',#16745);
#13007=LINE('',#16746,#16747);
#13008=VERTEX_POINT('',#16748);
#13009=LINE('',#16749,#16750);
#13010=VERTEX_POINT('',#16751);
#13011=LINE('',#16752,#16753);
#13012=LINE('',#16754,#16755);
#13013=FILL_AREA_STYLE_COLOUR('',#16756);
#13014=VERTEX_POINT('',#16757);
#13015=LINE('',#16758,#16759);
#13016=VERTEX_POINT('',#16760);
#13017=LINE('',#16761,#16762);
#13018=LINE('',#16763,#16764);
#13019=FILL_AREA_STYLE_COLOUR('',#16765);
#13020=VERTEX_POINT('',#16766);
#13021=LINE('',#16767,#16768);
#13022=VERTEX_POINT('',#16769);
#13023=LINE('',#16770,#16771);
#13024=LINE('',#16772,#16773);
#13025=FILL_AREA_STYLE_COLOUR('',#16774);
#13026=VERTEX_POINT('',#16775);
#13027=LINE('',#16776,#16777);
#13028=LINE('',#16778,#16779);
#13029=FILL_AREA_STYLE_COLOUR('',#16780);
#13030=VERTEX_POINT('',#16781);
#13031=LINE('',#16782,#16783);
#13032=VERTEX_POINT('',#16784);
#13033=LINE('',#16785,#16786);
#13034=LINE('',#16787,#16788);
#13035=FILL_AREA_STYLE_COLOUR('',#16789);
#13036=LINE('',#16790,#16791);
#13037=LINE('',#16792,#16793);
#13038=FILL_AREA_STYLE_COLOUR('',#16794);
#13039=VERTEX_POINT('',#16795);
#13040=LINE('',#16796,#16797);
#13041=LINE('',#16798,#16799);
#13042=FILL_AREA_STYLE_COLOUR('',#16800);
#13043=LINE('',#16801,#16802);
#13044=FILL_AREA_STYLE_COLOUR('',#16803);
#13045=VERTEX_POINT('',#16804);
#13046=LINE('',#16805,#16806);
#13047=VERTEX_POINT('',#16807);
#13048=LINE('',#16808,#16809);
#13049=LINE('',#16810,#16811);
#13050=FILL_AREA_STYLE_COLOUR('',#16812);
#13051=VERTEX_POINT('',#16813);
#13052=LINE('',#16814,#16815);
#13053=LINE('',#16816,#16817);
#13054=FILL_AREA_STYLE_COLOUR('',#16818);
#13055=VERTEX_POINT('',#16819);
#13056=LINE('',#16820,#16821);
#13057=VERTEX_POINT('',#16822);
#13058=LINE('',#16823,#16824);
#13059=LINE('',#16825,#16826);
#13060=FILL_AREA_STYLE_COLOUR('',#16827);
#13061=VERTEX_POINT('',#16828);
#13062=LINE('',#16829,#16830);
#13063=LINE('',#16831,#16832);
#13064=FILL_AREA_STYLE_COLOUR('',#16833);
#13065=VERTEX_POINT('',#16834);
#13066=LINE('',#16835,#16836);
#13067=VERTEX_POINT('',#16837);
#13068=LINE('',#16838,#16839);
#13069=LINE('',#16840,#16841);
#13070=FILL_AREA_STYLE_COLOUR('',#16842);
#13071=LINE('',#16843,#16844);
#13072=LINE('',#16845,#16846);
#13073=FILL_AREA_STYLE_COLOUR('',#16847);
#13074=LINE('',#16848,#16849);
#13075=FILL_AREA_STYLE_COLOUR('',#16850);
#13076=FILL_AREA_STYLE_COLOUR('',#16851);
#13077=VERTEX_POINT('',#16852);
#13078=VERTEX_POINT('',#16853);
#13079=LINE('',#16854,#16855);
#13080=VERTEX_POINT('',#16856);
#13081=LINE('',#16857,#16858);
#13082=VERTEX_POINT('',#16859);
#13083=LINE('',#16860,#16861);
#13084=LINE('',#16862,#16863);
#13085=FILL_AREA_STYLE_COLOUR('',#16864);
#13086=VERTEX_POINT('',#16865);
#13087=LINE('',#16866,#16867);
#13088=VERTEX_POINT('',#16868);
#13089=LINE('',#16869,#16870);
#13090=LINE('',#16871,#16872);
#13091=FILL_AREA_STYLE_COLOUR('',#16873);
#13092=VERTEX_POINT('',#16874);
#13093=LINE('',#16875,#16876);
#13094=VERTEX_POINT('',#16877);
#13095=LINE('',#16878,#16879);
#13096=LINE('',#16880,#16881);
#13097=FILL_AREA_STYLE_COLOUR('',#16882);
#13098=VERTEX_POINT('',#16883);
#13099=LINE('',#16884,#16885);
#13100=LINE('',#16886,#16887);
#13101=FILL_AREA_STYLE_COLOUR('',#16888);
#13102=VERTEX_POINT('',#16889);
#13103=LINE('',#16890,#16891);
#13104=VERTEX_POINT('',#16892);
#13105=LINE('',#16893,#16894);
#13106=LINE('',#16895,#16896);
#13107=FILL_AREA_STYLE_COLOUR('',#16897);
#13108=LINE('',#16898,#16899);
#13109=LINE('',#16900,#16901);
#13110=FILL_AREA_STYLE_COLOUR('',#16902);
#13111=VERTEX_POINT('',#16903);
#13112=LINE('',#16904,#16905);
#13113=LINE('',#16906,#16907);
#13114=FILL_AREA_STYLE_COLOUR('',#16908);
#13115=LINE('',#16909,#16910);
#13116=FILL_AREA_STYLE_COLOUR('',#16911);
#13117=VERTEX_POINT('',#16912);
#13118=LINE('',#16913,#16914);
#13119=VERTEX_POINT('',#16915);
#13120=LINE('',#16916,#16917);
#13121=LINE('',#16918,#16919);
#13122=FILL_AREA_STYLE_COLOUR('',#16920);
#13123=VERTEX_POINT('',#16921);
#13124=LINE('',#16922,#16923);
#13125=LINE('',#16924,#16925);
#13126=FILL_AREA_STYLE_COLOUR('',#16926);
#13127=VERTEX_POINT('',#16927);
#13128=LINE('',#16928,#16929);
#13129=VERTEX_POINT('',#16930);
#13130=LINE('',#16931,#16932);
#13131=LINE('',#16933,#16934);
#13132=FILL_AREA_STYLE_COLOUR('',#16935);
#13133=VERTEX_POINT('',#16936);
#13134=LINE('',#16937,#16938);
#13135=LINE('',#16939,#16940);
#13136=FILL_AREA_STYLE_COLOUR('',#16941);
#13137=VERTEX_POINT('',#16942);
#13138=LINE('',#16943,#16944);
#13139=VERTEX_POINT('',#16945);
#13140=LINE('',#16946,#16947);
#13141=LINE('',#16948,#16949);
#13142=FILL_AREA_STYLE_COLOUR('',#16950);
#13143=LINE('',#16951,#16952);
#13144=LINE('',#16953,#16954);
#13145=FILL_AREA_STYLE_COLOUR('',#16955);
#13146=LINE('',#16956,#16957);
#13147=FILL_AREA_STYLE_COLOUR('',#16958);
#13148=FILL_AREA_STYLE_COLOUR('',#16959);
#13149=VERTEX_POINT('',#16960);
#13150=VERTEX_POINT('',#16961);
#13151=LINE('',#16962,#16963);
#13152=VERTEX_POINT('',#16964);
#13153=LINE('',#16965,#16966);
#13154=VERTEX_POINT('',#16967);
#13155=LINE('',#16968,#16969);
#13156=LINE('',#16970,#16971);
#13157=FILL_AREA_STYLE_COLOUR('',#16972);
#13158=VERTEX_POINT('',#16973);
#13159=LINE('',#16974,#16975);
#13160=VERTEX_POINT('',#16976);
#13161=LINE('',#16977,#16978);
#13162=LINE('',#16979,#16980);
#13163=FILL_AREA_STYLE_COLOUR('',#16981);
#13164=VERTEX_POINT('',#16982);
#13165=LINE('',#16983,#16984);
#13166=VERTEX_POINT('',#16985);
#13167=LINE('',#16986,#16987);
#13168=LINE('',#16988,#16989);
#13169=FILL_AREA_STYLE_COLOUR('',#16990);
#13170=VERTEX_POINT('',#16991);
#13171=LINE('',#16992,#16993);
#13172=LINE('',#16994,#16995);
#13173=FILL_AREA_STYLE_COLOUR('',#16996);
#13174=VERTEX_POINT('',#16997);
#13175=LINE('',#16998,#16999);
#13176=VERTEX_POINT('',#17000);
#13177=LINE('',#17001,#17002);
#13178=LINE('',#17003,#17004);
#13179=FILL_AREA_STYLE_COLOUR('',#17005);
#13180=LINE('',#17006,#17007);
#13181=LINE('',#17008,#17009);
#13182=FILL_AREA_STYLE_COLOUR('',#17010);
#13183=VERTEX_POINT('',#17011);
#13184=LINE('',#17012,#17013);
#13185=LINE('',#17014,#17015);
#13186=FILL_AREA_STYLE_COLOUR('',#17016);
#13187=LINE('',#17017,#17018);
#13188=FILL_AREA_STYLE_COLOUR('',#17019);
#13189=VERTEX_POINT('',#17020);
#13190=LINE('',#17021,#17022);
#13191=VERTEX_POINT('',#17023);
#13192=LINE('',#17024,#17025);
#13193=LINE('',#17026,#17027);
#13194=FILL_AREA_STYLE_COLOUR('',#17028);
#13195=VERTEX_POINT('',#17029);
#13196=LINE('',#17030,#17031);
#13197=LINE('',#17032,#17033);
#13198=FILL_AREA_STYLE_COLOUR('',#17034);
#13199=VERTEX_POINT('',#17035);
#13200=LINE('',#17036,#17037);
#13201=VERTEX_POINT('',#17038);
#13202=LINE('',#17039,#17040);
#13203=LINE('',#17041,#17042);
#13204=FILL_AREA_STYLE_COLOUR('',#17043);
#13205=VERTEX_POINT('',#17044);
#13206=LINE('',#17045,#17046);
#13207=LINE('',#17047,#17048);
#13208=FILL_AREA_STYLE_COLOUR('',#17049);
#13209=VERTEX_POINT('',#17050);
#13210=LINE('',#17051,#17052);
#13211=VERTEX_POINT('',#17053);
#13212=LINE('',#17054,#17055);
#13213=LINE('',#17056,#17057);
#13214=FILL_AREA_STYLE_COLOUR('',#17058);
#13215=LINE('',#17059,#17060);
#13216=LINE('',#17061,#17062);
#13217=FILL_AREA_STYLE_COLOUR('',#17063);
#13218=LINE('',#17064,#17065);
#13219=FILL_AREA_STYLE_COLOUR('',#17066);
#13220=FILL_AREA_STYLE_COLOUR('',#17067);
#13221=VERTEX_POINT('',#17068);
#13222=VERTEX_POINT('',#17069);
#13223=LINE('',#17070,#17071);
#13224=VERTEX_POINT('',#17072);
#13225=LINE('',#17073,#17074);
#13226=VERTEX_POINT('',#17075);
#13227=LINE('',#17076,#17077);
#13228=LINE('',#17078,#17079);
#13229=FILL_AREA_STYLE_COLOUR('',#17080);
#13230=VERTEX_POINT('',#17081);
#13231=LINE('',#17082,#17083);
#13232=VERTEX_POINT('',#17084);
#13233=LINE('',#17085,#17086);
#13234=LINE('',#17087,#17088);
#13235=FILL_AREA_STYLE_COLOUR('',#17089);
#13236=VERTEX_POINT('',#17090);
#13237=LINE('',#17091,#17092);
#13238=VERTEX_POINT('',#17093);
#13239=LINE('',#17094,#17095);
#13240=LINE('',#17096,#17097);
#13241=FILL_AREA_STYLE_COLOUR('',#17098);
#13242=VERTEX_POINT('',#17099);
#13243=LINE('',#17100,#17101);
#13244=LINE('',#17102,#17103);
#13245=FILL_AREA_STYLE_COLOUR('',#17104);
#13246=VERTEX_POINT('',#17105);
#13247=LINE('',#17106,#17107);
#13248=VERTEX_POINT('',#17108);
#13249=LINE('',#17109,#17110);
#13250=LINE('',#17111,#17112);
#13251=FILL_AREA_STYLE_COLOUR('',#17113);
#13252=LINE('',#17114,#17115);
#13253=LINE('',#17116,#17117);
#13254=FILL_AREA_STYLE_COLOUR('',#17118);
#13255=VERTEX_POINT('',#17119);
#13256=LINE('',#17120,#17121);
#13257=LINE('',#17122,#17123);
#13258=FILL_AREA_STYLE_COLOUR('',#17124);
#13259=LINE('',#17125,#17126);
#13260=FILL_AREA_STYLE_COLOUR('',#17127);
#13261=VERTEX_POINT('',#17128);
#13262=LINE('',#17129,#17130);
#13263=VERTEX_POINT('',#17131);
#13264=LINE('',#17132,#17133);
#13265=LINE('',#17134,#17135);
#13266=FILL_AREA_STYLE_COLOUR('',#17136);
#13267=VERTEX_POINT('',#17137);
#13268=LINE('',#17138,#17139);
#13269=LINE('',#17140,#17141);
#13270=FILL_AREA_STYLE_COLOUR('',#17142);
#13271=VERTEX_POINT('',#17143);
#13272=LINE('',#17144,#17145);
#13273=VERTEX_POINT('',#17146);
#13274=LINE('',#17147,#17148);
#13275=LINE('',#17149,#17150);
#13276=FILL_AREA_STYLE_COLOUR('',#17151);
#13277=VERTEX_POINT('',#17152);
#13278=LINE('',#17153,#17154);
#13279=LINE('',#17155,#17156);
#13280=FILL_AREA_STYLE_COLOUR('',#17157);
#13281=VERTEX_POINT('',#17158);
#13282=LINE('',#17159,#17160);
#13283=VERTEX_POINT('',#17161);
#13284=LINE('',#17162,#17163);
#13285=LINE('',#17164,#17165);
#13286=FILL_AREA_STYLE_COLOUR('',#17166);
#13287=LINE('',#17167,#17168);
#13288=LINE('',#17169,#17170);
#13289=FILL_AREA_STYLE_COLOUR('',#17171);
#13290=LINE('',#17172,#17173);
#13291=FILL_AREA_STYLE_COLOUR('',#17174);
#13292=FILL_AREA_STYLE_COLOUR('',#17175);
#13293=VERTEX_POINT('',#17176);
#13294=VERTEX_POINT('',#17177);
#13295=LINE('',#17178,#17179);
#13296=VERTEX_POINT('',#17180);
#13297=LINE('',#17181,#17182);
#13298=VERTEX_POINT('',#17183);
#13299=LINE('',#17184,#17185);
#13300=LINE('',#17186,#17187);
#13301=FILL_AREA_STYLE_COLOUR('',#17188);
#13302=VERTEX_POINT('',#17189);
#13303=LINE('',#17190,#17191);
#13304=VERTEX_POINT('',#17192);
#13305=LINE('',#17193,#17194);
#13306=LINE('',#17195,#17196);
#13307=FILL_AREA_STYLE_COLOUR('',#17197);
#13308=VERTEX_POINT('',#17198);
#13309=LINE('',#17199,#17200);
#13310=VERTEX_POINT('',#17201);
#13311=LINE('',#17202,#17203);
#13312=LINE('',#17204,#17205);
#13313=FILL_AREA_STYLE_COLOUR('',#17206);
#13314=VERTEX_POINT('',#17207);
#13315=LINE('',#17208,#17209);
#13316=LINE('',#17210,#17211);
#13317=FILL_AREA_STYLE_COLOUR('',#17212);
#13318=VERTEX_POINT('',#17213);
#13319=LINE('',#17214,#17215);
#13320=VERTEX_POINT('',#17216);
#13321=LINE('',#17217,#17218);
#13322=LINE('',#17219,#17220);
#13323=FILL_AREA_STYLE_COLOUR('',#17221);
#13324=LINE('',#17222,#17223);
#13325=LINE('',#17224,#17225);
#13326=FILL_AREA_STYLE_COLOUR('',#17226);
#13327=VERTEX_POINT('',#17227);
#13328=LINE('',#17228,#17229);
#13329=LINE('',#17230,#17231);
#13330=FILL_AREA_STYLE_COLOUR('',#17232);
#13331=LINE('',#17233,#17234);
#13332=FILL_AREA_STYLE_COLOUR('',#17235);
#13333=VERTEX_POINT('',#17236);
#13334=LINE('',#17237,#17238);
#13335=VERTEX_POINT('',#17239);
#13336=LINE('',#17240,#17241);
#13337=LINE('',#17242,#17243);
#13338=FILL_AREA_STYLE_COLOUR('',#17244);
#13339=VERTEX_POINT('',#17245);
#13340=LINE('',#17246,#17247);
#13341=LINE('',#17248,#17249);
#13342=FILL_AREA_STYLE_COLOUR('',#17250);
#13343=VERTEX_POINT('',#17251);
#13344=LINE('',#17252,#17253);
#13345=VERTEX_POINT('',#17254);
#13346=LINE('',#17255,#17256);
#13347=LINE('',#17257,#17258);
#13348=FILL_AREA_STYLE_COLOUR('',#17259);
#13349=VERTEX_POINT('',#17260);
#13350=LINE('',#17261,#17262);
#13351=LINE('',#17263,#17264);
#13352=FILL_AREA_STYLE_COLOUR('',#17265);
#13353=VERTEX_POINT('',#17266);
#13354=LINE('',#17267,#17268);
#13355=VERTEX_POINT('',#17269);
#13356=LINE('',#17270,#17271);
#13357=LINE('',#17272,#17273);
#13358=FILL_AREA_STYLE_COLOUR('',#17274);
#13359=LINE('',#17275,#17276);
#13360=LINE('',#17277,#17278);
#13361=FILL_AREA_STYLE_COLOUR('',#17279);
#13362=LINE('',#17280,#17281);
#13363=FILL_AREA_STYLE_COLOUR('',#17282);
#13364=FILL_AREA_STYLE_COLOUR('',#17283);
#13365=VERTEX_POINT('',#17284);
#13366=VERTEX_POINT('',#17285);
#13367=LINE('',#17286,#17287);
#13368=VERTEX_POINT('',#17288);
#13369=LINE('',#17289,#17290);
#13370=VERTEX_POINT('',#17291);
#13371=LINE('',#17292,#17293);
#13372=LINE('',#17294,#17295);
#13373=FILL_AREA_STYLE_COLOUR('',#17296);
#13374=VERTEX_POINT('',#17297);
#13375=LINE('',#17298,#17299);
#13376=VERTEX_POINT('',#17300);
#13377=LINE('',#17301,#17302);
#13378=LINE('',#17303,#17304);
#13379=FILL_AREA_STYLE_COLOUR('',#17305);
#13380=VERTEX_POINT('',#17306);
#13381=LINE('',#17307,#17308);
#13382=VERTEX_POINT('',#17309);
#13383=LINE('',#17310,#17311);
#13384=LINE('',#17312,#17313);
#13385=FILL_AREA_STYLE_COLOUR('',#17314);
#13386=VERTEX_POINT('',#17315);
#13387=LINE('',#17316,#17317);
#13388=LINE('',#17318,#17319);
#13389=FILL_AREA_STYLE_COLOUR('',#17320);
#13390=VERTEX_POINT('',#17321);
#13391=LINE('',#17322,#17323);
#13392=VERTEX_POINT('',#17324);
#13393=LINE('',#17325,#17326);
#13394=LINE('',#17327,#17328);
#13395=FILL_AREA_STYLE_COLOUR('',#17329);
#13396=LINE('',#17330,#17331);
#13397=LINE('',#17332,#17333);
#13398=FILL_AREA_STYLE_COLOUR('',#17334);
#13399=VERTEX_POINT('',#17335);
#13400=LINE('',#17336,#17337);
#13401=LINE('',#17338,#17339);
#13402=FILL_AREA_STYLE_COLOUR('',#17340);
#13403=LINE('',#17341,#17342);
#13404=FILL_AREA_STYLE_COLOUR('',#17343);
#13405=VERTEX_POINT('',#17344);
#13406=LINE('',#17345,#17346);
#13407=VERTEX_POINT('',#17347);
#13408=LINE('',#17348,#17349);
#13409=LINE('',#17350,#17351);
#13410=FILL_AREA_STYLE_COLOUR('',#17352);
#13411=VERTEX_POINT('',#17353);
#13412=LINE('',#17354,#17355);
#13413=LINE('',#17356,#17357);
#13414=FILL_AREA_STYLE_COLOUR('',#17358);
#13415=VERTEX_POINT('',#17359);
#13416=LINE('',#17360,#17361);
#13417=VERTEX_POINT('',#17362);
#13418=LINE('',#17363,#17364);
#13419=LINE('',#17365,#17366);
#13420=FILL_AREA_STYLE_COLOUR('',#17367);
#13421=VERTEX_POINT('',#17368);
#13422=LINE('',#17369,#17370);
#13423=LINE('',#17371,#17372);
#13424=FILL_AREA_STYLE_COLOUR('',#17373);
#13425=VERTEX_POINT('',#17374);
#13426=LINE('',#17375,#17376);
#13427=VERTEX_POINT('',#17377);
#13428=LINE('',#17378,#17379);
#13429=LINE('',#17380,#17381);
#13430=FILL_AREA_STYLE_COLOUR('',#17382);
#13431=LINE('',#17383,#17384);
#13432=LINE('',#17385,#17386);
#13433=FILL_AREA_STYLE_COLOUR('',#17387);
#13434=LINE('',#17388,#17389);
#13435=FILL_AREA_STYLE_COLOUR('',#17390);
#13436=FILL_AREA_STYLE_COLOUR('',#17391);
#13437=VERTEX_POINT('',#17392);
#13438=VERTEX_POINT('',#17393);
#13439=LINE('',#17394,#17395);
#13440=VERTEX_POINT('',#17396);
#13441=LINE('',#17397,#17398);
#13442=VERTEX_POINT('',#17399);
#13443=LINE('',#17400,#17401);
#13444=LINE('',#17402,#17403);
#13445=FILL_AREA_STYLE_COLOUR('',#17404);
#13446=VERTEX_POINT('',#17405);
#13447=LINE('',#17406,#17407);
#13448=VERTEX_POINT('',#17408);
#13449=LINE('',#17409,#17410);
#13450=LINE('',#17411,#17412);
#13451=FILL_AREA_STYLE_COLOUR('',#17413);
#13452=VERTEX_POINT('',#17414);
#13453=LINE('',#17415,#17416);
#13454=VERTEX_POINT('',#17417);
#13455=LINE('',#17418,#17419);
#13456=LINE('',#17420,#17421);
#13457=FILL_AREA_STYLE_COLOUR('',#17422);
#13458=VERTEX_POINT('',#17423);
#13459=LINE('',#17424,#17425);
#13460=LINE('',#17426,#17427);
#13461=FILL_AREA_STYLE_COLOUR('',#17428);
#13462=VERTEX_POINT('',#17429);
#13463=LINE('',#17430,#17431);
#13464=VERTEX_POINT('',#17432);
#13465=LINE('',#17433,#17434);
#13466=LINE('',#17435,#17436);
#13467=FILL_AREA_STYLE_COLOUR('',#17437);
#13468=LINE('',#17438,#17439);
#13469=LINE('',#17440,#17441);
#13470=FILL_AREA_STYLE_COLOUR('',#17442);
#13471=VERTEX_POINT('',#17443);
#13472=LINE('',#17444,#17445);
#13473=LINE('',#17446,#17447);
#13474=FILL_AREA_STYLE_COLOUR('',#17448);
#13475=LINE('',#17449,#17450);
#13476=FILL_AREA_STYLE_COLOUR('',#17451);
#13477=VERTEX_POINT('',#17452);
#13478=LINE('',#17453,#17454);
#13479=VERTEX_POINT('',#17455);
#13480=LINE('',#17456,#17457);
#13481=LINE('',#17458,#17459);
#13482=FILL_AREA_STYLE_COLOUR('',#17460);
#13483=VERTEX_POINT('',#17461);
#13484=LINE('',#17462,#17463);
#13485=LINE('',#17464,#17465);
#13486=FILL_AREA_STYLE_COLOUR('',#17466);
#13487=VERTEX_POINT('',#17467);
#13488=LINE('',#17468,#17469);
#13489=VERTEX_POINT('',#17470);
#13490=LINE('',#17471,#17472);
#13491=LINE('',#17473,#17474);
#13492=FILL_AREA_STYLE_COLOUR('',#17475);
#13493=VERTEX_POINT('',#17476);
#13494=LINE('',#17477,#17478);
#13495=LINE('',#17479,#17480);
#13496=FILL_AREA_STYLE_COLOUR('',#17481);
#13497=VERTEX_POINT('',#17482);
#13498=LINE('',#17483,#17484);
#13499=VERTEX_POINT('',#17485);
#13500=LINE('',#17486,#17487);
#13501=LINE('',#17488,#17489);
#13502=FILL_AREA_STYLE_COLOUR('',#17490);
#13503=LINE('',#17491,#17492);
#13504=LINE('',#17493,#17494);
#13505=FILL_AREA_STYLE_COLOUR('',#17495);
#13506=LINE('',#17496,#17497);
#13507=FILL_AREA_STYLE_COLOUR('',#17498);
#13508=FILL_AREA_STYLE_COLOUR('',#17499);
#13509=VERTEX_POINT('',#17500);
#13510=LINE('',#17501,#17502);
#13511=VERTEX_POINT('',#17503);
#13512=LINE('',#17504,#17505);
#13513=LINE('',#17506,#17507);
#13514=FILL_AREA_STYLE_COLOUR('',#17508);
#13515=VERTEX_POINT('',#17509);
#13516=LINE('',#17510,#17511);
#13517=LINE('',#17512,#17513);
#13518=FILL_AREA_STYLE_COLOUR('',#17514);
#13519=VERTEX_POINT('',#17515);
#13520=LINE('',#17516,#17517);
#13521=VERTEX_POINT('',#17518);
#13522=LINE('',#17519,#17520);
#13523=LINE('',#17521,#17522);
#13524=FILL_AREA_STYLE_COLOUR('',#17523);
#13525=VERTEX_POINT('',#17524);
#13526=LINE('',#17525,#17526);
#13527=LINE('',#17527,#17528);
#13528=FILL_AREA_STYLE_COLOUR('',#17529);
#13529=VERTEX_POINT('',#17530);
#13530=LINE('',#17531,#17532);
#13531=VERTEX_POINT('',#17533);
#13532=LINE('',#17534,#17535);
#13533=LINE('',#17536,#17537);
#13534=FILL_AREA_STYLE_COLOUR('',#17538);
#13535=LINE('',#17539,#17540);
#13536=LINE('',#17541,#17542);
#13537=FILL_AREA_STYLE_COLOUR('',#17543);
#13538=LINE('',#17544,#17545);
#13539=FILL_AREA_STYLE_COLOUR('',#17546);
#13540=FILL_AREA_STYLE_COLOUR('',#17547);
#13541=VERTEX_POINT('',#17548);
#13542=LINE('',#17549,#17550);
#13543=VERTEX_POINT('',#17551);
#13544=LINE('',#17552,#17553);
#13545=LINE('',#17554,#17555);
#13546=FILL_AREA_STYLE_COLOUR('',#17556);
#13547=VERTEX_POINT('',#17557);
#13548=LINE('',#17558,#17559);
#13549=LINE('',#17560,#17561);
#13550=FILL_AREA_STYLE_COLOUR('',#17562);
#13551=VERTEX_POINT('',#17563);
#13552=LINE('',#17564,#17565);
#13553=VERTEX_POINT('',#17566);
#13554=LINE('',#17567,#17568);
#13555=LINE('',#17569,#17570);
#13556=FILL_AREA_STYLE_COLOUR('',#17571);
#13557=VERTEX_POINT('',#17572);
#13558=LINE('',#17573,#17574);
#13559=LINE('',#17575,#17576);
#13560=FILL_AREA_STYLE_COLOUR('',#17577);
#13561=VERTEX_POINT('',#17578);
#13562=LINE('',#17579,#17580);
#13563=VERTEX_POINT('',#17581);
#13564=LINE('',#17582,#17583);
#13565=LINE('',#17584,#17585);
#13566=FILL_AREA_STYLE_COLOUR('',#17586);
#13567=LINE('',#17587,#17588);
#13568=LINE('',#17589,#17590);
#13569=FILL_AREA_STYLE_COLOUR('',#17591);
#13570=LINE('',#17592,#17593);
#13571=FILL_AREA_STYLE_COLOUR('',#17594);
#13572=FILL_AREA_STYLE_COLOUR('',#17595);
#13573=LINE('',#17596,#17597);
#13574=FILL_AREA_STYLE_COLOUR('',#17598);
#13575=LINE('',#17599,#17600);
#13576=FILL_AREA_STYLE_COLOUR('',#17601);
#13577=LINE('',#17602,#17603);
#13578=FILL_AREA_STYLE_COLOUR('',#17604);
#13579=LINE('',#17605,#17606);
#13580=FILL_AREA_STYLE_COLOUR('',#17607);
#13581=FILL_AREA_STYLE_COLOUR('',#17608);
#13582=FILL_AREA_STYLE_COLOUR('',#17609);
#13583=VERTEX_POINT('',#17610);
#13584=LINE('',#17611,#17612);
#13585=LINE('',#17613,#17614);
#13586=FILL_AREA_STYLE_COLOUR('',#17615);
#13587=LINE('',#17616,#17617);
#13588=FILL_AREA_STYLE_COLOUR('',#17618);
#13589=VERTEX_POINT('',#17619);
#13590=LINE('',#17620,#17621);
#13591=LINE('',#17622,#17623);
#13592=FILL_AREA_STYLE_COLOUR('',#17624);
#13593=LINE('',#17625,#17626);
#13594=FILL_AREA_STYLE_COLOUR('',#17627);
#13595=VERTEX_POINT('',#17628);
#13596=LINE('',#17629,#17630);
#13597=LINE('',#17631,#17632);
#13598=FILL_AREA_STYLE_COLOUR('',#17633);
#13599=FILL_AREA_STYLE_COLOUR('',#17634);
#13600=LINE('',#17635,#17636);
#13601=FILL_AREA_STYLE_COLOUR('',#17637);
#13602=FILL_AREA_STYLE_COLOUR('',#17638);
#13603=VERTEX_POINT('',#17639);
#13604=LINE('',#17640,#17641);
#13605=LINE('',#17642,#17643);
#13606=FILL_AREA_STYLE_COLOUR('',#17644);
#13607=LINE('',#17645,#17646);
#13608=FILL_AREA_STYLE_COLOUR('',#17647);
#13609=VERTEX_POINT('',#17648);
#13610=LINE('',#17649,#17650);
#13611=LINE('',#17651,#17652);
#13612=FILL_AREA_STYLE_COLOUR('',#17653);
#13613=LINE('',#17654,#17655);
#13614=FILL_AREA_STYLE_COLOUR('',#17656);
#13615=VERTEX_POINT('',#17657);
#13616=LINE('',#17658,#17659);
#13617=LINE('',#17660,#17661);
#13618=FILL_AREA_STYLE_COLOUR('',#17662);
#13619=FILL_AREA_STYLE_COLOUR('',#17663);
#13620=LINE('',#17664,#17665);
#13621=FILL_AREA_STYLE_COLOUR('',#17666);
#13622=FILL_AREA_STYLE_COLOUR('',#17667);
#13623=VERTEX_POINT('',#17668);
#13624=LINE('',#17669,#17670);
#13625=LINE('',#17671,#17672);
#13626=FILL_AREA_STYLE_COLOUR('',#17673);
#13627=LINE('',#17674,#17675);
#13628=FILL_AREA_STYLE_COLOUR('',#17676);
#13629=VERTEX_POINT('',#17677);
#13630=LINE('',#17678,#17679);
#13631=LINE('',#17680,#17681);
#13632=FILL_AREA_STYLE_COLOUR('',#17682);
#13633=LINE('',#17683,#17684);
#13634=FILL_AREA_STYLE_COLOUR('',#17685);
#13635=VERTEX_POINT('',#17686);
#13636=LINE('',#17687,#17688);
#13637=LINE('',#17689,#17690);
#13638=FILL_AREA_STYLE_COLOUR('',#17691);
#13639=FILL_AREA_STYLE_COLOUR('',#17692);
#13640=LINE('',#17693,#17694);
#13641=FILL_AREA_STYLE_COLOUR('',#17695);
#13642=FILL_AREA_STYLE_COLOUR('',#17696);
#13643=VERTEX_POINT('',#17697);
#13644=LINE('',#17698,#17699);
#13645=LINE('',#17700,#17701);
#13646=FILL_AREA_STYLE_COLOUR('',#17702);
#13647=LINE('',#17703,#17704);
#13648=FILL_AREA_STYLE_COLOUR('',#17705);
#13649=VERTEX_POINT('',#17706);
#13650=LINE('',#17707,#17708);
#13651=LINE('',#17709,#17710);
#13652=FILL_AREA_STYLE_COLOUR('',#17711);
#13653=LINE('',#17712,#17713);
#13654=FILL_AREA_STYLE_COLOUR('',#17714);
#13655=VERTEX_POINT('',#17715);
#13656=LINE('',#17716,#17717);
#13657=LINE('',#17718,#17719);
#13658=FILL_AREA_STYLE_COLOUR('',#17720);
#13659=FILL_AREA_STYLE_COLOUR('',#17721);
#13660=LINE('',#17722,#17723);
#13661=FILL_AREA_STYLE_COLOUR('',#17724);
#13662=FILL_AREA_STYLE_COLOUR('',#17725);
#13663=VERTEX_POINT('',#17726);
#13664=LINE('',#17727,#17728);
#13665=LINE('',#17729,#17730);
#13666=FILL_AREA_STYLE_COLOUR('',#17731);
#13667=LINE('',#17732,#17733);
#13668=FILL_AREA_STYLE_COLOUR('',#17734);
#13669=VERTEX_POINT('',#17735);
#13670=LINE('',#17736,#17737);
#13671=LINE('',#17738,#17739);
#13672=FILL_AREA_STYLE_COLOUR('',#17740);
#13673=LINE('',#17741,#17742);
#13674=FILL_AREA_STYLE_COLOUR('',#17743);
#13675=VERTEX_POINT('',#17744);
#13676=LINE('',#17745,#17746);
#13677=LINE('',#17747,#17748);
#13678=FILL_AREA_STYLE_COLOUR('',#17749);
#13679=FILL_AREA_STYLE_COLOUR('',#17750);
#13680=LINE('',#17751,#17752);
#13681=FILL_AREA_STYLE_COLOUR('',#17753);
#13682=FILL_AREA_STYLE_COLOUR('',#17754);
#13683=VERTEX_POINT('',#17755);
#13684=LINE('',#17756,#17757);
#13685=LINE('',#17758,#17759);
#13686=FILL_AREA_STYLE_COLOUR('',#17760);
#13687=LINE('',#17761,#17762);
#13688=FILL_AREA_STYLE_COLOUR('',#17763);
#13689=VERTEX_POINT('',#17764);
#13690=LINE('',#17765,#17766);
#13691=LINE('',#17767,#17768);
#13692=FILL_AREA_STYLE_COLOUR('',#17769);
#13693=LINE('',#17770,#17771);
#13694=FILL_AREA_STYLE_COLOUR('',#17772);
#13695=VERTEX_POINT('',#17773);
#13696=LINE('',#17774,#17775);
#13697=LINE('',#17776,#17777);
#13698=FILL_AREA_STYLE_COLOUR('',#17778);
#13699=FILL_AREA_STYLE_COLOUR('',#17779);
#13700=LINE('',#17780,#17781);
#13701=FILL_AREA_STYLE_COLOUR('',#17782);
#13702=FILL_AREA_STYLE_COLOUR('',#17783);
#13703=VERTEX_POINT('',#17784);
#13704=LINE('',#17785,#17786);
#13705=LINE('',#17787,#17788);
#13706=FILL_AREA_STYLE_COLOUR('',#17789);
#13707=LINE('',#17790,#17791);
#13708=FILL_AREA_STYLE_COLOUR('',#17792);
#13709=VERTEX_POINT('',#17793);
#13710=LINE('',#17794,#17795);
#13711=LINE('',#17796,#17797);
#13712=FILL_AREA_STYLE_COLOUR('',#17798);
#13713=LINE('',#17799,#17800);
#13714=FILL_AREA_STYLE_COLOUR('',#17801);
#13715=VERTEX_POINT('',#17802);
#13716=LINE('',#17803,#17804);
#13717=LINE('',#17805,#17806);
#13718=FILL_AREA_STYLE_COLOUR('',#17807);
#13719=FILL_AREA_STYLE_COLOUR('',#17808);
#13720=LINE('',#17809,#17810);
#13721=FILL_AREA_STYLE_COLOUR('',#17811);
#13722=FILL_AREA_STYLE_COLOUR('',#17812);
#13723=VERTEX_POINT('',#17813);
#13724=LINE('',#17814,#17815);
#13725=LINE('',#17816,#17817);
#13726=FILL_AREA_STYLE_COLOUR('',#17818);
#13727=LINE('',#17819,#17820);
#13728=FILL_AREA_STYLE_COLOUR('',#17821);
#13729=VERTEX_POINT('',#17822);
#13730=LINE('',#17823,#17824);
#13731=LINE('',#17825,#17826);
#13732=FILL_AREA_STYLE_COLOUR('',#17827);
#13733=LINE('',#17828,#17829);
#13734=FILL_AREA_STYLE_COLOUR('',#17830);
#13735=VERTEX_POINT('',#17831);
#13736=LINE('',#17832,#17833);
#13737=LINE('',#17834,#17835);
#13738=FILL_AREA_STYLE_COLOUR('',#17836);
#13739=FILL_AREA_STYLE_COLOUR('',#17837);
#13740=LINE('',#17838,#17839);
#13741=FILL_AREA_STYLE_COLOUR('',#17840);
#13742=FILL_AREA_STYLE_COLOUR('',#17841);
#13743=LINE('',#17842,#17843);
#13744=FILL_AREA_STYLE_COLOUR('',#17844);
#13745=LINE('',#17845,#17846);
#13746=FILL_AREA_STYLE_COLOUR('',#17847);
#13747=LINE('',#17848,#17849);
#13748=FILL_AREA_STYLE_COLOUR('',#17850);
#13749=LINE('',#17851,#17852);
#13750=FILL_AREA_STYLE_COLOUR('',#17853);
#13751=FILL_AREA_STYLE_COLOUR('',#17854);
#13752=FILL_AREA_STYLE_COLOUR('',#17855);
#13753=VERTEX_POINT('',#17856);
#13754=VERTEX_POINT('',#17857);
#13755=LINE('',#17858,#17859);
#13756=VERTEX_POINT('',#17860);
#13757=LINE('',#17861,#17862);
#13758=VERTEX_POINT('',#17863);
#13759=LINE('',#17864,#17865);
#13760=LINE('',#17866,#17867);
#13761=FILL_AREA_STYLE_COLOUR('',#17868);
#13762=VERTEX_POINT('',#17869);
#13763=LINE('',#17870,#17871);
#13764=VERTEX_POINT('',#17872);
#13765=LINE('',#17873,#17874);
#13766=LINE('',#17875,#17876);
#13767=FILL_AREA_STYLE_COLOUR('',#17877);
#13768=VERTEX_POINT('',#17878);
#13769=LINE('',#17879,#17880);
#13770=VERTEX_POINT('',#17881);
#13771=LINE('',#17882,#17883);
#13772=LINE('',#17884,#17885);
#13773=FILL_AREA_STYLE_COLOUR('',#17886);
#13774=VERTEX_POINT('',#17887);
#13775=LINE('',#17888,#17889);
#13776=VERTEX_POINT('',#17890);
#13777=LINE('',#17891,#17892);
#13778=LINE('',#17893,#17894);
#13779=FILL_AREA_STYLE_COLOUR('',#17895);
#13780=VERTEX_POINT('',#17896);
#13781=LINE('',#17897,#17898);
#13782=LINE('',#17899,#17900);
#13783=LINE('',#17901,#17902);
#13784=FILL_AREA_STYLE_COLOUR('',#17903);
#13785=VERTEX_POINT('',#17904);
#13786=LINE('',#17905,#17906);
#13787=LINE('',#17907,#17908);
#13788=FILL_AREA_STYLE_COLOUR('',#17909);
#13789=LINE('',#17910,#17911);
#13790=LINE('',#17912,#17913);
#13791=FILL_AREA_STYLE_COLOUR('',#17914);
#13792=VERTEX_POINT('',#17915);
#13793=LINE('',#17916,#17917);
#13794=LINE('',#17918,#17919);
#13795=FILL_AREA_STYLE_COLOUR('',#17920);
#13796=VERTEX_POINT('',#17921);
#13797=LINE('',#17922,#17923);
#13798=VERTEX_POINT('',#17924);
#13799=LINE('',#17925,#17926);
#13800=LINE('',#17927,#17928);
#13801=FILL_AREA_STYLE_COLOUR('',#17929);
#13802=LINE('',#17930,#17931);
#13803=LINE('',#17932,#17933);
#13804=FILL_AREA_STYLE_COLOUR('',#17934);
#13805=FILL_AREA_STYLE_COLOUR('',#17935);
#13806=COLOUR_RGB('',0.705882370471954,0.705882370471954,0.705882370471954);
#13807=CARTESIAN_POINT('',(9.519031,0.00024368892857983,-1.08433631107142));
#13808=CARTESIAN_POINT('',(9.798431,0.00024368892857983,-1.08433631107142));
#13809=CARTESIAN_POINT('',(9.658731,0.00024368892857983,-1.08433631107142));
#13810=VECTOR('',#17936,1.0);
#13811=CARTESIAN_POINT('',(9.519031,0.119136311071419,-0.96544368892858));
#13812=AXIS2_PLACEMENT_3D('',#17937,#17938,#17939);
#13813=CARTESIAN_POINT('',(9.798431,0.119136311071419,-0.96544368892858));
#13814=CARTESIAN_POINT('',(9.658731,0.119136311071419,-0.96544368892858));
#13815=VECTOR('',#17940,1.0);
#13816=AXIS2_PLACEMENT_3D('',#17941,#17942,#17943);
#13817=COLOUR_RGB('',0.705882370471954,0.705882370471954,0.705882370471954);
#13818=CARTESIAN_POINT('',(9.798431,0.0,-1.08458));
#13819=CARTESIAN_POINT('',(9.798431,0.0,-1.27));
#13820=CARTESIAN_POINT('',(9.798431,0.0,-1.18102514458761));
#13821=VECTOR('',#17944,1.0);
#13822=CARTESIAN_POINT('',(9.798431,0.0549855360164968,-1.0295944639835));
#13823=VECTOR('',#17945,1.0);
#13824=CARTESIAN_POINT('',(9.798431,0.127,-0.95758));
#13825=CARTESIAN_POINT('',(9.798431,0.0549855360164968,-1.0295944639835));
#13826=VECTOR('',#17946,1.0);
#13827=CARTESIAN_POINT('',(9.798431,0.127,-0.957199));
#13828=CARTESIAN_POINT('',(9.798431,0.127,-0.592380144587612));
#13829=VECTOR('',#17947,1.0);
#13830=CARTESIAN_POINT('',(9.798431,0.635,-0.957199));
#13831=CARTESIAN_POINT('',(9.798431,-0.335938783379394,-0.957199));
#13832=VECTOR('',#17948,1.0);
#13833=CARTESIAN_POINT('',(9.798431,0.635,-0.8382));
#13834=CARTESIAN_POINT('',(9.798431,0.635,-0.592380144587612));
#13835=VECTOR('',#17949,1.0);
#13836=CARTESIAN_POINT('',(9.798431,0.127,-0.8382));
#13837=CARTESIAN_POINT('',(9.798431,0.127,-0.8382));
#13838=VECTOR('',#17950,1.0);
#13839=CARTESIAN_POINT('',(9.798431,-0.127,-1.0922));
#13840=AXIS2_PLACEMENT_3D('',#17951,#17952,#17953);
#13841=CARTESIAN_POINT('',(9.798431,-0.127,-1.905));
#13842=CARTESIAN_POINT('',(9.798431,-0.127,-1.905));
#13843=VECTOR('',#17954,1.0);
#13844=CARTESIAN_POINT('',(9.798431,0.0,-1.905));
#13845=CARTESIAN_POINT('',(9.798431,0.0,-1.905));
#13846=VECTOR('',#17955,1.0);
#13847=CARTESIAN_POINT('',(9.798431,0.0,-1.0922));
#13848=VECTOR('',#17956,1.0);
#13849=COLOUR_RGB('',0.705882370471954,0.705882370471954,0.705882370471954);
#13850=CARTESIAN_POINT('',(9.519031,0.127,-0.8382));
#13851=CARTESIAN_POINT('',(9.519031,-0.127,-1.0922));
#13852=AXIS2_PLACEMENT_3D('',#17957,#17958,#17959);
#13853=CARTESIAN_POINT('',(9.798431,-0.127,-1.0922));
#13854=VECTOR('',#17960,1.0);
#13855=CARTESIAN_POINT('',(9.798431,0.127,-0.8382));
#13856=VECTOR('',#17961,1.0);
#13857=COLOUR_RGB('',0.705882370471954,0.705882370471954,0.705882370471954);
#13858=CARTESIAN_POINT('',(9.519031,-0.127,-1.905));
#13859=CARTESIAN_POINT('',(9.519031,-0.127,-1.905));
#13860=VECTOR('',#17962,1.0);
#13861=CARTESIAN_POINT('',(9.798431,-0.127,-1.905));
#13862=VECTOR('',#17963,1.0);
#13863=COLOUR_RGB('',0.705882370471954,0.705882370471954,0.705882370471954);
#13864=CARTESIAN_POINT('',(9.519031,0.0,-1.905));
#13865=CARTESIAN_POINT('',(9.519031,0.0,-1.905));
#13866=VECTOR('',#17964,1.0);
#13867=CARTESIAN_POINT('',(9.798431,0.0,-1.905));
#13868=VECTOR('',#17965,1.0);
#13869=COLOUR_RGB('',0.705882370471954,0.705882370471954,0.705882370471954);
#13870=CARTESIAN_POINT('',(9.519031,0.0,-1.27));
#13871=CARTESIAN_POINT('',(7.7762503467721E-17,0.0,-1.27));
#13872=VECTOR('',#17966,1.0);
#13873=CARTESIAN_POINT('',(9.519031,0.0,-1.0922));
#13874=VECTOR('',#17967,1.0);
#13875=COLOUR_RGB('',0.705882370471954,0.705882370471954,0.705882370471954);
#13876=CARTESIAN_POINT('',(9.519031,0.635,-0.8382));
#13877=CARTESIAN_POINT('',(9.728581,0.635,-0.8382));
#13878=VECTOR('',#17968,1.0);
#13879=CARTESIAN_POINT('',(9.519031,0.127,-0.8382));
#13880=VECTOR('',#17969,1.0);
#13881=COLOUR_RGB('',0.705882370471954,0.705882370471954,0.705882370471954);
#13882=CARTESIAN_POINT('',(9.519031,0.0,-1.08458));
#13883=CARTESIAN_POINT('',(9.519031,0.0,-1.18102514458761));
#13884=VECTOR('',#17970,1.0);
#13885=CARTESIAN_POINT('',(9.519031,0.635,-0.957199));
#13886=CARTESIAN_POINT('',(9.519031,0.635,-0.592380144587612));
#13887=VECTOR('',#17971,1.0);
#13888=CARTESIAN_POINT('',(9.519031,0.127,-0.957199));
#13889=CARTESIAN_POINT('',(9.519031,-0.335938783379394,-0.957199));
#13890=VECTOR('',#17972,1.0);
#13891=CARTESIAN_POINT('',(9.519031,0.127,-0.95758));
#13892=CARTESIAN_POINT('',(9.519031,0.127,-0.592380144587612));
#13893=VECTOR('',#17973,1.0);
#13894=CARTESIAN_POINT('',(9.519031,0.0549855360164969,-1.0295944639835));
#13895=VECTOR('',#17974,1.0);
#13896=CARTESIAN_POINT('',(9.519031,0.0549855360164969,-1.0295944639835));
#13897=VECTOR('',#17975,1.0);
#13898=COLOUR_RGB('',0.196078434586525,0.196078434586525,0.196078434586525);
#13899=CARTESIAN_POINT('',(8.798433,0.0,-1.08458));
#13900=CARTESIAN_POINT('',(6.64091779614337E-17,0.0,-1.08458));
#13901=VECTOR('',#17976,1.0);
#13902=CARTESIAN_POINT('',(8.798433,0.0,-1.27));
#13903=CARTESIAN_POINT('',(8.798433,0.0,-1.18102514458761));
#13904=VECTOR('',#17977,1.0);
#13905=CARTESIAN_POINT('',(7.7762503467721E-17,0.0,-1.27));
#13906=VECTOR('',#17978,1.0);
#13907=COLOUR_RGB('',0.196078434586525,0.196078434586525,0.196078434586525);
#13908=CARTESIAN_POINT('',(10.001631,0.635,-0.957199));
#13909=CARTESIAN_POINT('',(9.658731,0.635,-0.957199));
#13910=VECTOR('',#17979,1.0);
#13911=CARTESIAN_POINT('',(10.001631,0.635,-0.207899));
#13912=CARTESIAN_POINT('',(10.001631,0.635,0.0));
#13913=VECTOR('',#17980,1.0);
#13914=CARTESIAN_POINT('',(9.315831,0.635,-0.207899));
#13915=CARTESIAN_POINT('',(11.9087265,0.635,-0.207899));
#13916=VECTOR('',#17981,1.0);
#13917=CARTESIAN_POINT('',(9.315831,0.635,-0.957199));
#13918=CARTESIAN_POINT('',(9.315831,0.635,0.0));
#13919=VECTOR('',#17982,1.0);
#13920=CARTESIAN_POINT('',(9.658731,0.635,-0.957199));
#13921=VECTOR('',#17983,1.0);
#13922=CARTESIAN_POINT('',(9.455531,0.635,-0.29718));
#13923=CARTESIAN_POINT('',(9.861931,0.635,-0.29718));
#13924=CARTESIAN_POINT('',(9.658731,0.635,-0.29718));
#13925=VECTOR('',#17984,1.0);
#13926=CARTESIAN_POINT('',(9.861931,0.635,-0.70358));
#13927=CARTESIAN_POINT('',(9.861931,0.635,-0.25019));
#13928=VECTOR('',#17985,1.0);
#13929=CARTESIAN_POINT('',(9.455531,0.635,-0.70358));
#13930=CARTESIAN_POINT('',(9.658731,0.635,-0.70358));
#13931=VECTOR('',#17986,1.0);
#13932=CARTESIAN_POINT('',(9.455531,0.635,-0.25019));
#13933=VECTOR('',#17987,1.0);
#13934=COLOUR_RGB('',0.196078434586525,0.196078434586525,0.196078434586525);
#13935=CARTESIAN_POINT('',(10.001631,0.127,-0.957199));
#13936=CARTESIAN_POINT('',(4.8293655,0.127,-0.957199));
#13937=VECTOR('',#17988,1.0);
#13938=CARTESIAN_POINT('',(10.001631,-0.865,-0.957199));
#13939=VECTOR('',#17989,1.0);
#13940=COLOUR_RGB('',0.196078434586525,0.196078434586525,0.196078434586525);
#13941=CARTESIAN_POINT('',(9.315831,0.127,-0.957199));
#13942=CARTESIAN_POINT('',(9.315831,-0.865,-0.957199));
#13943=VECTOR('',#17990,1.0);
#13944=CARTESIAN_POINT('',(4.8293655,0.127,-0.957199));
#13945=VECTOR('',#17991,1.0);
#13946=COLOUR_RGB('',0.705882370471954,0.705882370471954,0.705882370471954);
#13947=CARTESIAN_POINT('',(8.519033,0.00024368892857983,-1.08433631107142));
#13948=CARTESIAN_POINT('',(8.798433,0.00024368892857983,-1.08433631107142));
#13949=CARTESIAN_POINT('',(8.658733,0.00024368892857983,-1.08433631107142));
#13950=VECTOR('',#17992,1.0);
#13951=CARTESIAN_POINT('',(8.519033,0.119136311071419,-0.96544368892858));
#13952=AXIS2_PLACEMENT_3D('',#17993,#17994,#17995);
#13953=CARTESIAN_POINT('',(8.798433,0.119136311071419,-0.96544368892858));
#13954=CARTESIAN_POINT('',(8.658733,0.119136311071419,-0.96544368892858));
#13955=VECTOR('',#17996,1.0);
#13956=AXIS2_PLACEMENT_3D('',#17997,#17998,#17999);
#13957=COLOUR_RGB('',0.705882370471954,0.705882370471954,0.705882370471954);
#13958=CARTESIAN_POINT('',(8.798433,0.0549855360164969,-1.0295944639835));
#13959=VECTOR('',#18000,1.0);
#13960=CARTESIAN_POINT('',(8.798433,0.127,-0.95758));
#13961=CARTESIAN_POINT('',(8.798433,0.0549855360164969,-1.0295944639835));
#13962=VECTOR('',#18001,1.0);
#13963=CARTESIAN_POINT('',(8.798433,0.127,-0.957199));
#13964=CARTESIAN_POINT('',(8.798433,0.127,-0.592380144587612));
#13965=VECTOR('',#18002,1.0);
#13966=CARTESIAN_POINT('',(8.798433,0.635,-0.957199));
#13967=CARTESIAN_POINT('',(8.798433,-0.335938783379394,-0.957199));
#13968=VECTOR('',#18003,1.0);
#13969=CARTESIAN_POINT('',(8.798433,0.635,-0.8382));
#13970=CARTESIAN_POINT('',(8.798433,0.635,-0.592380144587612));
#13971=VECTOR('',#18004,1.0);
#13972=CARTESIAN_POINT('',(8.798433,0.127,-0.8382));
#13973=CARTESIAN_POINT('',(8.798433,0.127,-0.8382));
#13974=VECTOR('',#18005,1.0);
#13975=CARTESIAN_POINT('',(8.798433,-0.127,-1.0922));
#13976=AXIS2_PLACEMENT_3D('',#18006,#18007,#18008);
#13977=CARTESIAN_POINT('',(8.798433,-0.127,-1.905));
#13978=CARTESIAN_POINT('',(8.798433,-0.127,-1.905));
#13979=VECTOR('',#18009,1.0);
#13980=CARTESIAN_POINT('',(8.798433,0.0,-1.905));
#13981=CARTESIAN_POINT('',(8.798433,0.0,-1.905));
#13982=VECTOR('',#18010,1.0);
#13983=CARTESIAN_POINT('',(8.798433,0.0,-1.0922));
#13984=VECTOR('',#18011,1.0);
#13985=COLOUR_RGB('',0.705882370471954,0.705882370471954,0.705882370471954);
#13986=CARTESIAN_POINT('',(8.519033,0.127,-0.8382));
#13987=CARTESIAN_POINT('',(8.519033,-0.127,-1.0922));
#13988=AXIS2_PLACEMENT_3D('',#18012,#18013,#18014);
#13989=CARTESIAN_POINT('',(8.798433,-0.127,-1.0922));
#13990=VECTOR('',#18015,1.0);
#13991=CARTESIAN_POINT('',(8.798433,0.127,-0.8382));
#13992=VECTOR('',#18016,1.0);
#13993=COLOUR_RGB('',0.705882370471954,0.705882370471954,0.705882370471954);
#13994=CARTESIAN_POINT('',(8.519033,-0.127,-1.905));
#13995=CARTESIAN_POINT('',(8.519033,-0.127,-1.905));
#13996=VECTOR('',#18017,1.0);
#13997=CARTESIAN_POINT('',(8.798433,-0.127,-1.905));
#13998=VECTOR('',#18018,1.0);
#13999=COLOUR_RGB('',0.705882370471954,0.705882370471954,0.705882370471954);
#14000=CARTESIAN_POINT('',(8.519033,0.0,-1.905));
#14001=CARTESIAN_POINT('',(8.519033,0.0,-1.905));
#14002=VECTOR('',#18019,1.0);
#14003=CARTESIAN_POINT('',(8.798433,0.0,-1.905));
#14004=VECTOR('',#18020,1.0);
#14005=COLOUR_RGB('',0.705882370471954,0.705882370471954,0.705882370471954);
#14006=CARTESIAN_POINT('',(8.519033,0.0,-1.27));
#14007=CARTESIAN_POINT('',(7.7762503467721E-17,0.0,-1.27));
#14008=VECTOR('',#18021,1.0);
#14009=CARTESIAN_POINT('',(8.519033,0.0,-1.0922));
#14010=VECTOR('',#18022,1.0);
#14011=COLOUR_RGB('',0.705882370471954,0.705882370471954,0.705882370471954);
#14012=CARTESIAN_POINT('',(8.519033,0.635,-0.8382));
#14013=CARTESIAN_POINT('',(8.728583,0.635,-0.8382));
#14014=VECTOR('',#18023,1.0);
#14015=CARTESIAN_POINT('',(8.519033,0.127,-0.8382));
#14016=VECTOR('',#18024,1.0);
#14017=COLOUR_RGB('',0.705882370471954,0.705882370471954,0.705882370471954);
#14018=CARTESIAN_POINT('',(8.519033,0.0,-1.08458));
#14019=CARTESIAN_POINT('',(8.519033,0.0,-1.18102514458761));
#14020=VECTOR('',#18025,1.0);
#14021=CARTESIAN_POINT('',(8.519033,0.635,-0.957199));
#14022=CARTESIAN_POINT('',(8.519033,0.635,-0.592380144587612));
#14023=VECTOR('',#18026,1.0);
#14024=CARTESIAN_POINT('',(8.519033,0.127,-0.957199));
#14025=CARTESIAN_POINT('',(8.519033,-0.335938783379394,-0.957199));
#14026=VECTOR('',#18027,1.0);
#14027=CARTESIAN_POINT('',(8.519033,0.127,-0.95758));
#14028=CARTESIAN_POINT('',(8.519033,0.127,-0.592380144587612));
#14029=VECTOR('',#18028,1.0);
#14030=CARTESIAN_POINT('',(8.519033,0.0549855360164969,-1.0295944639835));
#14031=VECTOR('',#18029,1.0);
#14032=CARTESIAN_POINT('',(8.519033,0.0549855360164969,-1.0295944639835));
#14033=VECTOR('',#18030,1.0);
#14034=COLOUR_RGB('',0.196078434586525,0.196078434586525,0.196078434586525);
#14035=CARTESIAN_POINT('',(7.798435,0.0,-1.08458));
#14036=CARTESIAN_POINT('',(6.64091779614337E-17,0.0,-1.08458));
#14037=VECTOR('',#18031,1.0);
#14038=CARTESIAN_POINT('',(7.798435,0.0,-1.27));
#14039=CARTESIAN_POINT('',(7.798435,0.0,-1.18102514458761));
#14040=VECTOR('',#18032,1.0);
#14041=CARTESIAN_POINT('',(7.7762503467721E-17,0.0,-1.27));
#14042=VECTOR('',#18033,1.0);
#14043=COLOUR_RGB('',0.196078434586525,0.196078434586525,0.196078434586525);
#14044=CARTESIAN_POINT('',(9.001633,0.635,-0.957199));
#14045=CARTESIAN_POINT('',(8.658733,0.635,-0.957199));
#14046=VECTOR('',#18034,1.0);
#14047=CARTESIAN_POINT('',(9.001633,0.635,-0.207899));
#14048=CARTESIAN_POINT('',(9.001633,0.635,0.0));
#14049=VECTOR('',#18035,1.0);
#14050=CARTESIAN_POINT('',(8.315833,0.635,-0.207899));
#14051=CARTESIAN_POINT('',(10.9087285,0.635,-0.207899));
#14052=VECTOR('',#18036,1.0);
#14053=CARTESIAN_POINT('',(8.315833,0.635,-0.957199));
#14054=CARTESIAN_POINT('',(8.315833,0.635,0.0));
#14055=VECTOR('',#18037,1.0);
#14056=CARTESIAN_POINT('',(8.658733,0.635,-0.957199));
#14057=VECTOR('',#18038,1.0);
#14058=CARTESIAN_POINT('',(8.455533,0.635,-0.29718));
#14059=CARTESIAN_POINT('',(8.861933,0.635,-0.29718));
#14060=CARTESIAN_POINT('',(8.658733,0.635,-0.29718));
#14061=VECTOR('',#18039,1.0);
#14062=CARTESIAN_POINT('',(8.861933,0.635,-0.70358));
#14063=CARTESIAN_POINT('',(8.861933,0.635,-0.25019));
#14064=VECTOR('',#18040,1.0);
#14065=CARTESIAN_POINT('',(8.455533,0.635,-0.70358));
#14066=CARTESIAN_POINT('',(8.658733,0.635,-0.70358));
#14067=VECTOR('',#18041,1.0);
#14068=CARTESIAN_POINT('',(8.455533,0.635,-0.25019));
#14069=VECTOR('',#18042,1.0);
#14070=COLOUR_RGB('',0.196078434586525,0.196078434586525,0.196078434586525);
#14071=CARTESIAN_POINT('',(9.001633,0.127,-0.957199));
#14072=CARTESIAN_POINT('',(4.3293665,0.127,-0.957199));
#14073=VECTOR('',#18043,1.0);
#14074=CARTESIAN_POINT('',(9.001633,-0.865,-0.957199));
#14075=VECTOR('',#18044,1.0);
#14076=COLOUR_RGB('',0.196078434586525,0.196078434586525,0.196078434586525);
#14077=CARTESIAN_POINT('',(8.315833,0.127,-0.957199));
#14078=CARTESIAN_POINT('',(8.315833,-0.865,-0.957199));
#14079=VECTOR('',#18045,1.0);
#14080=CARTESIAN_POINT('',(4.3293665,0.127,-0.957199));
#14081=VECTOR('',#18046,1.0);
#14082=COLOUR_RGB('',0.705882370471954,0.705882370471954,0.705882370471954);
#14083=CARTESIAN_POINT('',(7.519035,0.000243688928579816,-1.08433631107142));
#14084=CARTESIAN_POINT('',(7.798435,0.000243688928579816,-1.08433631107142));
#14085=CARTESIAN_POINT('',(7.658735,0.000243688928579816,-1.08433631107142));
#14086=VECTOR('',#18047,1.0);
#14087=CARTESIAN_POINT('',(7.519035,0.119136311071419,-0.96544368892858));
#14088=AXIS2_PLACEMENT_3D('',#18048,#18049,#18050);
#14089=CARTESIAN_POINT('',(7.798435,0.119136311071419,-0.96544368892858));
#14090=CARTESIAN_POINT('',(7.658735,0.119136311071419,-0.96544368892858));
#14091=VECTOR('',#18051,1.0);
#14092=AXIS2_PLACEMENT_3D('',#18052,#18053,#18054);
#14093=COLOUR_RGB('',0.705882370471954,0.705882370471954,0.705882370471954);
#14094=CARTESIAN_POINT('',(7.798435,0.0549855360164968,-1.0295944639835));
#14095=VECTOR('',#18055,1.0);
#14096=CARTESIAN_POINT('',(7.798435,0.127,-0.95758));
#14097=CARTESIAN_POINT('',(7.798435,0.0549855360164968,-1.0295944639835));
#14098=VECTOR('',#18056,1.0);
#14099=CARTESIAN_POINT('',(7.798435,0.127,-0.957199));
#14100=CARTESIAN_POINT('',(7.798435,0.127,-0.592380144587612));
#14101=VECTOR('',#18057,1.0);
#14102=CARTESIAN_POINT('',(7.798435,0.635,-0.957199));
#14103=CARTESIAN_POINT('',(7.798435,-0.335938783379394,-0.957199));
#14104=VECTOR('',#18058,1.0);
#14105=CARTESIAN_POINT('',(7.798435,0.635,-0.8382));
#14106=CARTESIAN_POINT('',(7.798435,0.635,-0.592380144587612));
#14107=VECTOR('',#18059,1.0);
#14108=CARTESIAN_POINT('',(7.798435,0.127,-0.8382));
#14109=CARTESIAN_POINT('',(7.798435,0.127,-0.8382));
#14110=VECTOR('',#18060,1.0);
#14111=CARTESIAN_POINT('',(7.798435,-0.127,-1.0922));
#14112=AXIS2_PLACEMENT_3D('',#18061,#18062,#18063);
#14113=CARTESIAN_POINT('',(7.798435,-0.127,-1.905));
#14114=CARTESIAN_POINT('',(7.798435,-0.127,-1.905));
#14115=VECTOR('',#18064,1.0);
#14116=CARTESIAN_POINT('',(7.798435,0.0,-1.905));
#14117=CARTESIAN_POINT('',(7.798435,0.0,-1.905));
#14118=VECTOR('',#18065,1.0);
#14119=CARTESIAN_POINT('',(7.798435,0.0,-1.0922));
#14120=VECTOR('',#18066,1.0);
#14121=COLOUR_RGB('',0.705882370471954,0.705882370471954,0.705882370471954);
#14122=CARTESIAN_POINT('',(7.519035,0.127,-0.8382));
#14123=CARTESIAN_POINT('',(7.519035,-0.127,-1.0922));
#14124=AXIS2_PLACEMENT_3D('',#18067,#18068,#18069);
#14125=CARTESIAN_POINT('',(7.798435,-0.127,-1.0922));
#14126=VECTOR('',#18070,1.0);
#14127=CARTESIAN_POINT('',(7.798435,0.127,-0.8382));
#14128=VECTOR('',#18071,1.0);
#14129=COLOUR_RGB('',0.705882370471954,0.705882370471954,0.705882370471954);
#14130=CARTESIAN_POINT('',(7.519035,-0.127,-1.905));
#14131=CARTESIAN_POINT('',(7.519035,-0.127,-1.905));
#14132=VECTOR('',#18072,1.0);
#14133=CARTESIAN_POINT('',(7.798435,-0.127,-1.905));
#14134=VECTOR('',#18073,1.0);
#14135=COLOUR_RGB('',0.705882370471954,0.705882370471954,0.705882370471954);
#14136=CARTESIAN_POINT('',(7.519035,0.0,-1.905));
#14137=CARTESIAN_POINT('',(7.519035,0.0,-1.905));
#14138=VECTOR('',#18074,1.0);
#14139=CARTESIAN_POINT('',(7.798435,0.0,-1.905));
#14140=VECTOR('',#18075,1.0);
#14141=COLOUR_RGB('',0.705882370471954,0.705882370471954,0.705882370471954);
#14142=CARTESIAN_POINT('',(7.519035,0.0,-1.27));
#14143=CARTESIAN_POINT('',(7.7762503467721E-17,0.0,-1.27));
#14144=VECTOR('',#18076,1.0);
#14145=CARTESIAN_POINT('',(7.519035,0.0,-1.0922));
#14146=VECTOR('',#18077,1.0);
#14147=COLOUR_RGB('',0.705882370471954,0.705882370471954,0.705882370471954);
#14148=CARTESIAN_POINT('',(7.519035,0.635,-0.8382));
#14149=CARTESIAN_POINT('',(7.728585,0.635,-0.8382));
#14150=VECTOR('',#18078,1.0);
#14151=CARTESIAN_POINT('',(7.519035,0.127,-0.8382));
#14152=VECTOR('',#18079,1.0);
#14153=COLOUR_RGB('',0.705882370471954,0.705882370471954,0.705882370471954);
#14154=CARTESIAN_POINT('',(7.519035,0.0,-1.08458));
#14155=CARTESIAN_POINT('',(7.519035,0.0,-1.18102514458761));
#14156=VECTOR('',#18080,1.0);
#14157=CARTESIAN_POINT('',(7.519035,0.635,-0.957199));
#14158=CARTESIAN_POINT('',(7.519035,0.635,-0.592380144587612));
#14159=VECTOR('',#18081,1.0);
#14160=CARTESIAN_POINT('',(7.519035,0.127,-0.957199));
#14161=CARTESIAN_POINT('',(7.519035,-0.335938783379394,-0.957199));
#14162=VECTOR('',#18082,1.0);
#14163=CARTESIAN_POINT('',(7.519035,0.127,-0.95758));
#14164=CARTESIAN_POINT('',(7.519035,0.127,-0.592380144587612));
#14165=VECTOR('',#18083,1.0);
#14166=CARTESIAN_POINT('',(7.519035,0.0549855360164968,-1.0295944639835));
#14167=VECTOR('',#18084,1.0);
#14168=CARTESIAN_POINT('',(7.519035,0.0549855360164968,-1.0295944639835));
#14169=VECTOR('',#18085,1.0);
#14170=COLOUR_RGB('',0.196078434586525,0.196078434586525,0.196078434586525);
#14171=CARTESIAN_POINT('',(6.798437,0.0,-1.08458));
#14172=CARTESIAN_POINT('',(6.64091779614337E-17,0.0,-1.08458));
#14173=VECTOR('',#18086,1.0);
#14174=CARTESIAN_POINT('',(6.798437,0.0,-1.27));
#14175=CARTESIAN_POINT('',(6.798437,0.0,-1.18102514458761));
#14176=VECTOR('',#18087,1.0);
#14177=CARTESIAN_POINT('',(7.7762503467721E-17,0.0,-1.27));
#14178=VECTOR('',#18088,1.0);
#14179=COLOUR_RGB('',0.196078434586525,0.196078434586525,0.196078434586525);
#14180=CARTESIAN_POINT('',(8.001635,0.635,-0.957199));
#14181=CARTESIAN_POINT('',(7.658735,0.635,-0.957199));
#14182=VECTOR('',#18089,1.0);
#14183=CARTESIAN_POINT('',(8.001635,0.635,-0.207899));
#14184=CARTESIAN_POINT('',(8.001635,0.635,0.0));
#14185=VECTOR('',#18090,1.0);
#14186=CARTESIAN_POINT('',(7.315835,0.635,-0.207899));
#14187=CARTESIAN_POINT('',(9.9087305,0.635,-0.207899));
#14188=VECTOR('',#18091,1.0);
#14189=CARTESIAN_POINT('',(7.315835,0.635,-0.957199));
#14190=CARTESIAN_POINT('',(7.315835,0.635,0.0));
#14191=VECTOR('',#18092,1.0);
#14192=CARTESIAN_POINT('',(7.658735,0.635,-0.957199));
#14193=VECTOR('',#18093,1.0);
#14194=CARTESIAN_POINT('',(7.455535,0.635,-0.29718));
#14195=CARTESIAN_POINT('',(7.861935,0.635,-0.29718));
#14196=CARTESIAN_POINT('',(7.658735,0.635,-0.29718));
#14197=VECTOR('',#18094,1.0);
#14198=CARTESIAN_POINT('',(7.861935,0.635,-0.70358));
#14199=CARTESIAN_POINT('',(7.861935,0.635,-0.25019));
#14200=VECTOR('',#18095,1.0);
#14201=CARTESIAN_POINT('',(7.455535,0.635,-0.70358));
#14202=CARTESIAN_POINT('',(7.658735,0.635,-0.70358));
#14203=VECTOR('',#18096,1.0);
#14204=CARTESIAN_POINT('',(7.455535,0.635,-0.25019));
#14205=VECTOR('',#18097,1.0);
#14206=COLOUR_RGB('',0.196078434586525,0.196078434586525,0.196078434586525);
#14207=CARTESIAN_POINT('',(8.001635,0.127,-0.957199));
#14208=CARTESIAN_POINT('',(3.8293675,0.127,-0.957199));
#14209=VECTOR('',#18098,1.0);
#14210=CARTESIAN_POINT('',(8.001635,-0.865,-0.957199));
#14211=VECTOR('',#18099,1.0);
#14212=COLOUR_RGB('',0.196078434586525,0.196078434586525,0.196078434586525);
#14213=CARTESIAN_POINT('',(7.315835,0.127,-0.957199));
#14214=CARTESIAN_POINT('',(7.315835,-0.865,-0.957199));
#14215=VECTOR('',#18100,1.0);
#14216=CARTESIAN_POINT('',(3.8293675,0.127,-0.957199));
#14217=VECTOR('',#18101,1.0);
#14218=COLOUR_RGB('',0.705882370471954,0.705882370471954,0.705882370471954);
#14219=CARTESIAN_POINT('',(6.519037,0.000243688928579809,-1.08433631107142));
#14220=CARTESIAN_POINT('',(6.798437,0.000243688928579823,-1.08433631107142));
#14221=CARTESIAN_POINT('',(6.658737,0.000243688928579809,-1.08433631107142));
#14222=VECTOR('',#18102,1.0);
#14223=CARTESIAN_POINT('',(6.519037,0.11913631107142,-0.96544368892858));
#14224=AXIS2_PLACEMENT_3D('',#18103,#18104,#18105);
#14225=CARTESIAN_POINT('',(6.798437,0.11913631107142,-0.96544368892858));
#14226=CARTESIAN_POINT('',(6.658737,0.11913631107142,-0.96544368892858));
#14227=VECTOR('',#18106,1.0);
#14228=AXIS2_PLACEMENT_3D('',#18107,#18108,#18109);
#14229=COLOUR_RGB('',0.705882370471954,0.705882370471954,0.705882370471954);
#14230=CARTESIAN_POINT('',(6.798437,0.0549855360164968,-1.0295944639835));
#14231=VECTOR('',#18110,1.0);
#14232=CARTESIAN_POINT('',(6.798437,0.127,-0.95758));
#14233=CARTESIAN_POINT('',(6.798437,0.0549855360164968,-1.0295944639835));
#14234=VECTOR('',#18111,1.0);
#14235=CARTESIAN_POINT('',(6.798437,0.127,-0.957199));
#14236=CARTESIAN_POINT('',(6.798437,0.127,-0.592380144587612));
#14237=VECTOR('',#18112,1.0);
#14238=CARTESIAN_POINT('',(6.798437,0.635,-0.957199));
#14239=CARTESIAN_POINT('',(6.798437,-0.335938783379394,-0.957199));
#14240=VECTOR('',#18113,1.0);
#14241=CARTESIAN_POINT('',(6.798437,0.635,-0.8382));
#14242=CARTESIAN_POINT('',(6.798437,0.635,-0.592380144587612));
#14243=VECTOR('',#18114,1.0);
#14244=CARTESIAN_POINT('',(6.798437,0.127,-0.8382));
#14245=CARTESIAN_POINT('',(6.798437,0.127,-0.8382));
#14246=VECTOR('',#18115,1.0);
#14247=CARTESIAN_POINT('',(6.798437,-0.127,-1.0922));
#14248=AXIS2_PLACEMENT_3D('',#18116,#18117,#18118);
#14249=CARTESIAN_POINT('',(6.798437,-0.127,-1.905));
#14250=CARTESIAN_POINT('',(6.798437,-0.127,-1.905));
#14251=VECTOR('',#18119,1.0);
#14252=CARTESIAN_POINT('',(6.798437,0.0,-1.905));
#14253=CARTESIAN_POINT('',(6.798437,0.0,-1.905));
#14254=VECTOR('',#18120,1.0);
#14255=CARTESIAN_POINT('',(6.798437,0.0,-1.0922));
#14256=VECTOR('',#18121,1.0);
#14257=COLOUR_RGB('',0.705882370471954,0.705882370471954,0.705882370471954);
#14258=CARTESIAN_POINT('',(6.519037,0.127,-0.8382));
#14259=CARTESIAN_POINT('',(6.519037,-0.127,-1.0922));
#14260=AXIS2_PLACEMENT_3D('',#18122,#18123,#18124);
#14261=CARTESIAN_POINT('',(6.798437,-0.127,-1.0922));
#14262=VECTOR('',#18125,1.0);
#14263=CARTESIAN_POINT('',(6.798437,0.127,-0.8382));
#14264=VECTOR('',#18126,1.0);
#14265=COLOUR_RGB('',0.705882370471954,0.705882370471954,0.705882370471954);
#14266=CARTESIAN_POINT('',(6.519037,-0.127,-1.905));
#14267=CARTESIAN_POINT('',(6.519037,-0.127,-1.905));
#14268=VECTOR('',#18127,1.0);
#14269=CARTESIAN_POINT('',(6.798437,-0.127,-1.905));
#14270=VECTOR('',#18128,1.0);
#14271=COLOUR_RGB('',0.705882370471954,0.705882370471954,0.705882370471954);
#14272=CARTESIAN_POINT('',(6.519037,0.0,-1.905));
#14273=CARTESIAN_POINT('',(6.519037,0.0,-1.905));
#14274=VECTOR('',#18129,1.0);
#14275=CARTESIAN_POINT('',(6.798437,0.0,-1.905));
#14276=VECTOR('',#18130,1.0);
#14277=COLOUR_RGB('',0.705882370471954,0.705882370471954,0.705882370471954);
#14278=CARTESIAN_POINT('',(6.519037,0.0,-1.27));
#14279=CARTESIAN_POINT('',(7.7762503467721E-17,0.0,-1.27));
#14280=VECTOR('',#18131,1.0);
#14281=CARTESIAN_POINT('',(6.519037,0.0,-1.0922));
#14282=VECTOR('',#18132,1.0);
#14283=COLOUR_RGB('',0.705882370471954,0.705882370471954,0.705882370471954);
#14284=CARTESIAN_POINT('',(6.519037,0.635,-0.8382));
#14285=CARTESIAN_POINT('',(6.728587,0.635,-0.8382));
#14286=VECTOR('',#18133,1.0);
#14287=CARTESIAN_POINT('',(6.519037,0.127,-0.8382));
#14288=VECTOR('',#18134,1.0);
#14289=COLOUR_RGB('',0.705882370471954,0.705882370471954,0.705882370471954);
#14290=CARTESIAN_POINT('',(6.519037,0.0,-1.08458));
#14291=CARTESIAN_POINT('',(6.519037,0.0,-1.18102514458761));
#14292=VECTOR('',#18135,1.0);
#14293=CARTESIAN_POINT('',(6.519037,0.635,-0.957199));
#14294=CARTESIAN_POINT('',(6.519037,0.635,-0.592380144587612));
#14295=VECTOR('',#18136,1.0);
#14296=CARTESIAN_POINT('',(6.519037,0.127,-0.957199));
#14297=CARTESIAN_POINT('',(6.519037,-0.335938783379394,-0.957199));
#14298=VECTOR('',#18137,1.0);
#14299=CARTESIAN_POINT('',(6.519037,0.127,-0.95758));
#14300=CARTESIAN_POINT('',(6.519037,0.127,-0.592380144587612));
#14301=VECTOR('',#18138,1.0);
#14302=CARTESIAN_POINT('',(6.519037,0.0549855360164968,-1.0295944639835));
#14303=VECTOR('',#18139,1.0);
#14304=CARTESIAN_POINT('',(6.519037,0.0549855360164968,-1.0295944639835));
#14305=VECTOR('',#18140,1.0);
#14306=COLOUR_RGB('',0.196078434586525,0.196078434586525,0.196078434586525);
#14307=CARTESIAN_POINT('',(5.798439,0.0,-1.08458));
#14308=CARTESIAN_POINT('',(6.64091779614337E-17,0.0,-1.08458));
#14309=VECTOR('',#18141,1.0);
#14310=CARTESIAN_POINT('',(5.798439,0.0,-1.27));
#14311=CARTESIAN_POINT('',(5.798439,0.0,-1.18102514458761));
#14312=VECTOR('',#18142,1.0);
#14313=CARTESIAN_POINT('',(7.7762503467721E-17,0.0,-1.27));
#14314=VECTOR('',#18143,1.0);
#14315=COLOUR_RGB('',0.196078434586525,0.196078434586525,0.196078434586525);
#14316=CARTESIAN_POINT('',(7.001637,0.635,-0.957199));
#14317=CARTESIAN_POINT('',(6.658737,0.635,-0.957199));
#14318=VECTOR('',#18144,1.0);
#14319=CARTESIAN_POINT('',(7.001637,0.635,-0.207899));
#14320=CARTESIAN_POINT('',(7.001637,0.635,0.0));
#14321=VECTOR('',#18145,1.0);
#14322=CARTESIAN_POINT('',(6.315837,0.635,-0.207899));
#14323=CARTESIAN_POINT('',(8.9087325,0.635,-0.207899));
#14324=VECTOR('',#18146,1.0);
#14325=CARTESIAN_POINT('',(6.315837,0.635,-0.957199));
#14326=CARTESIAN_POINT('',(6.315837,0.635,0.0));
#14327=VECTOR('',#18147,1.0);
#14328=CARTESIAN_POINT('',(6.658737,0.635,-0.957199));
#14329=VECTOR('',#18148,1.0);
#14330=CARTESIAN_POINT('',(6.455537,0.635,-0.29718));
#14331=CARTESIAN_POINT('',(6.861937,0.635,-0.29718));
#14332=CARTESIAN_POINT('',(6.658737,0.635,-0.29718));
#14333=VECTOR('',#18149,1.0);
#14334=CARTESIAN_POINT('',(6.861937,0.635,-0.70358));
#14335=CARTESIAN_POINT('',(6.861937,0.635,-0.25019));
#14336=VECTOR('',#18150,1.0);
#14337=CARTESIAN_POINT('',(6.455537,0.635,-0.70358));
#14338=CARTESIAN_POINT('',(6.658737,0.635,-0.70358));
#14339=VECTOR('',#18151,1.0);
#14340=CARTESIAN_POINT('',(6.455537,0.635,-0.25019));
#14341=VECTOR('',#18152,1.0);
#14342=COLOUR_RGB('',0.196078434586525,0.196078434586525,0.196078434586525);
#14343=CARTESIAN_POINT('',(7.001637,0.127,-0.957199));
#14344=CARTESIAN_POINT('',(3.3293685,0.127,-0.957199));
#14345=VECTOR('',#18153,1.0);
#14346=CARTESIAN_POINT('',(7.001637,-0.865,-0.957199));
#14347=VECTOR('',#18154,1.0);
#14348=COLOUR_RGB('',0.196078434586525,0.196078434586525,0.196078434586525);
#14349=CARTESIAN_POINT('',(6.315837,0.127,-0.957199));
#14350=CARTESIAN_POINT('',(6.315837,-0.865,-0.957199));
#14351=VECTOR('',#18155,1.0);
#14352=CARTESIAN_POINT('',(3.3293685,0.127,-0.957199));
#14353=VECTOR('',#18156,1.0);
#14354=COLOUR_RGB('',0.705882370471954,0.705882370471954,0.705882370471954);
#14355=CARTESIAN_POINT('',(5.519039,0.000243688928579816,-1.08433631107142));
#14356=CARTESIAN_POINT('',(5.798439,0.000243688928579816,-1.08433631107142));
#14357=CARTESIAN_POINT('',(5.658739,0.000243688928579816,-1.08433631107142));
#14358=VECTOR('',#18157,1.0);
#14359=CARTESIAN_POINT('',(5.519039,0.11913631107142,-0.96544368892858));
#14360=AXIS2_PLACEMENT_3D('',#18158,#18159,#18160);
#14361=CARTESIAN_POINT('',(5.798439,0.11913631107142,-0.96544368892858));
#14362=CARTESIAN_POINT('',(5.658739,0.11913631107142,-0.96544368892858));
#14363=VECTOR('',#18161,1.0);
#14364=AXIS2_PLACEMENT_3D('',#18162,#18163,#18164);
#14365=COLOUR_RGB('',0.705882370471954,0.705882370471954,0.705882370471954);
#14366=CARTESIAN_POINT('',(5.798439,0.0549855360164967,-1.0295944639835));
#14367=VECTOR('',#18165,1.0);
#14368=CARTESIAN_POINT('',(5.798439,0.127,-0.95758));
#14369=CARTESIAN_POINT('',(5.798439,0.0549855360164967,-1.0295944639835));
#14370=VECTOR('',#18166,1.0);
#14371=CARTESIAN_POINT('',(5.798439,0.127,-0.957199));
#14372=CARTESIAN_POINT('',(5.798439,0.127,-0.592380144587612));
#14373=VECTOR('',#18167,1.0);
#14374=CARTESIAN_POINT('',(5.798439,0.635,-0.957199));
#14375=CARTESIAN_POINT('',(5.798439,-0.335938783379394,-0.957199));
#14376=VECTOR('',#18168,1.0);
#14377=CARTESIAN_POINT('',(5.798439,0.635,-0.8382));
#14378=CARTESIAN_POINT('',(5.798439,0.635,-0.592380144587612));
#14379=VECTOR('',#18169,1.0);
#14380=CARTESIAN_POINT('',(5.798439,0.127,-0.8382));
#14381=CARTESIAN_POINT('',(5.798439,0.127,-0.8382));
#14382=VECTOR('',#18170,1.0);
#14383=CARTESIAN_POINT('',(5.798439,-0.127,-1.0922));
#14384=AXIS2_PLACEMENT_3D('',#18171,#18172,#18173);
#14385=CARTESIAN_POINT('',(5.798439,-0.127,-1.905));
#14386=CARTESIAN_POINT('',(5.798439,-0.127,-1.905));
#14387=VECTOR('',#18174,1.0);
#14388=CARTESIAN_POINT('',(5.798439,0.0,-1.905));
#14389=CARTESIAN_POINT('',(5.798439,0.0,-1.905));
#14390=VECTOR('',#18175,1.0);
#14391=CARTESIAN_POINT('',(5.798439,0.0,-1.0922));
#14392=VECTOR('',#18176,1.0);
#14393=COLOUR_RGB('',0.705882370471954,0.705882370471954,0.705882370471954);
#14394=CARTESIAN_POINT('',(5.519039,0.127,-0.8382));
#14395=CARTESIAN_POINT('',(5.519039,-0.127,-1.0922));
#14396=AXIS2_PLACEMENT_3D('',#18177,#18178,#18179);
#14397=CARTESIAN_POINT('',(5.798439,-0.127,-1.0922));
#14398=VECTOR('',#18180,1.0);
#14399=CARTESIAN_POINT('',(5.798439,0.127,-0.8382));
#14400=VECTOR('',#18181,1.0);
#14401=COLOUR_RGB('',0.705882370471954,0.705882370471954,0.705882370471954);
#14402=CARTESIAN_POINT('',(5.519039,-0.127,-1.905));
#14403=CARTESIAN_POINT('',(5.519039,-0.127,-1.905));
#14404=VECTOR('',#18182,1.0);
#14405=CARTESIAN_POINT('',(5.798439,-0.127,-1.905));
#14406=VECTOR('',#18183,1.0);
#14407=COLOUR_RGB('',0.705882370471954,0.705882370471954,0.705882370471954);
#14408=CARTESIAN_POINT('',(5.519039,0.0,-1.905));
#14409=CARTESIAN_POINT('',(5.519039,0.0,-1.905));
#14410=VECTOR('',#18184,1.0);
#14411=CARTESIAN_POINT('',(5.798439,0.0,-1.905));
#14412=VECTOR('',#18185,1.0);
#14413=COLOUR_RGB('',0.705882370471954,0.705882370471954,0.705882370471954);
#14414=CARTESIAN_POINT('',(5.519039,0.0,-1.27));
#14415=CARTESIAN_POINT('',(7.7762503467721E-17,0.0,-1.27));
#14416=VECTOR('',#18186,1.0);
#14417=CARTESIAN_POINT('',(5.519039,0.0,-1.0922));
#14418=VECTOR('',#18187,1.0);
#14419=COLOUR_RGB('',0.705882370471954,0.705882370471954,0.705882370471954);
#14420=CARTESIAN_POINT('',(5.519039,0.635,-0.8382));
#14421=CARTESIAN_POINT('',(5.728589,0.635,-0.8382));
#14422=VECTOR('',#18188,1.0);
#14423=CARTESIAN_POINT('',(5.519039,0.127,-0.8382));
#14424=VECTOR('',#18189,1.0);
#14425=COLOUR_RGB('',0.705882370471954,0.705882370471954,0.705882370471954);
#14426=CARTESIAN_POINT('',(5.519039,0.0,-1.08458));
#14427=CARTESIAN_POINT('',(5.519039,0.0,-1.18102514458761));
#14428=VECTOR('',#18190,1.0);
#14429=CARTESIAN_POINT('',(5.519039,0.635,-0.957199));
#14430=CARTESIAN_POINT('',(5.519039,0.635,-0.592380144587612));
#14431=VECTOR('',#18191,1.0);
#14432=CARTESIAN_POINT('',(5.519039,0.127,-0.957199));
#14433=CARTESIAN_POINT('',(5.519039,-0.335938783379394,-0.957199));
#14434=VECTOR('',#18192,1.0);
#14435=CARTESIAN_POINT('',(5.519039,0.127,-0.95758));
#14436=CARTESIAN_POINT('',(5.519039,0.127,-0.592380144587612));
#14437=VECTOR('',#18193,1.0);
#14438=CARTESIAN_POINT('',(5.519039,0.0549855360164968,-1.0295944639835));
#14439=VECTOR('',#18194,1.0);
#14440=CARTESIAN_POINT('',(5.519039,0.0549855360164968,-1.0295944639835));
#14441=VECTOR('',#18195,1.0);
#14442=COLOUR_RGB('',0.196078434586525,0.196078434586525,0.196078434586525);
#14443=CARTESIAN_POINT('',(4.798441,0.0,-1.08458));
#14444=CARTESIAN_POINT('',(6.64091779614337E-17,0.0,-1.08458));
#14445=VECTOR('',#18196,1.0);
#14446=CARTESIAN_POINT('',(4.798441,0.0,-1.27));
#14447=CARTESIAN_POINT('',(4.798441,0.0,-1.18102514458761));
#14448=VECTOR('',#18197,1.0);
#14449=CARTESIAN_POINT('',(7.7762503467721E-17,0.0,-1.27));
#14450=VECTOR('',#18198,1.0);
#14451=COLOUR_RGB('',0.196078434586525,0.196078434586525,0.196078434586525);
#14452=CARTESIAN_POINT('',(6.001639,0.635,-0.957199));
#14453=CARTESIAN_POINT('',(5.658739,0.635,-0.957199));
#14454=VECTOR('',#18199,1.0);
#14455=CARTESIAN_POINT('',(6.001639,0.635,-0.207899));
#14456=CARTESIAN_POINT('',(6.001639,0.635,0.0));
#14457=VECTOR('',#18200,1.0);
#14458=CARTESIAN_POINT('',(5.315839,0.635,-0.207899));
#14459=CARTESIAN_POINT('',(7.9087345,0.635,-0.207899));
#14460=VECTOR('',#18201,1.0);
#14461=CARTESIAN_POINT('',(5.315839,0.635,-0.957199));
#14462=CARTESIAN_POINT('',(5.315839,0.635,0.0));
#14463=VECTOR('',#18202,1.0);
#14464=CARTESIAN_POINT('',(5.658739,0.635,-0.957199));
#14465=VECTOR('',#18203,1.0);
#14466=CARTESIAN_POINT('',(5.455539,0.635,-0.29718));
#14467=CARTESIAN_POINT('',(5.861939,0.635,-0.29718));
#14468=CARTESIAN_POINT('',(5.658739,0.635,-0.29718));
#14469=VECTOR('',#18204,1.0);
#14470=CARTESIAN_POINT('',(5.861939,0.635,-0.70358));
#14471=CARTESIAN_POINT('',(5.861939,0.635,-0.25019));
#14472=VECTOR('',#18205,1.0);
#14473=CARTESIAN_POINT('',(5.455539,0.635,-0.70358));
#14474=CARTESIAN_POINT('',(5.658739,0.635,-0.70358));
#14475=VECTOR('',#18206,1.0);
#14476=CARTESIAN_POINT('',(5.455539,0.635,-0.25019));
#14477=VECTOR('',#18207,1.0);
#14478=COLOUR_RGB('',0.196078434586525,0.196078434586525,0.196078434586525);
#14479=CARTESIAN_POINT('',(6.001639,0.127,-0.957199));
#14480=CARTESIAN_POINT('',(2.8293695,0.127,-0.957199));
#14481=VECTOR('',#18208,1.0);
#14482=CARTESIAN_POINT('',(6.001639,-0.865,-0.957199));
#14483=VECTOR('',#18209,1.0);
#14484=COLOUR_RGB('',0.196078434586525,0.196078434586525,0.196078434586525);
#14485=CARTESIAN_POINT('',(5.315839,0.127,-0.957199));
#14486=CARTESIAN_POINT('',(5.315839,-0.865,-0.957199));
#14487=VECTOR('',#18210,1.0);
#14488=CARTESIAN_POINT('',(2.8293695,0.127,-0.957199));
#14489=VECTOR('',#18211,1.0);
#14490=COLOUR_RGB('',0.705882370471954,0.705882370471954,0.705882370471954);
#14491=CARTESIAN_POINT('',(4.519041,0.000243688928579823,-1.08433631107142));
#14492=CARTESIAN_POINT('',(4.798441,0.000243688928579823,-1.08433631107142));
#14493=CARTESIAN_POINT('',(4.658741,0.000243688928579823,-1.08433631107142));
#14494=VECTOR('',#18212,1.0);
#14495=CARTESIAN_POINT('',(4.519041,0.11913631107142,-0.96544368892858));
#14496=AXIS2_PLACEMENT_3D('',#18213,#18214,#18215);
#14497=CARTESIAN_POINT('',(4.798441,0.11913631107142,-0.96544368892858));
#14498=CARTESIAN_POINT('',(4.658741,0.11913631107142,-0.96544368892858));
#14499=VECTOR('',#18216,1.0);
#14500=AXIS2_PLACEMENT_3D('',#18217,#18218,#18219);
#14501=COLOUR_RGB('',0.705882370471954,0.705882370471954,0.705882370471954);
#14502=CARTESIAN_POINT('',(4.798441,0.0549855360164968,-1.0295944639835));
#14503=VECTOR('',#18220,1.0);
#14504=CARTESIAN_POINT('',(4.798441,0.127,-0.95758));
#14505=CARTESIAN_POINT('',(4.798441,0.0549855360164968,-1.0295944639835));
#14506=VECTOR('',#18221,1.0);
#14507=CARTESIAN_POINT('',(4.798441,0.127,-0.957199));
#14508=CARTESIAN_POINT('',(4.798441,0.127,-0.592380144587612));
#14509=VECTOR('',#18222,1.0);
#14510=CARTESIAN_POINT('',(4.798441,0.635,-0.957199));
#14511=CARTESIAN_POINT('',(4.798441,-0.335938783379394,-0.957199));
#14512=VECTOR('',#18223,1.0);
#14513=CARTESIAN_POINT('',(4.798441,0.635,-0.8382));
#14514=CARTESIAN_POINT('',(4.798441,0.635,-0.592380144587612));
#14515=VECTOR('',#18224,1.0);
#14516=CARTESIAN_POINT('',(4.798441,0.127,-0.8382));
#14517=CARTESIAN_POINT('',(4.798441,0.127,-0.8382));
#14518=VECTOR('',#18225,1.0);
#14519=CARTESIAN_POINT('',(4.798441,-0.127,-1.0922));
#14520=AXIS2_PLACEMENT_3D('',#18226,#18227,#18228);
#14521=CARTESIAN_POINT('',(4.798441,-0.127,-1.905));
#14522=CARTESIAN_POINT('',(4.798441,-0.127,-1.905));
#14523=VECTOR('',#18229,1.0);
#14524=CARTESIAN_POINT('',(4.798441,0.0,-1.905));
#14525=CARTESIAN_POINT('',(4.798441,0.0,-1.905));
#14526=VECTOR('',#18230,1.0);
#14527=CARTESIAN_POINT('',(4.798441,0.0,-1.0922));
#14528=VECTOR('',#18231,1.0);
#14529=COLOUR_RGB('',0.705882370471954,0.705882370471954,0.705882370471954);
#14530=CARTESIAN_POINT('',(4.519041,0.127,-0.8382));
#14531=CARTESIAN_POINT('',(4.519041,-0.127,-1.0922));
#14532=AXIS2_PLACEMENT_3D('',#18232,#18233,#18234);
#14533=CARTESIAN_POINT('',(4.798441,-0.127,-1.0922));
#14534=VECTOR('',#18235,1.0);
#14535=CARTESIAN_POINT('',(4.798441,0.127,-0.8382));
#14536=VECTOR('',#18236,1.0);
#14537=COLOUR_RGB('',0.705882370471954,0.705882370471954,0.705882370471954);
#14538=CARTESIAN_POINT('',(4.519041,-0.127,-1.905));
#14539=CARTESIAN_POINT('',(4.519041,-0.127,-1.905));
#14540=VECTOR('',#18237,1.0);
#14541=CARTESIAN_POINT('',(4.798441,-0.127,-1.905));
#14542=VECTOR('',#18238,1.0);
#14543=COLOUR_RGB('',0.705882370471954,0.705882370471954,0.705882370471954);
#14544=CARTESIAN_POINT('',(4.519041,0.0,-1.905));
#14545=CARTESIAN_POINT('',(4.519041,0.0,-1.905));
#14546=VECTOR('',#18239,1.0);
#14547=CARTESIAN_POINT('',(4.798441,0.0,-1.905));
#14548=VECTOR('',#18240,1.0);
#14549=COLOUR_RGB('',0.705882370471954,0.705882370471954,0.705882370471954);
#14550=CARTESIAN_POINT('',(4.519041,0.0,-1.27));
#14551=CARTESIAN_POINT('',(7.7762503467721E-17,0.0,-1.27));
#14552=VECTOR('',#18241,1.0);
#14553=CARTESIAN_POINT('',(4.519041,0.0,-1.0922));
#14554=VECTOR('',#18242,1.0);
#14555=COLOUR_RGB('',0.705882370471954,0.705882370471954,0.705882370471954);
#14556=CARTESIAN_POINT('',(4.519041,0.635,-0.8382));
#14557=CARTESIAN_POINT('',(4.728591,0.635,-0.8382));
#14558=VECTOR('',#18243,1.0);
#14559=CARTESIAN_POINT('',(4.519041,0.127,-0.8382));
#14560=VECTOR('',#18244,1.0);
#14561=COLOUR_RGB('',0.705882370471954,0.705882370471954,0.705882370471954);
#14562=CARTESIAN_POINT('',(4.519041,0.0,-1.08458));
#14563=CARTESIAN_POINT('',(4.519041,0.0,-1.18102514458761));
#14564=VECTOR('',#18245,1.0);
#14565=CARTESIAN_POINT('',(4.519041,0.635,-0.957199));
#14566=CARTESIAN_POINT('',(4.519041,0.635,-0.592380144587612));
#14567=VECTOR('',#18246,1.0);
#14568=CARTESIAN_POINT('',(4.519041,0.127,-0.957199));
#14569=CARTESIAN_POINT('',(4.519041,-0.335938783379394,-0.957199));
#14570=VECTOR('',#18247,1.0);
#14571=CARTESIAN_POINT('',(4.519041,0.127,-0.95758));
#14572=CARTESIAN_POINT('',(4.519041,0.127,-0.592380144587612));
#14573=VECTOR('',#18248,1.0);
#14574=CARTESIAN_POINT('',(4.519041,0.0549855360164968,-1.0295944639835));
#14575=VECTOR('',#18249,1.0);
#14576=CARTESIAN_POINT('',(4.519041,0.0549855360164968,-1.0295944639835));
#14577=VECTOR('',#18250,1.0);
#14578=COLOUR_RGB('',0.196078434586525,0.196078434586525,0.196078434586525);
#14579=CARTESIAN_POINT('',(3.798443,0.0,-1.08458));
#14580=CARTESIAN_POINT('',(6.64091779614337E-17,0.0,-1.08458));
#14581=VECTOR('',#18251,1.0);
#14582=CARTESIAN_POINT('',(3.798443,0.0,-1.27));
#14583=CARTESIAN_POINT('',(3.798443,0.0,-1.18102514458761));
#14584=VECTOR('',#18252,1.0);
#14585=CARTESIAN_POINT('',(7.7762503467721E-17,0.0,-1.27));
#14586=VECTOR('',#18253,1.0);
#14587=COLOUR_RGB('',0.196078434586525,0.196078434586525,0.196078434586525);
#14588=CARTESIAN_POINT('',(5.001641,0.635,-0.957199));
#14589=CARTESIAN_POINT('',(4.658741,0.635,-0.957199));
#14590=VECTOR('',#18254,1.0);
#14591=CARTESIAN_POINT('',(5.001641,0.635,-0.207899));
#14592=CARTESIAN_POINT('',(5.001641,0.635,0.0));
#14593=VECTOR('',#18255,1.0);
#14594=CARTESIAN_POINT('',(4.315841,0.635,-0.207899));
#14595=CARTESIAN_POINT('',(6.9087365,0.635,-0.207899));
#14596=VECTOR('',#18256,1.0);
#14597=CARTESIAN_POINT('',(4.315841,0.635,-0.957199));
#14598=CARTESIAN_POINT('',(4.315841,0.635,0.0));
#14599=VECTOR('',#18257,1.0);
#14600=CARTESIAN_POINT('',(4.658741,0.635,-0.957199));
#14601=VECTOR('',#18258,1.0);
#14602=CARTESIAN_POINT('',(4.455541,0.635,-0.29718));
#14603=CARTESIAN_POINT('',(4.861941,0.635,-0.29718));
#14604=CARTESIAN_POINT('',(4.658741,0.635,-0.29718));
#14605=VECTOR('',#18259,1.0);
#14606=CARTESIAN_POINT('',(4.861941,0.635,-0.70358));
#14607=CARTESIAN_POINT('',(4.861941,0.635,-0.25019));
#14608=VECTOR('',#18260,1.0);
#14609=CARTESIAN_POINT('',(4.455541,0.635,-0.70358));
#14610=CARTESIAN_POINT('',(4.658741,0.635,-0.70358));
#14611=VECTOR('',#18261,1.0);
#14612=CARTESIAN_POINT('',(4.455541,0.635,-0.25019));
#14613=VECTOR('',#18262,1.0);
#14614=COLOUR_RGB('',0.196078434586525,0.196078434586525,0.196078434586525);
#14615=CARTESIAN_POINT('',(5.001641,0.127,-0.957199));
#14616=CARTESIAN_POINT('',(2.3293705,0.127,-0.957199));
#14617=VECTOR('',#18263,1.0);
#14618=CARTESIAN_POINT('',(5.001641,-0.865,-0.957199));
#14619=VECTOR('',#18264,1.0);
#14620=COLOUR_RGB('',0.196078434586525,0.196078434586525,0.196078434586525);
#14621=CARTESIAN_POINT('',(4.315841,0.127,-0.957199));
#14622=CARTESIAN_POINT('',(4.315841,-0.865,-0.957199));
#14623=VECTOR('',#18265,1.0);
#14624=CARTESIAN_POINT('',(2.3293705,0.127,-0.957199));
#14625=VECTOR('',#18266,1.0);
#14626=COLOUR_RGB('',0.705882370471954,0.705882370471954,0.705882370471954);
#14627=CARTESIAN_POINT('',(3.519043,0.000243688928579802,-1.08433631107142));
#14628=CARTESIAN_POINT('',(3.798443,0.000243688928579802,-1.08433631107142));
#14629=CARTESIAN_POINT('',(3.658743,0.000243688928579802,-1.08433631107142));
#14630=VECTOR('',#18267,1.0);
#14631=CARTESIAN_POINT('',(3.519043,0.11913631107142,-0.96544368892858));
#14632=AXIS2_PLACEMENT_3D('',#18268,#18269,#18270);
#14633=CARTESIAN_POINT('',(3.798443,0.11913631107142,-0.96544368892858));
#14634=CARTESIAN_POINT('',(3.658743,0.11913631107142,-0.96544368892858));
#14635=VECTOR('',#18271,1.0);
#14636=AXIS2_PLACEMENT_3D('',#18272,#18273,#18274);
#14637=COLOUR_RGB('',0.705882370471954,0.705882370471954,0.705882370471954);
#14638=CARTESIAN_POINT('',(3.798443,0.0549855360164968,-1.0295944639835));
#14639=VECTOR('',#18275,1.0);
#14640=CARTESIAN_POINT('',(3.798443,0.127,-0.95758));
#14641=CARTESIAN_POINT('',(3.798443,0.0549855360164968,-1.0295944639835));
#14642=VECTOR('',#18276,1.0);
#14643=CARTESIAN_POINT('',(3.798443,0.127,-0.957199));
#14644=CARTESIAN_POINT('',(3.798443,0.127,-0.592380144587612));
#14645=VECTOR('',#18277,1.0);
#14646=CARTESIAN_POINT('',(3.798443,0.635,-0.957199));
#14647=CARTESIAN_POINT('',(3.798443,-0.335938783379394,-0.957199));
#14648=VECTOR('',#18278,1.0);
#14649=CARTESIAN_POINT('',(3.798443,0.635,-0.8382));
#14650=CARTESIAN_POINT('',(3.798443,0.635,-0.592380144587612));
#14651=VECTOR('',#18279,1.0);
#14652=CARTESIAN_POINT('',(3.798443,0.127,-0.8382));
#14653=CARTESIAN_POINT('',(3.798443,0.127,-0.8382));
#14654=VECTOR('',#18280,1.0);
#14655=CARTESIAN_POINT('',(3.798443,-0.127,-1.0922));
#14656=AXIS2_PLACEMENT_3D('',#18281,#18282,#18283);
#14657=CARTESIAN_POINT('',(3.798443,-0.127,-1.905));
#14658=CARTESIAN_POINT('',(3.798443,-0.127,-1.905));
#14659=VECTOR('',#18284,1.0);
#14660=CARTESIAN_POINT('',(3.798443,0.0,-1.905));
#14661=CARTESIAN_POINT('',(3.798443,0.0,-1.905));
#14662=VECTOR('',#18285,1.0);
#14663=CARTESIAN_POINT('',(3.798443,0.0,-1.0922));
#14664=VECTOR('',#18286,1.0);
#14665=COLOUR_RGB('',0.705882370471954,0.705882370471954,0.705882370471954);
#14666=CARTESIAN_POINT('',(3.519043,0.127,-0.8382));
#14667=CARTESIAN_POINT('',(3.519043,-0.127,-1.0922));
#14668=AXIS2_PLACEMENT_3D('',#18287,#18288,#18289);
#14669=CARTESIAN_POINT('',(3.798443,-0.127,-1.0922));
#14670=VECTOR('',#18290,1.0);
#14671=CARTESIAN_POINT('',(3.798443,0.127,-0.8382));
#14672=VECTOR('',#18291,1.0);
#14673=COLOUR_RGB('',0.705882370471954,0.705882370471954,0.705882370471954);
#14674=CARTESIAN_POINT('',(3.519043,-0.127,-1.905));
#14675=CARTESIAN_POINT('',(3.519043,-0.127,-1.905));
#14676=VECTOR('',#18292,1.0);
#14677=CARTESIAN_POINT('',(3.798443,-0.127,-1.905));
#14678=VECTOR('',#18293,1.0);
#14679=COLOUR_RGB('',0.705882370471954,0.705882370471954,0.705882370471954);
#14680=CARTESIAN_POINT('',(3.519043,0.0,-1.905));
#14681=CARTESIAN_POINT('',(3.519043,0.0,-1.905));
#14682=VECTOR('',#18294,1.0);
#14683=CARTESIAN_POINT('',(3.798443,0.0,-1.905));
#14684=VECTOR('',#18295,1.0);
#14685=COLOUR_RGB('',0.705882370471954,0.705882370471954,0.705882370471954);
#14686=CARTESIAN_POINT('',(3.519043,0.0,-1.27));
#14687=CARTESIAN_POINT('',(7.7762503467721E-17,0.0,-1.27));
#14688=VECTOR('',#18296,1.0);
#14689=CARTESIAN_POINT('',(3.519043,0.0,-1.0922));
#14690=VECTOR('',#18297,1.0);
#14691=COLOUR_RGB('',0.705882370471954,0.705882370471954,0.705882370471954);
#14692=CARTESIAN_POINT('',(3.519043,0.635,-0.8382));
#14693=CARTESIAN_POINT('',(3.728593,0.635,-0.8382));
#14694=VECTOR('',#18298,1.0);
#14695=CARTESIAN_POINT('',(3.519043,0.127,-0.8382));
#14696=VECTOR('',#18299,1.0);
#14697=COLOUR_RGB('',0.705882370471954,0.705882370471954,0.705882370471954);
#14698=CARTESIAN_POINT('',(3.519043,0.0,-1.08458));
#14699=CARTESIAN_POINT('',(3.519043,0.0,-1.18102514458761));
#14700=VECTOR('',#18300,1.0);
#14701=CARTESIAN_POINT('',(3.519043,0.635,-0.957199));
#14702=CARTESIAN_POINT('',(3.519043,0.635,-0.592380144587612));
#14703=VECTOR('',#18301,1.0);
#14704=CARTESIAN_POINT('',(3.519043,0.127,-0.957199));
#14705=CARTESIAN_POINT('',(3.519043,-0.335938783379394,-0.957199));
#14706=VECTOR('',#18302,1.0);
#14707=CARTESIAN_POINT('',(3.519043,0.127,-0.95758));
#14708=CARTESIAN_POINT('',(3.519043,0.127,-0.592380144587612));
#14709=VECTOR('',#18303,1.0);
#14710=CARTESIAN_POINT('',(3.519043,0.0549855360164967,-1.0295944639835));
#14711=VECTOR('',#18304,1.0);
#14712=CARTESIAN_POINT('',(3.519043,0.0549855360164967,-1.0295944639835));
#14713=VECTOR('',#18305,1.0);
#14714=COLOUR_RGB('',0.196078434586525,0.196078434586525,0.196078434586525);
#14715=CARTESIAN_POINT('',(2.798445,0.0,-1.08458));
#14716=CARTESIAN_POINT('',(6.64091779614337E-17,0.0,-1.08458));
#14717=VECTOR('',#18306,1.0);
#14718=CARTESIAN_POINT('',(2.798445,0.0,-1.27));
#14719=CARTESIAN_POINT('',(2.798445,0.0,-1.18102514458761));
#14720=VECTOR('',#18307,1.0);
#14721=CARTESIAN_POINT('',(7.7762503467721E-17,0.0,-1.27));
#14722=VECTOR('',#18308,1.0);
#14723=COLOUR_RGB('',0.196078434586525,0.196078434586525,0.196078434586525);
#14724=CARTESIAN_POINT('',(4.001643,0.635,-0.957199));
#14725=CARTESIAN_POINT('',(3.658743,0.635,-0.957199));
#14726=VECTOR('',#18309,1.0);
#14727=CARTESIAN_POINT('',(4.001643,0.635,-0.207899));
#14728=CARTESIAN_POINT('',(4.001643,0.635,0.0));
#14729=VECTOR('',#18310,1.0);
#14730=CARTESIAN_POINT('',(3.315843,0.635,-0.207899));
#14731=CARTESIAN_POINT('',(5.9087385,0.635,-0.207899));
#14732=VECTOR('',#18311,1.0);
#14733=CARTESIAN_POINT('',(3.315843,0.635,-0.957199));
#14734=CARTESIAN_POINT('',(3.315843,0.635,0.0));
#14735=VECTOR('',#18312,1.0);
#14736=CARTESIAN_POINT('',(3.658743,0.635,-0.957199));
#14737=VECTOR('',#18313,1.0);
#14738=CARTESIAN_POINT('',(3.455543,0.635,-0.29718));
#14739=CARTESIAN_POINT('',(3.861943,0.635,-0.29718));
#14740=CARTESIAN_POINT('',(3.658743,0.635,-0.29718));
#14741=VECTOR('',#18314,1.0);
#14742=CARTESIAN_POINT('',(3.861943,0.635,-0.70358));
#14743=CARTESIAN_POINT('',(3.861943,0.635,-0.25019));
#14744=VECTOR('',#18315,1.0);
#14745=CARTESIAN_POINT('',(3.455543,0.635,-0.70358));
#14746=CARTESIAN_POINT('',(3.658743,0.635,-0.70358));
#14747=VECTOR('',#18316,1.0);
#14748=CARTESIAN_POINT('',(3.455543,0.635,-0.25019));
#14749=VECTOR('',#18317,1.0);
#14750=COLOUR_RGB('',0.196078434586525,0.196078434586525,0.196078434586525);
#14751=CARTESIAN_POINT('',(4.001643,0.127,-0.957199));
#14752=CARTESIAN_POINT('',(1.8293715,0.127,-0.957199));
#14753=VECTOR('',#18318,1.0);
#14754=CARTESIAN_POINT('',(4.001643,-0.865,-0.957199));
#14755=VECTOR('',#18319,1.0);
#14756=COLOUR_RGB('',0.196078434586525,0.196078434586525,0.196078434586525);
#14757=CARTESIAN_POINT('',(3.315843,0.127,-0.957199));
#14758=CARTESIAN_POINT('',(3.315843,-0.865,-0.957199));
#14759=VECTOR('',#18320,1.0);
#14760=CARTESIAN_POINT('',(1.8293715,0.127,-0.957199));
#14761=VECTOR('',#18321,1.0);
#14762=COLOUR_RGB('',0.705882370471954,0.705882370471954,0.705882370471954);
#14763=CARTESIAN_POINT('',(2.519045,0.000243688928579795,-1.08433631107142));
#14764=CARTESIAN_POINT('',(2.798445,0.000243688928579795,-1.08433631107142));
#14765=CARTESIAN_POINT('',(2.658745,0.000243688928579795,-1.08433631107142));
#14766=VECTOR('',#18322,1.0);
#14767=CARTESIAN_POINT('',(2.519045,0.11913631107142,-0.96544368892858));
#14768=AXIS2_PLACEMENT_3D('',#18323,#18324,#18325);
#14769=CARTESIAN_POINT('',(2.798445,0.11913631107142,-0.96544368892858));
#14770=CARTESIAN_POINT('',(2.658745,0.11913631107142,-0.96544368892858));
#14771=VECTOR('',#18326,1.0);
#14772=AXIS2_PLACEMENT_3D('',#18327,#18328,#18329);
#14773=COLOUR_RGB('',0.705882370471954,0.705882370471954,0.705882370471954);
#14774=CARTESIAN_POINT('',(2.798445,0.0549855360164967,-1.0295944639835));
#14775=VECTOR('',#18330,1.0);
#14776=CARTESIAN_POINT('',(2.798445,0.127,-0.95758));
#14777=CARTESIAN_POINT('',(2.798445,0.0549855360164967,-1.0295944639835));
#14778=VECTOR('',#18331,1.0);
#14779=CARTESIAN_POINT('',(2.798445,0.127,-0.957199));
#14780=CARTESIAN_POINT('',(2.798445,0.127,-0.592380144587612));
#14781=VECTOR('',#18332,1.0);
#14782=CARTESIAN_POINT('',(2.798445,0.635,-0.957199));
#14783=CARTESIAN_POINT('',(2.798445,-0.335938783379394,-0.957199));
#14784=VECTOR('',#18333,1.0);
#14785=CARTESIAN_POINT('',(2.798445,0.635,-0.8382));
#14786=CARTESIAN_POINT('',(2.798445,0.635,-0.592380144587612));
#14787=VECTOR('',#18334,1.0);
#14788=CARTESIAN_POINT('',(2.798445,0.127,-0.8382));
#14789=CARTESIAN_POINT('',(2.798445,0.127,-0.8382));
#14790=VECTOR('',#18335,1.0);
#14791=CARTESIAN_POINT('',(2.798445,-0.127,-1.0922));
#14792=AXIS2_PLACEMENT_3D('',#18336,#18337,#18338);
#14793=CARTESIAN_POINT('',(2.798445,-0.127,-1.905));
#14794=CARTESIAN_POINT('',(2.798445,-0.127,-1.905));
#14795=VECTOR('',#18339,1.0);
#14796=CARTESIAN_POINT('',(2.798445,0.0,-1.905));
#14797=CARTESIAN_POINT('',(2.798445,0.0,-1.905));
#14798=VECTOR('',#18340,1.0);
#14799=CARTESIAN_POINT('',(2.798445,0.0,-1.0922));
#14800=VECTOR('',#18341,1.0);
#14801=COLOUR_RGB('',0.705882370471954,0.705882370471954,0.705882370471954);
#14802=CARTESIAN_POINT('',(2.519045,0.127,-0.8382));
#14803=CARTESIAN_POINT('',(2.519045,-0.127,-1.0922));
#14804=AXIS2_PLACEMENT_3D('',#18342,#18343,#18344);
#14805=CARTESIAN_POINT('',(2.798445,-0.127,-1.0922));
#14806=VECTOR('',#18345,1.0);
#14807=CARTESIAN_POINT('',(2.798445,0.127,-0.8382));
#14808=VECTOR('',#18346,1.0);
#14809=COLOUR_RGB('',0.705882370471954,0.705882370471954,0.705882370471954);
#14810=CARTESIAN_POINT('',(2.519045,-0.127,-1.905));
#14811=CARTESIAN_POINT('',(2.519045,-0.127,-1.905));
#14812=VECTOR('',#18347,1.0);
#14813=CARTESIAN_POINT('',(2.798445,-0.127,-1.905));
#14814=VECTOR('',#18348,1.0);
#14815=COLOUR_RGB('',0.705882370471954,0.705882370471954,0.705882370471954);
#14816=CARTESIAN_POINT('',(2.519045,0.0,-1.905));
#14817=CARTESIAN_POINT('',(2.519045,0.0,-1.905));
#14818=VECTOR('',#18349,1.0);
#14819=CARTESIAN_POINT('',(2.798445,0.0,-1.905));
#14820=VECTOR('',#18350,1.0);
#14821=COLOUR_RGB('',0.705882370471954,0.705882370471954,0.705882370471954);
#14822=CARTESIAN_POINT('',(2.519045,0.0,-1.27));
#14823=CARTESIAN_POINT('',(7.7762503467721E-17,0.0,-1.27));
#14824=VECTOR('',#18351,1.0);
#14825=CARTESIAN_POINT('',(2.519045,0.0,-1.0922));
#14826=VECTOR('',#18352,1.0);
#14827=COLOUR_RGB('',0.705882370471954,0.705882370471954,0.705882370471954);
#14828=CARTESIAN_POINT('',(2.519045,0.635,-0.8382));
#14829=CARTESIAN_POINT('',(2.728595,0.635,-0.8382));
#14830=VECTOR('',#18353,1.0);
#14831=CARTESIAN_POINT('',(2.519045,0.127,-0.8382));
#14832=VECTOR('',#18354,1.0);
#14833=COLOUR_RGB('',0.705882370471954,0.705882370471954,0.705882370471954);
#14834=CARTESIAN_POINT('',(2.519045,0.0,-1.08458));
#14835=CARTESIAN_POINT('',(2.519045,0.0,-1.18102514458761));
#14836=VECTOR('',#18355,1.0);
#14837=CARTESIAN_POINT('',(2.519045,0.635,-0.957199));
#14838=CARTESIAN_POINT('',(2.519045,0.635,-0.592380144587612));
#14839=VECTOR('',#18356,1.0);
#14840=CARTESIAN_POINT('',(2.519045,0.127,-0.957199));
#14841=CARTESIAN_POINT('',(2.519045,-0.335938783379394,-0.957199));
#14842=VECTOR('',#18357,1.0);
#14843=CARTESIAN_POINT('',(2.519045,0.127,-0.95758));
#14844=CARTESIAN_POINT('',(2.519045,0.127,-0.592380144587612));
#14845=VECTOR('',#18358,1.0);
#14846=CARTESIAN_POINT('',(2.519045,0.0549855360164967,-1.0295944639835));
#14847=VECTOR('',#18359,1.0);
#14848=CARTESIAN_POINT('',(2.519045,0.0549855360164967,-1.0295944639835));
#14849=VECTOR('',#18360,1.0);
#14850=COLOUR_RGB('',0.196078434586525,0.196078434586525,0.196078434586525);
#14851=CARTESIAN_POINT('',(1.798447,0.0,-1.08458));
#14852=CARTESIAN_POINT('',(6.64091779614337E-17,0.0,-1.08458));
#14853=VECTOR('',#18361,1.0);
#14854=CARTESIAN_POINT('',(1.798447,0.0,-1.27));
#14855=CARTESIAN_POINT('',(1.798447,0.0,-1.18102514458761));
#14856=VECTOR('',#18362,1.0);
#14857=CARTESIAN_POINT('',(7.7762503467721E-17,0.0,-1.27));
#14858=VECTOR('',#18363,1.0);
#14859=COLOUR_RGB('',0.196078434586525,0.196078434586525,0.196078434586525);
#14860=CARTESIAN_POINT('',(3.001645,0.635,-0.957199));
#14861=CARTESIAN_POINT('',(2.658745,0.635,-0.957199));
#14862=VECTOR('',#18364,1.0);
#14863=CARTESIAN_POINT('',(3.001645,0.635,-0.207899));
#14864=CARTESIAN_POINT('',(3.001645,0.635,0.0));
#14865=VECTOR('',#18365,1.0);
#14866=CARTESIAN_POINT('',(2.315845,0.635,-0.207899));
#14867=CARTESIAN_POINT('',(4.9087405,0.635,-0.207899));
#14868=VECTOR('',#18366,1.0);
#14869=CARTESIAN_POINT('',(2.315845,0.635,-0.957199));
#14870=CARTESIAN_POINT('',(2.315845,0.635,0.0));
#14871=VECTOR('',#18367,1.0);
#14872=CARTESIAN_POINT('',(2.658745,0.635,-0.957199));
#14873=VECTOR('',#18368,1.0);
#14874=CARTESIAN_POINT('',(2.455545,0.635,-0.29718));
#14875=CARTESIAN_POINT('',(2.861945,0.635,-0.29718));
#14876=CARTESIAN_POINT('',(2.658745,0.635,-0.29718));
#14877=VECTOR('',#18369,1.0);
#14878=CARTESIAN_POINT('',(2.861945,0.635,-0.70358));
#14879=CARTESIAN_POINT('',(2.861945,0.635,-0.25019));
#14880=VECTOR('',#18370,1.0);
#14881=CARTESIAN_POINT('',(2.455545,0.635,-0.70358));
#14882=CARTESIAN_POINT('',(2.658745,0.635,-0.70358));
#14883=VECTOR('',#18371,1.0);
#14884=CARTESIAN_POINT('',(2.455545,0.635,-0.25019));
#14885=VECTOR('',#18372,1.0);
#14886=COLOUR_RGB('',0.196078434586525,0.196078434586525,0.196078434586525);
#14887=CARTESIAN_POINT('',(3.001645,0.127,-0.957199));
#14888=CARTESIAN_POINT('',(1.3293725,0.127,-0.957199));
#14889=VECTOR('',#18373,1.0);
#14890=CARTESIAN_POINT('',(3.001645,-0.865,-0.957199));
#14891=VECTOR('',#18374,1.0);
#14892=COLOUR_RGB('',0.196078434586525,0.196078434586525,0.196078434586525);
#14893=CARTESIAN_POINT('',(2.315845,0.127,-0.957199));
#14894=CARTESIAN_POINT('',(2.315845,-0.865,-0.957199));
#14895=VECTOR('',#18375,1.0);
#14896=CARTESIAN_POINT('',(1.3293725,0.127,-0.957199));
#14897=VECTOR('',#18376,1.0);
#14898=COLOUR_RGB('',0.705882370471954,0.705882370471954,0.705882370471954);
#14899=CARTESIAN_POINT('',(1.519047,0.000243688928579788,-1.08433631107142));
#14900=CARTESIAN_POINT('',(1.798447,0.000243688928579788,-1.08433631107142));
#14901=CARTESIAN_POINT('',(1.658747,0.000243688928579788,-1.08433631107142));
#14902=VECTOR('',#18377,1.0);
#14903=CARTESIAN_POINT('',(1.519047,0.11913631107142,-0.96544368892858));
#14904=AXIS2_PLACEMENT_3D('',#18378,#18379,#18380);
#14905=CARTESIAN_POINT('',(1.798447,0.11913631107142,-0.96544368892858));
#14906=CARTESIAN_POINT('',(1.658747,0.11913631107142,-0.96544368892858));
#14907=VECTOR('',#18381,1.0);
#14908=AXIS2_PLACEMENT_3D('',#18382,#18383,#18384);
#14909=COLOUR_RGB('',0.705882370471954,0.705882370471954,0.705882370471954);
#14910=CARTESIAN_POINT('',(1.798447,0.0549855360164968,-1.0295944639835));
#14911=VECTOR('',#18385,1.0);
#14912=CARTESIAN_POINT('',(1.798447,0.127,-0.95758));
#14913=CARTESIAN_POINT('',(1.798447,0.0549855360164968,-1.0295944639835));
#14914=VECTOR('',#18386,1.0);
#14915=CARTESIAN_POINT('',(1.798447,0.127,-0.957199));
#14916=CARTESIAN_POINT('',(1.798447,0.127,-0.592380144587613));
#14917=VECTOR('',#18387,1.0);
#14918=CARTESIAN_POINT('',(1.798447,0.635,-0.957199));
#14919=CARTESIAN_POINT('',(1.798447,-0.335938783379394,-0.957199));
#14920=VECTOR('',#18388,1.0);
#14921=CARTESIAN_POINT('',(1.798447,0.635,-0.8382));
#14922=CARTESIAN_POINT('',(1.798447,0.635,-0.592380144587612));
#14923=VECTOR('',#18389,1.0);
#14924=CARTESIAN_POINT('',(1.798447,0.127,-0.8382));
#14925=CARTESIAN_POINT('',(1.798447,0.127,-0.8382));
#14926=VECTOR('',#18390,1.0);
#14927=CARTESIAN_POINT('',(1.798447,-0.127,-1.0922));
#14928=AXIS2_PLACEMENT_3D('',#18391,#18392,#18393);
#14929=CARTESIAN_POINT('',(1.798447,-0.127,-1.905));
#14930=CARTESIAN_POINT('',(1.798447,-0.127,-1.905));
#14931=VECTOR('',#18394,1.0);
#14932=CARTESIAN_POINT('',(1.798447,0.0,-1.905));
#14933=CARTESIAN_POINT('',(1.798447,0.0,-1.905));
#14934=VECTOR('',#18395,1.0);
#14935=CARTESIAN_POINT('',(1.798447,0.0,-1.0922));
#14936=VECTOR('',#18396,1.0);
#14937=COLOUR_RGB('',0.705882370471954,0.705882370471954,0.705882370471954);
#14938=CARTESIAN_POINT('',(1.519047,0.127,-0.8382));
#14939=CARTESIAN_POINT('',(1.519047,-0.127,-1.0922));
#14940=AXIS2_PLACEMENT_3D('',#18397,#18398,#18399);
#14941=CARTESIAN_POINT('',(1.798447,-0.127,-1.0922));
#14942=VECTOR('',#18400,1.0);
#14943=CARTESIAN_POINT('',(1.798447,0.127,-0.8382));
#14944=VECTOR('',#18401,1.0);
#14945=COLOUR_RGB('',0.705882370471954,0.705882370471954,0.705882370471954);
#14946=CARTESIAN_POINT('',(1.519047,-0.127,-1.905));
#14947=CARTESIAN_POINT('',(1.519047,-0.127,-1.905));
#14948=VECTOR('',#18402,1.0);
#14949=CARTESIAN_POINT('',(1.798447,-0.127,-1.905));
#14950=VECTOR('',#18403,1.0);
#14951=COLOUR_RGB('',0.705882370471954,0.705882370471954,0.705882370471954);
#14952=CARTESIAN_POINT('',(1.519047,0.0,-1.905));
#14953=CARTESIAN_POINT('',(1.519047,0.0,-1.905));
#14954=VECTOR('',#18404,1.0);
#14955=CARTESIAN_POINT('',(1.798447,0.0,-1.905));
#14956=VECTOR('',#18405,1.0);
#14957=COLOUR_RGB('',0.705882370471954,0.705882370471954,0.705882370471954);
#14958=CARTESIAN_POINT('',(1.519047,0.0,-1.27));
#14959=CARTESIAN_POINT('',(7.7762503467721E-17,0.0,-1.27));
#14960=VECTOR('',#18406,1.0);
#14961=CARTESIAN_POINT('',(1.519047,0.0,-1.0922));
#14962=VECTOR('',#18407,1.0);
#14963=COLOUR_RGB('',0.705882370471954,0.705882370471954,0.705882370471954);
#14964=CARTESIAN_POINT('',(1.519047,0.635,-0.8382));
#14965=CARTESIAN_POINT('',(1.728597,0.635,-0.8382));
#14966=VECTOR('',#18408,1.0);
#14967=CARTESIAN_POINT('',(1.519047,0.127,-0.8382));
#14968=VECTOR('',#18409,1.0);
#14969=COLOUR_RGB('',0.705882370471954,0.705882370471954,0.705882370471954);
#14970=CARTESIAN_POINT('',(1.519047,0.0,-1.08458));
#14971=CARTESIAN_POINT('',(1.519047,0.0,-1.18102514458761));
#14972=VECTOR('',#18410,1.0);
#14973=CARTESIAN_POINT('',(1.519047,0.635,-0.957199));
#14974=CARTESIAN_POINT('',(1.519047,0.635,-0.592380144587612));
#14975=VECTOR('',#18411,1.0);
#14976=CARTESIAN_POINT('',(1.519047,0.127,-0.957199));
#14977=CARTESIAN_POINT('',(1.519047,-0.335938783379394,-0.957199));
#14978=VECTOR('',#18412,1.0);
#14979=CARTESIAN_POINT('',(1.519047,0.127,-0.95758));
#14980=CARTESIAN_POINT('',(1.519047,0.127,-0.592380144587613));
#14981=VECTOR('',#18413,1.0);
#14982=CARTESIAN_POINT('',(1.519047,0.0549855360164968,-1.0295944639835));
#14983=VECTOR('',#18414,1.0);
#14984=CARTESIAN_POINT('',(1.519047,0.0549855360164968,-1.0295944639835));
#14985=VECTOR('',#18415,1.0);
#14986=COLOUR_RGB('',0.196078434586525,0.196078434586525,0.196078434586525);
#14987=CARTESIAN_POINT('',(0.798449,0.0,-1.08458));
#14988=CARTESIAN_POINT('',(6.64091779614337E-17,0.0,-1.08458));
#14989=VECTOR('',#18416,1.0);
#14990=CARTESIAN_POINT('',(0.798449,0.0,-1.27));
#14991=CARTESIAN_POINT('',(0.798449,0.0,-1.18102514458761));
#14992=VECTOR('',#18417,1.0);
#14993=CARTESIAN_POINT('',(7.7762503467721E-17,0.0,-1.27));
#14994=VECTOR('',#18418,1.0);
#14995=COLOUR_RGB('',0.196078434586525,0.196078434586525,0.196078434586525);
#14996=CARTESIAN_POINT('',(2.001647,0.635,-0.957199));
#14997=CARTESIAN_POINT('',(1.658747,0.635,-0.957199));
#14998=VECTOR('',#18419,1.0);
#14999=CARTESIAN_POINT('',(2.001647,0.635,-0.207899));
#15000=CARTESIAN_POINT('',(2.001647,0.635,0.0));
#15001=VECTOR('',#18420,1.0);
#15002=CARTESIAN_POINT('',(1.315847,0.635,-0.207899));
#15003=CARTESIAN_POINT('',(3.9087425,0.635,-0.207899));
#15004=VECTOR('',#18421,1.0);
#15005=CARTESIAN_POINT('',(1.315847,0.635,-0.957199));
#15006=CARTESIAN_POINT('',(1.315847,0.635,0.0));
#15007=VECTOR('',#18422,1.0);
#15008=CARTESIAN_POINT('',(1.658747,0.635,-0.957199));
#15009=VECTOR('',#18423,1.0);
#15010=CARTESIAN_POINT('',(1.455547,0.635,-0.29718));
#15011=CARTESIAN_POINT('',(1.861947,0.635,-0.29718));
#15012=CARTESIAN_POINT('',(1.658747,0.635,-0.29718));
#15013=VECTOR('',#18424,1.0);
#15014=CARTESIAN_POINT('',(1.861947,0.635,-0.70358));
#15015=CARTESIAN_POINT('',(1.861947,0.635,-0.25019));
#15016=VECTOR('',#18425,1.0);
#15017=CARTESIAN_POINT('',(1.455547,0.635,-0.70358));
#15018=CARTESIAN_POINT('',(1.658747,0.635,-0.70358));
#15019=VECTOR('',#18426,1.0);
#15020=CARTESIAN_POINT('',(1.455547,0.635,-0.25019));
#15021=VECTOR('',#18427,1.0);
#15022=COLOUR_RGB('',0.196078434586525,0.196078434586525,0.196078434586525);
#15023=CARTESIAN_POINT('',(2.001647,0.127,-0.957199));
#15024=CARTESIAN_POINT('',(0.8293735,0.127,-0.957199));
#15025=VECTOR('',#18428,1.0);
#15026=CARTESIAN_POINT('',(2.001647,-0.865,-0.957199));
#15027=VECTOR('',#18429,1.0);
#15028=COLOUR_RGB('',0.196078434586525,0.196078434586525,0.196078434586525);
#15029=CARTESIAN_POINT('',(1.315847,0.127,-0.957199));
#15030=CARTESIAN_POINT('',(1.315847,-0.865,-0.957199));
#15031=VECTOR('',#18430,1.0);
#15032=CARTESIAN_POINT('',(0.8293735,0.127,-0.957199));
#15033=VECTOR('',#18431,1.0);
#15034=COLOUR_RGB('',0.705882370471954,0.705882370471954,0.705882370471954);
#15035=CARTESIAN_POINT('',(0.519049,0.000243688928579802,-1.08433631107142));
#15036=CARTESIAN_POINT('',(0.798449,0.000243688928579802,-1.08433631107142));
#15037=CARTESIAN_POINT('',(0.658749,0.000243688928579802,-1.08433631107142));
#15038=VECTOR('',#18432,1.0);
#15039=CARTESIAN_POINT('',(0.519049,0.11913631107142,-0.96544368892858));
#15040=AXIS2_PLACEMENT_3D('',#18433,#18434,#18435);
#15041=CARTESIAN_POINT('',(0.798449,0.11913631107142,-0.96544368892858));
#15042=CARTESIAN_POINT('',(0.658749,0.11913631107142,-0.96544368892858));
#15043=VECTOR('',#18436,1.0);
#15044=AXIS2_PLACEMENT_3D('',#18437,#18438,#18439);
#15045=COLOUR_RGB('',0.705882370471954,0.705882370471954,0.705882370471954);
#15046=CARTESIAN_POINT('',(0.798449,0.0549855360164967,-1.0295944639835));
#15047=VECTOR('',#18440,1.0);
#15048=CARTESIAN_POINT('',(0.798449,0.127,-0.95758));
#15049=CARTESIAN_POINT('',(0.798449,0.0549855360164967,-1.0295944639835));
#15050=VECTOR('',#18441,1.0);
#15051=CARTESIAN_POINT('',(0.798449,0.127,-0.957199));
#15052=CARTESIAN_POINT('',(0.798449,0.127,-0.592380144587613));
#15053=VECTOR('',#18442,1.0);
#15054=CARTESIAN_POINT('',(0.798449,0.635,-0.957199));
#15055=CARTESIAN_POINT('',(0.798449,-0.335938783379394,-0.957199));
#15056=VECTOR('',#18443,1.0);
#15057=CARTESIAN_POINT('',(0.798449,0.635,-0.8382));
#15058=CARTESIAN_POINT('',(0.798449,0.635,-0.592380144587612));
#15059=VECTOR('',#18444,1.0);
#15060=CARTESIAN_POINT('',(0.798449,0.127,-0.8382));
#15061=CARTESIAN_POINT('',(0.798449,0.127,-0.8382));
#15062=VECTOR('',#18445,1.0);
#15063=CARTESIAN_POINT('',(0.798449,-0.127,-1.0922));
#15064=AXIS2_PLACEMENT_3D('',#18446,#18447,#18448);
#15065=CARTESIAN_POINT('',(0.798449000000001,-0.127,-1.905));
#15066=CARTESIAN_POINT('',(0.798449000000001,-0.127,-1.905));
#15067=VECTOR('',#18449,1.0);
#15068=CARTESIAN_POINT('',(0.798449000000001,0.0,-1.905));
#15069=CARTESIAN_POINT('',(0.798449000000001,0.0,-1.905));
#15070=VECTOR('',#18450,1.0);
#15071=CARTESIAN_POINT('',(0.798449,0.0,-1.0922));
#15072=VECTOR('',#18451,1.0);
#15073=COLOUR_RGB('',0.705882370471954,0.705882370471954,0.705882370471954);
#15074=CARTESIAN_POINT('',(0.519049,0.127,-0.8382));
#15075=CARTESIAN_POINT('',(0.519049,-0.127,-1.0922));
#15076=AXIS2_PLACEMENT_3D('',#18452,#18453,#18454);
#15077=CARTESIAN_POINT('',(0.798449,-0.127,-1.0922));
#15078=VECTOR('',#18455,1.0);
#15079=CARTESIAN_POINT('',(0.798449,0.127,-0.8382));
#15080=VECTOR('',#18456,1.0);
#15081=COLOUR_RGB('',0.705882370471954,0.705882370471954,0.705882370471954);
#15082=CARTESIAN_POINT('',(0.519049000000001,-0.127,-1.905));
#15083=CARTESIAN_POINT('',(0.519049000000001,-0.127,-1.905));
#15084=VECTOR('',#18457,1.0);
#15085=CARTESIAN_POINT('',(0.798449000000001,-0.127,-1.905));
#15086=VECTOR('',#18458,1.0);
#15087=COLOUR_RGB('',0.705882370471954,0.705882370471954,0.705882370471954);
#15088=CARTESIAN_POINT('',(0.519049000000001,0.0,-1.905));
#15089=CARTESIAN_POINT('',(0.519049000000001,0.0,-1.905));
#15090=VECTOR('',#18459,1.0);
#15091=CARTESIAN_POINT('',(0.798449000000001,0.0,-1.905));
#15092=VECTOR('',#18460,1.0);
#15093=COLOUR_RGB('',0.705882370471954,0.705882370471954,0.705882370471954);
#15094=CARTESIAN_POINT('',(0.519049,0.0,-1.27));
#15095=CARTESIAN_POINT('',(7.7762503467721E-17,0.0,-1.27));
#15096=VECTOR('',#18461,1.0);
#15097=CARTESIAN_POINT('',(0.519049,0.0,-1.0922));
#15098=VECTOR('',#18462,1.0);
#15099=COLOUR_RGB('',0.705882370471954,0.705882370471954,0.705882370471954);
#15100=CARTESIAN_POINT('',(0.519049,0.635,-0.8382));
#15101=CARTESIAN_POINT('',(0.728599,0.635,-0.8382));
#15102=VECTOR('',#18463,1.0);
#15103=CARTESIAN_POINT('',(0.519049,0.127,-0.8382));
#15104=VECTOR('',#18464,1.0);
#15105=COLOUR_RGB('',0.705882370471954,0.705882370471954,0.705882370471954);
#15106=CARTESIAN_POINT('',(0.519049,0.0,-1.08458));
#15107=CARTESIAN_POINT('',(0.519049,0.0,-1.18102514458761));
#15108=VECTOR('',#18465,1.0);
#15109=CARTESIAN_POINT('',(0.519049,0.635,-0.957199));
#15110=CARTESIAN_POINT('',(0.519049,0.635,-0.592380144587612));
#15111=VECTOR('',#18466,1.0);
#15112=CARTESIAN_POINT('',(0.519049,0.127,-0.957199));
#15113=CARTESIAN_POINT('',(0.519049,-0.335938783379394,-0.957199));
#15114=VECTOR('',#18467,1.0);
#15115=CARTESIAN_POINT('',(0.519049,0.127,-0.95758));
#15116=CARTESIAN_POINT('',(0.519049,0.127,-0.592380144587613));
#15117=VECTOR('',#18468,1.0);
#15118=CARTESIAN_POINT('',(0.519049,0.0549855360164967,-1.0295944639835));
#15119=VECTOR('',#18469,1.0);
#15120=CARTESIAN_POINT('',(0.519049,0.0549855360164967,-1.0295944639835));
#15121=VECTOR('',#18470,1.0);
#15122=COLOUR_RGB('',0.196078434586525,0.196078434586525,0.196078434586525);
#15123=CARTESIAN_POINT('',(6.64091779614337E-17,0.0,-1.08458));
#15124=CARTESIAN_POINT('',(6.64091779614337E-17,0.0,-1.08458));
#15125=VECTOR('',#18471,1.0);
#15126=CARTESIAN_POINT('',(7.7762503467721E-17,0.0,-1.27));
#15127=CARTESIAN_POINT('',(6.64091779614337E-17,0.0,-1.08458));
#15128=VECTOR('',#18472,1.0);
#15129=CARTESIAN_POINT('',(7.7762503467721E-17,0.0,-1.27));
#15130=VECTOR('',#18473,1.0);
#15131=COLOUR_RGB('',0.196078434586525,0.196078434586525,0.196078434586525);
#15132=CARTESIAN_POINT('',(1.001649,0.635,-0.957199));
#15133=CARTESIAN_POINT('',(0.658749,0.635,-0.957199));
#15134=VECTOR('',#18474,1.0);
#15135=CARTESIAN_POINT('',(1.001649,0.635,-0.207899));
#15136=CARTESIAN_POINT('',(1.001649,0.635,0.0));
#15137=VECTOR('',#18475,1.0);
#15138=CARTESIAN_POINT('',(0.315849,0.635,-0.207899));
#15139=CARTESIAN_POINT('',(2.9087445,0.635,-0.207899));
#15140=VECTOR('',#18476,1.0);
#15141=CARTESIAN_POINT('',(0.315849,0.635,-0.957199));
#15142=CARTESIAN_POINT('',(0.315849,0.635,0.0));
#15143=VECTOR('',#18477,1.0);
#15144=CARTESIAN_POINT('',(0.658749,0.635,-0.957199));
#15145=VECTOR('',#18478,1.0);
#15146=CARTESIAN_POINT('',(0.455549,0.635,-0.29718));
#15147=CARTESIAN_POINT('',(0.861949,0.635,-0.29718));
#15148=CARTESIAN_POINT('',(0.658749,0.635,-0.29718));
#15149=VECTOR('',#18479,1.0);
#15150=CARTESIAN_POINT('',(0.861949,0.635,-0.70358));
#15151=CARTESIAN_POINT('',(0.861949,0.635,-0.25019));
#15152=VECTOR('',#18480,1.0);
#15153=CARTESIAN_POINT('',(0.455549,0.635,-0.70358));
#15154=CARTESIAN_POINT('',(0.658749,0.635,-0.70358));
#15155=VECTOR('',#18481,1.0);
#15156=CARTESIAN_POINT('',(0.455549,0.635,-0.25019));
#15157=VECTOR('',#18482,1.0);
#15158=COLOUR_RGB('',0.196078434586525,0.196078434586525,0.196078434586525);
#15159=CARTESIAN_POINT('',(1.001649,0.127,-0.957199));
#15160=CARTESIAN_POINT('',(0.3293745,0.127,-0.957199));
#15161=VECTOR('',#18483,1.0);
#15162=CARTESIAN_POINT('',(1.001649,-0.865,-0.957199));
#15163=VECTOR('',#18484,1.0);
#15164=COLOUR_RGB('',0.196078434586525,0.196078434586525,0.196078434586525);
#15165=CARTESIAN_POINT('',(0.315849,0.127,-0.957199));
#15166=CARTESIAN_POINT('',(0.315849,-0.865,-0.957199));
#15167=VECTOR('',#18485,1.0);
#15168=CARTESIAN_POINT('',(0.3293745,0.127,-0.957199));
#15169=VECTOR('',#18486,1.0);
#15170=COLOUR_RGB('',0.705882370471954,0.705882370471954,0.705882370471954);
#15171=CARTESIAN_POINT('',(9.798431,0.0,1.08458));
#15172=CARTESIAN_POINT('',(9.798431,0.000243688928579816,1.08433631107142));
#15173=CARTESIAN_POINT('',(9.798431,0.0549855360164966,1.0295944639835));
#15174=VECTOR('',#18487,1.0);
#15175=CARTESIAN_POINT('',(9.798431,0.0,1.27));
#15176=CARTESIAN_POINT('',(9.798431,0.0,1.18102514458761));
#15177=VECTOR('',#18488,1.0);
#15178=CARTESIAN_POINT('',(9.798431,0.0,1.905));
#15179=CARTESIAN_POINT('',(9.798431,0.0,1.0922));
#15180=VECTOR('',#18489,1.0);
#15181=CARTESIAN_POINT('',(9.798431,-0.127,1.905));
#15182=CARTESIAN_POINT('',(9.798431,0.0,1.905));
#15183=VECTOR('',#18490,1.0);
#15184=CARTESIAN_POINT('',(9.798431,-0.127,1.0922));
#15185=CARTESIAN_POINT('',(9.798431,-0.127,1.905));
#15186=VECTOR('',#18491,1.0);
#15187=CARTESIAN_POINT('',(9.798431,0.127,0.8382));
#15188=AXIS2_PLACEMENT_3D('',#18492,#18493,#18494);
#15189=CARTESIAN_POINT('',(9.798431,0.635,0.8382));
#15190=CARTESIAN_POINT('',(9.798431,0.127,0.8382));
#15191=VECTOR('',#18495,1.0);
#15192=CARTESIAN_POINT('',(9.798431,0.635,0.957199));
#15193=CARTESIAN_POINT('',(9.798431,0.635,0.592380144587612));
#15194=VECTOR('',#18496,1.0);
#15195=CARTESIAN_POINT('',(9.798431,0.127,0.957199));
#15196=CARTESIAN_POINT('',(9.798431,-0.335938783379394,0.957199));
#15197=VECTOR('',#18497,1.0);
#15198=CARTESIAN_POINT('',(9.798431,0.127,0.95758));
#15199=CARTESIAN_POINT('',(9.798431,0.127,0.592380144587613));
#15200=VECTOR('',#18498,1.0);
#15201=CARTESIAN_POINT('',(9.798431,0.11913631107142,0.96544368892858));
#15202=CARTESIAN_POINT('',(9.798431,0.0549855360164966,1.0295944639835));
#15203=VECTOR('',#18499,1.0);
#15204=AXIS2_PLACEMENT_3D('',#18500,#18501,#18502);
#15205=COLOUR_RGB('',0.705882370471954,0.705882370471954,0.705882370471954);
#15206=CARTESIAN_POINT('',(9.519031,-0.127,1.0922));
#15207=CARTESIAN_POINT('',(9.519031,-0.127,1.0922));
#15208=VECTOR('',#18503,1.0);
#15209=CARTESIAN_POINT('',(9.519031,0.127,0.8382));
#15210=AXIS2_PLACEMENT_3D('',#18504,#18505,#18506);
#15211=CARTESIAN_POINT('',(9.519031,0.127,0.8382));
#15212=VECTOR('',#18507,1.0);
#15213=COLOUR_RGB('',0.705882370471954,0.705882370471954,0.705882370471954);
#15214=CARTESIAN_POINT('',(9.519031,-0.127,1.905));
#15215=CARTESIAN_POINT('',(9.519031,-0.127,1.905));
#15216=VECTOR('',#18508,1.0);
#15217=CARTESIAN_POINT('',(9.519031,-0.127,1.905));
#15218=VECTOR('',#18509,1.0);
#15219=COLOUR_RGB('',0.705882370471954,0.705882370471954,0.705882370471954);
#15220=CARTESIAN_POINT('',(9.519031,0.0,1.905));
#15221=CARTESIAN_POINT('',(9.519031,0.0,1.905));
#15222=VECTOR('',#18510,1.0);
#15223=CARTESIAN_POINT('',(9.519031,0.0,1.905));
#15224=VECTOR('',#18511,1.0);
#15225=COLOUR_RGB('',0.705882370471954,0.705882370471954,0.705882370471954);
#15226=CARTESIAN_POINT('',(9.519031,0.0,1.27));
#15227=CARTESIAN_POINT('',(-7.77625034677209E-17,0.0,1.27));
#15228=VECTOR('',#18512,1.0);
#15229=CARTESIAN_POINT('',(9.519031,0.0,1.0922));
#15230=VECTOR('',#18513,1.0);
#15231=COLOUR_RGB('',0.705882370471954,0.705882370471954,0.705882370471954);
#15232=CARTESIAN_POINT('',(9.519031,0.000243688928579816,1.08433631107142));
#15233=CARTESIAN_POINT('',(9.658731,0.000243688928579816,1.08433631107142));
#15234=VECTOR('',#18514,1.0);
#15235=CARTESIAN_POINT('',(9.519031,0.11913631107142,0.96544368892858));
#15236=CARTESIAN_POINT('',(9.658731,0.11913631107142,0.96544368892858));
#15237=VECTOR('',#18515,1.0);
#15238=AXIS2_PLACEMENT_3D('',#18516,#18517,#18518);
#15239=COLOUR_RGB('',0.705882370471954,0.705882370471954,0.705882370471954);
#15240=CARTESIAN_POINT('',(9.519031,0.635,0.8382));
#15241=CARTESIAN_POINT('',(9.588881,0.635,0.8382));
#15242=VECTOR('',#18519,1.0);
#15243=CARTESIAN_POINT('',(9.519031,0.127,0.8382));
#15244=VECTOR('',#18520,1.0);
#15245=COLOUR_RGB('',0.705882370471954,0.705882370471954,0.705882370471954);
#15246=CARTESIAN_POINT('',(9.519031,0.0,1.08458));
#15247=CARTESIAN_POINT('',(9.519031,0.0549855360164966,1.0295944639835));
#15248=VECTOR('',#18521,1.0);
#15249=CARTESIAN_POINT('',(9.519031,0.127,0.95758));
#15250=CARTESIAN_POINT('',(9.519031,0.0549855360164966,1.0295944639835));
#15251=VECTOR('',#18522,1.0);
#15252=CARTESIAN_POINT('',(9.519031,0.127,0.957199));
#15253=CARTESIAN_POINT('',(9.519031,0.127,0.592380144587613));
#15254=VECTOR('',#18523,1.0);
#15255=CARTESIAN_POINT('',(9.519031,0.635,0.957199));
#15256=CARTESIAN_POINT('',(9.519031,-0.335938783379394,0.957199));
#15257=VECTOR('',#18524,1.0);
#15258=CARTESIAN_POINT('',(9.519031,0.635,0.592380144587612));
#15259=VECTOR('',#18525,1.0);
#15260=CARTESIAN_POINT('',(9.519031,0.0,1.18102514458761));
#15261=VECTOR('',#18526,1.0);
#15262=COLOUR_RGB('',0.196078434586525,0.196078434586525,0.196078434586525);
#15263=CARTESIAN_POINT('',(8.798433,0.0,1.27));
#15264=CARTESIAN_POINT('',(-7.77625034677209E-17,0.0,1.27));
#15265=VECTOR('',#18527,1.0);
#15266=CARTESIAN_POINT('',(8.798433,0.0,1.08458));
#15267=CARTESIAN_POINT('',(8.798433,0.0,1.18102514458761));
#15268=VECTOR('',#18528,1.0);
#15269=CARTESIAN_POINT('',(-6.64091779614337E-17,0.0,1.08458));
#15270=VECTOR('',#18529,1.0);
#15271=COLOUR_RGB('',0.196078434586525,0.196078434586525,0.196078434586525);
#15272=CARTESIAN_POINT('',(8.798433,0.000243688928579823,1.08433631107142));
#15273=CARTESIAN_POINT('',(8.798433,0.0549855360164966,1.0295944639835));
#15274=VECTOR('',#18530,1.0);
#15275=CARTESIAN_POINT('',(8.519033,0.000243688928579823,1.08433631107142));
#15276=CARTESIAN_POINT('',(8.658733,0.000243688928579823,1.08433631107142));
#15277=VECTOR('',#18531,1.0);
#15278=CARTESIAN_POINT('',(8.519033,0.0,1.08458));
#15279=CARTESIAN_POINT('',(8.519033,0.0549855360164965,1.0295944639835));
#15280=VECTOR('',#18532,1.0);
#15281=CARTESIAN_POINT('',(7.798435,0.0,1.08458));
#15282=CARTESIAN_POINT('',(-6.64091779614337E-17,0.0,1.08458));
#15283=VECTOR('',#18533,1.0);
#15284=CARTESIAN_POINT('',(7.798435,0.000243688928579837,1.08433631107142));
#15285=CARTESIAN_POINT('',(7.798435,0.0549855360164965,1.0295944639835));
#15286=VECTOR('',#18534,1.0);
#15287=CARTESIAN_POINT('',(7.519035,0.000243688928579837,1.08433631107142));
#15288=CARTESIAN_POINT('',(7.658735,0.000243688928579837,1.08433631107142));
#15289=VECTOR('',#18535,1.0);
#15290=CARTESIAN_POINT('',(7.519035,0.0,1.08458));
#15291=CARTESIAN_POINT('',(7.519035,0.0549855360164965,1.0295944639835));
#15292=VECTOR('',#18536,1.0);
#15293=CARTESIAN_POINT('',(6.798437,0.0,1.08458));
#15294=CARTESIAN_POINT('',(-6.64091779614337E-17,0.0,1.08458));
#15295=VECTOR('',#18537,1.0);
#15296=CARTESIAN_POINT('',(6.798437,0.000243688928579844,1.08433631107142));
#15297=CARTESIAN_POINT('',(6.798437,0.0549855360164965,1.0295944639835));
#15298=VECTOR('',#18538,1.0);
#15299=CARTESIAN_POINT('',(6.519037,0.000243688928579844,1.08433631107142));
#15300=CARTESIAN_POINT('',(6.658737,0.000243688928579844,1.08433631107142));
#15301=VECTOR('',#18539,1.0);
#15302=CARTESIAN_POINT('',(6.519037,0.0,1.08458));
#15303=CARTESIAN_POINT('',(6.519037,0.0549855360164965,1.0295944639835));
#15304=VECTOR('',#18540,1.0);
#15305=CARTESIAN_POINT('',(5.798439,0.0,1.08458));
#15306=CARTESIAN_POINT('',(-6.64091779614337E-17,0.0,1.08458));
#15307=VECTOR('',#18541,1.0);
#15308=CARTESIAN_POINT('',(5.798439,0.000243688928579858,1.08433631107142));
#15309=CARTESIAN_POINT('',(5.798439,0.0549855360164965,1.0295944639835));
#15310=VECTOR('',#18542,1.0);
#15311=CARTESIAN_POINT('',(5.519039,0.000243688928579844,1.08433631107142));
#15312=CARTESIAN_POINT('',(5.658739,0.000243688928579858,1.08433631107142));
#15313=VECTOR('',#18543,1.0);
#15314=CARTESIAN_POINT('',(5.519039,0.0,1.08458));
#15315=CARTESIAN_POINT('',(5.519039,0.0549855360164965,1.0295944639835));
#15316=VECTOR('',#18544,1.0);
#15317=CARTESIAN_POINT('',(4.798441,0.0,1.08458));
#15318=CARTESIAN_POINT('',(-6.64091779614337E-17,0.0,1.08458));
#15319=VECTOR('',#18545,1.0);
#15320=CARTESIAN_POINT('',(4.798441,0.000243688928579837,1.08433631107142));
#15321=CARTESIAN_POINT('',(4.798441,0.0549855360164964,1.0295944639835));
#15322=VECTOR('',#18546,1.0);
#15323=CARTESIAN_POINT('',(4.519041,0.000243688928579858,1.08433631107142));
#15324=CARTESIAN_POINT('',(4.658741,0.000243688928579837,1.08433631107142));
#15325=VECTOR('',#18547,1.0);
#15326=CARTESIAN_POINT('',(4.519041,0.0,1.08458));
#15327=CARTESIAN_POINT('',(4.519041,0.0549855360164964,1.0295944639835));
#15328=VECTOR('',#18548,1.0);
#15329=CARTESIAN_POINT('',(3.798443,0.0,1.08458));
#15330=CARTESIAN_POINT('',(-6.64091779614337E-17,0.0,1.08458));
#15331=VECTOR('',#18549,1.0);
#15332=CARTESIAN_POINT('',(3.798443,0.000243688928579858,1.08433631107142));
#15333=CARTESIAN_POINT('',(3.798443,0.0549855360164964,1.0295944639835));
#15334=VECTOR('',#18550,1.0);
#15335=CARTESIAN_POINT('',(3.519043,0.000243688928579851,1.08433631107142));
#15336=CARTESIAN_POINT('',(3.658743,0.000243688928579858,1.08433631107142));
#15337=VECTOR('',#18551,1.0);
#15338=CARTESIAN_POINT('',(3.519043,0.0,1.08458));
#15339=CARTESIAN_POINT('',(3.519043,0.0549855360164965,1.0295944639835));
#15340=VECTOR('',#18552,1.0);
#15341=CARTESIAN_POINT('',(2.798445,0.0,1.08458));
#15342=CARTESIAN_POINT('',(-6.64091779614337E-17,0.0,1.08458));
#15343=VECTOR('',#18553,1.0);
#15344=CARTESIAN_POINT('',(2.798445,0.000243688928579865,1.08433631107142));
#15345=CARTESIAN_POINT('',(2.798445,0.0549855360164965,1.0295944639835));
#15346=VECTOR('',#18554,1.0);
#15347=CARTESIAN_POINT('',(2.519045,0.000243688928579865,1.08433631107142));
#15348=CARTESIAN_POINT('',(2.658745,0.000243688928579865,1.08433631107142));
#15349=VECTOR('',#18555,1.0);
#15350=CARTESIAN_POINT('',(2.519045,0.0,1.08458));
#15351=CARTESIAN_POINT('',(2.519045,0.0549855360164965,1.0295944639835));
#15352=VECTOR('',#18556,1.0);
#15353=CARTESIAN_POINT('',(1.798447,0.0,1.08458));
#15354=CARTESIAN_POINT('',(-6.64091779614337E-17,0.0,1.08458));
#15355=VECTOR('',#18557,1.0);
#15356=CARTESIAN_POINT('',(1.798447,0.000243688928579851,1.08433631107142));
#15357=CARTESIAN_POINT('',(1.798447,0.0549855360164965,1.0295944639835));
#15358=VECTOR('',#18558,1.0);
#15359=CARTESIAN_POINT('',(1.519047,0.000243688928579851,1.08433631107142));
#15360=CARTESIAN_POINT('',(1.658747,0.000243688928579851,1.08433631107142));
#15361=VECTOR('',#18559,1.0);
#15362=CARTESIAN_POINT('',(1.519047,0.0,1.08458));
#15363=CARTESIAN_POINT('',(1.519047,0.0549855360164964,1.0295944639835));
#15364=VECTOR('',#18560,1.0);
#15365=CARTESIAN_POINT('',(0.798449,0.0,1.08458));
#15366=CARTESIAN_POINT('',(-6.64091779614337E-17,0.0,1.08458));
#15367=VECTOR('',#18561,1.0);
#15368=CARTESIAN_POINT('',(0.798449,0.000243688928579858,1.08433631107142));
#15369=CARTESIAN_POINT('',(0.798449,0.0549855360164964,1.0295944639835));
#15370=VECTOR('',#18562,1.0);
#15371=CARTESIAN_POINT('',(0.519049,0.000243688928579865,1.08433631107142));
#15372=CARTESIAN_POINT('',(0.658749,0.000243688928579858,1.08433631107142));
#15373=VECTOR('',#18563,1.0);
#15374=CARTESIAN_POINT('',(0.519049,0.0,1.08458));
#15375=CARTESIAN_POINT('',(0.519049,0.0549855360164964,1.0295944639835));
#15376=VECTOR('',#18564,1.0);
#15377=CARTESIAN_POINT('',(-6.64091779614337E-17,0.0,1.08458));
#15378=CARTESIAN_POINT('',(-6.64091779614337E-17,0.0,1.08458));
#15379=VECTOR('',#18565,1.0);
#15380=CARTESIAN_POINT('',(-5.86329276146616E-17,0.127,0.957579999999999));
#15381=CARTESIAN_POINT('',(-5.86329276146616E-17,0.127,0.957579999999999));
#15382=VECTOR('',#18566,1.0);
#15383=CARTESIAN_POINT('',(0.519049,0.127,0.957579999999999));
#15384=CARTESIAN_POINT('',(-5.86329276146616E-17,0.127,0.957579999999999));
#15385=VECTOR('',#18567,1.0);
#15386=CARTESIAN_POINT('',(0.519049,0.119136311071419,0.96544368892858));
#15387=CARTESIAN_POINT('',(0.519049,0.0549855360164964,1.0295944639835));
#15388=VECTOR('',#18568,1.0);
#15389=CARTESIAN_POINT('',(0.798449,0.119136311071419,0.965443688928581));
#15390=CARTESIAN_POINT('',(0.658749,0.119136311071419,0.965443688928581));
#15391=VECTOR('',#18569,1.0);
#15392=CARTESIAN_POINT('',(0.798449,0.127,0.957579999999999));
#15393=CARTESIAN_POINT('',(0.798449,0.0549855360164964,1.0295944639835));
#15394=VECTOR('',#18570,1.0);
#15395=CARTESIAN_POINT('',(1.519047,0.127,0.957579999999999));
#15396=CARTESIAN_POINT('',(-5.86329276146616E-17,0.127,0.957579999999999));
#15397=VECTOR('',#18571,1.0);
#15398=CARTESIAN_POINT('',(1.519047,0.119136311071419,0.96544368892858));
#15399=CARTESIAN_POINT('',(1.519047,0.0549855360164964,1.0295944639835));
#15400=VECTOR('',#18572,1.0);
#15401=CARTESIAN_POINT('',(1.798447,0.119136311071419,0.96544368892858));
#15402=CARTESIAN_POINT('',(1.658747,0.119136311071419,0.96544368892858));
#15403=VECTOR('',#18573,1.0);
#15404=CARTESIAN_POINT('',(1.798447,0.127,0.957579999999999));
#15405=CARTESIAN_POINT('',(1.798447,0.0549855360164965,1.0295944639835));
#15406=VECTOR('',#18574,1.0);
#15407=CARTESIAN_POINT('',(2.519045,0.127,0.957579999999999));
#15408=CARTESIAN_POINT('',(-5.86329276146616E-17,0.127,0.957579999999999));
#15409=VECTOR('',#18575,1.0);
#15410=CARTESIAN_POINT('',(2.519045,0.119136311071419,0.96544368892858));
#15411=CARTESIAN_POINT('',(2.519045,0.0549855360164965,1.0295944639835));
#15412=VECTOR('',#18576,1.0);
#15413=CARTESIAN_POINT('',(2.798445,0.119136311071419,0.96544368892858));
#15414=CARTESIAN_POINT('',(2.658745,0.119136311071419,0.96544368892858));
#15415=VECTOR('',#18577,1.0);
#15416=CARTESIAN_POINT('',(2.798445,0.127,0.95758));
#15417=CARTESIAN_POINT('',(2.798445,0.0549855360164965,1.0295944639835));
#15418=VECTOR('',#18578,1.0);
#15419=CARTESIAN_POINT('',(3.519043,0.127,0.95758));
#15420=CARTESIAN_POINT('',(-5.86329276146616E-17,0.127,0.957579999999999));
#15421=VECTOR('',#18579,1.0);
#15422=CARTESIAN_POINT('',(3.519043,0.119136311071419,0.96544368892858));
#15423=CARTESIAN_POINT('',(3.519043,0.0549855360164965,1.0295944639835));
#15424=VECTOR('',#18580,1.0);
#15425=CARTESIAN_POINT('',(3.798443,0.119136311071419,0.965443688928581));
#15426=CARTESIAN_POINT('',(3.658743,0.119136311071419,0.965443688928581));
#15427=VECTOR('',#18581,1.0);
#15428=CARTESIAN_POINT('',(3.798443,0.127,0.95758));
#15429=CARTESIAN_POINT('',(3.798443,0.0549855360164964,1.0295944639835));
#15430=VECTOR('',#18582,1.0);
#15431=CARTESIAN_POINT('',(4.519041,0.127,0.95758));
#15432=CARTESIAN_POINT('',(-5.86329276146616E-17,0.127,0.957579999999999));
#15433=VECTOR('',#18583,1.0);
#15434=CARTESIAN_POINT('',(4.519041,0.119136311071419,0.965443688928581));
#15435=CARTESIAN_POINT('',(4.519041,0.0549855360164964,1.0295944639835));
#15436=VECTOR('',#18584,1.0);
#15437=CARTESIAN_POINT('',(4.798441,0.119136311071419,0.96544368892858));
#15438=CARTESIAN_POINT('',(4.658741,0.119136311071419,0.96544368892858));
#15439=VECTOR('',#18585,1.0);
#15440=CARTESIAN_POINT('',(4.798441,0.127,0.95758));
#15441=CARTESIAN_POINT('',(4.798441,0.0549855360164964,1.0295944639835));
#15442=VECTOR('',#18586,1.0);
#15443=CARTESIAN_POINT('',(5.519039,0.127,0.95758));
#15444=CARTESIAN_POINT('',(-5.86329276146616E-17,0.127,0.957579999999999));
#15445=VECTOR('',#18587,1.0);
#15446=CARTESIAN_POINT('',(5.519039,0.119136311071419,0.96544368892858));
#15447=CARTESIAN_POINT('',(5.519039,0.0549855360164965,1.0295944639835));
#15448=VECTOR('',#18588,1.0);
#15449=CARTESIAN_POINT('',(5.798439,0.119136311071419,0.96544368892858));
#15450=CARTESIAN_POINT('',(5.658739,0.119136311071419,0.96544368892858));
#15451=VECTOR('',#18589,1.0);
#15452=CARTESIAN_POINT('',(5.798439,0.127,0.95758));
#15453=CARTESIAN_POINT('',(5.798439,0.0549855360164965,1.0295944639835));
#15454=VECTOR('',#18590,1.0);
#15455=CARTESIAN_POINT('',(6.519037,0.127,0.95758));
#15456=CARTESIAN_POINT('',(-5.86329276146616E-17,0.127,0.957579999999999));
#15457=VECTOR('',#18591,1.0);
#15458=CARTESIAN_POINT('',(6.519037,0.119136311071419,0.96544368892858));
#15459=CARTESIAN_POINT('',(6.519037,0.0549855360164965,1.0295944639835));
#15460=VECTOR('',#18592,1.0);
#15461=CARTESIAN_POINT('',(6.798437,0.119136311071419,0.96544368892858));
#15462=CARTESIAN_POINT('',(6.658737,0.119136311071419,0.96544368892858));
#15463=VECTOR('',#18593,1.0);
#15464=CARTESIAN_POINT('',(6.798437,0.127,0.95758));
#15465=CARTESIAN_POINT('',(6.798437,0.0549855360164965,1.0295944639835));
#15466=VECTOR('',#18594,1.0);
#15467=CARTESIAN_POINT('',(7.519035,0.127,0.95758));
#15468=CARTESIAN_POINT('',(-5.86329276146616E-17,0.127,0.957579999999999));
#15469=VECTOR('',#18595,1.0);
#15470=CARTESIAN_POINT('',(7.519035,0.119136311071419,0.96544368892858));
#15471=CARTESIAN_POINT('',(7.519035,0.0549855360164965,1.0295944639835));
#15472=VECTOR('',#18596,1.0);
#15473=CARTESIAN_POINT('',(7.798435,0.119136311071419,0.96544368892858));
#15474=CARTESIAN_POINT('',(7.658735,0.119136311071419,0.96544368892858));
#15475=VECTOR('',#18597,1.0);
#15476=CARTESIAN_POINT('',(7.798435,0.127,0.95758));
#15477=CARTESIAN_POINT('',(7.798435,0.0549855360164965,1.0295944639835));
#15478=VECTOR('',#18598,1.0);
#15479=CARTESIAN_POINT('',(8.519033,0.127,0.95758));
#15480=CARTESIAN_POINT('',(-5.86329276146616E-17,0.127,0.957579999999999));
#15481=VECTOR('',#18599,1.0);
#15482=CARTESIAN_POINT('',(8.519033,0.119136311071419,0.96544368892858));
#15483=CARTESIAN_POINT('',(8.519033,0.0549855360164965,1.0295944639835));
#15484=VECTOR('',#18600,1.0);
#15485=CARTESIAN_POINT('',(8.798433,0.119136311071419,0.96544368892858));
#15486=CARTESIAN_POINT('',(8.658733,0.119136311071419,0.96544368892858));
#15487=VECTOR('',#18601,1.0);
#15488=CARTESIAN_POINT('',(8.798433,0.127,0.95758));
#15489=CARTESIAN_POINT('',(8.798433,0.0549855360164966,1.0295944639835));
#15490=VECTOR('',#18602,1.0);
#15491=CARTESIAN_POINT('',(-5.86329276146616E-17,0.127,0.957579999999999));
#15492=VECTOR('',#18603,1.0);
#15493=CARTESIAN_POINT('',(10.31748,0.127,0.95758));
#15494=CARTESIAN_POINT('',(-5.86329276146616E-17,0.127,0.957579999999999));
#15495=VECTOR('',#18604,1.0);
#15496=CARTESIAN_POINT('',(10.31748,0.0,1.08458));
#15497=CARTESIAN_POINT('',(10.31748,0.127,0.95758));
#15498=VECTOR('',#18605,1.0);
#15499=CARTESIAN_POINT('',(-6.64091779614337E-17,0.0,1.08458));
#15500=VECTOR('',#18606,1.0);
#15501=COLOUR_RGB('',0.196078434586525,0.196078434586525,0.196078434586525);
#15502=CARTESIAN_POINT('',(9.315831,0.635,0.957199));
#15503=CARTESIAN_POINT('',(9.658731,0.635,0.957199));
#15504=VECTOR('',#18607,1.0);
#15505=CARTESIAN_POINT('',(9.315831,0.635,0.207899));
#15506=CARTESIAN_POINT('',(9.315831,0.635,0.0));
#15507=VECTOR('',#18608,1.0);
#15508=CARTESIAN_POINT('',(10.001631,0.635,0.207899));
#15509=CARTESIAN_POINT('',(11.9087265,0.635,0.207899));
#15510=VECTOR('',#18609,1.0);
#15511=CARTESIAN_POINT('',(10.001631,0.635,0.957199));
#15512=CARTESIAN_POINT('',(10.001631,0.635,0.0));
#15513=VECTOR('',#18610,1.0);
#15514=CARTESIAN_POINT('',(9.658731,0.635,0.957199));
#15515=VECTOR('',#18611,1.0);
#15516=CARTESIAN_POINT('',(9.455531,0.635,0.70358));
#15517=CARTESIAN_POINT('',(9.861931,0.635,0.70358));
#15518=CARTESIAN_POINT('',(9.658731,0.635,0.70358));
#15519=VECTOR('',#18612,1.0);
#15520=CARTESIAN_POINT('',(9.861931,0.635,0.29718));
#15521=CARTESIAN_POINT('',(9.861931,0.635,0.25019));
#15522=VECTOR('',#18613,1.0);
#15523=CARTESIAN_POINT('',(9.455531,0.635,0.29718));
#15524=CARTESIAN_POINT('',(9.658731,0.635,0.29718));
#15525=VECTOR('',#18614,1.0);
#15526=CARTESIAN_POINT('',(9.455531,0.635,0.25019));
#15527=VECTOR('',#18615,1.0);
#15528=COLOUR_RGB('',0.196078434586525,0.196078434586525,0.196078434586525);
#15529=CARTESIAN_POINT('',(9.315831,0.127,-0.207899));
#15530=CARTESIAN_POINT('',(9.315831,0.127,-2.77555756156289E-16));
#15531=VECTOR('',#18616,1.0);
#15532=CARTESIAN_POINT('',(10.001631,0.127,-0.207899));
#15533=CARTESIAN_POINT('',(7.079361,0.127,-0.207899));
#15534=VECTOR('',#18617,1.0);
#15535=CARTESIAN_POINT('',(10.001631,0.127,-2.77555756156289E-16));
#15536=VECTOR('',#18618,1.0);
#15537=CARTESIAN_POINT('',(10.31748,0.127,-0.95758));
#15538=CARTESIAN_POINT('',(5.86329276146616E-17,0.127,-0.95758));
#15539=VECTOR('',#18619,1.0);
#15540=CARTESIAN_POINT('',(10.31748,0.127,-0.95758));
#15541=VECTOR('',#18620,1.0);
#15542=CARTESIAN_POINT('',(10.001631,0.127,0.957199));
#15543=CARTESIAN_POINT('',(4.8293655,0.127,0.957199));
#15544=VECTOR('',#18621,1.0);
#15545=CARTESIAN_POINT('',(10.001631,0.127,0.207899));
#15546=CARTESIAN_POINT('',(10.001631,0.127,-2.77555756156289E-16));
#15547=VECTOR('',#18622,1.0);
#15548=CARTESIAN_POINT('',(9.315831,0.127,0.207899));
#15549=CARTESIAN_POINT('',(7.079361,0.127,0.207899));
#15550=VECTOR('',#18623,1.0);
#15551=CARTESIAN_POINT('',(9.315831,0.127,0.957199));
#15552=CARTESIAN_POINT('',(9.315831,0.127,-2.77555756156289E-16));
#15553=VECTOR('',#18624,1.0);
#15554=CARTESIAN_POINT('',(4.8293655,0.127,0.957199));
#15555=VECTOR('',#18625,1.0);
#15556=CARTESIAN_POINT('',(8.798433,0.127,0.957199));
#15557=CARTESIAN_POINT('',(8.798433,0.127,0.592380144587612));
#15558=VECTOR('',#18626,1.0);
#15559=CARTESIAN_POINT('',(9.001633,0.127,0.957199));
#15560=CARTESIAN_POINT('',(4.3293665,0.127,0.957199));
#15561=VECTOR('',#18627,1.0);
#15562=CARTESIAN_POINT('',(9.001633,0.127,0.207899));
#15563=CARTESIAN_POINT('',(9.001633,0.127,-2.77555756156289E-16));
#15564=VECTOR('',#18628,1.0);
#15565=CARTESIAN_POINT('',(8.315833,0.127,0.207899));
#15566=CARTESIAN_POINT('',(6.579362,0.127,0.207899));
#15567=VECTOR('',#18629,1.0);
#15568=CARTESIAN_POINT('',(8.315833,0.127,0.957199));
#15569=CARTESIAN_POINT('',(8.315833,0.127,-2.77555756156289E-16));
#15570=VECTOR('',#18630,1.0);
#15571=CARTESIAN_POINT('',(8.519033,0.127,0.957199));
#15572=CARTESIAN_POINT('',(4.3293665,0.127,0.957199));
#15573=VECTOR('',#18631,1.0);
#15574=CARTESIAN_POINT('',(8.519033,0.127,0.592380144587612));
#15575=VECTOR('',#18632,1.0);
#15576=CARTESIAN_POINT('',(7.798435,0.127,0.957199));
#15577=CARTESIAN_POINT('',(7.798435,0.127,0.592380144587612));
#15578=VECTOR('',#18633,1.0);
#15579=CARTESIAN_POINT('',(8.001635,0.127,0.957199));
#15580=CARTESIAN_POINT('',(3.8293675,0.127,0.957199));
#15581=VECTOR('',#18634,1.0);
#15582=CARTESIAN_POINT('',(8.001635,0.127,0.207899));
#15583=CARTESIAN_POINT('',(8.001635,0.127,-2.77555756156289E-16));
#15584=VECTOR('',#18635,1.0);
#15585=CARTESIAN_POINT('',(7.315835,0.127,0.207899));
#15586=CARTESIAN_POINT('',(6.079363,0.127,0.207899));
#15587=VECTOR('',#18636,1.0);
#15588=CARTESIAN_POINT('',(7.315835,0.127,0.957199));
#15589=CARTESIAN_POINT('',(7.315835,0.127,-2.77555756156289E-16));
#15590=VECTOR('',#18637,1.0);
#15591=CARTESIAN_POINT('',(7.519035,0.127,0.957199));
#15592=CARTESIAN_POINT('',(3.8293675,0.127,0.957199));
#15593=VECTOR('',#18638,1.0);
#15594=CARTESIAN_POINT('',(7.519035,0.127,0.592380144587612));
#15595=VECTOR('',#18639,1.0);
#15596=CARTESIAN_POINT('',(6.798437,0.127,0.957199));
#15597=CARTESIAN_POINT('',(6.798437,0.127,0.592380144587612));
#15598=VECTOR('',#18640,1.0);
#15599=CARTESIAN_POINT('',(7.001637,0.127,0.957199));
#15600=CARTESIAN_POINT('',(3.3293685,0.127,0.957199));
#15601=VECTOR('',#18641,1.0);
#15602=CARTESIAN_POINT('',(7.001637,0.127,0.207899));
#15603=CARTESIAN_POINT('',(7.001637,0.127,-2.77555756156289E-16));
#15604=VECTOR('',#18642,1.0);
#15605=CARTESIAN_POINT('',(6.315837,0.127,0.207899));
#15606=CARTESIAN_POINT('',(5.579364,0.127,0.207899));
#15607=VECTOR('',#18643,1.0);
#15608=CARTESIAN_POINT('',(6.315837,0.127,0.957199));
#15609=CARTESIAN_POINT('',(6.315837,0.127,-2.77555756156289E-16));
#15610=VECTOR('',#18644,1.0);
#15611=CARTESIAN_POINT('',(6.519037,0.127,0.957199));
#15612=CARTESIAN_POINT('',(3.3293685,0.127,0.957199));
#15613=VECTOR('',#18645,1.0);
#15614=CARTESIAN_POINT('',(6.519037,0.127,0.592380144587612));
#15615=VECTOR('',#18646,1.0);
#15616=CARTESIAN_POINT('',(5.798439,0.127,0.957199));
#15617=CARTESIAN_POINT('',(5.798439,0.127,0.592380144587612));
#15618=VECTOR('',#18647,1.0);
#15619=CARTESIAN_POINT('',(6.001639,0.127,0.957199));
#15620=CARTESIAN_POINT('',(2.8293695,0.127,0.957199));
#15621=VECTOR('',#18648,1.0);
#15622=CARTESIAN_POINT('',(6.001639,0.127,0.207899));
#15623=CARTESIAN_POINT('',(6.001639,0.127,-2.77555756156289E-16));
#15624=VECTOR('',#18649,1.0);
#15625=CARTESIAN_POINT('',(5.315839,0.127,0.207899));
#15626=CARTESIAN_POINT('',(5.079365,0.127,0.207899));
#15627=VECTOR('',#18650,1.0);
#15628=CARTESIAN_POINT('',(5.315839,0.127,0.957199));
#15629=CARTESIAN_POINT('',(5.315839,0.127,-2.77555756156289E-16));
#15630=VECTOR('',#18651,1.0);
#15631=CARTESIAN_POINT('',(5.519039,0.127,0.957199));
#15632=CARTESIAN_POINT('',(2.8293695,0.127,0.957199));
#15633=VECTOR('',#18652,1.0);
#15634=CARTESIAN_POINT('',(5.519039,0.127,0.592380144587612));
#15635=VECTOR('',#18653,1.0);
#15636=CARTESIAN_POINT('',(4.798441,0.127,0.957199));
#15637=CARTESIAN_POINT('',(4.798441,0.127,0.592380144587612));
#15638=VECTOR('',#18654,1.0);
#15639=CARTESIAN_POINT('',(5.001641,0.127,0.957199));
#15640=CARTESIAN_POINT('',(2.3293705,0.127,0.957199));
#15641=VECTOR('',#18655,1.0);
#15642=CARTESIAN_POINT('',(5.001641,0.127,0.207899));
#15643=CARTESIAN_POINT('',(5.001641,0.127,-2.77555756156289E-16));
#15644=VECTOR('',#18656,1.0);
#15645=CARTESIAN_POINT('',(4.315841,0.127,0.207899));
#15646=CARTESIAN_POINT('',(4.579366,0.127,0.207899));
#15647=VECTOR('',#18657,1.0);
#15648=CARTESIAN_POINT('',(4.315841,0.127,0.957199));
#15649=CARTESIAN_POINT('',(4.315841,0.127,-2.77555756156289E-16));
#15650=VECTOR('',#18658,1.0);
#15651=CARTESIAN_POINT('',(4.519041,0.127,0.957199));
#15652=CARTESIAN_POINT('',(2.3293705,0.127,0.957199));
#15653=VECTOR('',#18659,1.0);
#15654=CARTESIAN_POINT('',(4.519041,0.127,0.592380144587612));
#15655=VECTOR('',#18660,1.0);
#15656=CARTESIAN_POINT('',(3.798443,0.127,0.957199));
#15657=CARTESIAN_POINT('',(3.798443,0.127,0.592380144587612));
#15658=VECTOR('',#18661,1.0);
#15659=CARTESIAN_POINT('',(4.001643,0.127,0.957199));
#15660=CARTESIAN_POINT('',(1.8293715,0.127,0.957199));
#15661=VECTOR('',#18662,1.0);
#15662=CARTESIAN_POINT('',(4.001643,0.127,0.207899));
#15663=CARTESIAN_POINT('',(4.001643,0.127,-2.77555756156289E-16));
#15664=VECTOR('',#18663,1.0);
#15665=CARTESIAN_POINT('',(3.315843,0.127,0.207899));
#15666=CARTESIAN_POINT('',(4.079367,0.127,0.207899));
#15667=VECTOR('',#18664,1.0);
#15668=CARTESIAN_POINT('',(3.315843,0.127,0.957199));
#15669=CARTESIAN_POINT('',(3.315843,0.127,-2.77555756156289E-16));
#15670=VECTOR('',#18665,1.0);
#15671=CARTESIAN_POINT('',(3.519043,0.127,0.957199));
#15672=CARTESIAN_POINT('',(1.8293715,0.127,0.957199));
#15673=VECTOR('',#18666,1.0);
#15674=CARTESIAN_POINT('',(3.519043,0.127,0.592380144587612));
#15675=VECTOR('',#18667,1.0);
#15676=CARTESIAN_POINT('',(2.798445,0.127,0.957199));
#15677=CARTESIAN_POINT('',(2.798445,0.127,0.592380144587612));
#15678=VECTOR('',#18668,1.0);
#15679=CARTESIAN_POINT('',(3.001645,0.127,0.957199));
#15680=CARTESIAN_POINT('',(1.3293725,0.127,0.957199));
#15681=VECTOR('',#18669,1.0);
#15682=CARTESIAN_POINT('',(3.001645,0.127,0.207899));
#15683=CARTESIAN_POINT('',(3.001645,0.127,-2.77555756156289E-16));
#15684=VECTOR('',#18670,1.0);
#15685=CARTESIAN_POINT('',(2.315845,0.127,0.207899));
#15686=CARTESIAN_POINT('',(3.579368,0.127,0.207899));
#15687=VECTOR('',#18671,1.0);
#15688=CARTESIAN_POINT('',(2.315845,0.127,0.957199));
#15689=CARTESIAN_POINT('',(2.315845,0.127,-2.77555756156289E-16));
#15690=VECTOR('',#18672,1.0);
#15691=CARTESIAN_POINT('',(2.519045,0.127,0.957199));
#15692=CARTESIAN_POINT('',(1.3293725,0.127,0.957199));
#15693=VECTOR('',#18673,1.0);
#15694=CARTESIAN_POINT('',(2.519045,0.127,0.592380144587612));
#15695=VECTOR('',#18674,1.0);
#15696=CARTESIAN_POINT('',(1.798447,0.127,0.957199));
#15697=CARTESIAN_POINT('',(1.798447,0.127,0.592380144587612));
#15698=VECTOR('',#18675,1.0);
#15699=CARTESIAN_POINT('',(2.001647,0.127,0.957199));
#15700=CARTESIAN_POINT('',(0.8293735,0.127,0.957199));
#15701=VECTOR('',#18676,1.0);
#15702=CARTESIAN_POINT('',(2.001647,0.127,0.207899));
#15703=CARTESIAN_POINT('',(2.001647,0.127,-2.77555756156289E-16));
#15704=VECTOR('',#18677,1.0);
#15705=CARTESIAN_POINT('',(1.315847,0.127,0.207899));
#15706=CARTESIAN_POINT('',(3.079369,0.127,0.207899));
#15707=VECTOR('',#18678,1.0);
#15708=CARTESIAN_POINT('',(1.315847,0.127,0.957199));
#15709=CARTESIAN_POINT('',(1.315847,0.127,-2.77555756156289E-16));
#15710=VECTOR('',#18679,1.0);
#15711=CARTESIAN_POINT('',(1.519047,0.127,0.957199));
#15712=CARTESIAN_POINT('',(0.8293735,0.127,0.957199));
#15713=VECTOR('',#18680,1.0);
#15714=CARTESIAN_POINT('',(1.519047,0.127,0.592380144587612));
#15715=VECTOR('',#18681,1.0);
#15716=CARTESIAN_POINT('',(0.798449,0.127,0.957199));
#15717=CARTESIAN_POINT('',(0.798449,0.127,0.592380144587612));
#15718=VECTOR('',#18682,1.0);
#15719=CARTESIAN_POINT('',(1.001649,0.127,0.957199));
#15720=CARTESIAN_POINT('',(0.3293745,0.127,0.957199));
#15721=VECTOR('',#18683,1.0);
#15722=CARTESIAN_POINT('',(1.001649,0.127,0.207899));
#15723=CARTESIAN_POINT('',(1.001649,0.127,-2.77555756156289E-16));
#15724=VECTOR('',#18684,1.0);
#15725=CARTESIAN_POINT('',(0.315849,0.127,0.207899));
#15726=CARTESIAN_POINT('',(2.57937,0.127,0.207899));
#15727=VECTOR('',#18685,1.0);
#15728=CARTESIAN_POINT('',(0.315849,0.127,0.957199));
#15729=CARTESIAN_POINT('',(0.315849,0.127,-2.77555756156289E-16));
#15730=VECTOR('',#18686,1.0);
#15731=CARTESIAN_POINT('',(0.519049,0.127,0.957199));
#15732=CARTESIAN_POINT('',(0.3293745,0.127,0.957199));
#15733=VECTOR('',#18687,1.0);
#15734=CARTESIAN_POINT('',(0.519049,0.127,0.592380144587612));
#15735=VECTOR('',#18688,1.0);
#15736=CARTESIAN_POINT('',(5.86329276146616E-17,0.127,-0.95758));
#15737=CARTESIAN_POINT('',(5.86329276146616E-17,0.127,-0.95758));
#15738=VECTOR('',#18689,1.0);
#15739=CARTESIAN_POINT('',(5.86329276146616E-17,0.127,-0.95758));
#15740=VECTOR('',#18690,1.0);
#15741=CARTESIAN_POINT('',(0.315849,0.127,-0.207899));
#15742=CARTESIAN_POINT('',(0.315849,0.127,-2.77555756156289E-16));
#15743=VECTOR('',#18691,1.0);
#15744=CARTESIAN_POINT('',(1.001649,0.127,-0.207899));
#15745=CARTESIAN_POINT('',(2.57937,0.127,-0.207899));
#15746=VECTOR('',#18692,1.0);
#15747=CARTESIAN_POINT('',(1.001649,0.127,-2.77555756156289E-16));
#15748=VECTOR('',#18693,1.0);
#15749=CARTESIAN_POINT('',(5.86329276146616E-17,0.127,-0.95758));
#15750=VECTOR('',#18694,1.0);
#15751=CARTESIAN_POINT('',(1.315847,0.127,-0.207899));
#15752=CARTESIAN_POINT('',(1.315847,0.127,-2.77555756156289E-16));
#15753=VECTOR('',#18695,1.0);
#15754=CARTESIAN_POINT('',(2.001647,0.127,-0.207899));
#15755=CARTESIAN_POINT('',(3.079369,0.127,-0.207899));
#15756=VECTOR('',#18696,1.0);
#15757=CARTESIAN_POINT('',(2.001647,0.127,-2.77555756156289E-16));
#15758=VECTOR('',#18697,1.0);
#15759=CARTESIAN_POINT('',(5.86329276146616E-17,0.127,-0.95758));
#15760=VECTOR('',#18698,1.0);
#15761=CARTESIAN_POINT('',(2.315845,0.127,-0.207899));
#15762=CARTESIAN_POINT('',(2.315845,0.127,-2.77555756156289E-16));
#15763=VECTOR('',#18699,1.0);
#15764=CARTESIAN_POINT('',(3.001645,0.127,-0.207899));
#15765=CARTESIAN_POINT('',(3.579368,0.127,-0.207899));
#15766=VECTOR('',#18700,1.0);
#15767=CARTESIAN_POINT('',(3.001645,0.127,-2.77555756156289E-16));
#15768=VECTOR('',#18701,1.0);
#15769=CARTESIAN_POINT('',(5.86329276146616E-17,0.127,-0.95758));
#15770=VECTOR('',#18702,1.0);
#15771=CARTESIAN_POINT('',(3.315843,0.127,-0.207899));
#15772=CARTESIAN_POINT('',(3.315843,0.127,-2.77555756156289E-16));
#15773=VECTOR('',#18703,1.0);
#15774=CARTESIAN_POINT('',(4.001643,0.127,-0.207899));
#15775=CARTESIAN_POINT('',(4.079367,0.127,-0.207899));
#15776=VECTOR('',#18704,1.0);
#15777=CARTESIAN_POINT('',(4.001643,0.127,-2.77555756156289E-16));
#15778=VECTOR('',#18705,1.0);
#15779=CARTESIAN_POINT('',(5.86329276146616E-17,0.127,-0.95758));
#15780=VECTOR('',#18706,1.0);
#15781=CARTESIAN_POINT('',(4.315841,0.127,-0.207899));
#15782=CARTESIAN_POINT('',(4.315841,0.127,-2.77555756156289E-16));
#15783=VECTOR('',#18707,1.0);
#15784=CARTESIAN_POINT('',(5.001641,0.127,-0.207899));
#15785=CARTESIAN_POINT('',(4.579366,0.127,-0.207899));
#15786=VECTOR('',#18708,1.0);
#15787=CARTESIAN_POINT('',(5.001641,0.127,-2.77555756156289E-16));
#15788=VECTOR('',#18709,1.0);
#15789=CARTESIAN_POINT('',(5.86329276146616E-17,0.127,-0.95758));
#15790=VECTOR('',#18710,1.0);
#15791=CARTESIAN_POINT('',(5.315839,0.127,-0.207899));
#15792=CARTESIAN_POINT('',(5.315839,0.127,-2.77555756156289E-16));
#15793=VECTOR('',#18711,1.0);
#15794=CARTESIAN_POINT('',(6.001639,0.127,-0.207899));
#15795=CARTESIAN_POINT('',(5.079365,0.127,-0.207899));
#15796=VECTOR('',#18712,1.0);
#15797=CARTESIAN_POINT('',(6.001639,0.127,-2.77555756156289E-16));
#15798=VECTOR('',#18713,1.0);
#15799=CARTESIAN_POINT('',(5.86329276146616E-17,0.127,-0.95758));
#15800=VECTOR('',#18714,1.0);
#15801=CARTESIAN_POINT('',(6.315837,0.127,-0.207899));
#15802=CARTESIAN_POINT('',(6.315837,0.127,-2.77555756156289E-16));
#15803=VECTOR('',#18715,1.0);
#15804=CARTESIAN_POINT('',(7.001637,0.127,-0.207899));
#15805=CARTESIAN_POINT('',(5.579364,0.127,-0.207899));
#15806=VECTOR('',#18716,1.0);
#15807=CARTESIAN_POINT('',(7.001637,0.127,-2.77555756156289E-16));
#15808=VECTOR('',#18717,1.0);
#15809=CARTESIAN_POINT('',(5.86329276146616E-17,0.127,-0.95758));
#15810=VECTOR('',#18718,1.0);
#15811=CARTESIAN_POINT('',(7.315835,0.127,-0.207899));
#15812=CARTESIAN_POINT('',(7.315835,0.127,-2.77555756156289E-16));
#15813=VECTOR('',#18719,1.0);
#15814=CARTESIAN_POINT('',(8.001635,0.127,-0.207899));
#15815=CARTESIAN_POINT('',(6.079363,0.127,-0.207899));
#15816=VECTOR('',#18720,1.0);
#15817=CARTESIAN_POINT('',(8.001635,0.127,-2.77555756156289E-16));
#15818=VECTOR('',#18721,1.0);
#15819=CARTESIAN_POINT('',(5.86329276146616E-17,0.127,-0.95758));
#15820=VECTOR('',#18722,1.0);
#15821=CARTESIAN_POINT('',(8.315833,0.127,-0.207899));
#15822=CARTESIAN_POINT('',(8.315833,0.127,-2.77555756156289E-16));
#15823=VECTOR('',#18723,1.0);
#15824=CARTESIAN_POINT('',(9.001633,0.127,-0.207899));
#15825=CARTESIAN_POINT('',(6.579362,0.127,-0.207899));
#15826=VECTOR('',#18724,1.0);
#15827=CARTESIAN_POINT('',(9.001633,0.127,-2.77555756156289E-16));
#15828=VECTOR('',#18725,1.0);
#15829=CARTESIAN_POINT('',(5.86329276146616E-17,0.127,-0.95758));
#15830=VECTOR('',#18726,1.0);
#15831=COLOUR_RGB('',0.196078434586525,0.196078434586525,0.196078434586525);
#15832=CARTESIAN_POINT('',(9.315831,-0.865,0.957199));
#15833=VECTOR('',#18727,1.0);
#15834=COLOUR_RGB('',0.196078434586525,0.196078434586525,0.196078434586525);
#15835=CARTESIAN_POINT('',(10.001631,-0.865,0.957199));
#15836=VECTOR('',#18728,1.0);
#15837=COLOUR_RGB('',0.705882370471954,0.705882370471954,0.705882370471954);
#15838=CARTESIAN_POINT('',(8.798433,0.0,1.905));
#15839=CARTESIAN_POINT('',(8.798433,0.0,1.0922));
#15840=VECTOR('',#18729,1.0);
#15841=CARTESIAN_POINT('',(8.798433,-0.127,1.905));
#15842=CARTESIAN_POINT('',(8.798433,0.0,1.905));
#15843=VECTOR('',#18730,1.0);
#15844=CARTESIAN_POINT('',(8.798433,-0.127,1.0922));
#15845=CARTESIAN_POINT('',(8.798433,-0.127,1.905));
#15846=VECTOR('',#18731,1.0);
#15847=CARTESIAN_POINT('',(8.798433,0.127,0.8382));
#15848=AXIS2_PLACEMENT_3D('',#18732,#18733,#18734);
#15849=CARTESIAN_POINT('',(8.798433,0.635,0.8382));
#15850=CARTESIAN_POINT('',(8.798433,0.127,0.8382));
#15851=VECTOR('',#18735,1.0);
#15852=CARTESIAN_POINT('',(8.798433,0.635,0.957199));
#15853=CARTESIAN_POINT('',(8.798433,0.635,0.592380144587612));
#15854=VECTOR('',#18736,1.0);
#15855=CARTESIAN_POINT('',(8.798433,-0.335938783379394,0.957199));
#15856=VECTOR('',#18737,1.0);
#15857=AXIS2_PLACEMENT_3D('',#18738,#18739,#18740);
#15858=COLOUR_RGB('',0.705882370471954,0.705882370471954,0.705882370471954);
#15859=CARTESIAN_POINT('',(8.519033,0.635,0.8382));
#15860=CARTESIAN_POINT('',(8.588883,0.635,0.8382));
#15861=VECTOR('',#18741,1.0);
#15862=CARTESIAN_POINT('',(8.519033,0.127,0.8382));
#15863=CARTESIAN_POINT('',(8.519033,0.127,0.8382));
#15864=VECTOR('',#18742,1.0);
#15865=CARTESIAN_POINT('',(8.519033,0.127,0.8382));
#15866=VECTOR('',#18743,1.0);
#15867=COLOUR_RGB('',0.705882370471954,0.705882370471954,0.705882370471954);
#15868=CARTESIAN_POINT('',(8.519033,-0.127,1.0922));
#15869=CARTESIAN_POINT('',(8.519033,-0.127,1.0922));
#15870=VECTOR('',#18744,1.0);
#15871=AXIS2_PLACEMENT_3D('',#18745,#18746,#18747);
#15872=COLOUR_RGB('',0.705882370471954,0.705882370471954,0.705882370471954);
#15873=CARTESIAN_POINT('',(8.519033,-0.127,1.905));
#15874=CARTESIAN_POINT('',(8.519033,-0.127,1.905));
#15875=VECTOR('',#18748,1.0);
#15876=CARTESIAN_POINT('',(8.519033,-0.127,1.905));
#15877=VECTOR('',#18749,1.0);
#15878=COLOUR_RGB('',0.705882370471954,0.705882370471954,0.705882370471954);
#15879=CARTESIAN_POINT('',(8.519033,0.0,1.905));
#15880=CARTESIAN_POINT('',(8.519033,0.0,1.905));
#15881=VECTOR('',#18750,1.0);
#15882=CARTESIAN_POINT('',(8.519033,0.0,1.905));
#15883=VECTOR('',#18751,1.0);
#15884=COLOUR_RGB('',0.705882370471954,0.705882370471954,0.705882370471954);
#15885=CARTESIAN_POINT('',(8.519033,0.0,1.27));
#15886=CARTESIAN_POINT('',(-7.77625034677209E-17,0.0,1.27));
#15887=VECTOR('',#18752,1.0);
#15888=CARTESIAN_POINT('',(8.519033,0.0,1.0922));
#15889=VECTOR('',#18753,1.0);
#15890=COLOUR_RGB('',0.705882370471954,0.705882370471954,0.705882370471954);
#15891=AXIS2_PLACEMENT_3D('',#18754,#18755,#18756);
#15892=COLOUR_RGB('',0.705882370471954,0.705882370471954,0.705882370471954);
#15893=CARTESIAN_POINT('',(8.519033,0.635,0.957199));
#15894=CARTESIAN_POINT('',(8.519033,-0.335938783379394,0.957199));
#15895=VECTOR('',#18757,1.0);
#15896=CARTESIAN_POINT('',(8.519033,0.635,0.592380144587612));
#15897=VECTOR('',#18758,1.0);
#15898=CARTESIAN_POINT('',(8.519033,0.0,1.18102514458761));
#15899=VECTOR('',#18759,1.0);
#15900=COLOUR_RGB('',0.196078434586525,0.196078434586525,0.196078434586525);
#15901=CARTESIAN_POINT('',(7.798435,0.0,1.27));
#15902=CARTESIAN_POINT('',(-7.77625034677209E-17,0.0,1.27));
#15903=VECTOR('',#18760,1.0);
#15904=CARTESIAN_POINT('',(7.798435,0.0,1.18102514458761));
#15905=VECTOR('',#18761,1.0);
#15906=COLOUR_RGB('',0.196078434586525,0.196078434586525,0.196078434586525);
#15907=CARTESIAN_POINT('',(9.001633,0.635,0.957199));
#15908=CARTESIAN_POINT('',(8.658733,0.635,0.957199));
#15909=VECTOR('',#18762,1.0);
#15910=CARTESIAN_POINT('',(9.001633,-0.865,0.957199));
#15911=VECTOR('',#18763,1.0);
#15912=COLOUR_RGB('',0.705882370471954,0.705882370471954,0.705882370471954);
#15913=CARTESIAN_POINT('',(7.798435,0.0,1.905));
#15914=CARTESIAN_POINT('',(7.798435,0.0,1.0922));
#15915=VECTOR('',#18764,1.0);
#15916=CARTESIAN_POINT('',(7.798435,-0.127,1.905));
#15917=CARTESIAN_POINT('',(7.798435,0.0,1.905));
#15918=VECTOR('',#18765,1.0);
#15919=CARTESIAN_POINT('',(7.798435,-0.127,1.0922));
#15920=CARTESIAN_POINT('',(7.798435,-0.127,1.905));
#15921=VECTOR('',#18766,1.0);
#15922=CARTESIAN_POINT('',(7.798435,0.127,0.8382));
#15923=AXIS2_PLACEMENT_3D('',#18767,#18768,#18769);
#15924=CARTESIAN_POINT('',(7.798435,0.635,0.8382));
#15925=CARTESIAN_POINT('',(7.798435,0.127,0.8382));
#15926=VECTOR('',#18770,1.0);
#15927=CARTESIAN_POINT('',(7.798435,0.635,0.957199));
#15928=CARTESIAN_POINT('',(7.798435,0.635,0.592380144587612));
#15929=VECTOR('',#18771,1.0);
#15930=CARTESIAN_POINT('',(7.798435,-0.335938783379394,0.957199));
#15931=VECTOR('',#18772,1.0);
#15932=AXIS2_PLACEMENT_3D('',#18773,#18774,#18775);
#15933=COLOUR_RGB('',0.705882370471954,0.705882370471954,0.705882370471954);
#15934=CARTESIAN_POINT('',(7.519035,0.635,0.8382));
#15935=CARTESIAN_POINT('',(7.588885,0.635,0.8382));
#15936=VECTOR('',#18776,1.0);
#15937=CARTESIAN_POINT('',(7.519035,0.127,0.8382));
#15938=CARTESIAN_POINT('',(7.519035,0.127,0.8382));
#15939=VECTOR('',#18777,1.0);
#15940=CARTESIAN_POINT('',(7.519035,0.127,0.8382));
#15941=VECTOR('',#18778,1.0);
#15942=COLOUR_RGB('',0.705882370471954,0.705882370471954,0.705882370471954);
#15943=CARTESIAN_POINT('',(7.519035,-0.127,1.0922));
#15944=CARTESIAN_POINT('',(7.519035,-0.127,1.0922));
#15945=VECTOR('',#18779,1.0);
#15946=AXIS2_PLACEMENT_3D('',#18780,#18781,#18782);
#15947=COLOUR_RGB('',0.705882370471954,0.705882370471954,0.705882370471954);
#15948=CARTESIAN_POINT('',(7.519035,-0.127,1.905));
#15949=CARTESIAN_POINT('',(7.519035,-0.127,1.905));
#15950=VECTOR('',#18783,1.0);
#15951=CARTESIAN_POINT('',(7.519035,-0.127,1.905));
#15952=VECTOR('',#18784,1.0);
#15953=COLOUR_RGB('',0.705882370471954,0.705882370471954,0.705882370471954);
#15954=CARTESIAN_POINT('',(7.519035,0.0,1.905));
#15955=CARTESIAN_POINT('',(7.519035,0.0,1.905));
#15956=VECTOR('',#18785,1.0);
#15957=CARTESIAN_POINT('',(7.519035,0.0,1.905));
#15958=VECTOR('',#18786,1.0);
#15959=COLOUR_RGB('',0.705882370471954,0.705882370471954,0.705882370471954);
#15960=CARTESIAN_POINT('',(7.519035,0.0,1.27));
#15961=CARTESIAN_POINT('',(-7.77625034677209E-17,0.0,1.27));
#15962=VECTOR('',#18787,1.0);
#15963=CARTESIAN_POINT('',(7.519035,0.0,1.0922));
#15964=VECTOR('',#18788,1.0);
#15965=COLOUR_RGB('',0.705882370471954,0.705882370471954,0.705882370471954);
#15966=AXIS2_PLACEMENT_3D('',#18789,#18790,#18791);
#15967=COLOUR_RGB('',0.705882370471954,0.705882370471954,0.705882370471954);
#15968=CARTESIAN_POINT('',(7.519035,0.635,0.957199));
#15969=CARTESIAN_POINT('',(7.519035,-0.335938783379394,0.957199));
#15970=VECTOR('',#18792,1.0);
#15971=CARTESIAN_POINT('',(7.519035,0.635,0.592380144587612));
#15972=VECTOR('',#18793,1.0);
#15973=CARTESIAN_POINT('',(7.519035,0.0,1.18102514458761));
#15974=VECTOR('',#18794,1.0);
#15975=COLOUR_RGB('',0.196078434586525,0.196078434586525,0.196078434586525);
#15976=CARTESIAN_POINT('',(6.798437,0.0,1.27));
#15977=CARTESIAN_POINT('',(-7.77625034677209E-17,0.0,1.27));
#15978=VECTOR('',#18795,1.0);
#15979=CARTESIAN_POINT('',(6.798437,0.0,1.18102514458761));
#15980=VECTOR('',#18796,1.0);
#15981=COLOUR_RGB('',0.196078434586525,0.196078434586525,0.196078434586525);
#15982=CARTESIAN_POINT('',(8.001635,0.635,0.957199));
#15983=CARTESIAN_POINT('',(7.658735,0.635,0.957199));
#15984=VECTOR('',#18797,1.0);
#15985=CARTESIAN_POINT('',(8.001635,-0.865,0.957199));
#15986=VECTOR('',#18798,1.0);
#15987=COLOUR_RGB('',0.705882370471954,0.705882370471954,0.705882370471954);
#15988=CARTESIAN_POINT('',(6.798437,0.0,1.905));
#15989=CARTESIAN_POINT('',(6.798437,0.0,1.0922));
#15990=VECTOR('',#18799,1.0);
#15991=CARTESIAN_POINT('',(6.798437,-0.127,1.905));
#15992=CARTESIAN_POINT('',(6.798437,0.0,1.905));
#15993=VECTOR('',#18800,1.0);
#15994=CARTESIAN_POINT('',(6.798437,-0.127,1.0922));
#15995=CARTESIAN_POINT('',(6.798437,-0.127,1.905));
#15996=VECTOR('',#18801,1.0);
#15997=CARTESIAN_POINT('',(6.798437,0.127,0.8382));
#15998=AXIS2_PLACEMENT_3D('',#18802,#18803,#18804);
#15999=CARTESIAN_POINT('',(6.798437,0.635,0.8382));
#16000=CARTESIAN_POINT('',(6.798437,0.127,0.8382));
#16001=VECTOR('',#18805,1.0);
#16002=CARTESIAN_POINT('',(6.798437,0.635,0.957199));
#16003=CARTESIAN_POINT('',(6.798437,0.635,0.592380144587612));
#16004=VECTOR('',#18806,1.0);
#16005=CARTESIAN_POINT('',(6.798437,-0.335938783379394,0.957199));
#16006=VECTOR('',#18807,1.0);
#16007=AXIS2_PLACEMENT_3D('',#18808,#18809,#18810);
#16008=COLOUR_RGB('',0.705882370471954,0.705882370471954,0.705882370471954);
#16009=CARTESIAN_POINT('',(6.519037,0.635,0.8382));
#16010=CARTESIAN_POINT('',(6.588887,0.635,0.8382));
#16011=VECTOR('',#18811,1.0);
#16012=CARTESIAN_POINT('',(6.519037,0.127,0.8382));
#16013=CARTESIAN_POINT('',(6.519037,0.127,0.8382));
#16014=VECTOR('',#18812,1.0);
#16015=CARTESIAN_POINT('',(6.519037,0.127,0.8382));
#16016=VECTOR('',#18813,1.0);
#16017=COLOUR_RGB('',0.705882370471954,0.705882370471954,0.705882370471954);
#16018=CARTESIAN_POINT('',(6.519037,-0.127,1.0922));
#16019=CARTESIAN_POINT('',(6.519037,-0.127,1.0922));
#16020=VECTOR('',#18814,1.0);
#16021=AXIS2_PLACEMENT_3D('',#18815,#18816,#18817);
#16022=COLOUR_RGB('',0.705882370471954,0.705882370471954,0.705882370471954);
#16023=CARTESIAN_POINT('',(6.519037,-0.127,1.905));
#16024=CARTESIAN_POINT('',(6.519037,-0.127,1.905));
#16025=VECTOR('',#18818,1.0);
#16026=CARTESIAN_POINT('',(6.519037,-0.127,1.905));
#16027=VECTOR('',#18819,1.0);
#16028=COLOUR_RGB('',0.705882370471954,0.705882370471954,0.705882370471954);
#16029=CARTESIAN_POINT('',(6.519037,0.0,1.905));
#16030=CARTESIAN_POINT('',(6.519037,0.0,1.905));
#16031=VECTOR('',#18820,1.0);
#16032=CARTESIAN_POINT('',(6.519037,0.0,1.905));
#16033=VECTOR('',#18821,1.0);
#16034=COLOUR_RGB('',0.705882370471954,0.705882370471954,0.705882370471954);
#16035=CARTESIAN_POINT('',(6.519037,0.0,1.27));
#16036=CARTESIAN_POINT('',(-7.77625034677209E-17,0.0,1.27));
#16037=VECTOR('',#18822,1.0);
#16038=CARTESIAN_POINT('',(6.519037,0.0,1.0922));
#16039=VECTOR('',#18823,1.0);
#16040=COLOUR_RGB('',0.705882370471954,0.705882370471954,0.705882370471954);
#16041=AXIS2_PLACEMENT_3D('',#18824,#18825,#18826);
#16042=COLOUR_RGB('',0.705882370471954,0.705882370471954,0.705882370471954);
#16043=CARTESIAN_POINT('',(6.519037,0.635,0.957199));
#16044=CARTESIAN_POINT('',(6.519037,-0.335938783379394,0.957199));
#16045=VECTOR('',#18827,1.0);
#16046=CARTESIAN_POINT('',(6.519037,0.635,0.592380144587612));
#16047=VECTOR('',#18828,1.0);
#16048=CARTESIAN_POINT('',(6.519037,0.0,1.18102514458761));
#16049=VECTOR('',#18829,1.0);
#16050=COLOUR_RGB('',0.196078434586525,0.196078434586525,0.196078434586525);
#16051=CARTESIAN_POINT('',(5.798439,0.0,1.27));
#16052=CARTESIAN_POINT('',(-7.77625034677209E-17,0.0,1.27));
#16053=VECTOR('',#18830,1.0);
#16054=CARTESIAN_POINT('',(5.798439,0.0,1.18102514458761));
#16055=VECTOR('',#18831,1.0);
#16056=COLOUR_RGB('',0.196078434586525,0.196078434586525,0.196078434586525);
#16057=CARTESIAN_POINT('',(7.001637,0.635,0.957199));
#16058=CARTESIAN_POINT('',(6.658737,0.635,0.957199));
#16059=VECTOR('',#18832,1.0);
#16060=CARTESIAN_POINT('',(7.001637,-0.865,0.957199));
#16061=VECTOR('',#18833,1.0);
#16062=COLOUR_RGB('',0.705882370471954,0.705882370471954,0.705882370471954);
#16063=CARTESIAN_POINT('',(5.798439,0.0,1.905));
#16064=CARTESIAN_POINT('',(5.798439,0.0,1.0922));
#16065=VECTOR('',#18834,1.0);
#16066=CARTESIAN_POINT('',(5.798439,-0.127,1.905));
#16067=CARTESIAN_POINT('',(5.798439,0.0,1.905));
#16068=VECTOR('',#18835,1.0);
#16069=CARTESIAN_POINT('',(5.798439,-0.127,1.0922));
#16070=CARTESIAN_POINT('',(5.798439,-0.127,1.905));
#16071=VECTOR('',#18836,1.0);
#16072=CARTESIAN_POINT('',(5.798439,0.127,0.8382));
#16073=AXIS2_PLACEMENT_3D('',#18837,#18838,#18839);
#16074=CARTESIAN_POINT('',(5.798439,0.635,0.8382));
#16075=CARTESIAN_POINT('',(5.798439,0.127,0.8382));
#16076=VECTOR('',#18840,1.0);
#16077=CARTESIAN_POINT('',(5.798439,0.635,0.957199));
#16078=CARTESIAN_POINT('',(5.798439,0.635,0.592380144587612));
#16079=VECTOR('',#18841,1.0);
#16080=CARTESIAN_POINT('',(5.798439,-0.335938783379394,0.957199));
#16081=VECTOR('',#18842,1.0);
#16082=AXIS2_PLACEMENT_3D('',#18843,#18844,#18845);
#16083=COLOUR_RGB('',0.705882370471954,0.705882370471954,0.705882370471954);
#16084=CARTESIAN_POINT('',(5.519039,0.635,0.8382));
#16085=CARTESIAN_POINT('',(5.588889,0.635,0.8382));
#16086=VECTOR('',#18846,1.0);
#16087=CARTESIAN_POINT('',(5.519039,0.127,0.8382));
#16088=CARTESIAN_POINT('',(5.519039,0.127,0.8382));
#16089=VECTOR('',#18847,1.0);
#16090=CARTESIAN_POINT('',(5.519039,0.127,0.8382));
#16091=VECTOR('',#18848,1.0);
#16092=COLOUR_RGB('',0.705882370471954,0.705882370471954,0.705882370471954);
#16093=CARTESIAN_POINT('',(5.519039,-0.127,1.0922));
#16094=CARTESIAN_POINT('',(5.519039,-0.127,1.0922));
#16095=VECTOR('',#18849,1.0);
#16096=AXIS2_PLACEMENT_3D('',#18850,#18851,#18852);
#16097=COLOUR_RGB('',0.705882370471954,0.705882370471954,0.705882370471954);
#16098=CARTESIAN_POINT('',(5.519039,-0.127,1.905));
#16099=CARTESIAN_POINT('',(5.519039,-0.127,1.905));
#16100=VECTOR('',#18853,1.0);
#16101=CARTESIAN_POINT('',(5.519039,-0.127,1.905));
#16102=VECTOR('',#18854,1.0);
#16103=COLOUR_RGB('',0.705882370471954,0.705882370471954,0.705882370471954);
#16104=CARTESIAN_POINT('',(5.519039,0.0,1.905));
#16105=CARTESIAN_POINT('',(5.519039,0.0,1.905));
#16106=VECTOR('',#18855,1.0);
#16107=CARTESIAN_POINT('',(5.519039,0.0,1.905));
#16108=VECTOR('',#18856,1.0);
#16109=COLOUR_RGB('',0.705882370471954,0.705882370471954,0.705882370471954);
#16110=CARTESIAN_POINT('',(5.519039,0.0,1.27));
#16111=CARTESIAN_POINT('',(-7.77625034677209E-17,0.0,1.27));
#16112=VECTOR('',#18857,1.0);
#16113=CARTESIAN_POINT('',(5.519039,0.0,1.0922));
#16114=VECTOR('',#18858,1.0);
#16115=COLOUR_RGB('',0.705882370471954,0.705882370471954,0.705882370471954);
#16116=AXIS2_PLACEMENT_3D('',#18859,#18860,#18861);
#16117=COLOUR_RGB('',0.705882370471954,0.705882370471954,0.705882370471954);
#16118=CARTESIAN_POINT('',(5.519039,0.635,0.957199));
#16119=CARTESIAN_POINT('',(5.519039,-0.335938783379394,0.957199));
#16120=VECTOR('',#18862,1.0);
#16121=CARTESIAN_POINT('',(5.519039,0.635,0.592380144587612));
#16122=VECTOR('',#18863,1.0);
#16123=CARTESIAN_POINT('',(5.519039,0.0,1.18102514458761));
#16124=VECTOR('',#18864,1.0);
#16125=COLOUR_RGB('',0.196078434586525,0.196078434586525,0.196078434586525);
#16126=CARTESIAN_POINT('',(4.798441,0.0,1.27));
#16127=CARTESIAN_POINT('',(-7.77625034677209E-17,0.0,1.27));
#16128=VECTOR('',#18865,1.0);
#16129=CARTESIAN_POINT('',(4.798441,0.0,1.18102514458761));
#16130=VECTOR('',#18866,1.0);
#16131=COLOUR_RGB('',0.196078434586525,0.196078434586525,0.196078434586525);
#16132=CARTESIAN_POINT('',(6.001639,0.635,0.957199));
#16133=CARTESIAN_POINT('',(5.658739,0.635,0.957199));
#16134=VECTOR('',#18867,1.0);
#16135=CARTESIAN_POINT('',(6.001639,-0.865,0.957199));
#16136=VECTOR('',#18868,1.0);
#16137=COLOUR_RGB('',0.705882370471954,0.705882370471954,0.705882370471954);
#16138=CARTESIAN_POINT('',(4.798441,0.0,1.905));
#16139=CARTESIAN_POINT('',(4.798441,0.0,1.0922));
#16140=VECTOR('',#18869,1.0);
#16141=CARTESIAN_POINT('',(4.798441,-0.127,1.905));
#16142=CARTESIAN_POINT('',(4.798441,0.0,1.905));
#16143=VECTOR('',#18870,1.0);
#16144=CARTESIAN_POINT('',(4.798441,-0.127,1.0922));
#16145=CARTESIAN_POINT('',(4.798441,-0.127,1.905));
#16146=VECTOR('',#18871,1.0);
#16147=CARTESIAN_POINT('',(4.798441,0.127,0.8382));
#16148=AXIS2_PLACEMENT_3D('',#18872,#18873,#18874);
#16149=CARTESIAN_POINT('',(4.798441,0.635,0.8382));
#16150=CARTESIAN_POINT('',(4.798441,0.127,0.8382));
#16151=VECTOR('',#18875,1.0);
#16152=CARTESIAN_POINT('',(4.798441,0.635,0.957199));
#16153=CARTESIAN_POINT('',(4.798441,0.635,0.592380144587612));
#16154=VECTOR('',#18876,1.0);
#16155=CARTESIAN_POINT('',(4.798441,-0.335938783379394,0.957199));
#16156=VECTOR('',#18877,1.0);
#16157=AXIS2_PLACEMENT_3D('',#18878,#18879,#18880);
#16158=COLOUR_RGB('',0.705882370471954,0.705882370471954,0.705882370471954);
#16159=CARTESIAN_POINT('',(4.519041,0.635,0.8382));
#16160=CARTESIAN_POINT('',(4.588891,0.635,0.8382));
#16161=VECTOR('',#18881,1.0);
#16162=CARTESIAN_POINT('',(4.519041,0.127,0.8382));
#16163=CARTESIAN_POINT('',(4.519041,0.127,0.8382));
#16164=VECTOR('',#18882,1.0);
#16165=CARTESIAN_POINT('',(4.519041,0.127,0.8382));
#16166=VECTOR('',#18883,1.0);
#16167=COLOUR_RGB('',0.705882370471954,0.705882370471954,0.705882370471954);
#16168=CARTESIAN_POINT('',(4.519041,-0.127,1.0922));
#16169=CARTESIAN_POINT('',(4.519041,-0.127,1.0922));
#16170=VECTOR('',#18884,1.0);
#16171=AXIS2_PLACEMENT_3D('',#18885,#18886,#18887);
#16172=COLOUR_RGB('',0.705882370471954,0.705882370471954,0.705882370471954);
#16173=CARTESIAN_POINT('',(4.519041,-0.127,1.905));
#16174=CARTESIAN_POINT('',(4.519041,-0.127,1.905));
#16175=VECTOR('',#18888,1.0);
#16176=CARTESIAN_POINT('',(4.519041,-0.127,1.905));
#16177=VECTOR('',#18889,1.0);
#16178=COLOUR_RGB('',0.705882370471954,0.705882370471954,0.705882370471954);
#16179=CARTESIAN_POINT('',(4.519041,0.0,1.905));
#16180=CARTESIAN_POINT('',(4.519041,0.0,1.905));
#16181=VECTOR('',#18890,1.0);
#16182=CARTESIAN_POINT('',(4.519041,0.0,1.905));
#16183=VECTOR('',#18891,1.0);
#16184=COLOUR_RGB('',0.705882370471954,0.705882370471954,0.705882370471954);
#16185=CARTESIAN_POINT('',(4.519041,0.0,1.27));
#16186=CARTESIAN_POINT('',(-7.77625034677209E-17,0.0,1.27));
#16187=VECTOR('',#18892,1.0);
#16188=CARTESIAN_POINT('',(4.519041,0.0,1.0922));
#16189=VECTOR('',#18893,1.0);
#16190=COLOUR_RGB('',0.705882370471954,0.705882370471954,0.705882370471954);
#16191=AXIS2_PLACEMENT_3D('',#18894,#18895,#18896);
#16192=COLOUR_RGB('',0.705882370471954,0.705882370471954,0.705882370471954);
#16193=CARTESIAN_POINT('',(4.519041,0.635,0.957199));
#16194=CARTESIAN_POINT('',(4.519041,-0.335938783379394,0.957199));
#16195=VECTOR('',#18897,1.0);
#16196=CARTESIAN_POINT('',(4.519041,0.635,0.592380144587612));
#16197=VECTOR('',#18898,1.0);
#16198=CARTESIAN_POINT('',(4.519041,0.0,1.18102514458761));
#16199=VECTOR('',#18899,1.0);
#16200=COLOUR_RGB('',0.196078434586525,0.196078434586525,0.196078434586525);
#16201=CARTESIAN_POINT('',(3.798443,0.0,1.27));
#16202=CARTESIAN_POINT('',(-7.77625034677209E-17,0.0,1.27));
#16203=VECTOR('',#18900,1.0);
#16204=CARTESIAN_POINT('',(3.798443,0.0,1.18102514458761));
#16205=VECTOR('',#18901,1.0);
#16206=COLOUR_RGB('',0.196078434586525,0.196078434586525,0.196078434586525);
#16207=CARTESIAN_POINT('',(5.001641,0.635,0.957199));
#16208=CARTESIAN_POINT('',(4.658741,0.635,0.957199));
#16209=VECTOR('',#18902,1.0);
#16210=CARTESIAN_POINT('',(5.001641,-0.865,0.957199));
#16211=VECTOR('',#18903,1.0);
#16212=COLOUR_RGB('',0.705882370471954,0.705882370471954,0.705882370471954);
#16213=CARTESIAN_POINT('',(3.798443,0.0,1.905));
#16214=CARTESIAN_POINT('',(3.798443,0.0,1.0922));
#16215=VECTOR('',#18904,1.0);
#16216=CARTESIAN_POINT('',(3.798443,-0.127,1.905));
#16217=CARTESIAN_POINT('',(3.798443,0.0,1.905));
#16218=VECTOR('',#18905,1.0);
#16219=CARTESIAN_POINT('',(3.798443,-0.127,1.0922));
#16220=CARTESIAN_POINT('',(3.798443,-0.127,1.905));
#16221=VECTOR('',#18906,1.0);
#16222=CARTESIAN_POINT('',(3.798443,0.127,0.8382));
#16223=AXIS2_PLACEMENT_3D('',#18907,#18908,#18909);
#16224=CARTESIAN_POINT('',(3.798443,0.635,0.8382));
#16225=CARTESIAN_POINT('',(3.798443,0.127,0.8382));
#16226=VECTOR('',#18910,1.0);
#16227=CARTESIAN_POINT('',(3.798443,0.635,0.957199));
#16228=CARTESIAN_POINT('',(3.798443,0.635,0.592380144587612));
#16229=VECTOR('',#18911,1.0);
#16230=CARTESIAN_POINT('',(3.798443,-0.335938783379394,0.957199));
#16231=VECTOR('',#18912,1.0);
#16232=AXIS2_PLACEMENT_3D('',#18913,#18914,#18915);
#16233=COLOUR_RGB('',0.705882370471954,0.705882370471954,0.705882370471954);
#16234=CARTESIAN_POINT('',(3.519043,0.635,0.8382));
#16235=CARTESIAN_POINT('',(3.588893,0.635,0.8382));
#16236=VECTOR('',#18916,1.0);
#16237=CARTESIAN_POINT('',(3.519043,0.127,0.8382));
#16238=CARTESIAN_POINT('',(3.519043,0.127,0.8382));
#16239=VECTOR('',#18917,1.0);
#16240=CARTESIAN_POINT('',(3.519043,0.127,0.8382));
#16241=VECTOR('',#18918,1.0);
#16242=COLOUR_RGB('',0.705882370471954,0.705882370471954,0.705882370471954);
#16243=CARTESIAN_POINT('',(3.519043,-0.127,1.0922));
#16244=CARTESIAN_POINT('',(3.519043,-0.127,1.0922));
#16245=VECTOR('',#18919,1.0);
#16246=AXIS2_PLACEMENT_3D('',#18920,#18921,#18922);
#16247=COLOUR_RGB('',0.705882370471954,0.705882370471954,0.705882370471954);
#16248=CARTESIAN_POINT('',(3.519043,-0.127,1.905));
#16249=CARTESIAN_POINT('',(3.519043,-0.127,1.905));
#16250=VECTOR('',#18923,1.0);
#16251=CARTESIAN_POINT('',(3.519043,-0.127,1.905));
#16252=VECTOR('',#18924,1.0);
#16253=COLOUR_RGB('',0.705882370471954,0.705882370471954,0.705882370471954);
#16254=CARTESIAN_POINT('',(3.519043,0.0,1.905));
#16255=CARTESIAN_POINT('',(3.519043,0.0,1.905));
#16256=VECTOR('',#18925,1.0);
#16257=CARTESIAN_POINT('',(3.519043,0.0,1.905));
#16258=VECTOR('',#18926,1.0);
#16259=COLOUR_RGB('',0.705882370471954,0.705882370471954,0.705882370471954);
#16260=CARTESIAN_POINT('',(3.519043,0.0,1.27));
#16261=CARTESIAN_POINT('',(-7.77625034677209E-17,0.0,1.27));
#16262=VECTOR('',#18927,1.0);
#16263=CARTESIAN_POINT('',(3.519043,0.0,1.0922));
#16264=VECTOR('',#18928,1.0);
#16265=COLOUR_RGB('',0.705882370471954,0.705882370471954,0.705882370471954);
#16266=AXIS2_PLACEMENT_3D('',#18929,#18930,#18931);
#16267=COLOUR_RGB('',0.705882370471954,0.705882370471954,0.705882370471954);
#16268=CARTESIAN_POINT('',(3.519043,0.635,0.957199));
#16269=CARTESIAN_POINT('',(3.519043,-0.335938783379394,0.957199));
#16270=VECTOR('',#18932,1.0);
#16271=CARTESIAN_POINT('',(3.519043,0.635,0.592380144587612));
#16272=VECTOR('',#18933,1.0);
#16273=CARTESIAN_POINT('',(3.519043,0.0,1.18102514458761));
#16274=VECTOR('',#18934,1.0);
#16275=COLOUR_RGB('',0.196078434586525,0.196078434586525,0.196078434586525);
#16276=CARTESIAN_POINT('',(2.798445,0.0,1.27));
#16277=CARTESIAN_POINT('',(-7.77625034677209E-17,0.0,1.27));
#16278=VECTOR('',#18935,1.0);
#16279=CARTESIAN_POINT('',(2.798445,0.0,1.18102514458761));
#16280=VECTOR('',#18936,1.0);
#16281=COLOUR_RGB('',0.196078434586525,0.196078434586525,0.196078434586525);
#16282=CARTESIAN_POINT('',(4.001643,0.635,0.957199));
#16283=CARTESIAN_POINT('',(3.658743,0.635,0.957199));
#16284=VECTOR('',#18937,1.0);
#16285=CARTESIAN_POINT('',(4.001643,-0.865,0.957199));
#16286=VECTOR('',#18938,1.0);
#16287=COLOUR_RGB('',0.705882370471954,0.705882370471954,0.705882370471954);
#16288=CARTESIAN_POINT('',(2.798445,0.0,1.905));
#16289=CARTESIAN_POINT('',(2.798445,0.0,1.0922));
#16290=VECTOR('',#18939,1.0);
#16291=CARTESIAN_POINT('',(2.798445,-0.127,1.905));
#16292=CARTESIAN_POINT('',(2.798445,0.0,1.905));
#16293=VECTOR('',#18940,1.0);
#16294=CARTESIAN_POINT('',(2.798445,-0.127,1.0922));
#16295=CARTESIAN_POINT('',(2.798445,-0.127,1.905));
#16296=VECTOR('',#18941,1.0);
#16297=CARTESIAN_POINT('',(2.798445,0.127,0.8382));
#16298=AXIS2_PLACEMENT_3D('',#18942,#18943,#18944);
#16299=CARTESIAN_POINT('',(2.798445,0.635,0.8382));
#16300=CARTESIAN_POINT('',(2.798445,0.127,0.8382));
#16301=VECTOR('',#18945,1.0);
#16302=CARTESIAN_POINT('',(2.798445,0.635,0.957199));
#16303=CARTESIAN_POINT('',(2.798445,0.635,0.592380144587612));
#16304=VECTOR('',#18946,1.0);
#16305=CARTESIAN_POINT('',(2.798445,-0.335938783379394,0.957199));
#16306=VECTOR('',#18947,1.0);
#16307=AXIS2_PLACEMENT_3D('',#18948,#18949,#18950);
#16308=COLOUR_RGB('',0.705882370471954,0.705882370471954,0.705882370471954);
#16309=CARTESIAN_POINT('',(2.519045,0.635,0.8382));
#16310=CARTESIAN_POINT('',(2.588895,0.635,0.8382));
#16311=VECTOR('',#18951,1.0);
#16312=CARTESIAN_POINT('',(2.519045,0.127,0.8382));
#16313=CARTESIAN_POINT('',(2.519045,0.127,0.8382));
#16314=VECTOR('',#18952,1.0);
#16315=CARTESIAN_POINT('',(2.519045,0.127,0.8382));
#16316=VECTOR('',#18953,1.0);
#16317=COLOUR_RGB('',0.705882370471954,0.705882370471954,0.705882370471954);
#16318=CARTESIAN_POINT('',(2.519045,-0.127,1.0922));
#16319=CARTESIAN_POINT('',(2.519045,-0.127,1.0922));
#16320=VECTOR('',#18954,1.0);
#16321=AXIS2_PLACEMENT_3D('',#18955,#18956,#18957);
#16322=COLOUR_RGB('',0.705882370471954,0.705882370471954,0.705882370471954);
#16323=CARTESIAN_POINT('',(2.519045,-0.127,1.905));
#16324=CARTESIAN_POINT('',(2.519045,-0.127,1.905));
#16325=VECTOR('',#18958,1.0);
#16326=CARTESIAN_POINT('',(2.519045,-0.127,1.905));
#16327=VECTOR('',#18959,1.0);
#16328=COLOUR_RGB('',0.705882370471954,0.705882370471954,0.705882370471954);
#16329=CARTESIAN_POINT('',(2.519045,0.0,1.905));
#16330=CARTESIAN_POINT('',(2.519045,0.0,1.905));
#16331=VECTOR('',#18960,1.0);
#16332=CARTESIAN_POINT('',(2.519045,0.0,1.905));
#16333=VECTOR('',#18961,1.0);
#16334=COLOUR_RGB('',0.705882370471954,0.705882370471954,0.705882370471954);
#16335=CARTESIAN_POINT('',(2.519045,0.0,1.27));
#16336=CARTESIAN_POINT('',(-7.77625034677209E-17,0.0,1.27));
#16337=VECTOR('',#18962,1.0);
#16338=CARTESIAN_POINT('',(2.519045,0.0,1.0922));
#16339=VECTOR('',#18963,1.0);
#16340=COLOUR_RGB('',0.705882370471954,0.705882370471954,0.705882370471954);
#16341=AXIS2_PLACEMENT_3D('',#18964,#18965,#18966);
#16342=COLOUR_RGB('',0.705882370471954,0.705882370471954,0.705882370471954);
#16343=CARTESIAN_POINT('',(2.519045,0.635,0.957199));
#16344=CARTESIAN_POINT('',(2.519045,-0.335938783379394,0.957199));
#16345=VECTOR('',#18967,1.0);
#16346=CARTESIAN_POINT('',(2.519045,0.635,0.592380144587612));
#16347=VECTOR('',#18968,1.0);
#16348=CARTESIAN_POINT('',(2.519045,0.0,1.18102514458761));
#16349=VECTOR('',#18969,1.0);
#16350=COLOUR_RGB('',0.196078434586525,0.196078434586525,0.196078434586525);
#16351=CARTESIAN_POINT('',(1.798447,0.0,1.27));
#16352=CARTESIAN_POINT('',(-7.77625034677209E-17,0.0,1.27));
#16353=VECTOR('',#18970,1.0);
#16354=CARTESIAN_POINT('',(1.798447,0.0,1.18102514458761));
#16355=VECTOR('',#18971,1.0);
#16356=COLOUR_RGB('',0.196078434586525,0.196078434586525,0.196078434586525);
#16357=CARTESIAN_POINT('',(3.001645,0.635,0.957199));
#16358=CARTESIAN_POINT('',(2.658745,0.635,0.957199));
#16359=VECTOR('',#18972,1.0);
#16360=CARTESIAN_POINT('',(3.001645,-0.865,0.957199));
#16361=VECTOR('',#18973,1.0);
#16362=COLOUR_RGB('',0.705882370471954,0.705882370471954,0.705882370471954);
#16363=CARTESIAN_POINT('',(1.798447,0.0,1.905));
#16364=CARTESIAN_POINT('',(1.798447,0.0,1.0922));
#16365=VECTOR('',#18974,1.0);
#16366=CARTESIAN_POINT('',(1.798447,-0.127,1.905));
#16367=CARTESIAN_POINT('',(1.798447,0.0,1.905));
#16368=VECTOR('',#18975,1.0);
#16369=CARTESIAN_POINT('',(1.798447,-0.127,1.0922));
#16370=CARTESIAN_POINT('',(1.798447,-0.127,1.905));
#16371=VECTOR('',#18976,1.0);
#16372=CARTESIAN_POINT('',(1.798447,0.127,0.8382));
#16373=AXIS2_PLACEMENT_3D('',#18977,#18978,#18979);
#16374=CARTESIAN_POINT('',(1.798447,0.635,0.8382));
#16375=CARTESIAN_POINT('',(1.798447,0.127,0.8382));
#16376=VECTOR('',#18980,1.0);
#16377=CARTESIAN_POINT('',(1.798447,0.635,0.957199));
#16378=CARTESIAN_POINT('',(1.798447,0.635,0.592380144587612));
#16379=VECTOR('',#18981,1.0);
#16380=CARTESIAN_POINT('',(1.798447,-0.335938783379394,0.957199));
#16381=VECTOR('',#18982,1.0);
#16382=AXIS2_PLACEMENT_3D('',#18983,#18984,#18985);
#16383=COLOUR_RGB('',0.705882370471954,0.705882370471954,0.705882370471954);
#16384=CARTESIAN_POINT('',(1.519047,0.635,0.8382));
#16385=CARTESIAN_POINT('',(1.588897,0.635,0.8382));
#16386=VECTOR('',#18986,1.0);
#16387=CARTESIAN_POINT('',(1.519047,0.127,0.8382));
#16388=CARTESIAN_POINT('',(1.519047,0.127,0.8382));
#16389=VECTOR('',#18987,1.0);
#16390=CARTESIAN_POINT('',(1.519047,0.127,0.8382));
#16391=VECTOR('',#18988,1.0);
#16392=COLOUR_RGB('',0.705882370471954,0.705882370471954,0.705882370471954);
#16393=CARTESIAN_POINT('',(1.519047,-0.127,1.0922));
#16394=CARTESIAN_POINT('',(1.519047,-0.127,1.0922));
#16395=VECTOR('',#18989,1.0);
#16396=AXIS2_PLACEMENT_3D('',#18990,#18991,#18992);
#16397=COLOUR_RGB('',0.705882370471954,0.705882370471954,0.705882370471954);
#16398=CARTESIAN_POINT('',(1.519047,-0.127,1.905));
#16399=CARTESIAN_POINT('',(1.519047,-0.127,1.905));
#16400=VECTOR('',#18993,1.0);
#16401=CARTESIAN_POINT('',(1.519047,-0.127,1.905));
#16402=VECTOR('',#18994,1.0);
#16403=COLOUR_RGB('',0.705882370471954,0.705882370471954,0.705882370471954);
#16404=CARTESIAN_POINT('',(1.519047,0.0,1.905));
#16405=CARTESIAN_POINT('',(1.519047,0.0,1.905));
#16406=VECTOR('',#18995,1.0);
#16407=CARTESIAN_POINT('',(1.519047,0.0,1.905));
#16408=VECTOR('',#18996,1.0);
#16409=COLOUR_RGB('',0.705882370471954,0.705882370471954,0.705882370471954);
#16410=CARTESIAN_POINT('',(1.519047,0.0,1.27));
#16411=CARTESIAN_POINT('',(-7.77625034677209E-17,0.0,1.27));
#16412=VECTOR('',#18997,1.0);
#16413=CARTESIAN_POINT('',(1.519047,0.0,1.0922));
#16414=VECTOR('',#18998,1.0);
#16415=COLOUR_RGB('',0.705882370471954,0.705882370471954,0.705882370471954);
#16416=AXIS2_PLACEMENT_3D('',#18999,#19000,#19001);
#16417=COLOUR_RGB('',0.705882370471954,0.705882370471954,0.705882370471954);
#16418=CARTESIAN_POINT('',(1.519047,0.635,0.957199));
#16419=CARTESIAN_POINT('',(1.519047,-0.335938783379394,0.957199));
#16420=VECTOR('',#19002,1.0);
#16421=CARTESIAN_POINT('',(1.519047,0.635,0.592380144587612));
#16422=VECTOR('',#19003,1.0);
#16423=CARTESIAN_POINT('',(1.519047,0.0,1.18102514458761));
#16424=VECTOR('',#19004,1.0);
#16425=COLOUR_RGB('',0.196078434586525,0.196078434586525,0.196078434586525);
#16426=CARTESIAN_POINT('',(0.798449,0.0,1.27));
#16427=CARTESIAN_POINT('',(-7.77625034677209E-17,0.0,1.27));
#16428=VECTOR('',#19005,1.0);
#16429=CARTESIAN_POINT('',(0.798449,0.0,1.18102514458761));
#16430=VECTOR('',#19006,1.0);
#16431=COLOUR_RGB('',0.196078434586525,0.196078434586525,0.196078434586525);
#16432=CARTESIAN_POINT('',(2.001647,0.635,0.957199));
#16433=CARTESIAN_POINT('',(1.658747,0.635,0.957199));
#16434=VECTOR('',#19007,1.0);
#16435=CARTESIAN_POINT('',(2.001647,-0.865,0.957199));
#16436=VECTOR('',#19008,1.0);
#16437=COLOUR_RGB('',0.705882370471954,0.705882370471954,0.705882370471954);
#16438=CARTESIAN_POINT('',(0.798449,0.0,1.905));
#16439=CARTESIAN_POINT('',(0.798449,0.0,1.0922));
#16440=VECTOR('',#19009,1.0);
#16441=CARTESIAN_POINT('',(0.798449,-0.127,1.905));
#16442=CARTESIAN_POINT('',(0.798449,0.0,1.905));
#16443=VECTOR('',#19010,1.0);
#16444=CARTESIAN_POINT('',(0.798449,-0.127,1.0922));
#16445=CARTESIAN_POINT('',(0.798449,-0.127,1.905));
#16446=VECTOR('',#19011,1.0);
#16447=CARTESIAN_POINT('',(0.798449,0.127,0.8382));
#16448=AXIS2_PLACEMENT_3D('',#19012,#19013,#19014);
#16449=CARTESIAN_POINT('',(0.798449,0.635,0.8382));
#16450=CARTESIAN_POINT('',(0.798449,0.127,0.8382));
#16451=VECTOR('',#19015,1.0);
#16452=CARTESIAN_POINT('',(0.798449,0.635,0.957199));
#16453=CARTESIAN_POINT('',(0.798449,0.635,0.592380144587612));
#16454=VECTOR('',#19016,1.0);
#16455=CARTESIAN_POINT('',(0.798449,-0.335938783379394,0.957199));
#16456=VECTOR('',#19017,1.0);
#16457=AXIS2_PLACEMENT_3D('',#19018,#19019,#19020);
#16458=COLOUR_RGB('',0.705882370471954,0.705882370471954,0.705882370471954);
#16459=CARTESIAN_POINT('',(0.519049,-0.127,1.0922));
#16460=CARTESIAN_POINT('',(0.519049,-0.127,1.0922));
#16461=VECTOR('',#19021,1.0);
#16462=CARTESIAN_POINT('',(0.519049,0.127,0.8382));
#16463=AXIS2_PLACEMENT_3D('',#19022,#19023,#19024);
#16464=CARTESIAN_POINT('',(0.519049,0.127,0.8382));
#16465=VECTOR('',#19025,1.0);
#16466=COLOUR_RGB('',0.705882370471954,0.705882370471954,0.705882370471954);
#16467=CARTESIAN_POINT('',(0.519049,-0.127,1.905));
#16468=CARTESIAN_POINT('',(0.519049,-0.127,1.905));
#16469=VECTOR('',#19026,1.0);
#16470=CARTESIAN_POINT('',(0.519049,-0.127,1.905));
#16471=VECTOR('',#19027,1.0);
#16472=COLOUR_RGB('',0.705882370471954,0.705882370471954,0.705882370471954);
#16473=CARTESIAN_POINT('',(0.519049,0.0,1.905));
#16474=CARTESIAN_POINT('',(0.519049,0.0,1.905));
#16475=VECTOR('',#19028,1.0);
#16476=CARTESIAN_POINT('',(0.519049,0.0,1.905));
#16477=VECTOR('',#19029,1.0);
#16478=COLOUR_RGB('',0.705882370471954,0.705882370471954,0.705882370471954);
#16479=CARTESIAN_POINT('',(0.519049,0.0,1.27));
#16480=CARTESIAN_POINT('',(-7.77625034677209E-17,0.0,1.27));
#16481=VECTOR('',#19030,1.0);
#16482=CARTESIAN_POINT('',(0.519049,0.0,1.0922));
#16483=VECTOR('',#19031,1.0);
#16484=COLOUR_RGB('',0.705882370471954,0.705882370471954,0.705882370471954);
#16485=AXIS2_PLACEMENT_3D('',#19032,#19033,#19034);
#16486=COLOUR_RGB('',0.705882370471954,0.705882370471954,0.705882370471954);
#16487=CARTESIAN_POINT('',(0.519049,0.635,0.8382));
#16488=CARTESIAN_POINT('',(0.588899,0.635,0.8382));
#16489=VECTOR('',#19035,1.0);
#16490=CARTESIAN_POINT('',(0.519049,0.127,0.8382));
#16491=VECTOR('',#19036,1.0);
#16492=COLOUR_RGB('',0.705882370471954,0.705882370471954,0.705882370471954);
#16493=CARTESIAN_POINT('',(0.519049,0.635,0.957199));
#16494=CARTESIAN_POINT('',(0.519049,-0.335938783379394,0.957199));
#16495=VECTOR('',#19037,1.0);
#16496=CARTESIAN_POINT('',(0.519049,0.635,0.592380144587612));
#16497=VECTOR('',#19038,1.0);
#16498=CARTESIAN_POINT('',(0.519049,0.0,1.18102514458761));
#16499=VECTOR('',#19039,1.0);
#16500=COLOUR_RGB('',0.196078434586525,0.196078434586525,0.196078434586525);
#16501=CARTESIAN_POINT('',(-7.77625034677209E-17,0.0,1.27));
#16502=CARTESIAN_POINT('',(-7.77625034677209E-17,0.0,1.27));
#16503=VECTOR('',#19040,1.0);
#16504=CARTESIAN_POINT('',(-7.77625034677209E-17,0.0,1.27));
#16505=VECTOR('',#19041,1.0);
#16506=COLOUR_RGB('',0.196078434586525,0.196078434586525,0.196078434586525);
#16507=CARTESIAN_POINT('',(0.315849,0.635,0.957199));
#16508=CARTESIAN_POINT('',(0.658749,0.635,0.957199));
#16509=VECTOR('',#19042,1.0);
#16510=CARTESIAN_POINT('',(0.315849,0.635,0.207899));
#16511=CARTESIAN_POINT('',(0.315849,0.635,0.0));
#16512=VECTOR('',#19043,1.0);
#16513=CARTESIAN_POINT('',(1.001649,0.635,0.207899));
#16514=CARTESIAN_POINT('',(2.9087445,0.635,0.207899));
#16515=VECTOR('',#19044,1.0);
#16516=CARTESIAN_POINT('',(1.001649,0.635,0.957199));
#16517=CARTESIAN_POINT('',(1.001649,0.635,0.0));
#16518=VECTOR('',#19045,1.0);
#16519=CARTESIAN_POINT('',(0.658749,0.635,0.957199));
#16520=VECTOR('',#19046,1.0);
#16521=CARTESIAN_POINT('',(0.455549,0.635,0.70358));
#16522=CARTESIAN_POINT('',(0.861949,0.635,0.70358));
#16523=CARTESIAN_POINT('',(0.658749,0.635,0.70358));
#16524=VECTOR('',#19047,1.0);
#16525=CARTESIAN_POINT('',(0.861949,0.635,0.29718));
#16526=CARTESIAN_POINT('',(0.861949,0.635,0.25019));
#16527=VECTOR('',#19048,1.0);
#16528=CARTESIAN_POINT('',(0.455549,0.635,0.29718));
#16529=CARTESIAN_POINT('',(0.658749,0.635,0.29718));
#16530=VECTOR('',#19049,1.0);
#16531=CARTESIAN_POINT('',(0.455549,0.635,0.25019));
#16532=VECTOR('',#19050,1.0);
#16533=COLOUR_RGB('',0.196078434586525,0.196078434586525,0.196078434586525);
#16534=CARTESIAN_POINT('',(0.315849,-0.865,0.957199));
#16535=VECTOR('',#19051,1.0);
#16536=COLOUR_RGB('',0.196078434586525,0.196078434586525,0.196078434586525);
#16537=CARTESIAN_POINT('',(1.001649,-0.865,0.957199));
#16538=VECTOR('',#19052,1.0);
#16539=COLOUR_RGB('',0.196078434586525,0.196078434586525,0.196078434586525);
#16540=CARTESIAN_POINT('',(9.861931,1.9939,0.29718));
#16541=CARTESIAN_POINT('',(9.861931,1.0,0.29718));
#16542=VECTOR('',#19053,1.0);
#16543=CARTESIAN_POINT('',(9.455531,1.9939,0.29718));
#16544=CARTESIAN_POINT('',(9.658731,1.9939,0.29718));
#16545=VECTOR('',#19054,1.0);
#16546=CARTESIAN_POINT('',(9.455531,1.0,0.29718));
#16547=VECTOR('',#19055,1.0);
#16548=COLOUR_RGB('',0.196078434586525,0.196078434586525,0.196078434586525);
#16549=CARTESIAN_POINT('',(9.455531,1.9939,0.70358));
#16550=CARTESIAN_POINT('',(9.455531,1.9939,-0.16472));
#16551=VECTOR('',#19056,1.0);
#16552=CARTESIAN_POINT('',(9.455531,1.0,0.70358));
#16553=VECTOR('',#19057,1.0);
#16554=COLOUR_RGB('',0.196078434586525,0.196078434586525,0.196078434586525);
#16555=CARTESIAN_POINT('',(9.328531,2.1209,0.83058));
#16556=CARTESIAN_POINT('',(9.480931,1.9685,0.67818));
#16557=VECTOR('',#19058,1.0);
#16558=CARTESIAN_POINT('',(9.328531,2.1209,0.17018));
#16559=CARTESIAN_POINT('',(9.480931,1.9685,0.32258));
#16560=VECTOR('',#19059,0.999999999999999);
#16561=CARTESIAN_POINT('',(9.328531,2.1209,-0.41491));
#16562=VECTOR('',#19060,1.0);
#16563=COLOUR_RGB('',0.196078434586525,0.196078434586525,0.196078434586525);
#16564=CARTESIAN_POINT('',(9.988931,2.1209,0.17018));
#16565=CARTESIAN_POINT('',(9.836531,1.9685,0.32258));
#16566=VECTOR('',#19061,1.0);
#16567=CARTESIAN_POINT('',(5.4944655,2.1209,0.17018));
#16568=VECTOR('',#19062,1.0);
#16569=COLOUR_RGB('',0.196078434586525,0.196078434586525,0.196078434586525);
#16570=CARTESIAN_POINT('',(9.861931,1.9939,0.70358));
#16571=CARTESIAN_POINT('',(9.861931,1.9939,0.50038));
#16572=VECTOR('',#19063,1.0);
#16573=CARTESIAN_POINT('',(9.988931,2.1209,0.83058));
#16574=CARTESIAN_POINT('',(9.836531,1.9685,0.67818));
#16575=VECTOR('',#19064,1.0);
#16576=CARTESIAN_POINT('',(9.988931,2.1209,0.91529));
#16577=VECTOR('',#19065,1.0);
#16578=COLOUR_RGB('',0.196078434586525,0.196078434586525,0.196078434586525);
#16579=CARTESIAN_POINT('',(4.1642655,2.1209,0.83058));
#16580=VECTOR('',#19066,1.0);
#16581=CARTESIAN_POINT('',(9.658731,1.9939,0.70358));
#16582=VECTOR('',#19067,1.0);
#16583=COLOUR_RGB('',0.196078434586525,0.196078434586525,0.196078434586525);
#16584=CARTESIAN_POINT('',(9.861931,1.0,0.70358));
#16585=VECTOR('',#19068,1.0);
#16586=COLOUR_RGB('',0.196078434586525,0.196078434586525,0.196078434586525);
#16587=COLOUR_RGB('',0.196078434586525,0.196078434586525,0.196078434586525);
#16588=CARTESIAN_POINT('',(9.861931,1.9939,-0.70358));
#16589=CARTESIAN_POINT('',(9.861931,1.0,-0.70358));
#16590=VECTOR('',#19069,1.0);
#16591=CARTESIAN_POINT('',(9.455531,1.9939,-0.70358));
#16592=CARTESIAN_POINT('',(9.658731,1.9939,-0.70358));
#16593=VECTOR('',#19070,1.0);
#16594=CARTESIAN_POINT('',(9.455531,1.0,-0.70358));
#16595=VECTOR('',#19071,1.0);
#16596=COLOUR_RGB('',0.196078434586525,0.196078434586525,0.196078434586525);
#16597=CARTESIAN_POINT('',(9.455531,1.9939,-0.29718));
#16598=CARTESIAN_POINT('',(9.455531,1.9939,-1.16548));
#16599=VECTOR('',#19072,1.0);
#16600=CARTESIAN_POINT('',(9.455531,1.0,-0.29718));
#16601=VECTOR('',#19073,1.0);
#16602=COLOUR_RGB('',0.196078434586525,0.196078434586525,0.196078434586525);
#16603=CARTESIAN_POINT('',(9.328531,2.1209,-0.17018));
#16604=CARTESIAN_POINT('',(9.480931,1.9685,-0.32258));
#16605=VECTOR('',#19074,1.0);
#16606=CARTESIAN_POINT('',(9.328531,2.1209,-0.83058));
#16607=CARTESIAN_POINT('',(9.480931,1.9685,-0.67818));
#16608=VECTOR('',#19075,0.999999999999999);
#16609=CARTESIAN_POINT('',(9.328531,2.1209,-0.91529));
#16610=VECTOR('',#19076,1.0);
#16611=COLOUR_RGB('',0.196078434586525,0.196078434586525,0.196078434586525);
#16612=CARTESIAN_POINT('',(9.988931,2.1209,-0.83058));
#16613=CARTESIAN_POINT('',(9.836531,1.9685,-0.67818));
#16614=VECTOR('',#19077,1.0);
#16615=CARTESIAN_POINT('',(5.4944655,2.1209,-0.83058));
#16616=VECTOR('',#19078,1.0);
#16617=COLOUR_RGB('',0.196078434586525,0.196078434586525,0.196078434586525);
#16618=CARTESIAN_POINT('',(9.861931,1.9939,-0.29718));
#16619=CARTESIAN_POINT('',(9.861931,1.9939,-0.50038));
#16620=VECTOR('',#19079,1.0);
#16621=CARTESIAN_POINT('',(9.988931,2.1209,-0.17018));
#16622=CARTESIAN_POINT('',(9.836531,1.9685,-0.32258));
#16623=VECTOR('',#19080,1.0);
#16624=CARTESIAN_POINT('',(9.988931,2.1209,0.41491));
#16625=VECTOR('',#19081,1.0);
#16626=COLOUR_RGB('',0.196078434586525,0.196078434586525,0.196078434586525);
#16627=CARTESIAN_POINT('',(4.1642655,2.1209,-0.17018));
#16628=VECTOR('',#19082,1.0);
#16629=CARTESIAN_POINT('',(9.658731,1.9939,-0.29718));
#16630=VECTOR('',#19083,1.0);
#16631=COLOUR_RGB('',0.196078434586525,0.196078434586525,0.196078434586525);
#16632=CARTESIAN_POINT('',(9.861931,1.0,-0.29718));
#16633=VECTOR('',#19084,1.0);
#16634=COLOUR_RGB('',0.196078434586525,0.196078434586525,0.196078434586525);
#16635=COLOUR_RGB('',0.196078434586525,0.196078434586525,0.196078434586525);
#16636=CARTESIAN_POINT('',(8.861933,0.635,0.29718));
#16637=CARTESIAN_POINT('',(8.455533,0.635,0.29718));
#16638=CARTESIAN_POINT('',(8.658733,0.635,0.29718));
#16639=VECTOR('',#19085,1.0);
#16640=CARTESIAN_POINT('',(8.861933,1.9939,0.29718));
#16641=CARTESIAN_POINT('',(8.861933,1.0,0.29718));
#16642=VECTOR('',#19086,1.0);
#16643=CARTESIAN_POINT('',(8.455533,1.9939,0.29718));
#16644=CARTESIAN_POINT('',(8.658733,1.9939,0.29718));
#16645=VECTOR('',#19087,1.0);
#16646=CARTESIAN_POINT('',(8.455533,1.0,0.29718));
#16647=VECTOR('',#19088,1.0);
#16648=COLOUR_RGB('',0.196078434586525,0.196078434586525,0.196078434586525);
#16649=CARTESIAN_POINT('',(8.455533,0.635,0.70358));
#16650=CARTESIAN_POINT('',(8.455533,0.635,0.25019));
#16651=VECTOR('',#19089,1.0);
#16652=CARTESIAN_POINT('',(8.455533,1.9939,0.70358));
#16653=CARTESIAN_POINT('',(8.455533,1.9939,-0.16472));
#16654=VECTOR('',#19090,1.0);
#16655=CARTESIAN_POINT('',(8.455533,1.0,0.70358));
#16656=VECTOR('',#19091,1.0);
#16657=COLOUR_RGB('',0.196078434586525,0.196078434586525,0.196078434586525);
#16658=CARTESIAN_POINT('',(8.328533,2.1209,0.83058));
#16659=CARTESIAN_POINT('',(8.480933,1.9685,0.67818));
#16660=VECTOR('',#19092,1.0);
#16661=CARTESIAN_POINT('',(8.328533,2.1209,0.17018));
#16662=CARTESIAN_POINT('',(8.480933,1.9685,0.32258));
#16663=VECTOR('',#19093,0.999999999999999);
#16664=CARTESIAN_POINT('',(8.328533,2.1209,-0.41491));
#16665=VECTOR('',#19094,1.0);
#16666=COLOUR_RGB('',0.196078434586525,0.196078434586525,0.196078434586525);
#16667=CARTESIAN_POINT('',(8.988933,2.1209,0.17018));
#16668=CARTESIAN_POINT('',(8.836533,1.9685,0.32258));
#16669=VECTOR('',#19095,1.0);
#16670=CARTESIAN_POINT('',(4.9944665,2.1209,0.17018));
#16671=VECTOR('',#19096,1.0);
#16672=COLOUR_RGB('',0.196078434586525,0.196078434586525,0.196078434586525);
#16673=CARTESIAN_POINT('',(8.861933,1.9939,0.70358));
#16674=CARTESIAN_POINT('',(8.861933,1.9939,0.50038));
#16675=VECTOR('',#19097,1.0);
#16676=CARTESIAN_POINT('',(8.988933,2.1209,0.83058));
#16677=CARTESIAN_POINT('',(8.836533,1.9685,0.67818));
#16678=VECTOR('',#19098,1.0);
#16679=CARTESIAN_POINT('',(8.988933,2.1209,0.91529));
#16680=VECTOR('',#19099,1.0);
#16681=COLOUR_RGB('',0.196078434586525,0.196078434586525,0.196078434586525);
#16682=CARTESIAN_POINT('',(3.6642665,2.1209,0.83058));
#16683=VECTOR('',#19100,1.0);
#16684=CARTESIAN_POINT('',(8.658733,1.9939,0.70358));
#16685=VECTOR('',#19101,1.0);
#16686=COLOUR_RGB('',0.196078434586525,0.196078434586525,0.196078434586525);
#16687=CARTESIAN_POINT('',(8.861933,0.635,0.70358));
#16688=CARTESIAN_POINT('',(8.658733,0.635,0.70358));
#16689=VECTOR('',#19102,1.0);
#16690=CARTESIAN_POINT('',(8.861933,1.0,0.70358));
#16691=VECTOR('',#19103,1.0);
#16692=COLOUR_RGB('',0.196078434586525,0.196078434586525,0.196078434586525);
#16693=CARTESIAN_POINT('',(8.861933,0.635,0.25019));
#16694=VECTOR('',#19104,1.0);
#16695=COLOUR_RGB('',0.196078434586525,0.196078434586525,0.196078434586525);
#16696=CARTESIAN_POINT('',(8.861933,1.9939,-0.70358));
#16697=CARTESIAN_POINT('',(8.861933,1.0,-0.70358));
#16698=VECTOR('',#19105,1.0);
#16699=CARTESIAN_POINT('',(8.455533,1.9939,-0.70358));
#16700=CARTESIAN_POINT('',(8.658733,1.9939,-0.70358));
#16701=VECTOR('',#19106,1.0);
#16702=CARTESIAN_POINT('',(8.455533,1.0,-0.70358));
#16703=VECTOR('',#19107,1.0);
#16704=COLOUR_RGB('',0.196078434586525,0.196078434586525,0.196078434586525);
#16705=CARTESIAN_POINT('',(8.455533,1.9939,-0.29718));
#16706=CARTESIAN_POINT('',(8.455533,1.9939,-1.16548));
#16707=VECTOR('',#19108,1.0);
#16708=CARTESIAN_POINT('',(8.455533,1.0,-0.29718));
#16709=VECTOR('',#19109,1.0);
#16710=COLOUR_RGB('',0.196078434586525,0.196078434586525,0.196078434586525);
#16711=CARTESIAN_POINT('',(8.328533,2.1209,-0.17018));
#16712=CARTESIAN_POINT('',(8.480933,1.9685,-0.32258));
#16713=VECTOR('',#19110,1.0);
#16714=CARTESIAN_POINT('',(8.328533,2.1209,-0.83058));
#16715=CARTESIAN_POINT('',(8.480933,1.9685,-0.67818));
#16716=VECTOR('',#19111,0.999999999999999);
#16717=CARTESIAN_POINT('',(8.328533,2.1209,-0.91529));
#16718=VECTOR('',#19112,1.0);
#16719=COLOUR_RGB('',0.196078434586525,0.196078434586525,0.196078434586525);
#16720=CARTESIAN_POINT('',(8.988933,2.1209,-0.83058));
#16721=CARTESIAN_POINT('',(8.836533,1.9685,-0.67818));
#16722=VECTOR('',#19113,1.0);
#16723=CARTESIAN_POINT('',(4.9944665,2.1209,-0.83058));
#16724=VECTOR('',#19114,1.0);
#16725=COLOUR_RGB('',0.196078434586525,0.196078434586525,0.196078434586525);
#16726=CARTESIAN_POINT('',(8.861933,1.9939,-0.29718));
#16727=CARTESIAN_POINT('',(8.861933,1.9939,-0.50038));
#16728=VECTOR('',#19115,1.0);
#16729=CARTESIAN_POINT('',(8.988933,2.1209,-0.17018));
#16730=CARTESIAN_POINT('',(8.836533,1.9685,-0.32258));
#16731=VECTOR('',#19116,1.0);
#16732=CARTESIAN_POINT('',(8.988933,2.1209,0.41491));
#16733=VECTOR('',#19117,1.0);
#16734=COLOUR_RGB('',0.196078434586525,0.196078434586525,0.196078434586525);
#16735=CARTESIAN_POINT('',(3.6642665,2.1209,-0.17018));
#16736=VECTOR('',#19118,1.0);
#16737=CARTESIAN_POINT('',(8.658733,1.9939,-0.29718));
#16738=VECTOR('',#19119,1.0);
#16739=COLOUR_RGB('',0.196078434586525,0.196078434586525,0.196078434586525);
#16740=CARTESIAN_POINT('',(8.861933,1.0,-0.29718));
#16741=VECTOR('',#19120,1.0);
#16742=COLOUR_RGB('',0.196078434586525,0.196078434586525,0.196078434586525);
#16743=COLOUR_RGB('',0.196078434586525,0.196078434586525,0.196078434586525);
#16744=CARTESIAN_POINT('',(7.861935,0.635,0.29718));
#16745=CARTESIAN_POINT('',(7.455535,0.635,0.29718));
#16746=CARTESIAN_POINT('',(7.658735,0.635,0.29718));
#16747=VECTOR('',#19121,1.0);
#16748=CARTESIAN_POINT('',(7.861935,1.9939,0.29718));
#16749=CARTESIAN_POINT('',(7.861935,1.0,0.29718));
#16750=VECTOR('',#19122,1.0);
#16751=CARTESIAN_POINT('',(7.455535,1.9939,0.29718));
#16752=CARTESIAN_POINT('',(7.658735,1.9939,0.29718));
#16753=VECTOR('',#19123,1.0);
#16754=CARTESIAN_POINT('',(7.455535,1.0,0.29718));
#16755=VECTOR('',#19124,1.0);
#16756=COLOUR_RGB('',0.196078434586525,0.196078434586525,0.196078434586525);
#16757=CARTESIAN_POINT('',(7.455535,0.635,0.70358));
#16758=CARTESIAN_POINT('',(7.455535,0.635,0.25019));
#16759=VECTOR('',#19125,1.0);
#16760=CARTESIAN_POINT('',(7.455535,1.9939,0.70358));
#16761=CARTESIAN_POINT('',(7.455535,1.9939,-0.16472));
#16762=VECTOR('',#19126,1.0);
#16763=CARTESIAN_POINT('',(7.455535,1.0,0.70358));
#16764=VECTOR('',#19127,1.0);
#16765=COLOUR_RGB('',0.196078434586525,0.196078434586525,0.196078434586525);
#16766=CARTESIAN_POINT('',(7.328535,2.1209,0.83058));
#16767=CARTESIAN_POINT('',(7.480935,1.9685,0.67818));
#16768=VECTOR('',#19128,1.0);
#16769=CARTESIAN_POINT('',(7.328535,2.1209,0.17018));
#16770=CARTESIAN_POINT('',(7.480935,1.9685,0.32258));
#16771=VECTOR('',#19129,0.999999999999999);
#16772=CARTESIAN_POINT('',(7.328535,2.1209,-0.41491));
#16773=VECTOR('',#19130,1.0);
#16774=COLOUR_RGB('',0.196078434586525,0.196078434586525,0.196078434586525);
#16775=CARTESIAN_POINT('',(7.988935,2.1209,0.17018));
#16776=CARTESIAN_POINT('',(7.836535,1.9685,0.32258));
#16777=VECTOR('',#19131,1.0);
#16778=CARTESIAN_POINT('',(4.4944675,2.1209,0.17018));
#16779=VECTOR('',#19132,1.0);
#16780=COLOUR_RGB('',0.196078434586525,0.196078434586525,0.196078434586525);
#16781=CARTESIAN_POINT('',(7.861935,1.9939,0.70358));
#16782=CARTESIAN_POINT('',(7.861935,1.9939,0.50038));
#16783=VECTOR('',#19133,1.0);
#16784=CARTESIAN_POINT('',(7.988935,2.1209,0.83058));
#16785=CARTESIAN_POINT('',(7.836535,1.9685,0.67818));
#16786=VECTOR('',#19134,1.0);
#16787=CARTESIAN_POINT('',(7.988935,2.1209,0.91529));
#16788=VECTOR('',#19135,1.0);
#16789=COLOUR_RGB('',0.196078434586525,0.196078434586525,0.196078434586525);
#16790=CARTESIAN_POINT('',(3.1642675,2.1209,0.83058));
#16791=VECTOR('',#19136,1.0);
#16792=CARTESIAN_POINT('',(7.658735,1.9939,0.70358));
#16793=VECTOR('',#19137,1.0);
#16794=COLOUR_RGB('',0.196078434586525,0.196078434586525,0.196078434586525);
#16795=CARTESIAN_POINT('',(7.861935,0.635,0.70358));
#16796=CARTESIAN_POINT('',(7.658735,0.635,0.70358));
#16797=VECTOR('',#19138,1.0);
#16798=CARTESIAN_POINT('',(7.861935,1.0,0.70358));
#16799=VECTOR('',#19139,1.0);
#16800=COLOUR_RGB('',0.196078434586525,0.196078434586525,0.196078434586525);
#16801=CARTESIAN_POINT('',(7.861935,0.635,0.25019));
#16802=VECTOR('',#19140,1.0);
#16803=COLOUR_RGB('',0.196078434586525,0.196078434586525,0.196078434586525);
#16804=CARTESIAN_POINT('',(7.861935,1.9939,-0.70358));
#16805=CARTESIAN_POINT('',(7.861935,1.0,-0.70358));
#16806=VECTOR('',#19141,1.0);
#16807=CARTESIAN_POINT('',(7.455535,1.9939,-0.70358));
#16808=CARTESIAN_POINT('',(7.658735,1.9939,-0.70358));
#16809=VECTOR('',#19142,1.0);
#16810=CARTESIAN_POINT('',(7.455535,1.0,-0.70358));
#16811=VECTOR('',#19143,1.0);
#16812=COLOUR_RGB('',0.196078434586525,0.196078434586525,0.196078434586525);
#16813=CARTESIAN_POINT('',(7.455535,1.9939,-0.29718));
#16814=CARTESIAN_POINT('',(7.455535,1.9939,-1.16548));
#16815=VECTOR('',#19144,1.0);
#16816=CARTESIAN_POINT('',(7.455535,1.0,-0.29718));
#16817=VECTOR('',#19145,1.0);
#16818=COLOUR_RGB('',0.196078434586525,0.196078434586525,0.196078434586525);
#16819=CARTESIAN_POINT('',(7.328535,2.1209,-0.17018));
#16820=CARTESIAN_POINT('',(7.480935,1.9685,-0.32258));
#16821=VECTOR('',#19146,1.0);
#16822=CARTESIAN_POINT('',(7.328535,2.1209,-0.83058));
#16823=CARTESIAN_POINT('',(7.480935,1.9685,-0.67818));
#16824=VECTOR('',#19147,0.999999999999999);
#16825=CARTESIAN_POINT('',(7.328535,2.1209,-0.91529));
#16826=VECTOR('',#19148,1.0);
#16827=COLOUR_RGB('',0.196078434586525,0.196078434586525,0.196078434586525);
#16828=CARTESIAN_POINT('',(7.988935,2.1209,-0.83058));
#16829=CARTESIAN_POINT('',(7.836535,1.9685,-0.67818));
#16830=VECTOR('',#19149,1.0);
#16831=CARTESIAN_POINT('',(4.4944675,2.1209,-0.83058));
#16832=VECTOR('',#19150,1.0);
#16833=COLOUR_RGB('',0.196078434586525,0.196078434586525,0.196078434586525);
#16834=CARTESIAN_POINT('',(7.861935,1.9939,-0.29718));
#16835=CARTESIAN_POINT('',(7.861935,1.9939,-0.50038));
#16836=VECTOR('',#19151,1.0);
#16837=CARTESIAN_POINT('',(7.988935,2.1209,-0.17018));
#16838=CARTESIAN_POINT('',(7.836535,1.9685,-0.32258));
#16839=VECTOR('',#19152,1.0);
#16840=CARTESIAN_POINT('',(7.988935,2.1209,0.41491));
#16841=VECTOR('',#19153,1.0);
#16842=COLOUR_RGB('',0.196078434586525,0.196078434586525,0.196078434586525);
#16843=CARTESIAN_POINT('',(3.1642675,2.1209,-0.17018));
#16844=VECTOR('',#19154,1.0);
#16845=CARTESIAN_POINT('',(7.658735,1.9939,-0.29718));
#16846=VECTOR('',#19155,1.0);
#16847=COLOUR_RGB('',0.196078434586525,0.196078434586525,0.196078434586525);
#16848=CARTESIAN_POINT('',(7.861935,1.0,-0.29718));
#16849=VECTOR('',#19156,1.0);
#16850=COLOUR_RGB('',0.196078434586525,0.196078434586525,0.196078434586525);
#16851=COLOUR_RGB('',0.196078434586525,0.196078434586525,0.196078434586525);
#16852=CARTESIAN_POINT('',(6.861937,0.635,0.29718));
#16853=CARTESIAN_POINT('',(6.455537,0.635,0.29718));
#16854=CARTESIAN_POINT('',(6.658737,0.635,0.29718));
#16855=VECTOR('',#19157,1.0);
#16856=CARTESIAN_POINT('',(6.861937,1.9939,0.29718));
#16857=CARTESIAN_POINT('',(6.861937,1.0,0.29718));
#16858=VECTOR('',#19158,1.0);
#16859=CARTESIAN_POINT('',(6.455537,1.9939,0.29718));
#16860=CARTESIAN_POINT('',(6.658737,1.9939,0.29718));
#16861=VECTOR('',#19159,1.0);
#16862=CARTESIAN_POINT('',(6.455537,1.0,0.29718));
#16863=VECTOR('',#19160,1.0);
#16864=COLOUR_RGB('',0.196078434586525,0.196078434586525,0.196078434586525);
#16865=CARTESIAN_POINT('',(6.455537,0.635,0.70358));
#16866=CARTESIAN_POINT('',(6.455537,0.635,0.25019));
#16867=VECTOR('',#19161,1.0);
#16868=CARTESIAN_POINT('',(6.455537,1.9939,0.70358));
#16869=CARTESIAN_POINT('',(6.455537,1.9939,-0.16472));
#16870=VECTOR('',#19162,1.0);
#16871=CARTESIAN_POINT('',(6.455537,1.0,0.70358));
#16872=VECTOR('',#19163,1.0);
#16873=COLOUR_RGB('',0.196078434586525,0.196078434586525,0.196078434586525);
#16874=CARTESIAN_POINT('',(6.328537,2.1209,0.83058));
#16875=CARTESIAN_POINT('',(6.480937,1.9685,0.67818));
#16876=VECTOR('',#19164,1.0);
#16877=CARTESIAN_POINT('',(6.328537,2.1209,0.17018));
#16878=CARTESIAN_POINT('',(6.480937,1.9685,0.32258));
#16879=VECTOR('',#19165,0.999999999999999);
#16880=CARTESIAN_POINT('',(6.328537,2.1209,-0.41491));
#16881=VECTOR('',#19166,1.0);
#16882=COLOUR_RGB('',0.196078434586525,0.196078434586525,0.196078434586525);
#16883=CARTESIAN_POINT('',(6.988937,2.1209,0.17018));
#16884=CARTESIAN_POINT('',(6.836537,1.9685,0.32258));
#16885=VECTOR('',#19167,1.0);
#16886=CARTESIAN_POINT('',(3.9944685,2.1209,0.17018));
#16887=VECTOR('',#19168,1.0);
#16888=COLOUR_RGB('',0.196078434586525,0.196078434586525,0.196078434586525);
#16889=CARTESIAN_POINT('',(6.861937,1.9939,0.70358));
#16890=CARTESIAN_POINT('',(6.861937,1.9939,0.50038));
#16891=VECTOR('',#19169,1.0);
#16892=CARTESIAN_POINT('',(6.988937,2.1209,0.83058));
#16893=CARTESIAN_POINT('',(6.836537,1.9685,0.67818));
#16894=VECTOR('',#19170,1.0);
#16895=CARTESIAN_POINT('',(6.988937,2.1209,0.91529));
#16896=VECTOR('',#19171,1.0);
#16897=COLOUR_RGB('',0.196078434586525,0.196078434586525,0.196078434586525);
#16898=CARTESIAN_POINT('',(2.6642685,2.1209,0.83058));
#16899=VECTOR('',#19172,1.0);
#16900=CARTESIAN_POINT('',(6.658737,1.9939,0.70358));
#16901=VECTOR('',#19173,1.0);
#16902=COLOUR_RGB('',0.196078434586525,0.196078434586525,0.196078434586525);
#16903=CARTESIAN_POINT('',(6.861937,0.635,0.70358));
#16904=CARTESIAN_POINT('',(6.658737,0.635,0.70358));
#16905=VECTOR('',#19174,1.0);
#16906=CARTESIAN_POINT('',(6.861937,1.0,0.70358));
#16907=VECTOR('',#19175,1.0);
#16908=COLOUR_RGB('',0.196078434586525,0.196078434586525,0.196078434586525);
#16909=CARTESIAN_POINT('',(6.861937,0.635,0.25019));
#16910=VECTOR('',#19176,1.0);
#16911=COLOUR_RGB('',0.196078434586525,0.196078434586525,0.196078434586525);
#16912=CARTESIAN_POINT('',(6.861937,1.9939,-0.70358));
#16913=CARTESIAN_POINT('',(6.861937,1.0,-0.70358));
#16914=VECTOR('',#19177,1.0);
#16915=CARTESIAN_POINT('',(6.455537,1.9939,-0.70358));
#16916=CARTESIAN_POINT('',(6.658737,1.9939,-0.70358));
#16917=VECTOR('',#19178,1.0);
#16918=CARTESIAN_POINT('',(6.455537,1.0,-0.70358));
#16919=VECTOR('',#19179,1.0);
#16920=COLOUR_RGB('',0.196078434586525,0.196078434586525,0.196078434586525);
#16921=CARTESIAN_POINT('',(6.455537,1.9939,-0.29718));
#16922=CARTESIAN_POINT('',(6.455537,1.9939,-1.16548));
#16923=VECTOR('',#19180,1.0);
#16924=CARTESIAN_POINT('',(6.455537,1.0,-0.29718));
#16925=VECTOR('',#19181,1.0);
#16926=COLOUR_RGB('',0.196078434586525,0.196078434586525,0.196078434586525);
#16927=CARTESIAN_POINT('',(6.328537,2.1209,-0.17018));
#16928=CARTESIAN_POINT('',(6.480937,1.9685,-0.32258));
#16929=VECTOR('',#19182,1.0);
#16930=CARTESIAN_POINT('',(6.328537,2.1209,-0.83058));
#16931=CARTESIAN_POINT('',(6.480937,1.9685,-0.67818));
#16932=VECTOR('',#19183,0.999999999999999);
#16933=CARTESIAN_POINT('',(6.328537,2.1209,-0.91529));
#16934=VECTOR('',#19184,1.0);
#16935=COLOUR_RGB('',0.196078434586525,0.196078434586525,0.196078434586525);
#16936=CARTESIAN_POINT('',(6.988937,2.1209,-0.83058));
#16937=CARTESIAN_POINT('',(6.836537,1.9685,-0.67818));
#16938=VECTOR('',#19185,1.0);
#16939=CARTESIAN_POINT('',(3.9944685,2.1209,-0.83058));
#16940=VECTOR('',#19186,1.0);
#16941=COLOUR_RGB('',0.196078434586525,0.196078434586525,0.196078434586525);
#16942=CARTESIAN_POINT('',(6.861937,1.9939,-0.29718));
#16943=CARTESIAN_POINT('',(6.861937,1.9939,-0.50038));
#16944=VECTOR('',#19187,1.0);
#16945=CARTESIAN_POINT('',(6.988937,2.1209,-0.17018));
#16946=CARTESIAN_POINT('',(6.836537,1.9685,-0.32258));
#16947=VECTOR('',#19188,1.0);
#16948=CARTESIAN_POINT('',(6.988937,2.1209,0.41491));
#16949=VECTOR('',#19189,1.0);
#16950=COLOUR_RGB('',0.196078434586525,0.196078434586525,0.196078434586525);
#16951=CARTESIAN_POINT('',(2.6642685,2.1209,-0.17018));
#16952=VECTOR('',#19190,1.0);
#16953=CARTESIAN_POINT('',(6.658737,1.9939,-0.29718));
#16954=VECTOR('',#19191,1.0);
#16955=COLOUR_RGB('',0.196078434586525,0.196078434586525,0.196078434586525);
#16956=CARTESIAN_POINT('',(6.861937,1.0,-0.29718));
#16957=VECTOR('',#19192,1.0);
#16958=COLOUR_RGB('',0.196078434586525,0.196078434586525,0.196078434586525);
#16959=COLOUR_RGB('',0.196078434586525,0.196078434586525,0.196078434586525);
#16960=CARTESIAN_POINT('',(5.861939,0.635,0.29718));
#16961=CARTESIAN_POINT('',(5.455539,0.635,0.29718));
#16962=CARTESIAN_POINT('',(5.658739,0.635,0.29718));
#16963=VECTOR('',#19193,1.0);
#16964=CARTESIAN_POINT('',(5.861939,1.9939,0.29718));
#16965=CARTESIAN_POINT('',(5.861939,1.0,0.29718));
#16966=VECTOR('',#19194,1.0);
#16967=CARTESIAN_POINT('',(5.455539,1.9939,0.29718));
#16968=CARTESIAN_POINT('',(5.658739,1.9939,0.29718));
#16969=VECTOR('',#19195,1.0);
#16970=CARTESIAN_POINT('',(5.455539,1.0,0.29718));
#16971=VECTOR('',#19196,1.0);
#16972=COLOUR_RGB('',0.196078434586525,0.196078434586525,0.196078434586525);
#16973=CARTESIAN_POINT('',(5.455539,0.635,0.70358));
#16974=CARTESIAN_POINT('',(5.455539,0.635,0.25019));
#16975=VECTOR('',#19197,1.0);
#16976=CARTESIAN_POINT('',(5.455539,1.9939,0.70358));
#16977=CARTESIAN_POINT('',(5.455539,1.9939,-0.16472));
#16978=VECTOR('',#19198,1.0);
#16979=CARTESIAN_POINT('',(5.455539,1.0,0.70358));
#16980=VECTOR('',#19199,1.0);
#16981=COLOUR_RGB('',0.196078434586525,0.196078434586525,0.196078434586525);
#16982=CARTESIAN_POINT('',(5.328539,2.1209,0.83058));
#16983=CARTESIAN_POINT('',(5.480939,1.9685,0.67818));
#16984=VECTOR('',#19200,1.0);
#16985=CARTESIAN_POINT('',(5.328539,2.1209,0.17018));
#16986=CARTESIAN_POINT('',(5.480939,1.9685,0.32258));
#16987=VECTOR('',#19201,0.999999999999999);
#16988=CARTESIAN_POINT('',(5.328539,2.1209,-0.41491));
#16989=VECTOR('',#19202,1.0);
#16990=COLOUR_RGB('',0.196078434586525,0.196078434586525,0.196078434586525);
#16991=CARTESIAN_POINT('',(5.988939,2.1209,0.17018));
#16992=CARTESIAN_POINT('',(5.836539,1.9685,0.32258));
#16993=VECTOR('',#19203,1.0);
#16994=CARTESIAN_POINT('',(3.4944695,2.1209,0.17018));
#16995=VECTOR('',#19204,1.0);
#16996=COLOUR_RGB('',0.196078434586525,0.196078434586525,0.196078434586525);
#16997=CARTESIAN_POINT('',(5.861939,1.9939,0.70358));
#16998=CARTESIAN_POINT('',(5.861939,1.9939,0.50038));
#16999=VECTOR('',#19205,1.0);
#17000=CARTESIAN_POINT('',(5.988939,2.1209,0.83058));
#17001=CARTESIAN_POINT('',(5.836539,1.9685,0.67818));
#17002=VECTOR('',#19206,1.0);
#17003=CARTESIAN_POINT('',(5.988939,2.1209,0.91529));
#17004=VECTOR('',#19207,1.0);
#17005=COLOUR_RGB('',0.196078434586525,0.196078434586525,0.196078434586525);
#17006=CARTESIAN_POINT('',(2.1642695,2.1209,0.83058));
#17007=VECTOR('',#19208,1.0);
#17008=CARTESIAN_POINT('',(5.658739,1.9939,0.70358));
#17009=VECTOR('',#19209,1.0);
#17010=COLOUR_RGB('',0.196078434586525,0.196078434586525,0.196078434586525);
#17011=CARTESIAN_POINT('',(5.861939,0.635,0.70358));
#17012=CARTESIAN_POINT('',(5.658739,0.635,0.70358));
#17013=VECTOR('',#19210,1.0);
#17014=CARTESIAN_POINT('',(5.861939,1.0,0.70358));
#17015=VECTOR('',#19211,1.0);
#17016=COLOUR_RGB('',0.196078434586525,0.196078434586525,0.196078434586525);
#17017=CARTESIAN_POINT('',(5.861939,0.635,0.25019));
#17018=VECTOR('',#19212,1.0);
#17019=COLOUR_RGB('',0.196078434586525,0.196078434586525,0.196078434586525);
#17020=CARTESIAN_POINT('',(5.861939,1.9939,-0.70358));
#17021=CARTESIAN_POINT('',(5.861939,1.0,-0.70358));
#17022=VECTOR('',#19213,1.0);
#17023=CARTESIAN_POINT('',(5.455539,1.9939,-0.70358));
#17024=CARTESIAN_POINT('',(5.658739,1.9939,-0.70358));
#17025=VECTOR('',#19214,1.0);
#17026=CARTESIAN_POINT('',(5.455539,1.0,-0.70358));
#17027=VECTOR('',#19215,1.0);
#17028=COLOUR_RGB('',0.196078434586525,0.196078434586525,0.196078434586525);
#17029=CARTESIAN_POINT('',(5.455539,1.9939,-0.29718));
#17030=CARTESIAN_POINT('',(5.455539,1.9939,-1.16548));
#17031=VECTOR('',#19216,1.0);
#17032=CARTESIAN_POINT('',(5.455539,1.0,-0.29718));
#17033=VECTOR('',#19217,1.0);
#17034=COLOUR_RGB('',0.196078434586525,0.196078434586525,0.196078434586525);
#17035=CARTESIAN_POINT('',(5.328539,2.1209,-0.17018));
#17036=CARTESIAN_POINT('',(5.480939,1.9685,-0.32258));
#17037=VECTOR('',#19218,1.0);
#17038=CARTESIAN_POINT('',(5.328539,2.1209,-0.83058));
#17039=CARTESIAN_POINT('',(5.480939,1.9685,-0.67818));
#17040=VECTOR('',#19219,0.999999999999999);
#17041=CARTESIAN_POINT('',(5.328539,2.1209,-0.91529));
#17042=VECTOR('',#19220,1.0);
#17043=COLOUR_RGB('',0.196078434586525,0.196078434586525,0.196078434586525);
#17044=CARTESIAN_POINT('',(5.988939,2.1209,-0.83058));
#17045=CARTESIAN_POINT('',(5.836539,1.9685,-0.67818));
#17046=VECTOR('',#19221,1.0);
#17047=CARTESIAN_POINT('',(3.4944695,2.1209,-0.83058));
#17048=VECTOR('',#19222,1.0);
#17049=COLOUR_RGB('',0.196078434586525,0.196078434586525,0.196078434586525);
#17050=CARTESIAN_POINT('',(5.861939,1.9939,-0.29718));
#17051=CARTESIAN_POINT('',(5.861939,1.9939,-0.50038));
#17052=VECTOR('',#19223,1.0);
#17053=CARTESIAN_POINT('',(5.988939,2.1209,-0.17018));
#17054=CARTESIAN_POINT('',(5.836539,1.9685,-0.32258));
#17055=VECTOR('',#19224,1.0);
#17056=CARTESIAN_POINT('',(5.988939,2.1209,0.41491));
#17057=VECTOR('',#19225,1.0);
#17058=COLOUR_RGB('',0.196078434586525,0.196078434586525,0.196078434586525);
#17059=CARTESIAN_POINT('',(2.1642695,2.1209,-0.17018));
#17060=VECTOR('',#19226,1.0);
#17061=CARTESIAN_POINT('',(5.658739,1.9939,-0.29718));
#17062=VECTOR('',#19227,1.0);
#17063=COLOUR_RGB('',0.196078434586525,0.196078434586525,0.196078434586525);
#17064=CARTESIAN_POINT('',(5.861939,1.0,-0.29718));
#17065=VECTOR('',#19228,1.0);
#17066=COLOUR_RGB('',0.196078434586525,0.196078434586525,0.196078434586525);
#17067=COLOUR_RGB('',0.196078434586525,0.196078434586525,0.196078434586525);
#17068=CARTESIAN_POINT('',(4.861941,0.635,0.29718));
#17069=CARTESIAN_POINT('',(4.455541,0.635,0.29718));
#17070=CARTESIAN_POINT('',(4.658741,0.635,0.29718));
#17071=VECTOR('',#19229,1.0);
#17072=CARTESIAN_POINT('',(4.861941,1.9939,0.29718));
#17073=CARTESIAN_POINT('',(4.861941,1.0,0.29718));
#17074=VECTOR('',#19230,1.0);
#17075=CARTESIAN_POINT('',(4.455541,1.9939,0.29718));
#17076=CARTESIAN_POINT('',(4.658741,1.9939,0.29718));
#17077=VECTOR('',#19231,1.0);
#17078=CARTESIAN_POINT('',(4.455541,1.0,0.29718));
#17079=VECTOR('',#19232,1.0);
#17080=COLOUR_RGB('',0.196078434586525,0.196078434586525,0.196078434586525);
#17081=CARTESIAN_POINT('',(4.455541,0.635,0.70358));
#17082=CARTESIAN_POINT('',(4.455541,0.635,0.25019));
#17083=VECTOR('',#19233,1.0);
#17084=CARTESIAN_POINT('',(4.455541,1.9939,0.70358));
#17085=CARTESIAN_POINT('',(4.455541,1.9939,-0.16472));
#17086=VECTOR('',#19234,1.0);
#17087=CARTESIAN_POINT('',(4.455541,1.0,0.70358));
#17088=VECTOR('',#19235,1.0);
#17089=COLOUR_RGB('',0.196078434586525,0.196078434586525,0.196078434586525);
#17090=CARTESIAN_POINT('',(4.328541,2.1209,0.83058));
#17091=CARTESIAN_POINT('',(4.480941,1.9685,0.67818));
#17092=VECTOR('',#19236,1.0);
#17093=CARTESIAN_POINT('',(4.328541,2.1209,0.17018));
#17094=CARTESIAN_POINT('',(4.480941,1.9685,0.32258));
#17095=VECTOR('',#19237,0.999999999999999);
#17096=CARTESIAN_POINT('',(4.328541,2.1209,-0.41491));
#17097=VECTOR('',#19238,1.0);
#17098=COLOUR_RGB('',0.196078434586525,0.196078434586525,0.196078434586525);
#17099=CARTESIAN_POINT('',(4.988941,2.1209,0.17018));
#17100=CARTESIAN_POINT('',(4.836541,1.9685,0.32258));
#17101=VECTOR('',#19239,1.0);
#17102=CARTESIAN_POINT('',(2.9944705,2.1209,0.17018));
#17103=VECTOR('',#19240,1.0);
#17104=COLOUR_RGB('',0.196078434586525,0.196078434586525,0.196078434586525);
#17105=CARTESIAN_POINT('',(4.861941,1.9939,0.70358));
#17106=CARTESIAN_POINT('',(4.861941,1.9939,0.50038));
#17107=VECTOR('',#19241,1.0);
#17108=CARTESIAN_POINT('',(4.988941,2.1209,0.83058));
#17109=CARTESIAN_POINT('',(4.836541,1.9685,0.67818));
#17110=VECTOR('',#19242,1.0);
#17111=CARTESIAN_POINT('',(4.988941,2.1209,0.91529));
#17112=VECTOR('',#19243,1.0);
#17113=COLOUR_RGB('',0.196078434586525,0.196078434586525,0.196078434586525);
#17114=CARTESIAN_POINT('',(1.6642705,2.1209,0.83058));
#17115=VECTOR('',#19244,1.0);
#17116=CARTESIAN_POINT('',(4.658741,1.9939,0.70358));
#17117=VECTOR('',#19245,1.0);
#17118=COLOUR_RGB('',0.196078434586525,0.196078434586525,0.196078434586525);
#17119=CARTESIAN_POINT('',(4.861941,0.635,0.70358));
#17120=CARTESIAN_POINT('',(4.658741,0.635,0.70358));
#17121=VECTOR('',#19246,1.0);
#17122=CARTESIAN_POINT('',(4.861941,1.0,0.70358));
#17123=VECTOR('',#19247,1.0);
#17124=COLOUR_RGB('',0.196078434586525,0.196078434586525,0.196078434586525);
#17125=CARTESIAN_POINT('',(4.861941,0.635,0.25019));
#17126=VECTOR('',#19248,1.0);
#17127=COLOUR_RGB('',0.196078434586525,0.196078434586525,0.196078434586525);
#17128=CARTESIAN_POINT('',(4.861941,1.9939,-0.70358));
#17129=CARTESIAN_POINT('',(4.861941,1.0,-0.70358));
#17130=VECTOR('',#19249,1.0);
#17131=CARTESIAN_POINT('',(4.455541,1.9939,-0.70358));
#17132=CARTESIAN_POINT('',(4.658741,1.9939,-0.70358));
#17133=VECTOR('',#19250,1.0);
#17134=CARTESIAN_POINT('',(4.455541,1.0,-0.70358));
#17135=VECTOR('',#19251,1.0);
#17136=COLOUR_RGB('',0.196078434586525,0.196078434586525,0.196078434586525);
#17137=CARTESIAN_POINT('',(4.455541,1.9939,-0.29718));
#17138=CARTESIAN_POINT('',(4.455541,1.9939,-1.16548));
#17139=VECTOR('',#19252,1.0);
#17140=CARTESIAN_POINT('',(4.455541,1.0,-0.29718));
#17141=VECTOR('',#19253,1.0);
#17142=COLOUR_RGB('',0.196078434586525,0.196078434586525,0.196078434586525);
#17143=CARTESIAN_POINT('',(4.328541,2.1209,-0.17018));
#17144=CARTESIAN_POINT('',(4.480941,1.9685,-0.32258));
#17145=VECTOR('',#19254,1.0);
#17146=CARTESIAN_POINT('',(4.328541,2.1209,-0.83058));
#17147=CARTESIAN_POINT('',(4.480941,1.9685,-0.67818));
#17148=VECTOR('',#19255,0.999999999999999);
#17149=CARTESIAN_POINT('',(4.328541,2.1209,-0.91529));
#17150=VECTOR('',#19256,1.0);
#17151=COLOUR_RGB('',0.196078434586525,0.196078434586525,0.196078434586525);
#17152=CARTESIAN_POINT('',(4.988941,2.1209,-0.83058));
#17153=CARTESIAN_POINT('',(4.836541,1.9685,-0.67818));
#17154=VECTOR('',#19257,1.0);
#17155=CARTESIAN_POINT('',(2.9944705,2.1209,-0.83058));
#17156=VECTOR('',#19258,1.0);
#17157=COLOUR_RGB('',0.196078434586525,0.196078434586525,0.196078434586525);
#17158=CARTESIAN_POINT('',(4.861941,1.9939,-0.29718));
#17159=CARTESIAN_POINT('',(4.861941,1.9939,-0.50038));
#17160=VECTOR('',#19259,1.0);
#17161=CARTESIAN_POINT('',(4.988941,2.1209,-0.17018));
#17162=CARTESIAN_POINT('',(4.836541,1.9685,-0.32258));
#17163=VECTOR('',#19260,1.0);
#17164=CARTESIAN_POINT('',(4.988941,2.1209,0.41491));
#17165=VECTOR('',#19261,1.0);
#17166=COLOUR_RGB('',0.196078434586525,0.196078434586525,0.196078434586525);
#17167=CARTESIAN_POINT('',(1.6642705,2.1209,-0.17018));
#17168=VECTOR('',#19262,1.0);
#17169=CARTESIAN_POINT('',(4.658741,1.9939,-0.29718));
#17170=VECTOR('',#19263,1.0);
#17171=COLOUR_RGB('',0.196078434586525,0.196078434586525,0.196078434586525);
#17172=CARTESIAN_POINT('',(4.861941,1.0,-0.29718));
#17173=VECTOR('',#19264,1.0);
#17174=COLOUR_RGB('',0.196078434586525,0.196078434586525,0.196078434586525);
#17175=COLOUR_RGB('',0.196078434586525,0.196078434586525,0.196078434586525);
#17176=CARTESIAN_POINT('',(3.861943,0.635,0.29718));
#17177=CARTESIAN_POINT('',(3.455543,0.635,0.29718));
#17178=CARTESIAN_POINT('',(3.658743,0.635,0.29718));
#17179=VECTOR('',#19265,1.0);
#17180=CARTESIAN_POINT('',(3.861943,1.9939,0.29718));
#17181=CARTESIAN_POINT('',(3.861943,1.0,0.29718));
#17182=VECTOR('',#19266,1.0);
#17183=CARTESIAN_POINT('',(3.455543,1.9939,0.29718));
#17184=CARTESIAN_POINT('',(3.658743,1.9939,0.29718));
#17185=VECTOR('',#19267,1.0);
#17186=CARTESIAN_POINT('',(3.455543,1.0,0.29718));
#17187=VECTOR('',#19268,1.0);
#17188=COLOUR_RGB('',0.196078434586525,0.196078434586525,0.196078434586525);
#17189=CARTESIAN_POINT('',(3.455543,0.635,0.70358));
#17190=CARTESIAN_POINT('',(3.455543,0.635,0.25019));
#17191=VECTOR('',#19269,1.0);
#17192=CARTESIAN_POINT('',(3.455543,1.9939,0.70358));
#17193=CARTESIAN_POINT('',(3.455543,1.9939,-0.16472));
#17194=VECTOR('',#19270,1.0);
#17195=CARTESIAN_POINT('',(3.455543,1.0,0.70358));
#17196=VECTOR('',#19271,1.0);
#17197=COLOUR_RGB('',0.196078434586525,0.196078434586525,0.196078434586525);
#17198=CARTESIAN_POINT('',(3.328543,2.1209,0.83058));
#17199=CARTESIAN_POINT('',(3.480943,1.9685,0.67818));
#17200=VECTOR('',#19272,1.0);
#17201=CARTESIAN_POINT('',(3.328543,2.1209,0.17018));
#17202=CARTESIAN_POINT('',(3.480943,1.9685,0.32258));
#17203=VECTOR('',#19273,0.999999999999999);
#17204=CARTESIAN_POINT('',(3.328543,2.1209,-0.41491));
#17205=VECTOR('',#19274,1.0);
#17206=COLOUR_RGB('',0.196078434586525,0.196078434586525,0.196078434586525);
#17207=CARTESIAN_POINT('',(3.988943,2.1209,0.17018));
#17208=CARTESIAN_POINT('',(3.836543,1.9685,0.32258));
#17209=VECTOR('',#19275,1.0);
#17210=CARTESIAN_POINT('',(2.4944715,2.1209,0.17018));
#17211=VECTOR('',#19276,1.0);
#17212=COLOUR_RGB('',0.196078434586525,0.196078434586525,0.196078434586525);
#17213=CARTESIAN_POINT('',(3.861943,1.9939,0.70358));
#17214=CARTESIAN_POINT('',(3.861943,1.9939,0.50038));
#17215=VECTOR('',#19277,1.0);
#17216=CARTESIAN_POINT('',(3.988943,2.1209,0.83058));
#17217=CARTESIAN_POINT('',(3.836543,1.9685,0.67818));
#17218=VECTOR('',#19278,1.0);
#17219=CARTESIAN_POINT('',(3.988943,2.1209,0.91529));
#17220=VECTOR('',#19279,1.0);
#17221=COLOUR_RGB('',0.196078434586525,0.196078434586525,0.196078434586525);
#17222=CARTESIAN_POINT('',(1.1642715,2.1209,0.83058));
#17223=VECTOR('',#19280,1.0);
#17224=CARTESIAN_POINT('',(3.658743,1.9939,0.70358));
#17225=VECTOR('',#19281,1.0);
#17226=COLOUR_RGB('',0.196078434586525,0.196078434586525,0.196078434586525);
#17227=CARTESIAN_POINT('',(3.861943,0.635,0.70358));
#17228=CARTESIAN_POINT('',(3.658743,0.635,0.70358));
#17229=VECTOR('',#19282,1.0);
#17230=CARTESIAN_POINT('',(3.861943,1.0,0.70358));
#17231=VECTOR('',#19283,1.0);
#17232=COLOUR_RGB('',0.196078434586525,0.196078434586525,0.196078434586525);
#17233=CARTESIAN_POINT('',(3.861943,0.635,0.25019));
#17234=VECTOR('',#19284,1.0);
#17235=COLOUR_RGB('',0.196078434586525,0.196078434586525,0.196078434586525);
#17236=CARTESIAN_POINT('',(3.861943,1.9939,-0.70358));
#17237=CARTESIAN_POINT('',(3.861943,1.0,-0.70358));
#17238=VECTOR('',#19285,1.0);
#17239=CARTESIAN_POINT('',(3.455543,1.9939,-0.70358));
#17240=CARTESIAN_POINT('',(3.658743,1.9939,-0.70358));
#17241=VECTOR('',#19286,1.0);
#17242=CARTESIAN_POINT('',(3.455543,1.0,-0.70358));
#17243=VECTOR('',#19287,1.0);
#17244=COLOUR_RGB('',0.196078434586525,0.196078434586525,0.196078434586525);
#17245=CARTESIAN_POINT('',(3.455543,1.9939,-0.29718));
#17246=CARTESIAN_POINT('',(3.455543,1.9939,-1.16548));
#17247=VECTOR('',#19288,1.0);
#17248=CARTESIAN_POINT('',(3.455543,1.0,-0.29718));
#17249=VECTOR('',#19289,1.0);
#17250=COLOUR_RGB('',0.196078434586525,0.196078434586525,0.196078434586525);
#17251=CARTESIAN_POINT('',(3.328543,2.1209,-0.17018));
#17252=CARTESIAN_POINT('',(3.480943,1.9685,-0.32258));
#17253=VECTOR('',#19290,1.0);
#17254=CARTESIAN_POINT('',(3.328543,2.1209,-0.83058));
#17255=CARTESIAN_POINT('',(3.480943,1.9685,-0.67818));
#17256=VECTOR('',#19291,0.999999999999999);
#17257=CARTESIAN_POINT('',(3.328543,2.1209,-0.91529));
#17258=VECTOR('',#19292,1.0);
#17259=COLOUR_RGB('',0.196078434586525,0.196078434586525,0.196078434586525);
#17260=CARTESIAN_POINT('',(3.988943,2.1209,-0.83058));
#17261=CARTESIAN_POINT('',(3.836543,1.9685,-0.67818));
#17262=VECTOR('',#19293,1.0);
#17263=CARTESIAN_POINT('',(2.4944715,2.1209,-0.83058));
#17264=VECTOR('',#19294,1.0);
#17265=COLOUR_RGB('',0.196078434586525,0.196078434586525,0.196078434586525);
#17266=CARTESIAN_POINT('',(3.861943,1.9939,-0.29718));
#17267=CARTESIAN_POINT('',(3.861943,1.9939,-0.50038));
#17268=VECTOR('',#19295,1.0);
#17269=CARTESIAN_POINT('',(3.988943,2.1209,-0.17018));
#17270=CARTESIAN_POINT('',(3.836543,1.9685,-0.32258));
#17271=VECTOR('',#19296,1.0);
#17272=CARTESIAN_POINT('',(3.988943,2.1209,0.41491));
#17273=VECTOR('',#19297,1.0);
#17274=COLOUR_RGB('',0.196078434586525,0.196078434586525,0.196078434586525);
#17275=CARTESIAN_POINT('',(1.1642715,2.1209,-0.17018));
#17276=VECTOR('',#19298,1.0);
#17277=CARTESIAN_POINT('',(3.658743,1.9939,-0.29718));
#17278=VECTOR('',#19299,1.0);
#17279=COLOUR_RGB('',0.196078434586525,0.196078434586525,0.196078434586525);
#17280=CARTESIAN_POINT('',(3.861943,1.0,-0.29718));
#17281=VECTOR('',#19300,1.0);
#17282=COLOUR_RGB('',0.196078434586525,0.196078434586525,0.196078434586525);
#17283=COLOUR_RGB('',0.196078434586525,0.196078434586525,0.196078434586525);
#17284=CARTESIAN_POINT('',(2.861945,0.635,0.29718));
#17285=CARTESIAN_POINT('',(2.455545,0.635,0.29718));
#17286=CARTESIAN_POINT('',(2.658745,0.635,0.29718));
#17287=VECTOR('',#19301,1.0);
#17288=CARTESIAN_POINT('',(2.861945,1.9939,0.29718));
#17289=CARTESIAN_POINT('',(2.861945,1.0,0.29718));
#17290=VECTOR('',#19302,1.0);
#17291=CARTESIAN_POINT('',(2.455545,1.9939,0.29718));
#17292=CARTESIAN_POINT('',(2.658745,1.9939,0.29718));
#17293=VECTOR('',#19303,1.0);
#17294=CARTESIAN_POINT('',(2.455545,1.0,0.29718));
#17295=VECTOR('',#19304,1.0);
#17296=COLOUR_RGB('',0.196078434586525,0.196078434586525,0.196078434586525);
#17297=CARTESIAN_POINT('',(2.455545,0.635,0.70358));
#17298=CARTESIAN_POINT('',(2.455545,0.635,0.25019));
#17299=VECTOR('',#19305,1.0);
#17300=CARTESIAN_POINT('',(2.455545,1.9939,0.70358));
#17301=CARTESIAN_POINT('',(2.455545,1.9939,-0.16472));
#17302=VECTOR('',#19306,1.0);
#17303=CARTESIAN_POINT('',(2.455545,1.0,0.70358));
#17304=VECTOR('',#19307,1.0);
#17305=COLOUR_RGB('',0.196078434586525,0.196078434586525,0.196078434586525);
#17306=CARTESIAN_POINT('',(2.328545,2.1209,0.83058));
#17307=CARTESIAN_POINT('',(2.480945,1.9685,0.67818));
#17308=VECTOR('',#19308,1.0);
#17309=CARTESIAN_POINT('',(2.328545,2.1209,0.17018));
#17310=CARTESIAN_POINT('',(2.480945,1.9685,0.32258));
#17311=VECTOR('',#19309,0.999999999999999);
#17312=CARTESIAN_POINT('',(2.328545,2.1209,-0.41491));
#17313=VECTOR('',#19310,1.0);
#17314=COLOUR_RGB('',0.196078434586525,0.196078434586525,0.196078434586525);
#17315=CARTESIAN_POINT('',(2.988945,2.1209,0.17018));
#17316=CARTESIAN_POINT('',(2.836545,1.9685,0.32258));
#17317=VECTOR('',#19311,1.0);
#17318=CARTESIAN_POINT('',(1.9944725,2.1209,0.17018));
#17319=VECTOR('',#19312,1.0);
#17320=COLOUR_RGB('',0.196078434586525,0.196078434586525,0.196078434586525);
#17321=CARTESIAN_POINT('',(2.861945,1.9939,0.70358));
#17322=CARTESIAN_POINT('',(2.861945,1.9939,0.50038));
#17323=VECTOR('',#19313,1.0);
#17324=CARTESIAN_POINT('',(2.988945,2.1209,0.83058));
#17325=CARTESIAN_POINT('',(2.836545,1.9685,0.67818));
#17326=VECTOR('',#19314,1.0);
#17327=CARTESIAN_POINT('',(2.988945,2.1209,0.91529));
#17328=VECTOR('',#19315,1.0);
#17329=COLOUR_RGB('',0.196078434586525,0.196078434586525,0.196078434586525);
#17330=CARTESIAN_POINT('',(0.6642725,2.1209,0.83058));
#17331=VECTOR('',#19316,1.0);
#17332=CARTESIAN_POINT('',(2.658745,1.9939,0.70358));
#17333=VECTOR('',#19317,1.0);
#17334=COLOUR_RGB('',0.196078434586525,0.196078434586525,0.196078434586525);
#17335=CARTESIAN_POINT('',(2.861945,0.635,0.70358));
#17336=CARTESIAN_POINT('',(2.658745,0.635,0.70358));
#17337=VECTOR('',#19318,1.0);
#17338=CARTESIAN_POINT('',(2.861945,1.0,0.70358));
#17339=VECTOR('',#19319,1.0);
#17340=COLOUR_RGB('',0.196078434586525,0.196078434586525,0.196078434586525);
#17341=CARTESIAN_POINT('',(2.861945,0.635,0.25019));
#17342=VECTOR('',#19320,1.0);
#17343=COLOUR_RGB('',0.196078434586525,0.196078434586525,0.196078434586525);
#17344=CARTESIAN_POINT('',(2.861945,1.9939,-0.70358));
#17345=CARTESIAN_POINT('',(2.861945,1.0,-0.70358));
#17346=VECTOR('',#19321,1.0);
#17347=CARTESIAN_POINT('',(2.455545,1.9939,-0.70358));
#17348=CARTESIAN_POINT('',(2.658745,1.9939,-0.70358));
#17349=VECTOR('',#19322,1.0);
#17350=CARTESIAN_POINT('',(2.455545,1.0,-0.70358));
#17351=VECTOR('',#19323,1.0);
#17352=COLOUR_RGB('',0.196078434586525,0.196078434586525,0.196078434586525);
#17353=CARTESIAN_POINT('',(2.455545,1.9939,-0.29718));
#17354=CARTESIAN_POINT('',(2.455545,1.9939,-1.16548));
#17355=VECTOR('',#19324,1.0);
#17356=CARTESIAN_POINT('',(2.455545,1.0,-0.29718));
#17357=VECTOR('',#19325,1.0);
#17358=COLOUR_RGB('',0.196078434586525,0.196078434586525,0.196078434586525);
#17359=CARTESIAN_POINT('',(2.328545,2.1209,-0.17018));
#17360=CARTESIAN_POINT('',(2.480945,1.9685,-0.32258));
#17361=VECTOR('',#19326,1.0);
#17362=CARTESIAN_POINT('',(2.328545,2.1209,-0.83058));
#17363=CARTESIAN_POINT('',(2.480945,1.9685,-0.67818));
#17364=VECTOR('',#19327,0.999999999999999);
#17365=CARTESIAN_POINT('',(2.328545,2.1209,-0.91529));
#17366=VECTOR('',#19328,1.0);
#17367=COLOUR_RGB('',0.196078434586525,0.196078434586525,0.196078434586525);
#17368=CARTESIAN_POINT('',(2.988945,2.1209,-0.83058));
#17369=CARTESIAN_POINT('',(2.836545,1.9685,-0.67818));
#17370=VECTOR('',#19329,1.0);
#17371=CARTESIAN_POINT('',(1.9944725,2.1209,-0.83058));
#17372=VECTOR('',#19330,1.0);
#17373=COLOUR_RGB('',0.196078434586525,0.196078434586525,0.196078434586525);
#17374=CARTESIAN_POINT('',(2.861945,1.9939,-0.29718));
#17375=CARTESIAN_POINT('',(2.861945,1.9939,-0.50038));
#17376=VECTOR('',#19331,1.0);
#17377=CARTESIAN_POINT('',(2.988945,2.1209,-0.17018));
#17378=CARTESIAN_POINT('',(2.836545,1.9685,-0.32258));
#17379=VECTOR('',#19332,1.0);
#17380=CARTESIAN_POINT('',(2.988945,2.1209,0.41491));
#17381=VECTOR('',#19333,1.0);
#17382=COLOUR_RGB('',0.196078434586525,0.196078434586525,0.196078434586525);
#17383=CARTESIAN_POINT('',(0.6642725,2.1209,-0.17018));
#17384=VECTOR('',#19334,1.0);
#17385=CARTESIAN_POINT('',(2.658745,1.9939,-0.29718));
#17386=VECTOR('',#19335,1.0);
#17387=COLOUR_RGB('',0.196078434586525,0.196078434586525,0.196078434586525);
#17388=CARTESIAN_POINT('',(2.861945,1.0,-0.29718));
#17389=VECTOR('',#19336,1.0);
#17390=COLOUR_RGB('',0.196078434586525,0.196078434586525,0.196078434586525);
#17391=COLOUR_RGB('',0.196078434586525,0.196078434586525,0.196078434586525);
#17392=CARTESIAN_POINT('',(1.861947,0.635,0.29718));
#17393=CARTESIAN_POINT('',(1.455547,0.635,0.29718));
#17394=CARTESIAN_POINT('',(1.658747,0.635,0.29718));
#17395=VECTOR('',#19337,1.0);
#17396=CARTESIAN_POINT('',(1.861947,1.9939,0.29718));
#17397=CARTESIAN_POINT('',(1.861947,1.0,0.29718));
#17398=VECTOR('',#19338,1.0);
#17399=CARTESIAN_POINT('',(1.455547,1.9939,0.29718));
#17400=CARTESIAN_POINT('',(1.658747,1.9939,0.29718));
#17401=VECTOR('',#19339,1.0);
#17402=CARTESIAN_POINT('',(1.455547,1.0,0.29718));
#17403=VECTOR('',#19340,1.0);
#17404=COLOUR_RGB('',0.196078434586525,0.196078434586525,0.196078434586525);
#17405=CARTESIAN_POINT('',(1.455547,0.635,0.70358));
#17406=CARTESIAN_POINT('',(1.455547,0.635,0.25019));
#17407=VECTOR('',#19341,1.0);
#17408=CARTESIAN_POINT('',(1.455547,1.9939,0.70358));
#17409=CARTESIAN_POINT('',(1.455547,1.9939,-0.16472));
#17410=VECTOR('',#19342,1.0);
#17411=CARTESIAN_POINT('',(1.455547,1.0,0.70358));
#17412=VECTOR('',#19343,1.0);
#17413=COLOUR_RGB('',0.196078434586525,0.196078434586525,0.196078434586525);
#17414=CARTESIAN_POINT('',(1.328547,2.1209,0.83058));
#17415=CARTESIAN_POINT('',(1.480947,1.9685,0.67818));
#17416=VECTOR('',#19344,1.0);
#17417=CARTESIAN_POINT('',(1.328547,2.1209,0.17018));
#17418=CARTESIAN_POINT('',(1.480947,1.9685,0.32258));
#17419=VECTOR('',#19345,0.999999999999999);
#17420=CARTESIAN_POINT('',(1.328547,2.1209,-0.41491));
#17421=VECTOR('',#19346,1.0);
#17422=COLOUR_RGB('',0.196078434586525,0.196078434586525,0.196078434586525);
#17423=CARTESIAN_POINT('',(1.988947,2.1209,0.17018));
#17424=CARTESIAN_POINT('',(1.836547,1.9685,0.32258));
#17425=VECTOR('',#19347,1.0);
#17426=CARTESIAN_POINT('',(1.4944735,2.1209,0.17018));
#17427=VECTOR('',#19348,1.0);
#17428=COLOUR_RGB('',0.196078434586525,0.196078434586525,0.196078434586525);
#17429=CARTESIAN_POINT('',(1.861947,1.9939,0.70358));
#17430=CARTESIAN_POINT('',(1.861947,1.9939,0.50038));
#17431=VECTOR('',#19349,1.0);
#17432=CARTESIAN_POINT('',(1.988947,2.1209,0.83058));
#17433=CARTESIAN_POINT('',(1.836547,1.9685,0.67818));
#17434=VECTOR('',#19350,1.0);
#17435=CARTESIAN_POINT('',(1.988947,2.1209,0.91529));
#17436=VECTOR('',#19351,1.0);
#17437=COLOUR_RGB('',0.196078434586525,0.196078434586525,0.196078434586525);
#17438=CARTESIAN_POINT('',(0.1642735,2.1209,0.83058));
#17439=VECTOR('',#19352,1.0);
#17440=CARTESIAN_POINT('',(1.658747,1.9939,0.70358));
#17441=VECTOR('',#19353,1.0);
#17442=COLOUR_RGB('',0.196078434586525,0.196078434586525,0.196078434586525);
#17443=CARTESIAN_POINT('',(1.861947,0.635,0.70358));
#17444=CARTESIAN_POINT('',(1.658747,0.635,0.70358));
#17445=VECTOR('',#19354,1.0);
#17446=CARTESIAN_POINT('',(1.861947,1.0,0.70358));
#17447=VECTOR('',#19355,1.0);
#17448=COLOUR_RGB('',0.196078434586525,0.196078434586525,0.196078434586525);
#17449=CARTESIAN_POINT('',(1.861947,0.635,0.25019));
#17450=VECTOR('',#19356,1.0);
#17451=COLOUR_RGB('',0.196078434586525,0.196078434586525,0.196078434586525);
#17452=CARTESIAN_POINT('',(1.861947,1.9939,-0.70358));
#17453=CARTESIAN_POINT('',(1.861947,1.0,-0.70358));
#17454=VECTOR('',#19357,1.0);
#17455=CARTESIAN_POINT('',(1.455547,1.9939,-0.70358));
#17456=CARTESIAN_POINT('',(1.658747,1.9939,-0.70358));
#17457=VECTOR('',#19358,1.0);
#17458=CARTESIAN_POINT('',(1.455547,1.0,-0.70358));
#17459=VECTOR('',#19359,1.0);
#17460=COLOUR_RGB('',0.196078434586525,0.196078434586525,0.196078434586525);
#17461=CARTESIAN_POINT('',(1.455547,1.9939,-0.29718));
#17462=CARTESIAN_POINT('',(1.455547,1.9939,-1.16548));
#17463=VECTOR('',#19360,1.0);
#17464=CARTESIAN_POINT('',(1.455547,1.0,-0.29718));
#17465=VECTOR('',#19361,1.0);
#17466=COLOUR_RGB('',0.196078434586525,0.196078434586525,0.196078434586525);
#17467=CARTESIAN_POINT('',(1.328547,2.1209,-0.17018));
#17468=CARTESIAN_POINT('',(1.480947,1.9685,-0.32258));
#17469=VECTOR('',#19362,1.0);
#17470=CARTESIAN_POINT('',(1.328547,2.1209,-0.83058));
#17471=CARTESIAN_POINT('',(1.480947,1.9685,-0.67818));
#17472=VECTOR('',#19363,0.999999999999999);
#17473=CARTESIAN_POINT('',(1.328547,2.1209,-0.91529));
#17474=VECTOR('',#19364,1.0);
#17475=COLOUR_RGB('',0.196078434586525,0.196078434586525,0.196078434586525);
#17476=CARTESIAN_POINT('',(1.988947,2.1209,-0.83058));
#17477=CARTESIAN_POINT('',(1.836547,1.9685,-0.67818));
#17478=VECTOR('',#19365,1.0);
#17479=CARTESIAN_POINT('',(1.4944735,2.1209,-0.83058));
#17480=VECTOR('',#19366,1.0);
#17481=COLOUR_RGB('',0.196078434586525,0.196078434586525,0.196078434586525);
#17482=CARTESIAN_POINT('',(1.861947,1.9939,-0.29718));
#17483=CARTESIAN_POINT('',(1.861947,1.9939,-0.50038));
#17484=VECTOR('',#19367,1.0);
#17485=CARTESIAN_POINT('',(1.988947,2.1209,-0.17018));
#17486=CARTESIAN_POINT('',(1.836547,1.9685,-0.32258));
#17487=VECTOR('',#19368,1.0);
#17488=CARTESIAN_POINT('',(1.988947,2.1209,0.41491));
#17489=VECTOR('',#19369,1.0);
#17490=COLOUR_RGB('',0.196078434586525,0.196078434586525,0.196078434586525);
#17491=CARTESIAN_POINT('',(0.1642735,2.1209,-0.17018));
#17492=VECTOR('',#19370,1.0);
#17493=CARTESIAN_POINT('',(1.658747,1.9939,-0.29718));
#17494=VECTOR('',#19371,1.0);
#17495=COLOUR_RGB('',0.196078434586525,0.196078434586525,0.196078434586525);
#17496=CARTESIAN_POINT('',(1.861947,1.0,-0.29718));
#17497=VECTOR('',#19372,1.0);
#17498=COLOUR_RGB('',0.196078434586525,0.196078434586525,0.196078434586525);
#17499=COLOUR_RGB('',0.196078434586525,0.196078434586525,0.196078434586525);
#17500=CARTESIAN_POINT('',(0.861949,1.9939,0.29718));
#17501=CARTESIAN_POINT('',(0.861949,1.0,0.29718));
#17502=VECTOR('',#19373,1.0);
#17503=CARTESIAN_POINT('',(0.455549,1.9939,0.29718));
#17504=CARTESIAN_POINT('',(0.658749,1.9939,0.29718));
#17505=VECTOR('',#19374,1.0);
#17506=CARTESIAN_POINT('',(0.455549,1.0,0.29718));
#17507=VECTOR('',#19375,1.0);
#17508=COLOUR_RGB('',0.196078434586525,0.196078434586525,0.196078434586525);
#17509=CARTESIAN_POINT('',(0.455549,1.9939,0.70358));
#17510=CARTESIAN_POINT('',(0.455549,1.9939,-0.16472));
#17511=VECTOR('',#19376,1.0);
#17512=CARTESIAN_POINT('',(0.455549,1.0,0.70358));
#17513=VECTOR('',#19377,1.0);
#17514=COLOUR_RGB('',0.196078434586525,0.196078434586525,0.196078434586525);
#17515=CARTESIAN_POINT('',(0.328549,2.1209,0.83058));
#17516=CARTESIAN_POINT('',(0.480949,1.9685,0.67818));
#17517=VECTOR('',#19378,1.0);
#17518=CARTESIAN_POINT('',(0.328549,2.1209,0.17018));
#17519=CARTESIAN_POINT('',(0.480949,1.9685,0.32258));
#17520=VECTOR('',#19379,0.999999999999999);
#17521=CARTESIAN_POINT('',(0.328549,2.1209,-0.41491));
#17522=VECTOR('',#19380,1.0);
#17523=COLOUR_RGB('',0.196078434586525,0.196078434586525,0.196078434586525);
#17524=CARTESIAN_POINT('',(0.988949,2.1209,0.17018));
#17525=CARTESIAN_POINT('',(0.836549000000001,1.9685,0.32258));
#17526=VECTOR('',#19381,1.0);
#17527=CARTESIAN_POINT('',(0.9944745,2.1209,0.17018));
#17528=VECTOR('',#19382,1.0);
#17529=COLOUR_RGB('',0.196078434586525,0.196078434586525,0.196078434586525);
#17530=CARTESIAN_POINT('',(0.861949,1.9939,0.70358));
#17531=CARTESIAN_POINT('',(0.861949,1.9939,0.50038));
#17532=VECTOR('',#19383,1.0);
#17533=CARTESIAN_POINT('',(0.988949,2.1209,0.83058));
#17534=CARTESIAN_POINT('',(0.836549,1.9685,0.67818));
#17535=VECTOR('',#19384,1.0);
#17536=CARTESIAN_POINT('',(0.988949,2.1209,0.91529));
#17537=VECTOR('',#19385,1.0);
#17538=COLOUR_RGB('',0.196078434586525,0.196078434586525,0.196078434586525);
#17539=CARTESIAN_POINT('',(-0.3357255,2.1209,0.83058));
#17540=VECTOR('',#19386,1.0);
#17541=CARTESIAN_POINT('',(0.658749,1.9939,0.70358));
#17542=VECTOR('',#19387,1.0);
#17543=COLOUR_RGB('',0.196078434586525,0.196078434586525,0.196078434586525);
#17544=CARTESIAN_POINT('',(0.861949,1.0,0.70358));
#17545=VECTOR('',#19388,1.0);
#17546=COLOUR_RGB('',0.196078434586525,0.196078434586525,0.196078434586525);
#17547=COLOUR_RGB('',0.196078434586525,0.196078434586525,0.196078434586525);
#17548=CARTESIAN_POINT('',(0.861949,1.9939,-0.70358));
#17549=CARTESIAN_POINT('',(0.861949,1.0,-0.70358));
#17550=VECTOR('',#19389,1.0);
#17551=CARTESIAN_POINT('',(0.455549,1.9939,-0.70358));
#17552=CARTESIAN_POINT('',(0.658749,1.9939,-0.70358));
#17553=VECTOR('',#19390,1.0);
#17554=CARTESIAN_POINT('',(0.455549,1.0,-0.70358));
#17555=VECTOR('',#19391,1.0);
#17556=COLOUR_RGB('',0.196078434586525,0.196078434586525,0.196078434586525);
#17557=CARTESIAN_POINT('',(0.455549,1.9939,-0.29718));
#17558=CARTESIAN_POINT('',(0.455549,1.9939,-1.16548));
#17559=VECTOR('',#19392,1.0);
#17560=CARTESIAN_POINT('',(0.455549,1.0,-0.29718));
#17561=VECTOR('',#19393,1.0);
#17562=COLOUR_RGB('',0.196078434586525,0.196078434586525,0.196078434586525);
#17563=CARTESIAN_POINT('',(0.328549,2.1209,-0.17018));
#17564=CARTESIAN_POINT('',(0.480949,1.9685,-0.32258));
#17565=VECTOR('',#19394,1.0);
#17566=CARTESIAN_POINT('',(0.328549,2.1209,-0.83058));
#17567=CARTESIAN_POINT('',(0.480949,1.9685,-0.67818));
#17568=VECTOR('',#19395,1.0);
#17569=CARTESIAN_POINT('',(0.328549,2.1209,-0.91529));
#17570=VECTOR('',#19396,1.0);
#17571=COLOUR_RGB('',0.196078434586525,0.196078434586525,0.196078434586525);
#17572=CARTESIAN_POINT('',(0.988949,2.1209,-0.83058));
#17573=CARTESIAN_POINT('',(0.836549000000001,1.9685,-0.67818));
#17574=VECTOR('',#19397,1.0);
#17575=CARTESIAN_POINT('',(0.9944745,2.1209,-0.83058));
#17576=VECTOR('',#19398,1.0);
#17577=COLOUR_RGB('',0.196078434586525,0.196078434586525,0.196078434586525);
#17578=CARTESIAN_POINT('',(0.861949,1.9939,-0.29718));
#17579=CARTESIAN_POINT('',(0.861949,1.9939,-0.50038));
#17580=VECTOR('',#19399,1.0);
#17581=CARTESIAN_POINT('',(0.988949,2.1209,-0.17018));
#17582=CARTESIAN_POINT('',(0.836549,1.9685,-0.32258));
#17583=VECTOR('',#19400,1.0);
#17584=CARTESIAN_POINT('',(0.988949,2.1209,0.41491));
#17585=VECTOR('',#19401,1.0);
#17586=COLOUR_RGB('',0.196078434586525,0.196078434586525,0.196078434586525);
#17587=CARTESIAN_POINT('',(-0.3357255,2.1209,-0.17018));
#17588=VECTOR('',#19402,1.0);
#17589=CARTESIAN_POINT('',(0.658749,1.9939,-0.29718));
#17590=VECTOR('',#19403,1.0);
#17591=COLOUR_RGB('',0.196078434586525,0.196078434586525,0.196078434586525);
#17592=CARTESIAN_POINT('',(0.861949,1.0,-0.29718));
#17593=VECTOR('',#19404,1.0);
#17594=COLOUR_RGB('',0.196078434586525,0.196078434586525,0.196078434586525);
#17595=COLOUR_RGB('',0.196078434586525,0.196078434586525,0.196078434586525);
#17596=CARTESIAN_POINT('',(10.001631,0.3175,-0.207899));
#17597=VECTOR('',#19405,1.0);
#17598=COLOUR_RGB('',0.196078434586525,0.196078434586525,0.196078434586525);
#17599=CARTESIAN_POINT('',(10.001631,0.3175,0.207899));
#17600=VECTOR('',#19406,1.0);
#17601=COLOUR_RGB('',0.196078434586525,0.196078434586525,0.196078434586525);
#17602=CARTESIAN_POINT('',(9.315831,0.3175,-0.207899));
#17603=VECTOR('',#19407,1.0);
#17604=COLOUR_RGB('',0.196078434586525,0.196078434586525,0.196078434586525);
#17605=CARTESIAN_POINT('',(9.315831,0.3175,0.207899));
#17606=VECTOR('',#19408,1.0);
#17607=COLOUR_RGB('',0.196078434586525,0.196078434586525,0.196078434586525);
#17608=COLOUR_RGB('',0.196078434586525,0.196078434586525,0.196078434586525);
#17609=COLOUR_RGB('',0.196078434586525,0.196078434586525,0.196078434586525);
#17610=CARTESIAN_POINT('',(8.315833,0.635,0.957199));
#17611=CARTESIAN_POINT('',(8.315833,-0.865,0.957199));
#17612=VECTOR('',#19409,1.0);
#17613=CARTESIAN_POINT('',(8.658733,0.635,0.957199));
#17614=VECTOR('',#19410,1.0);
#17615=COLOUR_RGB('',0.196078434586525,0.196078434586525,0.196078434586525);
#17616=CARTESIAN_POINT('',(9.001633,0.3175,-0.207899));
#17617=VECTOR('',#19411,1.0);
#17618=COLOUR_RGB('',0.196078434586525,0.196078434586525,0.196078434586525);
#17619=CARTESIAN_POINT('',(9.001633,0.635,0.207899));
#17620=CARTESIAN_POINT('',(9.001633,0.635,0.0));
#17621=VECTOR('',#19412,1.0);
#17622=CARTESIAN_POINT('',(9.001633,0.3175,0.207899));
#17623=VECTOR('',#19413,1.0);
#17624=COLOUR_RGB('',0.196078434586525,0.196078434586525,0.196078434586525);
#17625=CARTESIAN_POINT('',(8.315833,0.3175,-0.207899));
#17626=VECTOR('',#19414,1.0);
#17627=COLOUR_RGB('',0.196078434586525,0.196078434586525,0.196078434586525);
#17628=CARTESIAN_POINT('',(8.315833,0.635,0.207899));
#17629=CARTESIAN_POINT('',(10.9087285,0.635,0.207899));
#17630=VECTOR('',#19415,1.0);
#17631=CARTESIAN_POINT('',(8.315833,0.3175,0.207899));
#17632=VECTOR('',#19416,1.0);
#17633=COLOUR_RGB('',0.196078434586525,0.196078434586525,0.196078434586525);
#17634=COLOUR_RGB('',0.196078434586525,0.196078434586525,0.196078434586525);
#17635=CARTESIAN_POINT('',(8.315833,0.635,0.0));
#17636=VECTOR('',#19417,1.0);
#17637=COLOUR_RGB('',0.196078434586525,0.196078434586525,0.196078434586525);
#17638=COLOUR_RGB('',0.196078434586525,0.196078434586525,0.196078434586525);
#17639=CARTESIAN_POINT('',(7.315835,0.635,0.957199));
#17640=CARTESIAN_POINT('',(7.315835,-0.865,0.957199));
#17641=VECTOR('',#19418,1.0);
#17642=CARTESIAN_POINT('',(7.658735,0.635,0.957199));
#17643=VECTOR('',#19419,1.0);
#17644=COLOUR_RGB('',0.196078434586525,0.196078434586525,0.196078434586525);
#17645=CARTESIAN_POINT('',(8.001635,0.3175,-0.207899));
#17646=VECTOR('',#19420,1.0);
#17647=COLOUR_RGB('',0.196078434586525,0.196078434586525,0.196078434586525);
#17648=CARTESIAN_POINT('',(8.001635,0.635,0.207899));
#17649=CARTESIAN_POINT('',(8.001635,0.635,0.0));
#17650=VECTOR('',#19421,1.0);
#17651=CARTESIAN_POINT('',(8.001635,0.3175,0.207899));
#17652=VECTOR('',#19422,1.0);
#17653=COLOUR_RGB('',0.196078434586525,0.196078434586525,0.196078434586525);
#17654=CARTESIAN_POINT('',(7.315835,0.3175,-0.207899));
#17655=VECTOR('',#19423,1.0);
#17656=COLOUR_RGB('',0.196078434586525,0.196078434586525,0.196078434586525);
#17657=CARTESIAN_POINT('',(7.315835,0.635,0.207899));
#17658=CARTESIAN_POINT('',(9.9087305,0.635,0.207899));
#17659=VECTOR('',#19424,1.0);
#17660=CARTESIAN_POINT('',(7.315835,0.3175,0.207899));
#17661=VECTOR('',#19425,1.0);
#17662=COLOUR_RGB('',0.196078434586525,0.196078434586525,0.196078434586525);
#17663=COLOUR_RGB('',0.196078434586525,0.196078434586525,0.196078434586525);
#17664=CARTESIAN_POINT('',(7.315835,0.635,0.0));
#17665=VECTOR('',#19426,1.0);
#17666=COLOUR_RGB('',0.196078434586525,0.196078434586525,0.196078434586525);
#17667=COLOUR_RGB('',0.196078434586525,0.196078434586525,0.196078434586525);
#17668=CARTESIAN_POINT('',(6.315837,0.635,0.957199));
#17669=CARTESIAN_POINT('',(6.315837,-0.865,0.957199));
#17670=VECTOR('',#19427,1.0);
#17671=CARTESIAN_POINT('',(6.658737,0.635,0.957199));
#17672=VECTOR('',#19428,1.0);
#17673=COLOUR_RGB('',0.196078434586525,0.196078434586525,0.196078434586525);
#17674=CARTESIAN_POINT('',(7.001637,0.3175,-0.207899));
#17675=VECTOR('',#19429,1.0);
#17676=COLOUR_RGB('',0.196078434586525,0.196078434586525,0.196078434586525);
#17677=CARTESIAN_POINT('',(7.001637,0.635,0.207899));
#17678=CARTESIAN_POINT('',(7.001637,0.635,0.0));
#17679=VECTOR('',#19430,1.0);
#17680=CARTESIAN_POINT('',(7.001637,0.3175,0.207899));
#17681=VECTOR('',#19431,1.0);
#17682=COLOUR_RGB('',0.196078434586525,0.196078434586525,0.196078434586525);
#17683=CARTESIAN_POINT('',(6.315837,0.3175,-0.207899));
#17684=VECTOR('',#19432,1.0);
#17685=COLOUR_RGB('',0.196078434586525,0.196078434586525,0.196078434586525);
#17686=CARTESIAN_POINT('',(6.315837,0.635,0.207899));
#17687=CARTESIAN_POINT('',(8.9087325,0.635,0.207899));
#17688=VECTOR('',#19433,1.0);
#17689=CARTESIAN_POINT('',(6.315837,0.3175,0.207899));
#17690=VECTOR('',#19434,1.0);
#17691=COLOUR_RGB('',0.196078434586525,0.196078434586525,0.196078434586525);
#17692=COLOUR_RGB('',0.196078434586525,0.196078434586525,0.196078434586525);
#17693=CARTESIAN_POINT('',(6.315837,0.635,0.0));
#17694=VECTOR('',#19435,1.0);
#17695=COLOUR_RGB('',0.196078434586525,0.196078434586525,0.196078434586525);
#17696=COLOUR_RGB('',0.196078434586525,0.196078434586525,0.196078434586525);
#17697=CARTESIAN_POINT('',(5.315839,0.635,0.957199));
#17698=CARTESIAN_POINT('',(5.315839,-0.865,0.957199));
#17699=VECTOR('',#19436,1.0);
#17700=CARTESIAN_POINT('',(5.658739,0.635,0.957199));
#17701=VECTOR('',#19437,1.0);
#17702=COLOUR_RGB('',0.196078434586525,0.196078434586525,0.196078434586525);
#17703=CARTESIAN_POINT('',(6.001639,0.3175,-0.207899));
#17704=VECTOR('',#19438,1.0);
#17705=COLOUR_RGB('',0.196078434586525,0.196078434586525,0.196078434586525);
#17706=CARTESIAN_POINT('',(6.001639,0.635,0.207899));
#17707=CARTESIAN_POINT('',(6.001639,0.635,0.0));
#17708=VECTOR('',#19439,1.0);
#17709=CARTESIAN_POINT('',(6.001639,0.3175,0.207899));
#17710=VECTOR('',#19440,1.0);
#17711=COLOUR_RGB('',0.196078434586525,0.196078434586525,0.196078434586525);
#17712=CARTESIAN_POINT('',(5.315839,0.3175,-0.207899));
#17713=VECTOR('',#19441,1.0);
#17714=COLOUR_RGB('',0.196078434586525,0.196078434586525,0.196078434586525);
#17715=CARTESIAN_POINT('',(5.315839,0.635,0.207899));
#17716=CARTESIAN_POINT('',(7.9087345,0.635,0.207899));
#17717=VECTOR('',#19442,1.0);
#17718=CARTESIAN_POINT('',(5.315839,0.3175,0.207899));
#17719=VECTOR('',#19443,1.0);
#17720=COLOUR_RGB('',0.196078434586525,0.196078434586525,0.196078434586525);
#17721=COLOUR_RGB('',0.196078434586525,0.196078434586525,0.196078434586525);
#17722=CARTESIAN_POINT('',(5.315839,0.635,0.0));
#17723=VECTOR('',#19444,1.0);
#17724=COLOUR_RGB('',0.196078434586525,0.196078434586525,0.196078434586525);
#17725=COLOUR_RGB('',0.196078434586525,0.196078434586525,0.196078434586525);
#17726=CARTESIAN_POINT('',(4.315841,0.635,0.957199));
#17727=CARTESIAN_POINT('',(4.315841,-0.865,0.957199));
#17728=VECTOR('',#19445,1.0);
#17729=CARTESIAN_POINT('',(4.658741,0.635,0.957199));
#17730=VECTOR('',#19446,1.0);
#17731=COLOUR_RGB('',0.196078434586525,0.196078434586525,0.196078434586525);
#17732=CARTESIAN_POINT('',(5.001641,0.3175,-0.207899));
#17733=VECTOR('',#19447,1.0);
#17734=COLOUR_RGB('',0.196078434586525,0.196078434586525,0.196078434586525);
#17735=CARTESIAN_POINT('',(5.001641,0.635,0.207899));
#17736=CARTESIAN_POINT('',(5.001641,0.635,0.0));
#17737=VECTOR('',#19448,1.0);
#17738=CARTESIAN_POINT('',(5.001641,0.3175,0.207899));
#17739=VECTOR('',#19449,1.0);
#17740=COLOUR_RGB('',0.196078434586525,0.196078434586525,0.196078434586525);
#17741=CARTESIAN_POINT('',(4.315841,0.3175,-0.207899));
#17742=VECTOR('',#19450,1.0);
#17743=COLOUR_RGB('',0.196078434586525,0.196078434586525,0.196078434586525);
#17744=CARTESIAN_POINT('',(4.315841,0.635,0.207899));
#17745=CARTESIAN_POINT('',(6.9087365,0.635,0.207899));
#17746=VECTOR('',#19451,1.0);
#17747=CARTESIAN_POINT('',(4.315841,0.3175,0.207899));
#17748=VECTOR('',#19452,1.0);
#17749=COLOUR_RGB('',0.196078434586525,0.196078434586525,0.196078434586525);
#17750=COLOUR_RGB('',0.196078434586525,0.196078434586525,0.196078434586525);
#17751=CARTESIAN_POINT('',(4.315841,0.635,0.0));
#17752=VECTOR('',#19453,1.0);
#17753=COLOUR_RGB('',0.196078434586525,0.196078434586525,0.196078434586525);
#17754=COLOUR_RGB('',0.196078434586525,0.196078434586525,0.196078434586525);
#17755=CARTESIAN_POINT('',(3.315843,0.635,0.957199));
#17756=CARTESIAN_POINT('',(3.315843,-0.865,0.957199));
#17757=VECTOR('',#19454,1.0);
#17758=CARTESIAN_POINT('',(3.658743,0.635,0.957199));
#17759=VECTOR('',#19455,1.0);
#17760=COLOUR_RGB('',0.196078434586525,0.196078434586525,0.196078434586525);
#17761=CARTESIAN_POINT('',(4.001643,0.3175,-0.207899));
#17762=VECTOR('',#19456,1.0);
#17763=COLOUR_RGB('',0.196078434586525,0.196078434586525,0.196078434586525);
#17764=CARTESIAN_POINT('',(4.001643,0.635,0.207899));
#17765=CARTESIAN_POINT('',(4.001643,0.635,0.0));
#17766=VECTOR('',#19457,1.0);
#17767=CARTESIAN_POINT('',(4.001643,0.3175,0.207899));
#17768=VECTOR('',#19458,1.0);
#17769=COLOUR_RGB('',0.196078434586525,0.196078434586525,0.196078434586525);
#17770=CARTESIAN_POINT('',(3.315843,0.3175,-0.207899));
#17771=VECTOR('',#19459,1.0);
#17772=COLOUR_RGB('',0.196078434586525,0.196078434586525,0.196078434586525);
#17773=CARTESIAN_POINT('',(3.315843,0.635,0.207899));
#17774=CARTESIAN_POINT('',(5.9087385,0.635,0.207899));
#17775=VECTOR('',#19460,1.0);
#17776=CARTESIAN_POINT('',(3.315843,0.3175,0.207899));
#17777=VECTOR('',#19461,1.0);
#17778=COLOUR_RGB('',0.196078434586525,0.196078434586525,0.196078434586525);
#17779=COLOUR_RGB('',0.196078434586525,0.196078434586525,0.196078434586525);
#17780=CARTESIAN_POINT('',(3.315843,0.635,0.0));
#17781=VECTOR('',#19462,1.0);
#17782=COLOUR_RGB('',0.196078434586525,0.196078434586525,0.196078434586525);
#17783=COLOUR_RGB('',0.196078434586525,0.196078434586525,0.196078434586525);
#17784=CARTESIAN_POINT('',(2.315845,0.635,0.957199));
#17785=CARTESIAN_POINT('',(2.315845,-0.865,0.957199));
#17786=VECTOR('',#19463,1.0);
#17787=CARTESIAN_POINT('',(2.658745,0.635,0.957199));
#17788=VECTOR('',#19464,1.0);
#17789=COLOUR_RGB('',0.196078434586525,0.196078434586525,0.196078434586525);
#17790=CARTESIAN_POINT('',(3.001645,0.3175,-0.207899));
#17791=VECTOR('',#19465,1.0);
#17792=COLOUR_RGB('',0.196078434586525,0.196078434586525,0.196078434586525);
#17793=CARTESIAN_POINT('',(3.001645,0.635,0.207899));
#17794=CARTESIAN_POINT('',(3.001645,0.635,0.0));
#17795=VECTOR('',#19466,1.0);
#17796=CARTESIAN_POINT('',(3.001645,0.3175,0.207899));
#17797=VECTOR('',#19467,1.0);
#17798=COLOUR_RGB('',0.196078434586525,0.196078434586525,0.196078434586525);
#17799=CARTESIAN_POINT('',(2.315845,0.3175,-0.207899));
#17800=VECTOR('',#19468,1.0);
#17801=COLOUR_RGB('',0.196078434586525,0.196078434586525,0.196078434586525);
#17802=CARTESIAN_POINT('',(2.315845,0.635,0.207899));
#17803=CARTESIAN_POINT('',(4.9087405,0.635,0.207899));
#17804=VECTOR('',#19469,1.0);
#17805=CARTESIAN_POINT('',(2.315845,0.3175,0.207899));
#17806=VECTOR('',#19470,1.0);
#17807=COLOUR_RGB('',0.196078434586525,0.196078434586525,0.196078434586525);
#17808=COLOUR_RGB('',0.196078434586525,0.196078434586525,0.196078434586525);
#17809=CARTESIAN_POINT('',(2.315845,0.635,0.0));
#17810=VECTOR('',#19471,1.0);
#17811=COLOUR_RGB('',0.196078434586525,0.196078434586525,0.196078434586525);
#17812=COLOUR_RGB('',0.196078434586525,0.196078434586525,0.196078434586525);
#17813=CARTESIAN_POINT('',(1.315847,0.635,0.957199));
#17814=CARTESIAN_POINT('',(1.315847,-0.865,0.957199));
#17815=VECTOR('',#19472,1.0);
#17816=CARTESIAN_POINT('',(1.658747,0.635,0.957199));
#17817=VECTOR('',#19473,1.0);
#17818=COLOUR_RGB('',0.196078434586525,0.196078434586525,0.196078434586525);
#17819=CARTESIAN_POINT('',(2.001647,0.3175,-0.207899));
#17820=VECTOR('',#19474,1.0);
#17821=COLOUR_RGB('',0.196078434586525,0.196078434586525,0.196078434586525);
#17822=CARTESIAN_POINT('',(2.001647,0.635,0.207899));
#17823=CARTESIAN_POINT('',(2.001647,0.635,0.0));
#17824=VECTOR('',#19475,1.0);
#17825=CARTESIAN_POINT('',(2.001647,0.3175,0.207899));
#17826=VECTOR('',#19476,1.0);
#17827=COLOUR_RGB('',0.196078434586525,0.196078434586525,0.196078434586525);
#17828=CARTESIAN_POINT('',(1.315847,0.3175,-0.207899));
#17829=VECTOR('',#19477,1.0);
#17830=COLOUR_RGB('',0.196078434586525,0.196078434586525,0.196078434586525);
#17831=CARTESIAN_POINT('',(1.315847,0.635,0.207899));
#17832=CARTESIAN_POINT('',(3.9087425,0.635,0.207899));
#17833=VECTOR('',#19478,1.0);
#17834=CARTESIAN_POINT('',(1.315847,0.3175,0.207899));
#17835=VECTOR('',#19479,1.0);
#17836=COLOUR_RGB('',0.196078434586525,0.196078434586525,0.196078434586525);
#17837=COLOUR_RGB('',0.196078434586525,0.196078434586525,0.196078434586525);
#17838=CARTESIAN_POINT('',(1.315847,0.635,0.0));
#17839=VECTOR('',#19480,1.0);
#17840=COLOUR_RGB('',0.196078434586525,0.196078434586525,0.196078434586525);
#17841=COLOUR_RGB('',0.196078434586525,0.196078434586525,0.196078434586525);
#17842=CARTESIAN_POINT('',(1.001649,0.3175,-0.207899));
#17843=VECTOR('',#19481,1.0);
#17844=COLOUR_RGB('',0.196078434586525,0.196078434586525,0.196078434586525);
#17845=CARTESIAN_POINT('',(1.001649,0.3175,0.207899));
#17846=VECTOR('',#19482,1.0);
#17847=COLOUR_RGB('',0.196078434586525,0.196078434586525,0.196078434586525);
#17848=CARTESIAN_POINT('',(0.315849,0.3175,-0.207899));
#17849=VECTOR('',#19483,1.0);
#17850=COLOUR_RGB('',0.196078434586525,0.196078434586525,0.196078434586525);
#17851=CARTESIAN_POINT('',(0.315849,0.3175,0.207899));
#17852=VECTOR('',#19484,1.0);
#17853=COLOUR_RGB('',0.196078434586525,0.196078434586525,0.196078434586525);
#17854=COLOUR_RGB('',0.196078434586525,0.196078434586525,0.196078434586525);
#17855=COLOUR_RGB('',0.196078434586525,0.196078434586525,0.196078434586525);
#17856=CARTESIAN_POINT('',(10.31748,1.6637,1.0668));
#17857=CARTESIAN_POINT('',(10.31748,2.1209,1.0668));
#17858=CARTESIAN_POINT('',(10.31748,1.6637,1.0668));
#17859=VECTOR('',#19485,1.0);
#17860=CARTESIAN_POINT('',(-6.53205029128856E-17,2.1209,1.0668));
#17861=CARTESIAN_POINT('',(-6.53205029128856E-17,2.1209,1.0668));
#17862=VECTOR('',#19486,1.0);
#17863=CARTESIAN_POINT('',(-6.53205029128856E-17,1.6637,1.0668));
#17864=CARTESIAN_POINT('',(-6.53205029128856E-17,1.6637,1.0668));
#17865=VECTOR('',#19487,1.0);
#17866=CARTESIAN_POINT('',(-6.53205029128856E-17,1.6637,1.0668));
#17867=VECTOR('',#19488,1.0);
#17868=COLOUR_RGB('',0.196078434586525,0.196078434586525,0.196078434586525);
#17869=CARTESIAN_POINT('',(10.31748,2.1209,-1.0668));
#17870=CARTESIAN_POINT('',(10.31748,2.1209,1.0668));
#17871=VECTOR('',#19489,1.0);
#17872=CARTESIAN_POINT('',(6.53205029128857E-17,2.1209,-1.0668));
#17873=CARTESIAN_POINT('',(6.53205029128857E-17,2.1209,-1.0668));
#17874=VECTOR('',#19490,1.0);
#17875=CARTESIAN_POINT('',(-6.53205029128856E-17,2.1209,1.0668));
#17876=VECTOR('',#19491,1.0);
#17877=COLOUR_RGB('',0.196078434586525,0.196078434586525,0.196078434586525);
#17878=CARTESIAN_POINT('',(10.31748,1.6637,-1.0668));
#17879=CARTESIAN_POINT('',(10.31748,2.1209,-1.0668));
#17880=VECTOR('',#19492,1.0);
#17881=CARTESIAN_POINT('',(6.53205029128857E-17,1.6637,-1.0668));
#17882=CARTESIAN_POINT('',(6.53205029128857E-17,1.6637,-1.0668));
#17883=VECTOR('',#19493,1.0);
#17884=CARTESIAN_POINT('',(6.53205029128857E-17,2.1209,-1.0668));
#17885=VECTOR('',#19494,1.0);
#17886=COLOUR_RGB('',0.196078434586525,0.196078434586525,0.196078434586525);
#17887=CARTESIAN_POINT('',(10.31748,1.6637,-1.27));
#17888=CARTESIAN_POINT('',(10.31748,1.6637,-1.0668));
#17889=VECTOR('',#19495,1.0);
#17890=CARTESIAN_POINT('',(7.7762503467721E-17,1.6637,-1.27));
#17891=CARTESIAN_POINT('',(7.7762503467721E-17,1.6637,-1.27));
#17892=VECTOR('',#19496,1.0);
#17893=CARTESIAN_POINT('',(6.53205029128857E-17,1.6637,-1.0668));
#17894=VECTOR('',#19497,1.0);
#17895=COLOUR_RGB('',0.196078434586525,0.196078434586525,0.196078434586525);
#17896=CARTESIAN_POINT('',(10.31748,0.0,-1.27));
#17897=CARTESIAN_POINT('',(10.31748,1.6637,-1.27));
#17898=VECTOR('',#19498,1.0);
#17899=CARTESIAN_POINT('',(7.7762503467721E-17,0.0,-1.27));
#17900=VECTOR('',#19499,1.0);
#17901=CARTESIAN_POINT('',(7.7762503467721E-17,1.6637,-1.27));
#17902=VECTOR('',#19500,1.0);
#17903=COLOUR_RGB('',0.196078434586525,0.196078434586525,0.196078434586525);
#17904=CARTESIAN_POINT('',(10.31748,0.0,-1.08458));
#17905=CARTESIAN_POINT('',(10.31748,0.0,-1.08458));
#17906=VECTOR('',#19501,1.0);
#17907=CARTESIAN_POINT('',(6.64091779614337E-17,0.0,-1.08458));
#17908=VECTOR('',#19502,1.0);
#17909=COLOUR_RGB('',0.196078434586525,0.196078434586525,0.196078434586525);
#17910=CARTESIAN_POINT('',(10.31748,0.0,-1.08458));
#17911=VECTOR('',#19503,1.0);
#17912=CARTESIAN_POINT('',(6.64091779614337E-17,0.0,-1.08458));
#17913=VECTOR('',#19504,1.0);
#17914=COLOUR_RGB('',0.196078434586525,0.196078434586525,0.196078434586525);
#17915=CARTESIAN_POINT('',(10.31748,0.0,1.27));
#17916=CARTESIAN_POINT('',(10.31748,0.0,1.27));
#17917=VECTOR('',#19505,1.0);
#17918=CARTESIAN_POINT('',(-7.77625034677209E-17,0.0,1.27));
#17919=VECTOR('',#19506,1.0);
#17920=COLOUR_RGB('',0.196078434586525,0.196078434586525,0.196078434586525);
#17921=CARTESIAN_POINT('',(10.31748,1.6637,1.27));
#17922=CARTESIAN_POINT('',(10.31748,1.6637,1.27));
#17923=VECTOR('',#19507,1.0);
#17924=CARTESIAN_POINT('',(-7.77625034677209E-17,1.6637,1.27));
#17925=CARTESIAN_POINT('',(-7.77625034677209E-17,1.6637,1.27));
#17926=VECTOR('',#19508,1.0);
#17927=CARTESIAN_POINT('',(-7.77625034677209E-17,1.6637,1.27));
#17928=VECTOR('',#19509,1.0);
#17929=COLOUR_RGB('',0.196078434586525,0.196078434586525,0.196078434586525);
#17930=CARTESIAN_POINT('',(10.31748,1.6637,1.27));
#17931=VECTOR('',#19510,1.0);
#17932=CARTESIAN_POINT('',(-7.77625034677209E-17,1.6637,1.27));
#17933=VECTOR('',#19511,1.0);
#17934=COLOUR_RGB('',0.196078434586525,0.196078434586525,0.196078434586525);
#17935=COLOUR_RGB('',0.196078434586525,0.196078434586525,0.196078434586525);
#17936=DIRECTION('',(1.0,-0.0,1.83690953073357E-16));
#17937=CARTESIAN_POINT('',(9.519031,0.126999999999999,-1.0922));
#17938=DIRECTION('',(-1.0,0.0,-1.83690953073357E-16));
#17939=DIRECTION('',(-1.83690953073357E-16,0.0,1.0));
#17940=DIRECTION('',(-1.0,0.0,-1.83690953073357E-16));
#17941=CARTESIAN_POINT('',(9.798431,0.126999999999999,-1.0922));
#17942=DIRECTION('',(-1.0,0.0,-1.83690953073357E-16));
#17943=DIRECTION('',(-1.83690953073357E-16,0.0,1.0));
#17944=DIRECTION('',(1.83690953073357E-16,0.0,-1.0));
#17945=DIRECTION('',(1.2988911856079E-16,-0.707106781186547,-0.707106781186548));
#17946=DIRECTION('',(1.2988911856079E-16,-0.707106781186547,-0.707106781186548));
#17947=DIRECTION('',(1.83690953073357E-16,0.0,-1.0));
#17948=DIRECTION('',(-0.0,-1.0,0.0));
#17949=DIRECTION('',(1.83690953073357E-16,0.0,-1.0));
#17950=DIRECTION('',(0.0,1.0,0.0));
#17951=CARTESIAN_POINT('',(9.798431,0.127,-1.0922));
#17952=DIRECTION('',(-1.0,0.0,-1.83690953073357E-16));
#17953=DIRECTION('',(-1.83690953073357E-16,0.0,1.0));
#17954=DIRECTION('',(-1.83690953073357E-16,0.0,1.0));
#17955=DIRECTION('',(0.0,-1.0,0.0));
#17956=DIRECTION('',(1.83690953073357E-16,0.0,-1.0));
#17957=CARTESIAN_POINT('',(9.519031,0.127,-1.0922));
#17958=DIRECTION('',(1.0,0.0,1.83690953073357E-16));
#17959=DIRECTION('',(-1.83690953073357E-16,0.0,1.0));
#17960=DIRECTION('',(-1.0,0.0,-1.83690953073357E-16));
#17961=DIRECTION('',(-1.0,0.0,-1.83690953073357E-16));
#17962=DIRECTION('',(1.83690953073357E-16,0.0,-1.0));
#17963=DIRECTION('',(-1.0,0.0,-1.83690953073357E-16));
#17964=DIRECTION('',(0.0,1.0,0.0));
#17965=DIRECTION('',(-1.0,0.0,-1.83690953073357E-16));
#17966=DIRECTION('',(1.0,0.0,6.12303176911189E-17));
#17967=DIRECTION('',(-1.83690953073357E-16,0.0,1.0));
#17968=DIRECTION('',(1.0,0.0,1.83690953073357E-16));
#17969=DIRECTION('',(0.0,-1.0,0.0));
#17970=DIRECTION('',(-1.83690953073357E-16,0.0,1.0));
#17971=DIRECTION('',(-1.83690953073357E-16,0.0,1.0));
#17972=DIRECTION('',(0.0,1.0,-0.0));
#17973=DIRECTION('',(-1.83690953073357E-16,0.0,1.0));
#17974=DIRECTION('',(-1.2988911856079E-16,0.707106781186547,0.707106781186548));
#17975=DIRECTION('',(-1.2988911856079E-16,0.707106781186547,0.707106781186548));
#17976=DIRECTION('',(1.0,0.0,6.12303176911189E-17));
#17977=DIRECTION('',(1.83690953073357E-16,0.0,-1.0));
#17978=DIRECTION('',(1.0,0.0,6.12303176911189E-17));
#17979=DIRECTION('',(1.0,0.0,0.0));
#17980=DIRECTION('',(0.0,0.0,-1.0));
#17981=DIRECTION('',(1.0,0.0,0.0));
#17982=DIRECTION('',(0.0,0.0,-1.0));
#17983=DIRECTION('',(1.0,0.0,0.0));
#17984=DIRECTION('',(1.0,0.0,-0.0));
#17985=DIRECTION('',(-0.0,-0.0,-1.0));
#17986=DIRECTION('',(-1.0,0.0,0.0));
#17987=DIRECTION('',(-0.0,0.0,1.0));
#17988=DIRECTION('',(-1.0,0.0,0.0));
#17989=DIRECTION('',(0.0,-1.0,0.0));
#17990=DIRECTION('',(0.0,1.0,0.0));
#17991=DIRECTION('',(-1.0,0.0,0.0));
#17992=DIRECTION('',(1.0,-0.0,1.83690953073357E-16));
#17993=CARTESIAN_POINT('',(8.519033,0.126999999999999,-1.0922));
#17994=DIRECTION('',(-1.0,0.0,-1.83690953073357E-16));
#17995=DIRECTION('',(-1.83690953073357E-16,0.0,1.0));
#17996=DIRECTION('',(-1.0,0.0,-1.83690953073357E-16));
#17997=CARTESIAN_POINT('',(8.798433,0.126999999999999,-1.0922));
#17998=DIRECTION('',(-1.0,0.0,-1.83690953073357E-16));
#17999=DIRECTION('',(-1.83690953073357E-16,0.0,1.0));
#18000=DIRECTION('',(1.2988911856079E-16,-0.707106781186547,-0.707106781186548));
#18001=DIRECTION('',(1.2988911856079E-16,-0.707106781186547,-0.707106781186548));
#18002=DIRECTION('',(1.83690953073357E-16,0.0,-1.0));
#18003=DIRECTION('',(-0.0,-1.0,0.0));
#18004=DIRECTION('',(1.83690953073357E-16,0.0,-1.0));
#18005=DIRECTION('',(0.0,1.0,0.0));
#18006=CARTESIAN_POINT('',(8.798433,0.127,-1.0922));
#18007=DIRECTION('',(-1.0,0.0,-1.83690953073357E-16));
#18008=DIRECTION('',(-1.83690953073357E-16,0.0,1.0));
#18009=DIRECTION('',(-1.83690953073357E-16,0.0,1.0));
#18010=DIRECTION('',(0.0,-1.0,0.0));
#18011=DIRECTION('',(1.83690953073357E-16,0.0,-1.0));
#18012=CARTESIAN_POINT('',(8.519033,0.127,-1.0922));
#18013=DIRECTION('',(1.0,0.0,1.83690953073357E-16));
#18014=DIRECTION('',(-1.83690953073357E-16,0.0,1.0));
#18015=DIRECTION('',(-1.0,0.0,-1.83690953073357E-16));
#18016=DIRECTION('',(-1.0,0.0,-1.83690953073357E-16));
#18017=DIRECTION('',(1.83690953073357E-16,0.0,-1.0));
#18018=DIRECTION('',(-1.0,0.0,-1.83690953073357E-16));
#18019=DIRECTION('',(0.0,1.0,0.0));
#18020=DIRECTION('',(-1.0,0.0,-1.83690953073357E-16));
#18021=DIRECTION('',(1.0,0.0,6.12303176911189E-17));
#18022=DIRECTION('',(-1.83690953073357E-16,0.0,1.0));
#18023=DIRECTION('',(1.0,0.0,1.83690953073357E-16));
#18024=DIRECTION('',(0.0,-1.0,0.0));
#18025=DIRECTION('',(-1.83690953073357E-16,0.0,1.0));
#18026=DIRECTION('',(-1.83690953073357E-16,0.0,1.0));
#18027=DIRECTION('',(0.0,1.0,-0.0));
#18028=DIRECTION('',(-1.83690953073357E-16,0.0,1.0));
#18029=DIRECTION('',(-1.2988911856079E-16,0.707106781186547,0.707106781186548));
#18030=DIRECTION('',(-1.2988911856079E-16,0.707106781186547,0.707106781186548));
#18031=DIRECTION('',(1.0,0.0,6.12303176911189E-17));
#18032=DIRECTION('',(1.83690953073357E-16,0.0,-1.0));
#18033=DIRECTION('',(1.0,0.0,6.12303176911189E-17));
#18034=DIRECTION('',(1.0,0.0,0.0));
#18035=DIRECTION('',(0.0,0.0,-1.0));
#18036=DIRECTION('',(1.0,0.0,0.0));
#18037=DIRECTION('',(0.0,0.0,-1.0));
#18038=DIRECTION('',(1.0,0.0,0.0));
#18039=DIRECTION('',(1.0,0.0,-0.0));
#18040=DIRECTION('',(-0.0,-0.0,-1.0));
#18041=DIRECTION('',(-1.0,0.0,0.0));
#18042=DIRECTION('',(-0.0,0.0,1.0));
#18043=DIRECTION('',(-1.0,0.0,0.0));
#18044=DIRECTION('',(0.0,-1.0,0.0));
#18045=DIRECTION('',(0.0,1.0,0.0));
#18046=DIRECTION('',(-1.0,0.0,0.0));
#18047=DIRECTION('',(1.0,-0.0,1.83690953073357E-16));
#18048=CARTESIAN_POINT('',(7.519035,0.126999999999999,-1.0922));
#18049=DIRECTION('',(-1.0,0.0,-1.83690953073357E-16));
#18050=DIRECTION('',(-1.83690953073357E-16,0.0,1.0));
#18051=DIRECTION('',(-1.0,0.0,-1.83690953073357E-16));
#18052=CARTESIAN_POINT('',(7.798435,0.126999999999999,-1.0922));
#18053=DIRECTION('',(-1.0,0.0,-1.83690953073357E-16));
#18054=DIRECTION('',(-1.83690953073357E-16,0.0,1.0));
#18055=DIRECTION('',(1.2988911856079E-16,-0.707106781186547,-0.707106781186548));
#18056=DIRECTION('',(1.2988911856079E-16,-0.707106781186547,-0.707106781186548));
#18057=DIRECTION('',(1.83690953073357E-16,0.0,-1.0));
#18058=DIRECTION('',(-0.0,-1.0,0.0));
#18059=DIRECTION('',(1.83690953073357E-16,0.0,-1.0));
#18060=DIRECTION('',(0.0,1.0,0.0));
#18061=CARTESIAN_POINT('',(7.798435,0.127,-1.0922));
#18062=DIRECTION('',(-1.0,0.0,-1.83690953073357E-16));
#18063=DIRECTION('',(-1.83690953073357E-16,0.0,1.0));
#18064=DIRECTION('',(-1.83690953073357E-16,0.0,1.0));
#18065=DIRECTION('',(0.0,-1.0,0.0));
#18066=DIRECTION('',(1.83690953073357E-16,0.0,-1.0));
#18067=CARTESIAN_POINT('',(7.519035,0.127,-1.0922));
#18068=DIRECTION('',(1.0,0.0,1.83690953073357E-16));
#18069=DIRECTION('',(-1.83690953073357E-16,0.0,1.0));
#18070=DIRECTION('',(-1.0,0.0,-1.83690953073357E-16));
#18071=DIRECTION('',(-1.0,0.0,-1.83690953073357E-16));
#18072=DIRECTION('',(1.83690953073357E-16,0.0,-1.0));
#18073=DIRECTION('',(-1.0,0.0,-1.83690953073357E-16));
#18074=DIRECTION('',(0.0,1.0,0.0));
#18075=DIRECTION('',(-1.0,0.0,-1.83690953073357E-16));
#18076=DIRECTION('',(1.0,0.0,6.12303176911189E-17));
#18077=DIRECTION('',(-1.83690953073357E-16,0.0,1.0));
#18078=DIRECTION('',(1.0,0.0,1.83690953073357E-16));
#18079=DIRECTION('',(0.0,-1.0,0.0));
#18080=DIRECTION('',(-1.83690953073357E-16,0.0,1.0));
#18081=DIRECTION('',(-1.83690953073357E-16,0.0,1.0));
#18082=DIRECTION('',(0.0,1.0,-0.0));
#18083=DIRECTION('',(-1.83690953073357E-16,0.0,1.0));
#18084=DIRECTION('',(-1.2988911856079E-16,0.707106781186547,0.707106781186548));
#18085=DIRECTION('',(-1.2988911856079E-16,0.707106781186547,0.707106781186548));
#18086=DIRECTION('',(1.0,0.0,6.12303176911189E-17));
#18087=DIRECTION('',(1.83690953073357E-16,0.0,-1.0));
#18088=DIRECTION('',(1.0,0.0,6.12303176911189E-17));
#18089=DIRECTION('',(1.0,0.0,0.0));
#18090=DIRECTION('',(0.0,0.0,-1.0));
#18091=DIRECTION('',(1.0,0.0,0.0));
#18092=DIRECTION('',(0.0,0.0,-1.0));
#18093=DIRECTION('',(1.0,0.0,0.0));
#18094=DIRECTION('',(1.0,0.0,-0.0));
#18095=DIRECTION('',(-0.0,-0.0,-1.0));
#18096=DIRECTION('',(-1.0,0.0,0.0));
#18097=DIRECTION('',(-0.0,0.0,1.0));
#18098=DIRECTION('',(-1.0,0.0,0.0));
#18099=DIRECTION('',(0.0,-1.0,0.0));
#18100=DIRECTION('',(0.0,1.0,0.0));
#18101=DIRECTION('',(-1.0,0.0,0.0));
#18102=DIRECTION('',(1.0,-0.0,1.83690953073357E-16));
#18103=CARTESIAN_POINT('',(6.519037,0.126999999999999,-1.0922));
#18104=DIRECTION('',(-1.0,0.0,-1.83690953073357E-16));
#18105=DIRECTION('',(-1.83690953073357E-16,0.0,1.0));
#18106=DIRECTION('',(-1.0,0.0,-1.83690953073357E-16));
#18107=CARTESIAN_POINT('',(6.798437,0.126999999999999,-1.0922));
#18108=DIRECTION('',(-1.0,0.0,-1.83690953073357E-16));
#18109=DIRECTION('',(-1.83690953073357E-16,0.0,1.0));
#18110=DIRECTION('',(1.2988911856079E-16,-0.707106781186547,-0.707106781186548));
#18111=DIRECTION('',(1.2988911856079E-16,-0.707106781186547,-0.707106781186548));
#18112=DIRECTION('',(1.83690953073357E-16,0.0,-1.0));
#18113=DIRECTION('',(-0.0,-1.0,0.0));
#18114=DIRECTION('',(1.83690953073357E-16,0.0,-1.0));
#18115=DIRECTION('',(0.0,1.0,0.0));
#18116=CARTESIAN_POINT('',(6.798437,0.127,-1.0922));
#18117=DIRECTION('',(-1.0,0.0,-1.83690953073357E-16));
#18118=DIRECTION('',(-1.83690953073357E-16,0.0,1.0));
#18119=DIRECTION('',(-1.83690953073357E-16,0.0,1.0));
#18120=DIRECTION('',(0.0,-1.0,0.0));
#18121=DIRECTION('',(1.83690953073357E-16,0.0,-1.0));
#18122=CARTESIAN_POINT('',(6.519037,0.127,-1.0922));
#18123=DIRECTION('',(1.0,0.0,1.83690953073357E-16));
#18124=DIRECTION('',(-1.83690953073357E-16,0.0,1.0));
#18125=DIRECTION('',(-1.0,0.0,-1.83690953073357E-16));
#18126=DIRECTION('',(-1.0,0.0,-1.83690953073357E-16));
#18127=DIRECTION('',(1.83690953073357E-16,0.0,-1.0));
#18128=DIRECTION('',(-1.0,0.0,-1.83690953073357E-16));
#18129=DIRECTION('',(0.0,1.0,0.0));
#18130=DIRECTION('',(-1.0,0.0,-1.83690953073357E-16));
#18131=DIRECTION('',(1.0,0.0,6.12303176911189E-17));
#18132=DIRECTION('',(-1.83690953073357E-16,0.0,1.0));
#18133=DIRECTION('',(1.0,0.0,1.83690953073357E-16));
#18134=DIRECTION('',(0.0,-1.0,0.0));
#18135=DIRECTION('',(-1.83690953073357E-16,0.0,1.0));
#18136=DIRECTION('',(-1.83690953073357E-16,0.0,1.0));
#18137=DIRECTION('',(0.0,1.0,-0.0));
#18138=DIRECTION('',(-1.83690953073357E-16,0.0,1.0));
#18139=DIRECTION('',(-1.2988911856079E-16,0.707106781186547,0.707106781186548));
#18140=DIRECTION('',(-1.2988911856079E-16,0.707106781186547,0.707106781186548));
#18141=DIRECTION('',(1.0,0.0,6.12303176911189E-17));
#18142=DIRECTION('',(1.83690953073357E-16,0.0,-1.0));
#18143=DIRECTION('',(1.0,0.0,6.12303176911189E-17));
#18144=DIRECTION('',(1.0,0.0,0.0));
#18145=DIRECTION('',(0.0,0.0,-1.0));
#18146=DIRECTION('',(1.0,0.0,0.0));
#18147=DIRECTION('',(0.0,0.0,-1.0));
#18148=DIRECTION('',(1.0,0.0,0.0));
#18149=DIRECTION('',(1.0,0.0,-0.0));
#18150=DIRECTION('',(-0.0,-0.0,-1.0));
#18151=DIRECTION('',(-1.0,0.0,0.0));
#18152=DIRECTION('',(-0.0,0.0,1.0));
#18153=DIRECTION('',(-1.0,0.0,0.0));
#18154=DIRECTION('',(0.0,-1.0,0.0));
#18155=DIRECTION('',(0.0,1.0,0.0));
#18156=DIRECTION('',(-1.0,0.0,0.0));
#18157=DIRECTION('',(1.0,-0.0,1.83690953073357E-16));
#18158=CARTESIAN_POINT('',(5.519039,0.126999999999999,-1.0922));
#18159=DIRECTION('',(-1.0,0.0,-1.83690953073357E-16));
#18160=DIRECTION('',(-1.83690953073357E-16,0.0,1.0));
#18161=DIRECTION('',(-1.0,0.0,-1.83690953073357E-16));
#18162=CARTESIAN_POINT('',(5.798439,0.126999999999999,-1.0922));
#18163=DIRECTION('',(-1.0,0.0,-1.83690953073357E-16));
#18164=DIRECTION('',(-1.83690953073357E-16,0.0,1.0));
#18165=DIRECTION('',(1.2988911856079E-16,-0.707106781186547,-0.707106781186548));
#18166=DIRECTION('',(1.2988911856079E-16,-0.707106781186547,-0.707106781186548));
#18167=DIRECTION('',(1.83690953073357E-16,0.0,-1.0));
#18168=DIRECTION('',(-0.0,-1.0,0.0));
#18169=DIRECTION('',(1.83690953073357E-16,0.0,-1.0));
#18170=DIRECTION('',(0.0,1.0,0.0));
#18171=CARTESIAN_POINT('',(5.798439,0.127,-1.0922));
#18172=DIRECTION('',(-1.0,0.0,-1.83690953073357E-16));
#18173=DIRECTION('',(-1.83690953073357E-16,0.0,1.0));
#18174=DIRECTION('',(-1.83690953073357E-16,0.0,1.0));
#18175=DIRECTION('',(0.0,-1.0,0.0));
#18176=DIRECTION('',(1.83690953073357E-16,0.0,-1.0));
#18177=CARTESIAN_POINT('',(5.519039,0.127,-1.0922));
#18178=DIRECTION('',(1.0,0.0,1.83690953073357E-16));
#18179=DIRECTION('',(-1.83690953073357E-16,0.0,1.0));
#18180=DIRECTION('',(-1.0,0.0,-1.83690953073357E-16));
#18181=DIRECTION('',(-1.0,0.0,-1.83690953073357E-16));
#18182=DIRECTION('',(1.83690953073357E-16,0.0,-1.0));
#18183=DIRECTION('',(-1.0,0.0,-1.83690953073357E-16));
#18184=DIRECTION('',(0.0,1.0,0.0));
#18185=DIRECTION('',(-1.0,0.0,-1.83690953073357E-16));
#18186=DIRECTION('',(1.0,0.0,6.12303176911189E-17));
#18187=DIRECTION('',(-1.83690953073357E-16,0.0,1.0));
#18188=DIRECTION('',(1.0,0.0,1.83690953073357E-16));
#18189=DIRECTION('',(0.0,-1.0,0.0));
#18190=DIRECTION('',(-1.83690953073357E-16,0.0,1.0));
#18191=DIRECTION('',(-1.83690953073357E-16,0.0,1.0));
#18192=DIRECTION('',(0.0,1.0,-0.0));
#18193=DIRECTION('',(-1.83690953073357E-16,0.0,1.0));
#18194=DIRECTION('',(-1.2988911856079E-16,0.707106781186547,0.707106781186548));
#18195=DIRECTION('',(-1.2988911856079E-16,0.707106781186547,0.707106781186548));
#18196=DIRECTION('',(1.0,0.0,6.12303176911189E-17));
#18197=DIRECTION('',(1.83690953073357E-16,0.0,-1.0));
#18198=DIRECTION('',(1.0,0.0,6.12303176911189E-17));
#18199=DIRECTION('',(1.0,0.0,0.0));
#18200=DIRECTION('',(0.0,0.0,-1.0));
#18201=DIRECTION('',(1.0,0.0,0.0));
#18202=DIRECTION('',(0.0,0.0,-1.0));
#18203=DIRECTION('',(1.0,0.0,0.0));
#18204=DIRECTION('',(1.0,0.0,-0.0));
#18205=DIRECTION('',(-0.0,-0.0,-1.0));
#18206=DIRECTION('',(-1.0,0.0,0.0));
#18207=DIRECTION('',(-0.0,0.0,1.0));
#18208=DIRECTION('',(-1.0,0.0,0.0));
#18209=DIRECTION('',(0.0,-1.0,0.0));
#18210=DIRECTION('',(0.0,1.0,0.0));
#18211=DIRECTION('',(-1.0,0.0,0.0));
#18212=DIRECTION('',(1.0,-0.0,1.83690953073357E-16));
#18213=CARTESIAN_POINT('',(4.519041,0.126999999999999,-1.0922));
#18214=DIRECTION('',(-1.0,0.0,-1.83690953073357E-16));
#18215=DIRECTION('',(-1.83690953073357E-16,0.0,1.0));
#18216=DIRECTION('',(-1.0,0.0,-1.83690953073357E-16));
#18217=CARTESIAN_POINT('',(4.798441,0.126999999999999,-1.0922));
#18218=DIRECTION('',(-1.0,0.0,-1.83690953073357E-16));
#18219=DIRECTION('',(-1.83690953073357E-16,0.0,1.0));
#18220=DIRECTION('',(1.2988911856079E-16,-0.707106781186547,-0.707106781186548));
#18221=DIRECTION('',(1.2988911856079E-16,-0.707106781186547,-0.707106781186548));
#18222=DIRECTION('',(1.83690953073357E-16,0.0,-1.0));
#18223=DIRECTION('',(-0.0,-1.0,0.0));
#18224=DIRECTION('',(1.83690953073357E-16,0.0,-1.0));
#18225=DIRECTION('',(0.0,1.0,0.0));
#18226=CARTESIAN_POINT('',(4.798441,0.127,-1.0922));
#18227=DIRECTION('',(-1.0,0.0,-1.83690953073357E-16));
#18228=DIRECTION('',(-1.83690953073357E-16,0.0,1.0));
#18229=DIRECTION('',(-1.83690953073357E-16,0.0,1.0));
#18230=DIRECTION('',(0.0,-1.0,0.0));
#18231=DIRECTION('',(1.83690953073357E-16,0.0,-1.0));
#18232=CARTESIAN_POINT('',(4.519041,0.127,-1.0922));
#18233=DIRECTION('',(1.0,0.0,1.83690953073357E-16));
#18234=DIRECTION('',(-1.83690953073357E-16,0.0,1.0));
#18235=DIRECTION('',(-1.0,0.0,-1.83690953073357E-16));
#18236=DIRECTION('',(-1.0,0.0,-1.83690953073357E-16));
#18237=DIRECTION('',(1.83690953073357E-16,0.0,-1.0));
#18238=DIRECTION('',(-1.0,0.0,-1.83690953073357E-16));
#18239=DIRECTION('',(0.0,1.0,0.0));
#18240=DIRECTION('',(-1.0,0.0,-1.83690953073357E-16));
#18241=DIRECTION('',(1.0,0.0,6.12303176911189E-17));
#18242=DIRECTION('',(-1.83690953073357E-16,0.0,1.0));
#18243=DIRECTION('',(1.0,0.0,1.83690953073357E-16));
#18244=DIRECTION('',(0.0,-1.0,0.0));
#18245=DIRECTION('',(-1.83690953073357E-16,0.0,1.0));
#18246=DIRECTION('',(-1.83690953073357E-16,0.0,1.0));
#18247=DIRECTION('',(0.0,1.0,-0.0));
#18248=DIRECTION('',(-1.83690953073357E-16,0.0,1.0));
#18249=DIRECTION('',(-1.2988911856079E-16,0.707106781186547,0.707106781186548));
#18250=DIRECTION('',(-1.2988911856079E-16,0.707106781186547,0.707106781186548));
#18251=DIRECTION('',(1.0,0.0,6.12303176911189E-17));
#18252=DIRECTION('',(1.83690953073357E-16,0.0,-1.0));
#18253=DIRECTION('',(1.0,0.0,6.12303176911189E-17));
#18254=DIRECTION('',(1.0,0.0,0.0));
#18255=DIRECTION('',(0.0,0.0,-1.0));
#18256=DIRECTION('',(1.0,0.0,0.0));
#18257=DIRECTION('',(0.0,0.0,-1.0));
#18258=DIRECTION('',(1.0,0.0,0.0));
#18259=DIRECTION('',(1.0,0.0,-0.0));
#18260=DIRECTION('',(-0.0,-0.0,-1.0));
#18261=DIRECTION('',(-1.0,0.0,0.0));
#18262=DIRECTION('',(-0.0,0.0,1.0));
#18263=DIRECTION('',(-1.0,0.0,0.0));
#18264=DIRECTION('',(0.0,-1.0,0.0));
#18265=DIRECTION('',(0.0,1.0,0.0));
#18266=DIRECTION('',(-1.0,0.0,0.0));
#18267=DIRECTION('',(1.0,-0.0,1.83690953073357E-16));
#18268=CARTESIAN_POINT('',(3.519043,0.126999999999999,-1.0922));
#18269=DIRECTION('',(-1.0,0.0,-1.83690953073357E-16));
#18270=DIRECTION('',(-1.83690953073357E-16,0.0,1.0));
#18271=DIRECTION('',(-1.0,0.0,-1.83690953073357E-16));
#18272=CARTESIAN_POINT('',(3.798443,0.126999999999999,-1.0922));
#18273=DIRECTION('',(-1.0,0.0,-1.83690953073357E-16));
#18274=DIRECTION('',(-1.83690953073357E-16,0.0,1.0));
#18275=DIRECTION('',(1.2988911856079E-16,-0.707106781186547,-0.707106781186548));
#18276=DIRECTION('',(1.2988911856079E-16,-0.707106781186547,-0.707106781186548));
#18277=DIRECTION('',(1.83690953073357E-16,0.0,-1.0));
#18278=DIRECTION('',(-0.0,-1.0,0.0));
#18279=DIRECTION('',(1.83690953073357E-16,0.0,-1.0));
#18280=DIRECTION('',(0.0,1.0,0.0));
#18281=CARTESIAN_POINT('',(3.798443,0.127,-1.0922));
#18282=DIRECTION('',(-1.0,0.0,-1.83690953073357E-16));
#18283=DIRECTION('',(-1.83690953073357E-16,0.0,1.0));
#18284=DIRECTION('',(-1.83690953073357E-16,0.0,1.0));
#18285=DIRECTION('',(0.0,-1.0,0.0));
#18286=DIRECTION('',(1.83690953073357E-16,0.0,-1.0));
#18287=CARTESIAN_POINT('',(3.519043,0.127,-1.0922));
#18288=DIRECTION('',(1.0,0.0,1.83690953073357E-16));
#18289=DIRECTION('',(-1.83690953073357E-16,0.0,1.0));
#18290=DIRECTION('',(-1.0,0.0,-1.83690953073357E-16));
#18291=DIRECTION('',(-1.0,0.0,-1.83690953073357E-16));
#18292=DIRECTION('',(1.83690953073357E-16,0.0,-1.0));
#18293=DIRECTION('',(-1.0,0.0,-1.83690953073357E-16));
#18294=DIRECTION('',(0.0,1.0,0.0));
#18295=DIRECTION('',(-1.0,0.0,-1.83690953073357E-16));
#18296=DIRECTION('',(1.0,0.0,6.12303176911189E-17));
#18297=DIRECTION('',(-1.83690953073357E-16,0.0,1.0));
#18298=DIRECTION('',(1.0,0.0,1.83690953073357E-16));
#18299=DIRECTION('',(0.0,-1.0,0.0));
#18300=DIRECTION('',(-1.83690953073357E-16,0.0,1.0));
#18301=DIRECTION('',(-1.83690953073357E-16,0.0,1.0));
#18302=DIRECTION('',(0.0,1.0,-0.0));
#18303=DIRECTION('',(-1.83690953073357E-16,0.0,1.0));
#18304=DIRECTION('',(-1.2988911856079E-16,0.707106781186547,0.707106781186548));
#18305=DIRECTION('',(-1.2988911856079E-16,0.707106781186547,0.707106781186548));
#18306=DIRECTION('',(1.0,0.0,6.12303176911189E-17));
#18307=DIRECTION('',(1.83690953073357E-16,0.0,-1.0));
#18308=DIRECTION('',(1.0,0.0,6.12303176911189E-17));
#18309=DIRECTION('',(1.0,0.0,0.0));
#18310=DIRECTION('',(0.0,0.0,-1.0));
#18311=DIRECTION('',(1.0,0.0,0.0));
#18312=DIRECTION('',(0.0,0.0,-1.0));
#18313=DIRECTION('',(1.0,0.0,0.0));
#18314=DIRECTION('',(1.0,0.0,-0.0));
#18315=DIRECTION('',(-0.0,-0.0,-1.0));
#18316=DIRECTION('',(-1.0,0.0,0.0));
#18317=DIRECTION('',(-0.0,0.0,1.0));
#18318=DIRECTION('',(-1.0,0.0,0.0));
#18319=DIRECTION('',(0.0,-1.0,0.0));
#18320=DIRECTION('',(0.0,1.0,0.0));
#18321=DIRECTION('',(-1.0,0.0,0.0));
#18322=DIRECTION('',(1.0,-0.0,1.83690953073357E-16));
#18323=CARTESIAN_POINT('',(2.519045,0.126999999999999,-1.0922));
#18324=DIRECTION('',(-1.0,0.0,-1.83690953073357E-16));
#18325=DIRECTION('',(-1.83690953073357E-16,0.0,1.0));
#18326=DIRECTION('',(-1.0,0.0,-1.83690953073357E-16));
#18327=CARTESIAN_POINT('',(2.798445,0.126999999999999,-1.0922));
#18328=DIRECTION('',(-1.0,0.0,-1.83690953073357E-16));
#18329=DIRECTION('',(-1.83690953073357E-16,0.0,1.0));
#18330=DIRECTION('',(1.2988911856079E-16,-0.707106781186547,-0.707106781186548));
#18331=DIRECTION('',(1.2988911856079E-16,-0.707106781186547,-0.707106781186548));
#18332=DIRECTION('',(1.83690953073357E-16,0.0,-1.0));
#18333=DIRECTION('',(-0.0,-1.0,0.0));
#18334=DIRECTION('',(1.83690953073357E-16,0.0,-1.0));
#18335=DIRECTION('',(0.0,1.0,0.0));
#18336=CARTESIAN_POINT('',(2.798445,0.127,-1.0922));
#18337=DIRECTION('',(-1.0,0.0,-1.83690953073357E-16));
#18338=DIRECTION('',(-1.83690953073357E-16,0.0,1.0));
#18339=DIRECTION('',(-1.83690953073357E-16,0.0,1.0));
#18340=DIRECTION('',(0.0,-1.0,0.0));
#18341=DIRECTION('',(1.83690953073357E-16,0.0,-1.0));
#18342=CARTESIAN_POINT('',(2.519045,0.127,-1.0922));
#18343=DIRECTION('',(1.0,0.0,1.83690953073357E-16));
#18344=DIRECTION('',(-1.83690953073357E-16,0.0,1.0));
#18345=DIRECTION('',(-1.0,0.0,-1.83690953073357E-16));
#18346=DIRECTION('',(-1.0,0.0,-1.83690953073357E-16));
#18347=DIRECTION('',(1.83690953073357E-16,0.0,-1.0));
#18348=DIRECTION('',(-1.0,0.0,-1.83690953073357E-16));
#18349=DIRECTION('',(0.0,1.0,0.0));
#18350=DIRECTION('',(-1.0,0.0,-1.83690953073357E-16));
#18351=DIRECTION('',(1.0,0.0,6.12303176911189E-17));
#18352=DIRECTION('',(-1.83690953073357E-16,0.0,1.0));
#18353=DIRECTION('',(1.0,0.0,1.83690953073357E-16));
#18354=DIRECTION('',(0.0,-1.0,0.0));
#18355=DIRECTION('',(-1.83690953073357E-16,0.0,1.0));
#18356=DIRECTION('',(-1.83690953073357E-16,0.0,1.0));
#18357=DIRECTION('',(0.0,1.0,-0.0));
#18358=DIRECTION('',(-1.83690953073357E-16,0.0,1.0));
#18359=DIRECTION('',(-1.2988911856079E-16,0.707106781186547,0.707106781186548));
#18360=DIRECTION('',(-1.2988911856079E-16,0.707106781186547,0.707106781186548));
#18361=DIRECTION('',(1.0,0.0,6.12303176911189E-17));
#18362=DIRECTION('',(1.83690953073357E-16,0.0,-1.0));
#18363=DIRECTION('',(1.0,0.0,6.12303176911189E-17));
#18364=DIRECTION('',(1.0,0.0,0.0));
#18365=DIRECTION('',(0.0,0.0,-1.0));
#18366=DIRECTION('',(1.0,0.0,0.0));
#18367=DIRECTION('',(0.0,0.0,-1.0));
#18368=DIRECTION('',(1.0,0.0,0.0));
#18369=DIRECTION('',(1.0,0.0,-0.0));
#18370=DIRECTION('',(-0.0,-0.0,-1.0));
#18371=DIRECTION('',(-1.0,0.0,0.0));
#18372=DIRECTION('',(-0.0,0.0,1.0));
#18373=DIRECTION('',(-1.0,0.0,0.0));
#18374=DIRECTION('',(0.0,-1.0,0.0));
#18375=DIRECTION('',(0.0,1.0,0.0));
#18376=DIRECTION('',(-1.0,0.0,0.0));
#18377=DIRECTION('',(1.0,-0.0,1.83690953073357E-16));
#18378=CARTESIAN_POINT('',(1.519047,0.126999999999999,-1.0922));
#18379=DIRECTION('',(-1.0,0.0,-1.83690953073357E-16));
#18380=DIRECTION('',(-1.83690953073357E-16,0.0,1.0));
#18381=DIRECTION('',(-1.0,0.0,-1.83690953073357E-16));
#18382=CARTESIAN_POINT('',(1.798447,0.126999999999999,-1.0922));
#18383=DIRECTION('',(-1.0,0.0,-1.83690953073357E-16));
#18384=DIRECTION('',(-1.83690953073357E-16,0.0,1.0));
#18385=DIRECTION('',(1.2988911856079E-16,-0.707106781186547,-0.707106781186548));
#18386=DIRECTION('',(1.2988911856079E-16,-0.707106781186547,-0.707106781186548));
#18387=DIRECTION('',(1.83690953073357E-16,0.0,-1.0));
#18388=DIRECTION('',(-0.0,-1.0,0.0));
#18389=DIRECTION('',(1.83690953073357E-16,0.0,-1.0));
#18390=DIRECTION('',(0.0,1.0,0.0));
#18391=CARTESIAN_POINT('',(1.798447,0.127,-1.0922));
#18392=DIRECTION('',(-1.0,0.0,-1.83690953073357E-16));
#18393=DIRECTION('',(-1.83690953073357E-16,0.0,1.0));
#18394=DIRECTION('',(-1.83690953073357E-16,0.0,1.0));
#18395=DIRECTION('',(0.0,-1.0,0.0));
#18396=DIRECTION('',(1.83690953073357E-16,0.0,-1.0));
#18397=CARTESIAN_POINT('',(1.519047,0.127,-1.0922));
#18398=DIRECTION('',(1.0,0.0,1.83690953073357E-16));
#18399=DIRECTION('',(-1.83690953073357E-16,0.0,1.0));
#18400=DIRECTION('',(-1.0,0.0,-1.83690953073357E-16));
#18401=DIRECTION('',(-1.0,0.0,-1.83690953073357E-16));
#18402=DIRECTION('',(1.83690953073357E-16,0.0,-1.0));
#18403=DIRECTION('',(-1.0,0.0,-1.83690953073357E-16));
#18404=DIRECTION('',(0.0,1.0,0.0));
#18405=DIRECTION('',(-1.0,0.0,-1.83690953073357E-16));
#18406=DIRECTION('',(1.0,0.0,6.12303176911189E-17));
#18407=DIRECTION('',(-1.83690953073357E-16,0.0,1.0));
#18408=DIRECTION('',(1.0,0.0,1.83690953073357E-16));
#18409=DIRECTION('',(0.0,-1.0,0.0));
#18410=DIRECTION('',(-1.83690953073357E-16,0.0,1.0));
#18411=DIRECTION('',(-1.83690953073357E-16,0.0,1.0));
#18412=DIRECTION('',(0.0,1.0,-0.0));
#18413=DIRECTION('',(-1.83690953073357E-16,0.0,1.0));
#18414=DIRECTION('',(-1.2988911856079E-16,0.707106781186547,0.707106781186548));
#18415=DIRECTION('',(-1.2988911856079E-16,0.707106781186547,0.707106781186548));
#18416=DIRECTION('',(1.0,0.0,6.12303176911189E-17));
#18417=DIRECTION('',(1.83690953073357E-16,0.0,-1.0));
#18418=DIRECTION('',(1.0,0.0,6.12303176911189E-17));
#18419=DIRECTION('',(1.0,0.0,0.0));
#18420=DIRECTION('',(0.0,0.0,-1.0));
#18421=DIRECTION('',(1.0,0.0,0.0));
#18422=DIRECTION('',(0.0,0.0,-1.0));
#18423=DIRECTION('',(1.0,0.0,0.0));
#18424=DIRECTION('',(1.0,0.0,-0.0));
#18425=DIRECTION('',(-0.0,-0.0,-1.0));
#18426=DIRECTION('',(-1.0,0.0,0.0));
#18427=DIRECTION('',(-0.0,0.0,1.0));
#18428=DIRECTION('',(-1.0,0.0,0.0));
#18429=DIRECTION('',(0.0,-1.0,0.0));
#18430=DIRECTION('',(0.0,1.0,0.0));
#18431=DIRECTION('',(-1.0,0.0,0.0));
#18432=DIRECTION('',(1.0,-0.0,1.83690953073357E-16));
#18433=CARTESIAN_POINT('',(0.519049,0.126999999999999,-1.0922));
#18434=DIRECTION('',(-1.0,0.0,-1.83690953073357E-16));
#18435=DIRECTION('',(-1.83690953073357E-16,0.0,1.0));
#18436=DIRECTION('',(-1.0,0.0,-1.83690953073357E-16));
#18437=CARTESIAN_POINT('',(0.798449,0.126999999999999,-1.0922));
#18438=DIRECTION('',(-1.0,0.0,-1.83690953073357E-16));
#18439=DIRECTION('',(-1.83690953073357E-16,0.0,1.0));
#18440=DIRECTION('',(1.2988911856079E-16,-0.707106781186547,-0.707106781186548));
#18441=DIRECTION('',(1.2988911856079E-16,-0.707106781186547,-0.707106781186548));
#18442=DIRECTION('',(1.83690953073357E-16,0.0,-1.0));
#18443=DIRECTION('',(-0.0,-1.0,0.0));
#18444=DIRECTION('',(1.83690953073357E-16,0.0,-1.0));
#18445=DIRECTION('',(0.0,1.0,0.0));
#18446=CARTESIAN_POINT('',(0.798449,0.127,-1.0922));
#18447=DIRECTION('',(-1.0,0.0,-1.83690953073357E-16));
#18448=DIRECTION('',(-1.83690953073357E-16,0.0,1.0));
#18449=DIRECTION('',(-1.83690953073357E-16,0.0,1.0));
#18450=DIRECTION('',(0.0,-1.0,-0.0));
#18451=DIRECTION('',(1.83690953073357E-16,0.0,-1.0));
#18452=CARTESIAN_POINT('',(0.519049,0.127,-1.0922));
#18453=DIRECTION('',(1.0,0.0,1.83690953073357E-16));
#18454=DIRECTION('',(-1.83690953073357E-16,0.0,1.0));
#18455=DIRECTION('',(-1.0,0.0,-1.83690953073357E-16));
#18456=DIRECTION('',(-1.0,0.0,-1.83690953073357E-16));
#18457=DIRECTION('',(1.83690953073357E-16,0.0,-1.0));
#18458=DIRECTION('',(-1.0,0.0,-1.83690953073357E-16));
#18459=DIRECTION('',(0.0,1.0,0.0));
#18460=DIRECTION('',(-1.0,0.0,-1.83690953073357E-16));
#18461=DIRECTION('',(1.0,0.0,6.12303176911189E-17));
#18462=DIRECTION('',(-1.83690953073357E-16,0.0,1.0));
#18463=DIRECTION('',(1.0,0.0,1.83690953073357E-16));
#18464=DIRECTION('',(0.0,-1.0,-0.0));
#18465=DIRECTION('',(-1.83690953073357E-16,0.0,1.0));
#18466=DIRECTION('',(-1.83690953073357E-16,0.0,1.0));
#18467=DIRECTION('',(0.0,1.0,-0.0));
#18468=DIRECTION('',(-1.83690953073357E-16,0.0,1.0));
#18469=DIRECTION('',(-1.2988911856079E-16,0.707106781186547,0.707106781186548));
#18470=DIRECTION('',(-1.2988911856079E-16,0.707106781186547,0.707106781186548));
#18471=DIRECTION('',(1.0,0.0,6.12303176911189E-17));
#18472=DIRECTION('',(6.12303176911189E-17,0.0,-1.0));
#18473=DIRECTION('',(1.0,0.0,6.12303176911189E-17));
#18474=DIRECTION('',(1.0,0.0,0.0));
#18475=DIRECTION('',(0.0,0.0,-1.0));
#18476=DIRECTION('',(1.0,0.0,-0.0));
#18477=DIRECTION('',(0.0,0.0,-1.0));
#18478=DIRECTION('',(1.0,0.0,0.0));
#18479=DIRECTION('',(1.0,0.0,-0.0));
#18480=DIRECTION('',(-0.0,-0.0,-1.0));
#18481=DIRECTION('',(-1.0,0.0,0.0));
#18482=DIRECTION('',(-0.0,0.0,1.0));
#18483=DIRECTION('',(-1.0,0.0,0.0));
#18484=DIRECTION('',(0.0,-1.0,0.0));
#18485=DIRECTION('',(0.0,1.0,0.0));
#18486=DIRECTION('',(-1.0,0.0,0.0));
#18487=DIRECTION('',(4.32963728535968E-17,0.707106781186548,-0.707106781186547));
#18488=DIRECTION('',(6.12303176911189E-17,0.0,-1.0));
#18489=DIRECTION('',(6.12303176911189E-17,0.0,-1.0));
#18490=DIRECTION('',(0.0,1.0,0.0));
#18491=DIRECTION('',(-6.12303176911189E-17,0.0,1.0));
#18492=CARTESIAN_POINT('',(9.798431,0.127,1.0922));
#18493=DIRECTION('',(-1.0,-0.0,-6.12303176911189E-17));
#18494=DIRECTION('',(6.12303176911189E-17,0.0,-1.0));
#18495=DIRECTION('',(0.0,-1.0,0.0));
#18496=DIRECTION('',(6.12303176911189E-17,0.0,-1.0));
#18497=DIRECTION('',(0.0,1.0,0.0));
#18498=DIRECTION('',(6.12303176911189E-17,0.0,-1.0));
#18499=DIRECTION('',(4.32963728535968E-17,0.707106781186548,-0.707106781186547));
#18500=CARTESIAN_POINT('',(9.798431,0.126999999999999,1.0922));
#18501=DIRECTION('',(1.0,0.0,6.12303176911189E-17));
#18502=DIRECTION('',(6.12303176911189E-17,0.0,-1.0));
#18503=DIRECTION('',(1.0,0.0,6.12303176911189E-17));
#18504=CARTESIAN_POINT('',(9.519031,0.127,1.0922));
#18505=DIRECTION('',(1.0,0.0,6.12303176911189E-17));
#18506=DIRECTION('',(6.12303176911189E-17,0.0,-1.0));
#18507=DIRECTION('',(1.0,0.0,6.12303176911189E-17));
#18508=DIRECTION('',(1.0,0.0,6.12303176911189E-17));
#18509=DIRECTION('',(6.12303176911189E-17,0.0,-1.0));
#18510=DIRECTION('',(1.0,0.0,6.12303176911189E-17));
#18511=DIRECTION('',(0.0,-1.0,0.0));
#18512=DIRECTION('',(1.0,0.0,6.12303176911189E-17));
#18513=DIRECTION('',(-6.12303176911189E-17,0.0,1.0));
#18514=DIRECTION('',(-1.0,-0.0,-6.12303176911189E-17));
#18515=DIRECTION('',(1.0,0.0,6.12303176911189E-17));
#18516=CARTESIAN_POINT('',(9.519031,0.126999999999999,1.0922));
#18517=DIRECTION('',(1.0,0.0,6.12303176911189E-17));
#18518=DIRECTION('',(6.12303176911189E-17,0.0,-1.0));
#18519=DIRECTION('',(-1.0,-0.0,-6.12303176911189E-17));
#18520=DIRECTION('',(0.0,1.0,0.0));
#18521=DIRECTION('',(-4.32963728535968E-17,-0.707106781186548,0.707106781186547));
#18522=DIRECTION('',(-4.32963728535968E-17,-0.707106781186548,0.707106781186547));
#18523=DIRECTION('',(-6.12303176911189E-17,0.0,1.0));
#18524=DIRECTION('',(0.0,-1.0,0.0));
#18525=DIRECTION('',(-6.12303176911189E-17,0.0,1.0));
#18526=DIRECTION('',(-6.12303176911189E-17,0.0,1.0));
#18527=DIRECTION('',(1.0,0.0,6.12303176911189E-17));
#18528=DIRECTION('',(6.12303176911189E-17,0.0,-1.0));
#18529=DIRECTION('',(1.0,0.0,6.12303176911189E-17));
#18530=DIRECTION('',(4.32963728535968E-17,0.707106781186548,-0.707106781186547));
#18531=DIRECTION('',(-1.0,-0.0,-6.12303176911189E-17));
#18532=DIRECTION('',(-4.32963728535968E-17,-0.707106781186548,0.707106781186547));
#18533=DIRECTION('',(1.0,0.0,6.12303176911189E-17));
#18534=DIRECTION('',(4.32963728535968E-17,0.707106781186548,-0.707106781186547));
#18535=DIRECTION('',(-1.0,-0.0,-6.12303176911189E-17));
#18536=DIRECTION('',(-4.32963728535968E-17,-0.707106781186548,0.707106781186547));
#18537=DIRECTION('',(1.0,0.0,6.12303176911189E-17));
#18538=DIRECTION('',(4.32963728535968E-17,0.707106781186548,-0.707106781186547));
#18539=DIRECTION('',(-1.0,-0.0,-6.12303176911189E-17));
#18540=DIRECTION('',(-4.32963728535968E-17,-0.707106781186548,0.707106781186547));
#18541=DIRECTION('',(1.0,0.0,6.12303176911189E-17));
#18542=DIRECTION('',(4.32963728535968E-17,0.707106781186548,-0.707106781186547));
#18543=DIRECTION('',(-1.0,-0.0,-6.12303176911189E-17));
#18544=DIRECTION('',(-4.32963728535968E-17,-0.707106781186548,0.707106781186547));
#18545=DIRECTION('',(1.0,0.0,6.12303176911189E-17));
#18546=DIRECTION('',(4.32963728535968E-17,0.707106781186548,-0.707106781186547));
#18547=DIRECTION('',(-1.0,-0.0,-6.12303176911189E-17));
#18548=DIRECTION('',(-4.32963728535968E-17,-0.707106781186548,0.707106781186547));
#18549=DIRECTION('',(1.0,0.0,6.12303176911189E-17));
#18550=DIRECTION('',(4.32963728535968E-17,0.707106781186548,-0.707106781186547));
#18551=DIRECTION('',(-1.0,-0.0,-6.12303176911189E-17));
#18552=DIRECTION('',(-4.32963728535968E-17,-0.707106781186548,0.707106781186547));
#18553=DIRECTION('',(1.0,0.0,6.12303176911189E-17));
#18554=DIRECTION('',(4.32963728535968E-17,0.707106781186548,-0.707106781186547));
#18555=DIRECTION('',(-1.0,-0.0,-6.12303176911189E-17));
#18556=DIRECTION('',(-4.32963728535968E-17,-0.707106781186548,0.707106781186547));
#18557=DIRECTION('',(1.0,0.0,6.12303176911189E-17));
#18558=DIRECTION('',(4.32963728535968E-17,0.707106781186548,-0.707106781186547));
#18559=DIRECTION('',(-1.0,-0.0,-6.12303176911189E-17));
#18560=DIRECTION('',(-4.32963728535968E-17,-0.707106781186548,0.707106781186547));
#18561=DIRECTION('',(1.0,0.0,6.12303176911189E-17));
#18562=DIRECTION('',(4.32963728535968E-17,0.707106781186548,-0.707106781186547));
#18563=DIRECTION('',(-1.0,-0.0,-6.12303176911189E-17));
#18564=DIRECTION('',(-4.32963728535968E-17,-0.707106781186548,0.707106781186547));
#18565=DIRECTION('',(1.0,0.0,6.12303176911189E-17));
#18566=DIRECTION('',(-4.32963728535968E-17,-0.707106781186548,0.707106781186547));
#18567=DIRECTION('',(1.0,0.0,6.12303176911189E-17));
#18568=DIRECTION('',(-4.32963728535968E-17,-0.707106781186548,0.707106781186547));
#18569=DIRECTION('',(1.0,0.0,6.12303176911189E-17));
#18570=DIRECTION('',(4.32963728535968E-17,0.707106781186548,-0.707106781186547));
#18571=DIRECTION('',(1.0,0.0,6.12303176911189E-17));
#18572=DIRECTION('',(-4.32963728535968E-17,-0.707106781186548,0.707106781186547));
#18573=DIRECTION('',(1.0,0.0,6.12303176911189E-17));
#18574=DIRECTION('',(4.32963728535968E-17,0.707106781186548,-0.707106781186547));
#18575=DIRECTION('',(1.0,0.0,6.12303176911189E-17));
#18576=DIRECTION('',(-4.32963728535968E-17,-0.707106781186548,0.707106781186547));
#18577=DIRECTION('',(1.0,0.0,6.12303176911189E-17));
#18578=DIRECTION('',(4.32963728535968E-17,0.707106781186548,-0.707106781186547));
#18579=DIRECTION('',(1.0,0.0,6.12303176911189E-17));
#18580=DIRECTION('',(-4.32963728535968E-17,-0.707106781186548,0.707106781186547));
#18581=DIRECTION('',(1.0,0.0,6.12303176911189E-17));
#18582=DIRECTION('',(4.32963728535968E-17,0.707106781186548,-0.707106781186547));
#18583=DIRECTION('',(1.0,0.0,6.12303176911189E-17));
#18584=DIRECTION('',(-4.32963728535968E-17,-0.707106781186548,0.707106781186547));
#18585=DIRECTION('',(1.0,0.0,6.12303176911189E-17));
#18586=DIRECTION('',(4.32963728535968E-17,0.707106781186548,-0.707106781186547));
#18587=DIRECTION('',(1.0,0.0,6.12303176911189E-17));
#18588=DIRECTION('',(-4.32963728535968E-17,-0.707106781186548,0.707106781186547));
#18589=DIRECTION('',(1.0,0.0,6.12303176911189E-17));
#18590=DIRECTION('',(4.32963728535968E-17,0.707106781186548,-0.707106781186547));
#18591=DIRECTION('',(1.0,0.0,6.12303176911189E-17));
#18592=DIRECTION('',(-4.32963728535968E-17,-0.707106781186548,0.707106781186547));
#18593=DIRECTION('',(1.0,0.0,6.12303176911189E-17));
#18594=DIRECTION('',(4.32963728535968E-17,0.707106781186548,-0.707106781186547));
#18595=DIRECTION('',(1.0,0.0,6.12303176911189E-17));
#18596=DIRECTION('',(-4.32963728535968E-17,-0.707106781186548,0.707106781186547));
#18597=DIRECTION('',(1.0,0.0,6.12303176911189E-17));
#18598=DIRECTION('',(4.32963728535968E-17,0.707106781186548,-0.707106781186547));
#18599=DIRECTION('',(1.0,0.0,6.12303176911189E-17));
#18600=DIRECTION('',(-4.32963728535968E-17,-0.707106781186548,0.707106781186547));
#18601=DIRECTION('',(1.0,0.0,6.12303176911189E-17));
#18602=DIRECTION('',(4.32963728535968E-17,0.707106781186548,-0.707106781186547));
#18603=DIRECTION('',(1.0,0.0,6.12303176911189E-17));
#18604=DIRECTION('',(1.0,0.0,6.12303176911189E-17));
#18605=DIRECTION('',(-4.32963728535968E-17,-0.707106781186548,0.707106781186547));
#18606=DIRECTION('',(1.0,0.0,6.12303176911189E-17));
#18607=DIRECTION('',(-1.0,0.0,0.0));
#18608=DIRECTION('',(0.0,0.0,-1.0));
#18609=DIRECTION('',(-1.0,0.0,0.0));
#18610=DIRECTION('',(0.0,0.0,-1.0));
#18611=DIRECTION('',(-1.0,0.0,0.0));
#18612=DIRECTION('',(1.0,0.0,-0.0));
#18613=DIRECTION('',(-0.0,-0.0,-1.0));
#18614=DIRECTION('',(-1.0,0.0,0.0));
#18615=DIRECTION('',(-0.0,0.0,1.0));
#18616=DIRECTION('',(-0.0,0.0,1.0));
#18617=DIRECTION('',(1.0,0.0,-0.0));
#18618=DIRECTION('',(-0.0,-0.0,-1.0));
#18619=DIRECTION('',(1.0,0.0,6.12303176911189E-17));
#18620=DIRECTION('',(-6.12303176911189E-17,0.0,1.0));
#18621=DIRECTION('',(1.0,0.0,-0.0));
#18622=DIRECTION('',(-0.0,-0.0,-1.0));
#18623=DIRECTION('',(-1.0,0.0,0.0));
#18624=DIRECTION('',(-0.0,0.0,1.0));
#18625=DIRECTION('',(1.0,0.0,-0.0));
#18626=DIRECTION('',(6.12303176911189E-17,0.0,-1.0));
#18627=DIRECTION('',(1.0,0.0,-0.0));
#18628=DIRECTION('',(-0.0,-0.0,-1.0));
#18629=DIRECTION('',(-1.0,0.0,0.0));
#18630=DIRECTION('',(-0.0,0.0,1.0));
#18631=DIRECTION('',(1.0,0.0,-0.0));
#18632=DIRECTION('',(-6.12303176911189E-17,0.0,1.0));
#18633=DIRECTION('',(6.12303176911189E-17,0.0,-1.0));
#18634=DIRECTION('',(1.0,0.0,-0.0));
#18635=DIRECTION('',(-0.0,-0.0,-1.0));
#18636=DIRECTION('',(-1.0,0.0,0.0));
#18637=DIRECTION('',(-0.0,0.0,1.0));
#18638=DIRECTION('',(1.0,0.0,-0.0));
#18639=DIRECTION('',(-6.12303176911189E-17,0.0,1.0));
#18640=DIRECTION('',(6.12303176911189E-17,0.0,-1.0));
#18641=DIRECTION('',(1.0,0.0,-0.0));
#18642=DIRECTION('',(-0.0,-0.0,-1.0));
#18643=DIRECTION('',(-1.0,0.0,0.0));
#18644=DIRECTION('',(-0.0,0.0,1.0));
#18645=DIRECTION('',(1.0,0.0,-0.0));
#18646=DIRECTION('',(-6.12303176911189E-17,0.0,1.0));
#18647=DIRECTION('',(6.12303176911189E-17,0.0,-1.0));
#18648=DIRECTION('',(1.0,0.0,-0.0));
#18649=DIRECTION('',(-0.0,-0.0,-1.0));
#18650=DIRECTION('',(-1.0,0.0,0.0));
#18651=DIRECTION('',(-0.0,0.0,1.0));
#18652=DIRECTION('',(1.0,0.0,-0.0));
#18653=DIRECTION('',(-6.12303176911189E-17,0.0,1.0));
#18654=DIRECTION('',(6.12303176911189E-17,0.0,-1.0));
#18655=DIRECTION('',(1.0,0.0,-0.0));
#18656=DIRECTION('',(-0.0,-0.0,-1.0));
#18657=DIRECTION('',(-1.0,0.0,0.0));
#18658=DIRECTION('',(-0.0,0.0,1.0));
#18659=DIRECTION('',(1.0,0.0,-0.0));
#18660=DIRECTION('',(-6.12303176911189E-17,0.0,1.0));
#18661=DIRECTION('',(6.12303176911189E-17,0.0,-1.0));
#18662=DIRECTION('',(1.0,0.0,-0.0));
#18663=DIRECTION('',(-0.0,-0.0,-1.0));
#18664=DIRECTION('',(-1.0,0.0,0.0));
#18665=DIRECTION('',(-0.0,0.0,1.0));
#18666=DIRECTION('',(1.0,0.0,-0.0));
#18667=DIRECTION('',(-6.12303176911189E-17,0.0,1.0));
#18668=DIRECTION('',(6.12303176911189E-17,0.0,-1.0));
#18669=DIRECTION('',(1.0,0.0,-0.0));
#18670=DIRECTION('',(-0.0,-0.0,-1.0));
#18671=DIRECTION('',(-1.0,0.0,0.0));
#18672=DIRECTION('',(-0.0,0.0,1.0));
#18673=DIRECTION('',(1.0,0.0,-0.0));
#18674=DIRECTION('',(-6.12303176911189E-17,0.0,1.0));
#18675=DIRECTION('',(6.12303176911189E-17,0.0,-1.0));
#18676=DIRECTION('',(1.0,0.0,-0.0));
#18677=DIRECTION('',(-0.0,-0.0,-1.0));
#18678=DIRECTION('',(-1.0,0.0,0.0));
#18679=DIRECTION('',(-0.0,0.0,1.0));
#18680=DIRECTION('',(1.0,0.0,-0.0));
#18681=DIRECTION('',(-6.12303176911189E-17,0.0,1.0));
#18682=DIRECTION('',(6.12303176911189E-17,0.0,-1.0));
#18683=DIRECTION('',(1.0,0.0,-0.0));
#18684=DIRECTION('',(-0.0,-0.0,-1.0));
#18685=DIRECTION('',(-1.0,0.0,0.0));
#18686=DIRECTION('',(-0.0,0.0,1.0));
#18687=DIRECTION('',(1.0,0.0,-0.0));
#18688=DIRECTION('',(-6.12303176911189E-17,0.0,1.0));
#18689=DIRECTION('',(-6.12303176911189E-17,0.0,1.0));
#18690=DIRECTION('',(1.0,0.0,6.12303176911189E-17));
#18691=DIRECTION('',(-0.0,0.0,1.0));
#18692=DIRECTION('',(1.0,0.0,-0.0));
#18693=DIRECTION('',(-0.0,-0.0,-1.0));
#18694=DIRECTION('',(1.0,0.0,6.12303176911189E-17));
#18695=DIRECTION('',(-0.0,0.0,1.0));
#18696=DIRECTION('',(1.0,0.0,-0.0));
#18697=DIRECTION('',(-0.0,-0.0,-1.0));
#18698=DIRECTION('',(1.0,0.0,6.12303176911189E-17));
#18699=DIRECTION('',(-0.0,0.0,1.0));
#18700=DIRECTION('',(1.0,0.0,-0.0));
#18701=DIRECTION('',(-0.0,-0.0,-1.0));
#18702=DIRECTION('',(1.0,0.0,6.12303176911189E-17));
#18703=DIRECTION('',(-0.0,0.0,1.0));
#18704=DIRECTION('',(1.0,0.0,-0.0));
#18705=DIRECTION('',(-0.0,-0.0,-1.0));
#18706=DIRECTION('',(1.0,0.0,6.12303176911189E-17));
#18707=DIRECTION('',(-0.0,0.0,1.0));
#18708=DIRECTION('',(1.0,0.0,-0.0));
#18709=DIRECTION('',(-0.0,-0.0,-1.0));
#18710=DIRECTION('',(1.0,0.0,6.12303176911189E-17));
#18711=DIRECTION('',(-0.0,0.0,1.0));
#18712=DIRECTION('',(1.0,0.0,-0.0));
#18713=DIRECTION('',(-0.0,-0.0,-1.0));
#18714=DIRECTION('',(1.0,0.0,6.12303176911189E-17));
#18715=DIRECTION('',(-0.0,0.0,1.0));
#18716=DIRECTION('',(1.0,0.0,-0.0));
#18717=DIRECTION('',(-0.0,-0.0,-1.0));
#18718=DIRECTION('',(1.0,0.0,6.12303176911189E-17));
#18719=DIRECTION('',(-0.0,0.0,1.0));
#18720=DIRECTION('',(1.0,0.0,-0.0));
#18721=DIRECTION('',(-0.0,-0.0,-1.0));
#18722=DIRECTION('',(1.0,0.0,6.12303176911189E-17));
#18723=DIRECTION('',(-0.0,0.0,1.0));
#18724=DIRECTION('',(1.0,0.0,-0.0));
#18725=DIRECTION('',(-0.0,-0.0,-1.0));
#18726=DIRECTION('',(1.0,0.0,6.12303176911189E-17));
#18727=DIRECTION('',(0.0,-1.0,0.0));
#18728=DIRECTION('',(0.0,1.0,0.0));
#18729=DIRECTION('',(6.12303176911189E-17,0.0,-1.0));
#18730=DIRECTION('',(0.0,1.0,0.0));
#18731=DIRECTION('',(-6.12303176911189E-17,0.0,1.0));
#18732=CARTESIAN_POINT('',(8.798433,0.127,1.0922));
#18733=DIRECTION('',(-1.0,-0.0,-6.12303176911189E-17));
#18734=DIRECTION('',(6.12303176911189E-17,0.0,-1.0));
#18735=DIRECTION('',(0.0,-1.0,0.0));
#18736=DIRECTION('',(6.12303176911189E-17,0.0,-1.0));
#18737=DIRECTION('',(0.0,1.0,0.0));
#18738=CARTESIAN_POINT('',(8.798433,0.126999999999999,1.0922));
#18739=DIRECTION('',(1.0,0.0,6.12303176911189E-17));
#18740=DIRECTION('',(6.12303176911189E-17,0.0,-1.0));
#18741=DIRECTION('',(-1.0,-0.0,-6.12303176911189E-17));
#18742=DIRECTION('',(1.0,0.0,6.12303176911189E-17));
#18743=DIRECTION('',(0.0,1.0,0.0));
#18744=DIRECTION('',(1.0,0.0,6.12303176911189E-17));
#18745=CARTESIAN_POINT('',(8.519033,0.127,1.0922));
#18746=DIRECTION('',(1.0,0.0,6.12303176911189E-17));
#18747=DIRECTION('',(6.12303176911189E-17,0.0,-1.0));
#18748=DIRECTION('',(1.0,0.0,6.12303176911189E-17));
#18749=DIRECTION('',(6.12303176911189E-17,0.0,-1.0));
#18750=DIRECTION('',(1.0,0.0,6.12303176911189E-17));
#18751=DIRECTION('',(0.0,-1.0,0.0));
#18752=DIRECTION('',(1.0,0.0,6.12303176911189E-17));
#18753=DIRECTION('',(-6.12303176911189E-17,0.0,1.0));
#18754=CARTESIAN_POINT('',(8.519033,0.126999999999999,1.0922));
#18755=DIRECTION('',(1.0,0.0,6.12303176911189E-17));
#18756=DIRECTION('',(6.12303176911189E-17,0.0,-1.0));
#18757=DIRECTION('',(0.0,-1.0,0.0));
#18758=DIRECTION('',(-6.12303176911189E-17,0.0,1.0));
#18759=DIRECTION('',(-6.12303176911189E-17,0.0,1.0));
#18760=DIRECTION('',(1.0,0.0,6.12303176911189E-17));
#18761=DIRECTION('',(6.12303176911189E-17,0.0,-1.0));
#18762=DIRECTION('',(-1.0,0.0,0.0));
#18763=DIRECTION('',(0.0,1.0,0.0));
#18764=DIRECTION('',(6.12303176911189E-17,0.0,-1.0));
#18765=DIRECTION('',(0.0,1.0,0.0));
#18766=DIRECTION('',(-6.12303176911189E-17,0.0,1.0));
#18767=CARTESIAN_POINT('',(7.798435,0.127,1.0922));
#18768=DIRECTION('',(-1.0,-0.0,-6.12303176911189E-17));
#18769=DIRECTION('',(6.12303176911189E-17,0.0,-1.0));
#18770=DIRECTION('',(0.0,-1.0,0.0));
#18771=DIRECTION('',(6.12303176911189E-17,0.0,-1.0));
#18772=DIRECTION('',(0.0,1.0,0.0));
#18773=CARTESIAN_POINT('',(7.798435,0.126999999999999,1.0922));
#18774=DIRECTION('',(1.0,0.0,6.12303176911189E-17));
#18775=DIRECTION('',(6.12303176911189E-17,0.0,-1.0));
#18776=DIRECTION('',(-1.0,-0.0,-6.12303176911189E-17));
#18777=DIRECTION('',(1.0,0.0,6.12303176911189E-17));
#18778=DIRECTION('',(0.0,1.0,0.0));
#18779=DIRECTION('',(1.0,0.0,6.12303176911189E-17));
#18780=CARTESIAN_POINT('',(7.519035,0.127,1.0922));
#18781=DIRECTION('',(1.0,0.0,6.12303176911189E-17));
#18782=DIRECTION('',(6.12303176911189E-17,0.0,-1.0));
#18783=DIRECTION('',(1.0,0.0,6.12303176911189E-17));
#18784=DIRECTION('',(6.12303176911189E-17,0.0,-1.0));
#18785=DIRECTION('',(1.0,0.0,6.12303176911189E-17));
#18786=DIRECTION('',(0.0,-1.0,0.0));
#18787=DIRECTION('',(1.0,0.0,6.12303176911189E-17));
#18788=DIRECTION('',(-6.12303176911189E-17,0.0,1.0));
#18789=CARTESIAN_POINT('',(7.519035,0.126999999999999,1.0922));
#18790=DIRECTION('',(1.0,0.0,6.12303176911189E-17));
#18791=DIRECTION('',(6.12303176911189E-17,0.0,-1.0));
#18792=DIRECTION('',(0.0,-1.0,0.0));
#18793=DIRECTION('',(-6.12303176911189E-17,0.0,1.0));
#18794=DIRECTION('',(-6.12303176911189E-17,0.0,1.0));
#18795=DIRECTION('',(1.0,0.0,6.12303176911189E-17));
#18796=DIRECTION('',(6.12303176911189E-17,0.0,-1.0));
#18797=DIRECTION('',(-1.0,0.0,0.0));
#18798=DIRECTION('',(0.0,1.0,0.0));
#18799=DIRECTION('',(6.12303176911189E-17,0.0,-1.0));
#18800=DIRECTION('',(0.0,1.0,0.0));
#18801=DIRECTION('',(-6.12303176911189E-17,0.0,1.0));
#18802=CARTESIAN_POINT('',(6.798437,0.127,1.0922));
#18803=DIRECTION('',(-1.0,-0.0,-6.12303176911189E-17));
#18804=DIRECTION('',(6.12303176911189E-17,0.0,-1.0));
#18805=DIRECTION('',(0.0,-1.0,0.0));
#18806=DIRECTION('',(6.12303176911189E-17,0.0,-1.0));
#18807=DIRECTION('',(0.0,1.0,0.0));
#18808=CARTESIAN_POINT('',(6.798437,0.126999999999999,1.0922));
#18809=DIRECTION('',(1.0,0.0,6.12303176911189E-17));
#18810=DIRECTION('',(6.12303176911189E-17,0.0,-1.0));
#18811=DIRECTION('',(-1.0,-0.0,-6.12303176911189E-17));
#18812=DIRECTION('',(1.0,0.0,6.12303176911189E-17));
#18813=DIRECTION('',(0.0,1.0,0.0));
#18814=DIRECTION('',(1.0,0.0,6.12303176911189E-17));
#18815=CARTESIAN_POINT('',(6.519037,0.127,1.0922));
#18816=DIRECTION('',(1.0,0.0,6.12303176911189E-17));
#18817=DIRECTION('',(6.12303176911189E-17,0.0,-1.0));
#18818=DIRECTION('',(1.0,0.0,6.12303176911189E-17));
#18819=DIRECTION('',(6.12303176911189E-17,0.0,-1.0));
#18820=DIRECTION('',(1.0,0.0,6.12303176911189E-17));
#18821=DIRECTION('',(0.0,-1.0,0.0));
#18822=DIRECTION('',(1.0,0.0,6.12303176911189E-17));
#18823=DIRECTION('',(-6.12303176911189E-17,0.0,1.0));
#18824=CARTESIAN_POINT('',(6.519037,0.126999999999999,1.0922));
#18825=DIRECTION('',(1.0,0.0,6.12303176911189E-17));
#18826=DIRECTION('',(6.12303176911189E-17,0.0,-1.0));
#18827=DIRECTION('',(0.0,-1.0,0.0));
#18828=DIRECTION('',(-6.12303176911189E-17,0.0,1.0));
#18829=DIRECTION('',(-6.12303176911189E-17,0.0,1.0));
#18830=DIRECTION('',(1.0,0.0,6.12303176911189E-17));
#18831=DIRECTION('',(6.12303176911189E-17,0.0,-1.0));
#18832=DIRECTION('',(-1.0,0.0,0.0));
#18833=DIRECTION('',(0.0,1.0,0.0));
#18834=DIRECTION('',(6.12303176911189E-17,0.0,-1.0));
#18835=DIRECTION('',(0.0,1.0,0.0));
#18836=DIRECTION('',(-6.12303176911189E-17,0.0,1.0));
#18837=CARTESIAN_POINT('',(5.798439,0.127,1.0922));
#18838=DIRECTION('',(-1.0,-0.0,-6.12303176911189E-17));
#18839=DIRECTION('',(6.12303176911189E-17,0.0,-1.0));
#18840=DIRECTION('',(0.0,-1.0,0.0));
#18841=DIRECTION('',(6.12303176911189E-17,0.0,-1.0));
#18842=DIRECTION('',(0.0,1.0,0.0));
#18843=CARTESIAN_POINT('',(5.798439,0.126999999999999,1.0922));
#18844=DIRECTION('',(1.0,0.0,6.12303176911189E-17));
#18845=DIRECTION('',(6.12303176911189E-17,0.0,-1.0));
#18846=DIRECTION('',(-1.0,-0.0,-6.12303176911189E-17));
#18847=DIRECTION('',(1.0,0.0,6.12303176911189E-17));
#18848=DIRECTION('',(0.0,1.0,0.0));
#18849=DIRECTION('',(1.0,0.0,6.12303176911189E-17));
#18850=CARTESIAN_POINT('',(5.519039,0.127,1.0922));
#18851=DIRECTION('',(1.0,0.0,6.12303176911189E-17));
#18852=DIRECTION('',(6.12303176911189E-17,0.0,-1.0));
#18853=DIRECTION('',(1.0,0.0,6.12303176911189E-17));
#18854=DIRECTION('',(6.12303176911189E-17,0.0,-1.0));
#18855=DIRECTION('',(1.0,0.0,6.12303176911189E-17));
#18856=DIRECTION('',(0.0,-1.0,0.0));
#18857=DIRECTION('',(1.0,0.0,6.12303176911189E-17));
#18858=DIRECTION('',(-6.12303176911189E-17,0.0,1.0));
#18859=CARTESIAN_POINT('',(5.519039,0.126999999999999,1.0922));
#18860=DIRECTION('',(1.0,0.0,6.12303176911189E-17));
#18861=DIRECTION('',(6.12303176911189E-17,0.0,-1.0));
#18862=DIRECTION('',(0.0,-1.0,0.0));
#18863=DIRECTION('',(-6.12303176911189E-17,0.0,1.0));
#18864=DIRECTION('',(-6.12303176911189E-17,0.0,1.0));
#18865=DIRECTION('',(1.0,0.0,6.12303176911189E-17));
#18866=DIRECTION('',(6.12303176911189E-17,0.0,-1.0));
#18867=DIRECTION('',(-1.0,0.0,0.0));
#18868=DIRECTION('',(0.0,1.0,0.0));
#18869=DIRECTION('',(6.12303176911189E-17,0.0,-1.0));
#18870=DIRECTION('',(0.0,1.0,0.0));
#18871=DIRECTION('',(-6.12303176911189E-17,0.0,1.0));
#18872=CARTESIAN_POINT('',(4.798441,0.127,1.0922));
#18873=DIRECTION('',(-1.0,-0.0,-6.12303176911189E-17));
#18874=DIRECTION('',(6.12303176911189E-17,0.0,-1.0));
#18875=DIRECTION('',(0.0,-1.0,0.0));
#18876=DIRECTION('',(6.12303176911189E-17,0.0,-1.0));
#18877=DIRECTION('',(0.0,1.0,0.0));
#18878=CARTESIAN_POINT('',(4.798441,0.126999999999999,1.0922));
#18879=DIRECTION('',(1.0,0.0,6.12303176911189E-17));
#18880=DIRECTION('',(6.12303176911189E-17,0.0,-1.0));
#18881=DIRECTION('',(-1.0,-0.0,-6.12303176911189E-17));
#18882=DIRECTION('',(1.0,0.0,6.12303176911189E-17));
#18883=DIRECTION('',(0.0,1.0,0.0));
#18884=DIRECTION('',(1.0,0.0,6.12303176911189E-17));
#18885=CARTESIAN_POINT('',(4.519041,0.127,1.0922));
#18886=DIRECTION('',(1.0,0.0,6.12303176911189E-17));
#18887=DIRECTION('',(6.12303176911189E-17,0.0,-1.0));
#18888=DIRECTION('',(1.0,0.0,6.12303176911189E-17));
#18889=DIRECTION('',(6.12303176911189E-17,0.0,-1.0));
#18890=DIRECTION('',(1.0,0.0,6.12303176911189E-17));
#18891=DIRECTION('',(0.0,-1.0,0.0));
#18892=DIRECTION('',(1.0,0.0,6.12303176911189E-17));
#18893=DIRECTION('',(-6.12303176911189E-17,0.0,1.0));
#18894=CARTESIAN_POINT('',(4.519041,0.126999999999999,1.0922));
#18895=DIRECTION('',(1.0,0.0,6.12303176911189E-17));
#18896=DIRECTION('',(6.12303176911189E-17,0.0,-1.0));
#18897=DIRECTION('',(0.0,-1.0,0.0));
#18898=DIRECTION('',(-6.12303176911189E-17,0.0,1.0));
#18899=DIRECTION('',(-6.12303176911189E-17,0.0,1.0));
#18900=DIRECTION('',(1.0,0.0,6.12303176911189E-17));
#18901=DIRECTION('',(6.12303176911189E-17,0.0,-1.0));
#18902=DIRECTION('',(-1.0,0.0,0.0));
#18903=DIRECTION('',(0.0,1.0,0.0));
#18904=DIRECTION('',(6.12303176911189E-17,0.0,-1.0));
#18905=DIRECTION('',(0.0,1.0,0.0));
#18906=DIRECTION('',(-6.12303176911189E-17,0.0,1.0));
#18907=CARTESIAN_POINT('',(3.798443,0.127,1.0922));
#18908=DIRECTION('',(-1.0,-0.0,-6.12303176911189E-17));
#18909=DIRECTION('',(6.12303176911189E-17,0.0,-1.0));
#18910=DIRECTION('',(0.0,-1.0,0.0));
#18911=DIRECTION('',(6.12303176911189E-17,0.0,-1.0));
#18912=DIRECTION('',(0.0,1.0,0.0));
#18913=CARTESIAN_POINT('',(3.798443,0.126999999999999,1.0922));
#18914=DIRECTION('',(1.0,0.0,6.12303176911189E-17));
#18915=DIRECTION('',(6.12303176911189E-17,0.0,-1.0));
#18916=DIRECTION('',(-1.0,-0.0,-6.12303176911189E-17));
#18917=DIRECTION('',(1.0,0.0,6.12303176911189E-17));
#18918=DIRECTION('',(0.0,1.0,0.0));
#18919=DIRECTION('',(1.0,0.0,6.12303176911189E-17));
#18920=CARTESIAN_POINT('',(3.519043,0.127,1.0922));
#18921=DIRECTION('',(1.0,0.0,6.12303176911189E-17));
#18922=DIRECTION('',(6.12303176911189E-17,0.0,-1.0));
#18923=DIRECTION('',(1.0,0.0,6.12303176911189E-17));
#18924=DIRECTION('',(6.12303176911189E-17,0.0,-1.0));
#18925=DIRECTION('',(1.0,0.0,6.12303176911189E-17));
#18926=DIRECTION('',(0.0,-1.0,0.0));
#18927=DIRECTION('',(1.0,0.0,6.12303176911189E-17));
#18928=DIRECTION('',(-6.12303176911189E-17,0.0,1.0));
#18929=CARTESIAN_POINT('',(3.519043,0.126999999999999,1.0922));
#18930=DIRECTION('',(1.0,0.0,6.12303176911189E-17));
#18931=DIRECTION('',(6.12303176911189E-17,0.0,-1.0));
#18932=DIRECTION('',(0.0,-1.0,0.0));
#18933=DIRECTION('',(-6.12303176911189E-17,0.0,1.0));
#18934=DIRECTION('',(-6.12303176911189E-17,0.0,1.0));
#18935=DIRECTION('',(1.0,0.0,6.12303176911189E-17));
#18936=DIRECTION('',(6.12303176911189E-17,0.0,-1.0));
#18937=DIRECTION('',(-1.0,0.0,0.0));
#18938=DIRECTION('',(0.0,1.0,0.0));
#18939=DIRECTION('',(6.12303176911189E-17,0.0,-1.0));
#18940=DIRECTION('',(0.0,1.0,0.0));
#18941=DIRECTION('',(-6.12303176911189E-17,0.0,1.0));
#18942=CARTESIAN_POINT('',(2.798445,0.127,1.0922));
#18943=DIRECTION('',(-1.0,-0.0,-6.12303176911189E-17));
#18944=DIRECTION('',(6.12303176911189E-17,0.0,-1.0));
#18945=DIRECTION('',(0.0,-1.0,0.0));
#18946=DIRECTION('',(6.12303176911189E-17,0.0,-1.0));
#18947=DIRECTION('',(0.0,1.0,0.0));
#18948=CARTESIAN_POINT('',(2.798445,0.126999999999999,1.0922));
#18949=DIRECTION('',(1.0,0.0,6.12303176911189E-17));
#18950=DIRECTION('',(6.12303176911189E-17,0.0,-1.0));
#18951=DIRECTION('',(-1.0,-0.0,-6.12303176911189E-17));
#18952=DIRECTION('',(1.0,0.0,6.12303176911189E-17));
#18953=DIRECTION('',(0.0,1.0,0.0));
#18954=DIRECTION('',(1.0,0.0,6.12303176911189E-17));
#18955=CARTESIAN_POINT('',(2.519045,0.127,1.0922));
#18956=DIRECTION('',(1.0,0.0,6.12303176911189E-17));
#18957=DIRECTION('',(6.12303176911189E-17,0.0,-1.0));
#18958=DIRECTION('',(1.0,0.0,6.12303176911189E-17));
#18959=DIRECTION('',(6.12303176911189E-17,0.0,-1.0));
#18960=DIRECTION('',(1.0,0.0,6.12303176911189E-17));
#18961=DIRECTION('',(0.0,-1.0,0.0));
#18962=DIRECTION('',(1.0,0.0,6.12303176911189E-17));
#18963=DIRECTION('',(-6.12303176911189E-17,0.0,1.0));
#18964=CARTESIAN_POINT('',(2.519045,0.126999999999999,1.0922));
#18965=DIRECTION('',(1.0,0.0,6.12303176911189E-17));
#18966=DIRECTION('',(6.12303176911189E-17,0.0,-1.0));
#18967=DIRECTION('',(0.0,-1.0,0.0));
#18968=DIRECTION('',(-6.12303176911189E-17,0.0,1.0));
#18969=DIRECTION('',(-6.12303176911189E-17,0.0,1.0));
#18970=DIRECTION('',(1.0,0.0,6.12303176911189E-17));
#18971=DIRECTION('',(6.12303176911189E-17,0.0,-1.0));
#18972=DIRECTION('',(-1.0,0.0,0.0));
#18973=DIRECTION('',(0.0,1.0,0.0));
#18974=DIRECTION('',(6.12303176911189E-17,0.0,-1.0));
#18975=DIRECTION('',(0.0,1.0,0.0));
#18976=DIRECTION('',(-6.12303176911189E-17,0.0,1.0));
#18977=CARTESIAN_POINT('',(1.798447,0.127,1.0922));
#18978=DIRECTION('',(-1.0,-0.0,-6.12303176911189E-17));
#18979=DIRECTION('',(6.12303176911189E-17,0.0,-1.0));
#18980=DIRECTION('',(0.0,-1.0,0.0));
#18981=DIRECTION('',(6.12303176911189E-17,0.0,-1.0));
#18982=DIRECTION('',(0.0,1.0,0.0));
#18983=CARTESIAN_POINT('',(1.798447,0.126999999999999,1.0922));
#18984=DIRECTION('',(1.0,0.0,6.12303176911189E-17));
#18985=DIRECTION('',(6.12303176911189E-17,0.0,-1.0));
#18986=DIRECTION('',(-1.0,-0.0,-6.12303176911189E-17));
#18987=DIRECTION('',(1.0,0.0,6.12303176911189E-17));
#18988=DIRECTION('',(0.0,1.0,0.0));
#18989=DIRECTION('',(1.0,0.0,6.12303176911189E-17));
#18990=CARTESIAN_POINT('',(1.519047,0.127,1.0922));
#18991=DIRECTION('',(1.0,0.0,6.12303176911189E-17));
#18992=DIRECTION('',(6.12303176911189E-17,0.0,-1.0));
#18993=DIRECTION('',(1.0,0.0,6.12303176911189E-17));
#18994=DIRECTION('',(6.12303176911189E-17,0.0,-1.0));
#18995=DIRECTION('',(1.0,0.0,6.12303176911189E-17));
#18996=DIRECTION('',(0.0,-1.0,0.0));
#18997=DIRECTION('',(1.0,0.0,6.12303176911189E-17));
#18998=DIRECTION('',(-6.12303176911189E-17,0.0,1.0));
#18999=CARTESIAN_POINT('',(1.519047,0.126999999999999,1.0922));
#19000=DIRECTION('',(1.0,0.0,6.12303176911189E-17));
#19001=DIRECTION('',(6.12303176911189E-17,0.0,-1.0));
#19002=DIRECTION('',(0.0,-1.0,0.0));
#19003=DIRECTION('',(-6.12303176911189E-17,0.0,1.0));
#19004=DIRECTION('',(-6.12303176911189E-17,0.0,1.0));
#19005=DIRECTION('',(1.0,0.0,6.12303176911189E-17));
#19006=DIRECTION('',(6.12303176911189E-17,0.0,-1.0));
#19007=DIRECTION('',(-1.0,0.0,0.0));
#19008=DIRECTION('',(0.0,1.0,0.0));
#19009=DIRECTION('',(6.12303176911189E-17,0.0,-1.0));
#19010=DIRECTION('',(0.0,1.0,0.0));
#19011=DIRECTION('',(-6.12303176911189E-17,0.0,1.0));
#19012=CARTESIAN_POINT('',(0.798449,0.127,1.0922));
#19013=DIRECTION('',(-1.0,-0.0,-6.12303176911189E-17));
#19014=DIRECTION('',(6.12303176911189E-17,0.0,-1.0));
#19015=DIRECTION('',(0.0,-1.0,0.0));
#19016=DIRECTION('',(6.12303176911189E-17,0.0,-1.0));
#19017=DIRECTION('',(0.0,1.0,0.0));
#19018=CARTESIAN_POINT('',(0.798449,0.126999999999999,1.0922));
#19019=DIRECTION('',(1.0,0.0,6.12303176911189E-17));
#19020=DIRECTION('',(6.12303176911189E-17,0.0,-1.0));
#19021=DIRECTION('',(1.0,0.0,6.12303176911189E-17));
#19022=CARTESIAN_POINT('',(0.519049,0.127,1.0922));
#19023=DIRECTION('',(1.0,0.0,6.12303176911189E-17));
#19024=DIRECTION('',(6.12303176911189E-17,0.0,-1.0));
#19025=DIRECTION('',(1.0,0.0,6.12303176911189E-17));
#19026=DIRECTION('',(1.0,0.0,6.12303176911189E-17));
#19027=DIRECTION('',(6.12303176911189E-17,0.0,-1.0));
#19028=DIRECTION('',(1.0,0.0,6.12303176911189E-17));
#19029=DIRECTION('',(0.0,-1.0,0.0));
#19030=DIRECTION('',(1.0,0.0,6.12303176911189E-17));
#19031=DIRECTION('',(-6.12303176911189E-17,0.0,1.0));
#19032=CARTESIAN_POINT('',(0.519049,0.126999999999999,1.0922));
#19033=DIRECTION('',(1.0,0.0,6.12303176911189E-17));
#19034=DIRECTION('',(6.12303176911189E-17,0.0,-1.0));
#19035=DIRECTION('',(-1.0,-0.0,-6.12303176911189E-17));
#19036=DIRECTION('',(0.0,1.0,0.0));
#19037=DIRECTION('',(0.0,-1.0,0.0));
#19038=DIRECTION('',(-6.12303176911189E-17,0.0,1.0));
#19039=DIRECTION('',(-6.12303176911189E-17,0.0,1.0));
#19040=DIRECTION('',(1.0,0.0,6.12303176911189E-17));
#19041=DIRECTION('',(6.12303176911189E-17,0.0,-1.0));
#19042=DIRECTION('',(-1.0,0.0,0.0));
#19043=DIRECTION('',(0.0,0.0,-1.0));
#19044=DIRECTION('',(-1.0,0.0,0.0));
#19045=DIRECTION('',(0.0,0.0,-1.0));
#19046=DIRECTION('',(-1.0,0.0,0.0));
#19047=DIRECTION('',(1.0,0.0,-0.0));
#19048=DIRECTION('',(-0.0,-0.0,-1.0));
#19049=DIRECTION('',(-1.0,0.0,0.0));
#19050=DIRECTION('',(-0.0,0.0,1.0));
#19051=DIRECTION('',(0.0,-1.0,0.0));
#19052=DIRECTION('',(0.0,1.0,0.0));
#19053=DIRECTION('',(0.0,-1.0,0.0));
#19054=DIRECTION('',(1.0,0.0,0.0));
#19055=DIRECTION('',(0.0,1.0,0.0));
#19056=DIRECTION('',(0.0,1.22460635382238E-16,-1.0));
#19057=DIRECTION('',(0.0,-1.0,0.0));
#19058=DIRECTION('',(0.577350269189626,-0.577350269189626,-0.577350269189626));
#19059=DIRECTION('',(-0.577350269189626,0.577350269189626,-0.577350269189626));
#19060=DIRECTION('',(1.22460635382238E-16,0.0,-1.0));
#19061=DIRECTION('',(0.577350269189626,0.577350269189626,-0.577350269189626));
#19062=DIRECTION('',(1.0,-0.0,6.12303176911189E-17));
#19063=DIRECTION('',(0.0,0.0,1.0));
#19064=DIRECTION('',(0.577350269189626,0.577350269189626,0.577350269189626));
#19065=DIRECTION('',(-8.71576399210525E-33,0.0,1.0));
#19066=DIRECTION('',(-1.0,0.0,6.12303176911189E-17));
#19067=DIRECTION('',(-1.0,0.0,0.0));
#19068=DIRECTION('',(0.0,1.0,0.0));
#19069=DIRECTION('',(0.0,-1.0,0.0));
#19070=DIRECTION('',(1.0,0.0,0.0));
#19071=DIRECTION('',(0.0,1.0,0.0));
#19072=DIRECTION('',(0.0,1.22460635382238E-16,-1.0));
#19073=DIRECTION('',(0.0,-1.0,0.0));
#19074=DIRECTION('',(0.577350269189626,-0.577350269189626,-0.577350269189626));
#19075=DIRECTION('',(-0.577350269189626,0.577350269189626,-0.577350269189626));
#19076=DIRECTION('',(1.22460635382238E-16,0.0,-1.0));
#19077=DIRECTION('',(0.577350269189626,0.577350269189626,-0.577350269189626));
#19078=DIRECTION('',(1.0,-0.0,6.12303176911189E-17));
#19079=DIRECTION('',(0.0,0.0,1.0));
#19080=DIRECTION('',(0.577350269189626,0.577350269189626,0.577350269189626));
#19081=DIRECTION('',(-8.71576399210525E-33,0.0,1.0));
#19082=DIRECTION('',(-1.0,0.0,6.12303176911189E-17));
#19083=DIRECTION('',(-1.0,0.0,0.0));
#19084=DIRECTION('',(0.0,1.0,0.0));
#19085=DIRECTION('',(-1.0,0.0,0.0));
#19086=DIRECTION('',(0.0,-1.0,0.0));
#19087=DIRECTION('',(1.0,0.0,0.0));
#19088=DIRECTION('',(0.0,1.0,0.0));
#19089=DIRECTION('',(-0.0,0.0,1.0));
#19090=DIRECTION('',(0.0,1.22460635382238E-16,-1.0));
#19091=DIRECTION('',(0.0,-1.0,0.0));
#19092=DIRECTION('',(0.577350269189626,-0.577350269189626,-0.577350269189626));
#19093=DIRECTION('',(-0.577350269189626,0.577350269189626,-0.577350269189626));
#19094=DIRECTION('',(1.22460635382238E-16,0.0,-1.0));
#19095=DIRECTION('',(0.577350269189626,0.577350269189626,-0.577350269189626));
#19096=DIRECTION('',(1.0,-0.0,6.12303176911189E-17));
#19097=DIRECTION('',(0.0,0.0,1.0));
#19098=DIRECTION('',(0.577350269189626,0.577350269189626,0.577350269189626));
#19099=DIRECTION('',(-8.71576399210525E-33,0.0,1.0));
#19100=DIRECTION('',(-1.0,0.0,6.12303176911189E-17));
#19101=DIRECTION('',(-1.0,0.0,0.0));
#19102=DIRECTION('',(1.0,0.0,-0.0));
#19103=DIRECTION('',(0.0,1.0,0.0));
#19104=DIRECTION('',(-0.0,-0.0,-1.0));
#19105=DIRECTION('',(0.0,-1.0,0.0));
#19106=DIRECTION('',(1.0,0.0,0.0));
#19107=DIRECTION('',(0.0,1.0,0.0));
#19108=DIRECTION('',(0.0,1.22460635382238E-16,-1.0));
#19109=DIRECTION('',(0.0,-1.0,0.0));
#19110=DIRECTION('',(0.577350269189626,-0.577350269189626,-0.577350269189626));
#19111=DIRECTION('',(-0.577350269189626,0.577350269189626,-0.577350269189626));
#19112=DIRECTION('',(1.22460635382238E-16,0.0,-1.0));
#19113=DIRECTION('',(0.577350269189626,0.577350269189626,-0.577350269189626));
#19114=DIRECTION('',(1.0,-0.0,6.12303176911189E-17));
#19115=DIRECTION('',(0.0,0.0,1.0));
#19116=DIRECTION('',(0.577350269189626,0.577350269189626,0.577350269189626));
#19117=DIRECTION('',(-8.71576399210525E-33,0.0,1.0));
#19118=DIRECTION('',(-1.0,0.0,6.12303176911189E-17));
#19119=DIRECTION('',(-1.0,0.0,0.0));
#19120=DIRECTION('',(0.0,1.0,0.0));
#19121=DIRECTION('',(-1.0,0.0,0.0));
#19122=DIRECTION('',(0.0,-1.0,0.0));
#19123=DIRECTION('',(1.0,0.0,0.0));
#19124=DIRECTION('',(0.0,1.0,0.0));
#19125=DIRECTION('',(-0.0,0.0,1.0));
#19126=DIRECTION('',(0.0,1.22460635382238E-16,-1.0));
#19127=DIRECTION('',(0.0,-1.0,0.0));
#19128=DIRECTION('',(0.577350269189626,-0.577350269189626,-0.577350269189626));
#19129=DIRECTION('',(-0.577350269189626,0.577350269189626,-0.577350269189626));
#19130=DIRECTION('',(1.22460635382238E-16,0.0,-1.0));
#19131=DIRECTION('',(0.577350269189626,0.577350269189626,-0.577350269189626));
#19132=DIRECTION('',(1.0,-0.0,6.12303176911189E-17));
#19133=DIRECTION('',(0.0,0.0,1.0));
#19134=DIRECTION('',(0.577350269189626,0.577350269189626,0.577350269189626));
#19135=DIRECTION('',(-8.71576399210525E-33,0.0,1.0));
#19136=DIRECTION('',(-1.0,0.0,6.12303176911189E-17));
#19137=DIRECTION('',(-1.0,0.0,0.0));
#19138=DIRECTION('',(1.0,0.0,-0.0));
#19139=DIRECTION('',(0.0,1.0,0.0));
#19140=DIRECTION('',(-0.0,-0.0,-1.0));
#19141=DIRECTION('',(0.0,-1.0,0.0));
#19142=DIRECTION('',(1.0,0.0,0.0));
#19143=DIRECTION('',(0.0,1.0,0.0));
#19144=DIRECTION('',(0.0,1.22460635382238E-16,-1.0));
#19145=DIRECTION('',(0.0,-1.0,0.0));
#19146=DIRECTION('',(0.577350269189626,-0.577350269189626,-0.577350269189626));
#19147=DIRECTION('',(-0.577350269189626,0.577350269189626,-0.577350269189626));
#19148=DIRECTION('',(1.22460635382238E-16,0.0,-1.0));
#19149=DIRECTION('',(0.577350269189626,0.577350269189626,-0.577350269189626));
#19150=DIRECTION('',(1.0,-0.0,6.12303176911189E-17));
#19151=DIRECTION('',(0.0,0.0,1.0));
#19152=DIRECTION('',(0.577350269189626,0.577350269189626,0.577350269189626));
#19153=DIRECTION('',(-8.71576399210525E-33,0.0,1.0));
#19154=DIRECTION('',(-1.0,0.0,6.12303176911189E-17));
#19155=DIRECTION('',(-1.0,0.0,0.0));
#19156=DIRECTION('',(0.0,1.0,0.0));
#19157=DIRECTION('',(-1.0,0.0,0.0));
#19158=DIRECTION('',(0.0,-1.0,0.0));
#19159=DIRECTION('',(1.0,0.0,0.0));
#19160=DIRECTION('',(0.0,1.0,0.0));
#19161=DIRECTION('',(-0.0,0.0,1.0));
#19162=DIRECTION('',(0.0,1.22460635382238E-16,-1.0));
#19163=DIRECTION('',(0.0,-1.0,0.0));
#19164=DIRECTION('',(0.577350269189626,-0.577350269189626,-0.577350269189626));
#19165=DIRECTION('',(-0.577350269189626,0.577350269189626,-0.577350269189626));
#19166=DIRECTION('',(1.22460635382238E-16,0.0,-1.0));
#19167=DIRECTION('',(0.577350269189626,0.577350269189626,-0.577350269189626));
#19168=DIRECTION('',(1.0,-0.0,6.12303176911189E-17));
#19169=DIRECTION('',(0.0,0.0,1.0));
#19170=DIRECTION('',(0.577350269189626,0.577350269189626,0.577350269189626));
#19171=DIRECTION('',(-8.71576399210525E-33,0.0,1.0));
#19172=DIRECTION('',(-1.0,0.0,6.12303176911189E-17));
#19173=DIRECTION('',(-1.0,0.0,0.0));
#19174=DIRECTION('',(1.0,0.0,-0.0));
#19175=DIRECTION('',(0.0,1.0,0.0));
#19176=DIRECTION('',(-0.0,-0.0,-1.0));
#19177=DIRECTION('',(0.0,-1.0,0.0));
#19178=DIRECTION('',(1.0,0.0,0.0));
#19179=DIRECTION('',(0.0,1.0,0.0));
#19180=DIRECTION('',(0.0,1.22460635382238E-16,-1.0));
#19181=DIRECTION('',(0.0,-1.0,0.0));
#19182=DIRECTION('',(0.577350269189626,-0.577350269189626,-0.577350269189626));
#19183=DIRECTION('',(-0.577350269189626,0.577350269189626,-0.577350269189626));
#19184=DIRECTION('',(1.22460635382238E-16,0.0,-1.0));
#19185=DIRECTION('',(0.577350269189626,0.577350269189626,-0.577350269189626));
#19186=DIRECTION('',(1.0,-0.0,6.12303176911189E-17));
#19187=DIRECTION('',(0.0,0.0,1.0));
#19188=DIRECTION('',(0.577350269189626,0.577350269189626,0.577350269189626));
#19189=DIRECTION('',(-8.71576399210525E-33,0.0,1.0));
#19190=DIRECTION('',(-1.0,0.0,6.12303176911189E-17));
#19191=DIRECTION('',(-1.0,0.0,0.0));
#19192=DIRECTION('',(0.0,1.0,0.0));
#19193=DIRECTION('',(-1.0,0.0,0.0));
#19194=DIRECTION('',(0.0,-1.0,0.0));
#19195=DIRECTION('',(1.0,0.0,0.0));
#19196=DIRECTION('',(0.0,1.0,0.0));
#19197=DIRECTION('',(-0.0,0.0,1.0));
#19198=DIRECTION('',(0.0,1.22460635382238E-16,-1.0));
#19199=DIRECTION('',(0.0,-1.0,0.0));
#19200=DIRECTION('',(0.577350269189626,-0.577350269189626,-0.577350269189626));
#19201=DIRECTION('',(-0.577350269189626,0.577350269189626,-0.577350269189626));
#19202=DIRECTION('',(1.22460635382238E-16,0.0,-1.0));
#19203=DIRECTION('',(0.577350269189626,0.577350269189626,-0.577350269189626));
#19204=DIRECTION('',(1.0,-0.0,6.12303176911189E-17));
#19205=DIRECTION('',(0.0,0.0,1.0));
#19206=DIRECTION('',(0.577350269189626,0.577350269189626,0.577350269189626));
#19207=DIRECTION('',(-8.71576399210525E-33,0.0,1.0));
#19208=DIRECTION('',(-1.0,0.0,6.12303176911189E-17));
#19209=DIRECTION('',(-1.0,0.0,0.0));
#19210=DIRECTION('',(1.0,0.0,-0.0));
#19211=DIRECTION('',(0.0,1.0,0.0));
#19212=DIRECTION('',(-0.0,-0.0,-1.0));
#19213=DIRECTION('',(0.0,-1.0,0.0));
#19214=DIRECTION('',(1.0,0.0,0.0));
#19215=DIRECTION('',(0.0,1.0,0.0));
#19216=DIRECTION('',(0.0,1.22460635382238E-16,-1.0));
#19217=DIRECTION('',(0.0,-1.0,0.0));
#19218=DIRECTION('',(0.577350269189626,-0.577350269189626,-0.577350269189626));
#19219=DIRECTION('',(-0.577350269189626,0.577350269189626,-0.577350269189626));
#19220=DIRECTION('',(1.22460635382238E-16,0.0,-1.0));
#19221=DIRECTION('',(0.577350269189626,0.577350269189626,-0.577350269189626));
#19222=DIRECTION('',(1.0,-0.0,6.12303176911189E-17));
#19223=DIRECTION('',(0.0,0.0,1.0));
#19224=DIRECTION('',(0.577350269189626,0.577350269189626,0.577350269189626));
#19225=DIRECTION('',(-8.71576399210525E-33,0.0,1.0));
#19226=DIRECTION('',(-1.0,0.0,6.12303176911189E-17));
#19227=DIRECTION('',(-1.0,0.0,0.0));
#19228=DIRECTION('',(0.0,1.0,0.0));
#19229=DIRECTION('',(-1.0,0.0,0.0));
#19230=DIRECTION('',(0.0,-1.0,0.0));
#19231=DIRECTION('',(1.0,0.0,0.0));
#19232=DIRECTION('',(0.0,1.0,0.0));
#19233=DIRECTION('',(-0.0,0.0,1.0));
#19234=DIRECTION('',(0.0,1.22460635382238E-16,-1.0));
#19235=DIRECTION('',(0.0,-1.0,0.0));
#19236=DIRECTION('',(0.577350269189626,-0.577350269189626,-0.577350269189626));
#19237=DIRECTION('',(-0.577350269189626,0.577350269189626,-0.577350269189626));
#19238=DIRECTION('',(1.22460635382238E-16,0.0,-1.0));
#19239=DIRECTION('',(0.577350269189626,0.577350269189626,-0.577350269189626));
#19240=DIRECTION('',(1.0,-0.0,6.12303176911189E-17));
#19241=DIRECTION('',(0.0,0.0,1.0));
#19242=DIRECTION('',(0.577350269189626,0.577350269189626,0.577350269189626));
#19243=DIRECTION('',(-8.71576399210525E-33,0.0,1.0));
#19244=DIRECTION('',(-1.0,0.0,6.12303176911189E-17));
#19245=DIRECTION('',(-1.0,0.0,0.0));
#19246=DIRECTION('',(1.0,0.0,-0.0));
#19247=DIRECTION('',(0.0,1.0,0.0));
#19248=DIRECTION('',(-0.0,-0.0,-1.0));
#19249=DIRECTION('',(0.0,-1.0,0.0));
#19250=DIRECTION('',(1.0,0.0,0.0));
#19251=DIRECTION('',(0.0,1.0,0.0));
#19252=DIRECTION('',(0.0,1.22460635382238E-16,-1.0));
#19253=DIRECTION('',(0.0,-1.0,0.0));
#19254=DIRECTION('',(0.577350269189626,-0.577350269189626,-0.577350269189626));
#19255=DIRECTION('',(-0.577350269189626,0.577350269189626,-0.577350269189626));
#19256=DIRECTION('',(1.22460635382238E-16,0.0,-1.0));
#19257=DIRECTION('',(0.577350269189626,0.577350269189626,-0.577350269189626));
#19258=DIRECTION('',(1.0,-0.0,6.12303176911189E-17));
#19259=DIRECTION('',(0.0,0.0,1.0));
#19260=DIRECTION('',(0.577350269189626,0.577350269189626,0.577350269189626));
#19261=DIRECTION('',(-8.71576399210525E-33,0.0,1.0));
#19262=DIRECTION('',(-1.0,0.0,6.12303176911189E-17));
#19263=DIRECTION('',(-1.0,0.0,0.0));
#19264=DIRECTION('',(0.0,1.0,0.0));
#19265=DIRECTION('',(-1.0,0.0,0.0));
#19266=DIRECTION('',(0.0,-1.0,0.0));
#19267=DIRECTION('',(1.0,0.0,0.0));
#19268=DIRECTION('',(0.0,1.0,0.0));
#19269=DIRECTION('',(-0.0,0.0,1.0));
#19270=DIRECTION('',(0.0,1.22460635382238E-16,-1.0));
#19271=DIRECTION('',(0.0,-1.0,0.0));
#19272=DIRECTION('',(0.577350269189626,-0.577350269189626,-0.577350269189626));
#19273=DIRECTION('',(-0.577350269189626,0.577350269189626,-0.577350269189626));
#19274=DIRECTION('',(1.22460635382238E-16,0.0,-1.0));
#19275=DIRECTION('',(0.577350269189626,0.577350269189626,-0.577350269189626));
#19276=DIRECTION('',(1.0,-0.0,6.12303176911189E-17));
#19277=DIRECTION('',(0.0,0.0,1.0));
#19278=DIRECTION('',(0.577350269189626,0.577350269189626,0.577350269189626));
#19279=DIRECTION('',(-8.71576399210525E-33,0.0,1.0));
#19280=DIRECTION('',(-1.0,0.0,6.12303176911189E-17));
#19281=DIRECTION('',(-1.0,0.0,0.0));
#19282=DIRECTION('',(1.0,0.0,-0.0));
#19283=DIRECTION('',(0.0,1.0,0.0));
#19284=DIRECTION('',(-0.0,-0.0,-1.0));
#19285=DIRECTION('',(0.0,-1.0,0.0));
#19286=DIRECTION('',(1.0,0.0,0.0));
#19287=DIRECTION('',(0.0,1.0,0.0));
#19288=DIRECTION('',(0.0,1.22460635382238E-16,-1.0));
#19289=DIRECTION('',(0.0,-1.0,0.0));
#19290=DIRECTION('',(0.577350269189626,-0.577350269189626,-0.577350269189626));
#19291=DIRECTION('',(-0.577350269189626,0.577350269189626,-0.577350269189626));
#19292=DIRECTION('',(1.22460635382238E-16,0.0,-1.0));
#19293=DIRECTION('',(0.577350269189626,0.577350269189626,-0.577350269189626));
#19294=DIRECTION('',(1.0,-0.0,6.12303176911189E-17));
#19295=DIRECTION('',(0.0,0.0,1.0));
#19296=DIRECTION('',(0.577350269189626,0.577350269189626,0.577350269189626));
#19297=DIRECTION('',(-8.71576399210525E-33,0.0,1.0));
#19298=DIRECTION('',(-1.0,0.0,6.12303176911189E-17));
#19299=DIRECTION('',(-1.0,0.0,0.0));
#19300=DIRECTION('',(0.0,1.0,0.0));
#19301=DIRECTION('',(-1.0,0.0,0.0));
#19302=DIRECTION('',(0.0,-1.0,0.0));
#19303=DIRECTION('',(1.0,0.0,0.0));
#19304=DIRECTION('',(0.0,1.0,0.0));
#19305=DIRECTION('',(-0.0,0.0,1.0));
#19306=DIRECTION('',(0.0,1.22460635382238E-16,-1.0));
#19307=DIRECTION('',(0.0,-1.0,0.0));
#19308=DIRECTION('',(0.577350269189626,-0.577350269189626,-0.577350269189626));
#19309=DIRECTION('',(-0.577350269189626,0.577350269189626,-0.577350269189626));
#19310=DIRECTION('',(1.22460635382238E-16,0.0,-1.0));
#19311=DIRECTION('',(0.577350269189626,0.577350269189626,-0.577350269189626));
#19312=DIRECTION('',(1.0,-0.0,6.12303176911189E-17));
#19313=DIRECTION('',(0.0,0.0,1.0));
#19314=DIRECTION('',(0.577350269189626,0.577350269189626,0.577350269189626));
#19315=DIRECTION('',(-8.71576399210525E-33,0.0,1.0));
#19316=DIRECTION('',(-1.0,0.0,6.12303176911189E-17));
#19317=DIRECTION('',(-1.0,0.0,0.0));
#19318=DIRECTION('',(1.0,0.0,-0.0));
#19319=DIRECTION('',(0.0,1.0,0.0));
#19320=DIRECTION('',(-0.0,-0.0,-1.0));
#19321=DIRECTION('',(0.0,-1.0,0.0));
#19322=DIRECTION('',(1.0,0.0,0.0));
#19323=DIRECTION('',(0.0,1.0,0.0));
#19324=DIRECTION('',(0.0,1.22460635382238E-16,-1.0));
#19325=DIRECTION('',(0.0,-1.0,0.0));
#19326=DIRECTION('',(0.577350269189626,-0.577350269189626,-0.577350269189626));
#19327=DIRECTION('',(-0.577350269189626,0.577350269189626,-0.577350269189626));
#19328=DIRECTION('',(1.22460635382238E-16,0.0,-1.0));
#19329=DIRECTION('',(0.577350269189626,0.577350269189626,-0.577350269189626));
#19330=DIRECTION('',(1.0,-0.0,6.12303176911189E-17));
#19331=DIRECTION('',(0.0,0.0,1.0));
#19332=DIRECTION('',(0.577350269189626,0.577350269189626,0.577350269189626));
#19333=DIRECTION('',(-8.71576399210525E-33,0.0,1.0));
#19334=DIRECTION('',(-1.0,0.0,6.12303176911189E-17));
#19335=DIRECTION('',(-1.0,0.0,0.0));
#19336=DIRECTION('',(0.0,1.0,0.0));
#19337=DIRECTION('',(-1.0,0.0,0.0));
#19338=DIRECTION('',(0.0,-1.0,0.0));
#19339=DIRECTION('',(1.0,0.0,0.0));
#19340=DIRECTION('',(0.0,1.0,0.0));
#19341=DIRECTION('',(-0.0,0.0,1.0));
#19342=DIRECTION('',(0.0,1.22460635382238E-16,-1.0));
#19343=DIRECTION('',(0.0,-1.0,0.0));
#19344=DIRECTION('',(0.577350269189626,-0.577350269189626,-0.577350269189626));
#19345=DIRECTION('',(-0.577350269189626,0.577350269189626,-0.577350269189626));
#19346=DIRECTION('',(1.22460635382238E-16,0.0,-1.0));
#19347=DIRECTION('',(0.577350269189626,0.577350269189626,-0.577350269189626));
#19348=DIRECTION('',(1.0,-0.0,6.12303176911189E-17));
#19349=DIRECTION('',(0.0,0.0,1.0));
#19350=DIRECTION('',(0.577350269189626,0.577350269189626,0.577350269189626));
#19351=DIRECTION('',(-8.71576399210525E-33,0.0,1.0));
#19352=DIRECTION('',(-1.0,0.0,6.12303176911189E-17));
#19353=DIRECTION('',(-1.0,0.0,0.0));
#19354=DIRECTION('',(1.0,0.0,-0.0));
#19355=DIRECTION('',(0.0,1.0,0.0));
#19356=DIRECTION('',(-0.0,-0.0,-1.0));
#19357=DIRECTION('',(0.0,-1.0,0.0));
#19358=DIRECTION('',(1.0,0.0,0.0));
#19359=DIRECTION('',(0.0,1.0,0.0));
#19360=DIRECTION('',(0.0,1.22460635382238E-16,-1.0));
#19361=DIRECTION('',(0.0,-1.0,0.0));
#19362=DIRECTION('',(0.577350269189626,-0.577350269189626,-0.577350269189626));
#19363=DIRECTION('',(-0.577350269189626,0.577350269189626,-0.577350269189626));
#19364=DIRECTION('',(1.22460635382238E-16,0.0,-1.0));
#19365=DIRECTION('',(0.577350269189626,0.577350269189626,-0.577350269189626));
#19366=DIRECTION('',(1.0,-0.0,6.12303176911189E-17));
#19367=DIRECTION('',(0.0,0.0,1.0));
#19368=DIRECTION('',(0.577350269189626,0.577350269189626,0.577350269189626));
#19369=DIRECTION('',(-8.71576399210525E-33,0.0,1.0));
#19370=DIRECTION('',(-1.0,0.0,6.12303176911189E-17));
#19371=DIRECTION('',(-1.0,0.0,0.0));
#19372=DIRECTION('',(0.0,1.0,0.0));
#19373=DIRECTION('',(0.0,-1.0,0.0));
#19374=DIRECTION('',(1.0,0.0,0.0));
#19375=DIRECTION('',(0.0,1.0,0.0));
#19376=DIRECTION('',(0.0,1.22460635382238E-16,-1.0));
#19377=DIRECTION('',(0.0,-1.0,0.0));
#19378=DIRECTION('',(0.577350269189626,-0.577350269189626,-0.577350269189626));
#19379=DIRECTION('',(-0.577350269189626,0.577350269189626,-0.577350269189626));
#19380=DIRECTION('',(1.22460635382238E-16,0.0,-1.0));
#19381=DIRECTION('',(0.577350269189626,0.577350269189626,-0.577350269189626));
#19382=DIRECTION('',(1.0,-0.0,6.12303176911189E-17));
#19383=DIRECTION('',(0.0,0.0,1.0));
#19384=DIRECTION('',(0.577350269189626,0.577350269189626,0.577350269189626));
#19385=DIRECTION('',(-8.71576399210525E-33,0.0,1.0));
#19386=DIRECTION('',(-1.0,0.0,6.12303176911189E-17));
#19387=DIRECTION('',(-1.0,0.0,0.0));
#19388=DIRECTION('',(0.0,1.0,0.0));
#19389=DIRECTION('',(0.0,-1.0,0.0));
#19390=DIRECTION('',(1.0,0.0,0.0));
#19391=DIRECTION('',(0.0,1.0,0.0));
#19392=DIRECTION('',(0.0,1.22460635382238E-16,-1.0));
#19393=DIRECTION('',(0.0,-1.0,0.0));
#19394=DIRECTION('',(0.577350269189626,-0.577350269189626,-0.577350269189626));
#19395=DIRECTION('',(-0.577350269189626,0.577350269189626,-0.577350269189626));
#19396=DIRECTION('',(1.22460635382238E-16,0.0,-1.0));
#19397=DIRECTION('',(0.577350269189626,0.577350269189626,-0.577350269189626));
#19398=DIRECTION('',(1.0,-0.0,6.12303176911189E-17));
#19399=DIRECTION('',(0.0,0.0,1.0));
#19400=DIRECTION('',(0.577350269189626,0.577350269189626,0.577350269189626));
#19401=DIRECTION('',(-8.71576399210525E-33,0.0,1.0));
#19402=DIRECTION('',(-1.0,0.0,6.12303176911189E-17));
#19403=DIRECTION('',(-1.0,0.0,0.0));
#19404=DIRECTION('',(0.0,1.0,0.0));
#19405=DIRECTION('',(0.0,-1.0,0.0));
#19406=DIRECTION('',(0.0,1.0,0.0));
#19407=DIRECTION('',(0.0,1.0,0.0));
#19408=DIRECTION('',(0.0,-1.0,0.0));
#19409=DIRECTION('',(0.0,-1.0,0.0));
#19410=DIRECTION('',(-1.0,0.0,0.0));
#19411=DIRECTION('',(0.0,-1.0,0.0));
#19412=DIRECTION('',(0.0,0.0,-1.0));
#19413=DIRECTION('',(0.0,1.0,0.0));
#19414=DIRECTION('',(0.0,1.0,0.0));
#19415=DIRECTION('',(-1.0,0.0,0.0));
#19416=DIRECTION('',(0.0,-1.0,0.0));
#19417=DIRECTION('',(0.0,0.0,-1.0));
#19418=DIRECTION('',(0.0,-1.0,0.0));
#19419=DIRECTION('',(-1.0,0.0,0.0));
#19420=DIRECTION('',(0.0,-1.0,0.0));
#19421=DIRECTION('',(0.0,0.0,-1.0));
#19422=DIRECTION('',(0.0,1.0,0.0));
#19423=DIRECTION('',(0.0,1.0,0.0));
#19424=DIRECTION('',(-1.0,0.0,0.0));
#19425=DIRECTION('',(0.0,-1.0,0.0));
#19426=DIRECTION('',(0.0,0.0,-1.0));
#19427=DIRECTION('',(0.0,-1.0,0.0));
#19428=DIRECTION('',(-1.0,0.0,0.0));
#19429=DIRECTION('',(0.0,-1.0,0.0));
#19430=DIRECTION('',(0.0,0.0,-1.0));
#19431=DIRECTION('',(0.0,1.0,0.0));
#19432=DIRECTION('',(0.0,1.0,0.0));
#19433=DIRECTION('',(-1.0,0.0,0.0));
#19434=DIRECTION('',(0.0,-1.0,0.0));
#19435=DIRECTION('',(0.0,0.0,-1.0));
#19436=DIRECTION('',(0.0,-1.0,0.0));
#19437=DIRECTION('',(-1.0,0.0,0.0));
#19438=DIRECTION('',(0.0,-1.0,0.0));
#19439=DIRECTION('',(0.0,0.0,-1.0));
#19440=DIRECTION('',(0.0,1.0,0.0));
#19441=DIRECTION('',(0.0,1.0,0.0));
#19442=DIRECTION('',(-1.0,0.0,0.0));
#19443=DIRECTION('',(0.0,-1.0,0.0));
#19444=DIRECTION('',(0.0,0.0,-1.0));
#19445=DIRECTION('',(0.0,-1.0,0.0));
#19446=DIRECTION('',(-1.0,0.0,0.0));
#19447=DIRECTION('',(0.0,-1.0,0.0));
#19448=DIRECTION('',(0.0,0.0,-1.0));
#19449=DIRECTION('',(0.0,1.0,0.0));
#19450=DIRECTION('',(0.0,1.0,0.0));
#19451=DIRECTION('',(-1.0,0.0,0.0));
#19452=DIRECTION('',(0.0,-1.0,0.0));
#19453=DIRECTION('',(0.0,0.0,-1.0));
#19454=DIRECTION('',(0.0,-1.0,0.0));
#19455=DIRECTION('',(-1.0,0.0,0.0));
#19456=DIRECTION('',(0.0,-1.0,0.0));
#19457=DIRECTION('',(0.0,0.0,-1.0));
#19458=DIRECTION('',(0.0,1.0,0.0));
#19459=DIRECTION('',(0.0,1.0,0.0));
#19460=DIRECTION('',(-1.0,0.0,0.0));
#19461=DIRECTION('',(0.0,-1.0,0.0));
#19462=DIRECTION('',(0.0,0.0,-1.0));
#19463=DIRECTION('',(0.0,-1.0,0.0));
#19464=DIRECTION('',(-1.0,0.0,0.0));
#19465=DIRECTION('',(0.0,-1.0,0.0));
#19466=DIRECTION('',(0.0,0.0,-1.0));
#19467=DIRECTION('',(0.0,1.0,0.0));
#19468=DIRECTION('',(0.0,1.0,0.0));
#19469=DIRECTION('',(-1.0,0.0,0.0));
#19470=DIRECTION('',(0.0,-1.0,0.0));
#19471=DIRECTION('',(0.0,0.0,-1.0));
#19472=DIRECTION('',(0.0,-1.0,0.0));
#19473=DIRECTION('',(-1.0,0.0,0.0));
#19474=DIRECTION('',(0.0,-1.0,0.0));
#19475=DIRECTION('',(0.0,0.0,-1.0));
#19476=DIRECTION('',(0.0,1.0,0.0));
#19477=DIRECTION('',(0.0,1.0,0.0));
#19478=DIRECTION('',(-1.0,0.0,0.0));
#19479=DIRECTION('',(0.0,-1.0,0.0));
#19480=DIRECTION('',(0.0,0.0,-1.0));
#19481=DIRECTION('',(0.0,-1.0,0.0));
#19482=DIRECTION('',(0.0,1.0,-0.0));
#19483=DIRECTION('',(0.0,1.0,0.0));
#19484=DIRECTION('',(0.0,-1.0,0.0));
#19485=DIRECTION('',(0.0,1.0,0.0));
#19486=DIRECTION('',(1.0,0.0,6.12303176911189E-17));
#19487=DIRECTION('',(0.0,1.0,0.0));
#19488=DIRECTION('',(1.0,0.0,6.12303176911189E-17));
#19489=DIRECTION('',(6.12303176911189E-17,0.0,-1.0));
#19490=DIRECTION('',(1.0,0.0,6.12303176911189E-17));
#19491=DIRECTION('',(6.12303176911189E-17,0.0,-1.0));
#19492=DIRECTION('',(0.0,-1.0,0.0));
#19493=DIRECTION('',(1.0,0.0,6.12303176911189E-17));
#19494=DIRECTION('',(0.0,-1.0,0.0));
#19495=DIRECTION('',(6.12303176911189E-17,0.0,-1.0));
#19496=DIRECTION('',(1.0,0.0,6.12303176911189E-17));
#19497=DIRECTION('',(6.12303176911189E-17,0.0,-1.0));
#19498=DIRECTION('',(0.0,-1.0,0.0));
#19499=DIRECTION('',(1.0,0.0,6.12303176911189E-17));
#19500=DIRECTION('',(0.0,-1.0,0.0));
#19501=DIRECTION('',(-6.12303176911189E-17,-0.0,1.0));
#19502=DIRECTION('',(1.0,0.0,6.12303176911189E-17));
#19503=DIRECTION('',(-4.32963728535968E-17,0.707106781186547,0.707106781186548));
#19504=DIRECTION('',(-4.32963728535968E-17,0.707106781186547,0.707106781186548));
#19505=DIRECTION('',(-6.12303176911189E-17,-0.0,1.0));
#19506=DIRECTION('',(1.0,0.0,6.12303176911189E-17));
#19507=DIRECTION('',(0.0,1.0,0.0));
#19508=DIRECTION('',(1.0,0.0,6.12303176911189E-17));
#19509=DIRECTION('',(0.0,-1.0,0.0));
#19510=DIRECTION('',(6.12303176911189E-17,0.0,-1.0));
#19511=DIRECTION('',(6.12303176911189E-17,0.0,-1.0));
ENDSEC;
END-ISO-10303-21;
