ISO-10303-21;
HEADER;
FILE_DESCRIPTION (( 'STEP AP214' ),
    '1' );
FILE_NAME ('YMCP002AA.STEP',
    '2024-05-02T15:28:21',
    ( 'LENOVO' ),
    ( '' ),
    'SwSTEP 2.0',
    'SolidWorks 2021',
    '' );
FILE_SCHEMA (( 'AUTOMOTIVE_DESIGN' ));
ENDSEC;

DATA;
#1 = EDGE_CURVE ( 'NONE', #1708, #3052, #1183, .T. ) ;
#2 = DIRECTION ( 'NONE',  ( -0.000000000000000000, -0.000000000000000000, 1.000000000000000000 ) ) ;
#3 = DIRECTION ( 'NONE',  ( 8.673617379884058152E-16, 0.000000000000000000, 1.000000000000000000 ) ) ;
#4 = CARTESIAN_POINT ( 'NONE',  ( 20.00000000000000000, 0.2999999999999999334, 3.550000000000000266 ) ) ;
#5 = CARTESIAN_POINT ( 'NONE',  ( -16.50000000000000000, 7.429999999999999716, -3.549999999999999822 ) ) ;
#6 = ADVANCED_FACE ( 'NONE', ( #3592 ), #1216, .F. ) ;
#7 = FACE_OUTER_BOUND ( 'NONE', #1054, .T. ) ;
#8 = VECTOR ( 'NONE', #268, 1000.000000000000000 ) ;
#9 = EDGE_CURVE ( 'NONE', #832, #1997, #43, .T. ) ;
#10 = CIRCLE ( 'NONE', #2320, 0.1999999999999996503 ) ;
#11 = DIRECTION ( 'NONE',  ( 0.000000000000000000, 0.000000000000000000, 1.000000000000000000 ) ) ;
#12 = LINE ( 'NONE', #2775, #2454 ) ;
#13 = EDGE_CURVE ( 'NONE', #142, #886, #2409, .T. ) ;
#14 = VECTOR ( 'NONE', #152, 1000.000000000000114 ) ;
#15 = CARTESIAN_POINT ( 'NONE',  ( -19.00000000000000000, 4.480000000000000426, 3.250000000000001776 ) ) ;
#16 = CARTESIAN_POINT ( 'NONE',  ( -16.25000000000000355, 0.2999999999999999889, -3.050000000000000711 ) ) ;
#17 = CARTESIAN_POINT ( 'NONE',  ( 20.00000000000000000, 6.930000000000000604, -3.549999999999998490 ) ) ;
#18 = DIRECTION ( 'NONE',  ( 0.000000000000000000, 1.000000000000000000, 3.129010598803764644E-16 ) ) ;
#19 = DIRECTION ( 'NONE',  ( 0.000000000000000000, 1.000000000000000000, 0.000000000000000000 ) ) ;
#20 = ADVANCED_FACE ( 'NONE', ( #1204 ), #1313, .F. ) ;
#21 = DIRECTION ( 'NONE',  ( 1.000000000000000000, 0.000000000000000000, -0.000000000000000000 ) ) ;
#22 = CARTESIAN_POINT ( 'NONE',  ( 20.00000000000000000, 0.5000000000000001110, -4.050000000000000711 ) ) ;
#23 = CARTESIAN_POINT ( 'NONE',  ( 20.00000000000000000, 1.729999999999999760, 2.550000000000000266 ) ) ;
#24 = AXIS2_PLACEMENT_3D ( 'NONE', #1209, #3442, #1693 ) ;
#25 = LINE ( 'NONE', #847, #14 ) ;
#26 = AXIS2_PLACEMENT_3D ( 'NONE', #1764, #3488, #3119 ) ;
#27 = CARTESIAN_POINT ( 'NONE',  ( -15.05000000000000071, 7.429999999999999716, 2.300000000000001599 ) ) ;
#28 = VECTOR ( 'NONE', #327, 1000.000000000000000 ) ;
#29 = CARTESIAN_POINT ( 'NONE',  ( 20.00000000000000000, 6.930000000000000604, 3.050000000000002487 ) ) ;
#30 = DIRECTION ( 'NONE',  ( 0.000000000000000000, 0.000000000000000000, -1.000000000000000000 ) ) ;
#31 = AXIS2_PLACEMENT_3D ( 'NONE', #1860, #395, #2187 ) ;
#32 = VECTOR ( 'NONE', #2541, 1000.000000000000000 ) ;
#33 = DIRECTION ( 'NONE',  ( 0.000000000000000000, 0.000000000000000000, 1.000000000000000000 ) ) ;
#34 = CARTESIAN_POINT ( 'NONE',  ( -20.00000000000000000, 6.930000000000000604, 3.550000000000002487 ) ) ;
#35 = CARTESIAN_POINT ( 'NONE',  ( 14.30000000000000426, 6.930000000000000604, -3.749999999999998224 ) ) ;
#36 = VECTOR ( 'NONE', #2935, 1000.000000000000000 ) ;
#37 = EDGE_CURVE ( 'NONE', #2296, #3106, #2434, .T. ) ;
#38 = CARTESIAN_POINT ( 'NONE',  ( 14.30000000000000426, 1.250000000000004441, -3.550000000000001599 ) ) ;
#39 = DIRECTION ( 'NONE',  ( -1.000000000000000000, -0.000000000000000000, -0.000000000000000000 ) ) ;
#40 = DIRECTION ( 'NONE',  ( 1.000000000000000000, 0.000000000000000000, 0.000000000000000000 ) ) ;
#41 = DIRECTION ( 'NONE',  ( -1.000000000000000000, -0.000000000000000000, -0.000000000000000000 ) ) ;
#42 = PLANE ( 'NONE',  #3482 ) ;
#43 = LINE ( 'NONE', #177, #1180 ) ;
#44 = EDGE_CURVE ( 'NONE', #3512, #2249, #12, .T. ) ;
#45 = ADVANCED_FACE ( 'NONE', ( #1239 ), #3309, .F. ) ;
#46 = EDGE_CURVE ( 'NONE', #2080, #682, #2449, .T. ) ;
#47 = DIRECTION ( 'NONE',  ( 1.000000000000000000, 0.000000000000000000, -0.000000000000000000 ) ) ;
#48 = CARTESIAN_POINT ( 'NONE',  ( 18.00000000000000355, 6.930000000000000604, 3.050000000000002487 ) ) ;
#49 = CIRCLE ( 'NONE', #3207, 0.1999999999999996503 ) ;
#50 = DIRECTION ( 'NONE',  ( -0.000000000000000000, -0.000000000000000000, 1.000000000000000000 ) ) ;
#51 = CARTESIAN_POINT ( 'NONE',  ( 16.55000000000000071, 4.830000000000000071, 3.250000000000001776 ) ) ;
#52 = DIRECTION ( 'NONE',  ( -7.542275982507869966E-16, -1.000000000000000000, 0.000000000000000000 ) ) ;
#53 = CARTESIAN_POINT ( 'NONE',  ( 14.50000000000000000, 4.629999999999999893, 3.050000000000002487 ) ) ;
#54 = AXIS2_PLACEMENT_3D ( 'NONE', #2107, #1303, #2430 ) ;
#55 = CARTESIAN_POINT ( 'NONE',  ( -20.00000000000000000, 6.930000000000000604, -4.049999999999998046 ) ) ;
#56 = CARTESIAN_POINT ( 'NONE',  ( -4.749999999999999112, 6.930000000000000604, 2.800000000000000711 ) ) ;
#57 = DIRECTION ( 'NONE',  ( -1.000000000000000000, -0.000000000000000000, -0.000000000000000000 ) ) ;
#58 = DIRECTION ( 'NONE',  ( -0.000000000000000000, 0.000000000000000000, -1.000000000000000000 ) ) ;
#59 = DIRECTION ( 'NONE',  ( 1.000000000000000000, 0.000000000000000000, 0.000000000000000000 ) ) ;
#60 = VECTOR ( 'NONE', #130, 1000.000000000000000 ) ;
#61 = AXIS2_PLACEMENT_3D ( 'NONE', #1442, #2840, #849 ) ;
#62 = LINE ( 'NONE', #3489, #1285 ) ;
#63 = DIRECTION ( 'NONE',  ( 0.000000000000000000, 3.270594788794885384E-16, -1.000000000000000000 ) ) ;
#64 = CARTESIAN_POINT ( 'NONE',  ( 20.00000000000000000, 6.930000000000000604, 3.550000000000002487 ) ) ;
#65 = EDGE_CURVE ( 'NONE', #1552, #682, #1220, .T. ) ;
#66 = LINE ( 'NONE', #386, #72 ) ;
#67 = DIRECTION ( 'NONE',  ( 0.000000000000000000, -1.000000000000000000, 0.000000000000000000 ) ) ;
#68 = CARTESIAN_POINT ( 'NONE',  ( -6.999999999999999112, 6.930000000000000604, 3.250000000000002665 ) ) ;
#69 = DIRECTION ( 'NONE',  ( 1.000000000000000000, 0.000000000000000000, 0.000000000000000000 ) ) ;
#70 = CARTESIAN_POINT ( 'NONE',  ( 20.00000000000000000, 6.930000000000000604, -4.049999999999998046 ) ) ;
#71 = EDGE_CURVE ( 'NONE', #3136, #1808, #2418, .T. ) ;
#72 = VECTOR ( 'NONE', #1477, 1000.000000000000000 ) ;
#73 = DIRECTION ( 'NONE',  ( 1.000000000000000000, 0.000000000000000000, 0.000000000000000000 ) ) ;
#74 = DIRECTION ( 'NONE',  ( 0.000000000000000000, 0.000000000000000000, 1.000000000000000000 ) ) ;
#75 = CARTESIAN_POINT ( 'NONE',  ( -20.00000000000000000, 0.3000000000000001554, -3.550000000000000266 ) ) ;
#76 = DIRECTION ( 'NONE',  ( 1.000000000000000000, 0.000000000000000000, 0.000000000000000000 ) ) ;
#77 = DIRECTION ( 'NONE',  ( 0.000000000000000000, 0.000000000000000000, 1.000000000000000000 ) ) ;
#78 = EDGE_CURVE ( 'NONE', #3278, #2407, #25, .T. ) ;
#79 = FACE_OUTER_BOUND ( 'NONE', #138, .T. ) ;
#80 = EDGE_CURVE ( 'NONE', #3280, #2676, #3566, .T. ) ;
#81 = LINE ( 'NONE', #679, #111 ) ;
#82 = PLANE ( 'NONE',  #1981 ) ;
#83 = CARTESIAN_POINT ( 'NONE',  ( 20.00000000000000000, 6.930000000000000604, -3.549999999999998490 ) ) ;
#84 = CYLINDRICAL_SURFACE ( 'NONE', #487, 0.1999999999999996503 ) ;
#85 = CARTESIAN_POINT ( 'NONE',  ( -18.19999999999999574, 2.229999999999999982, 3.550000000000000266 ) ) ;
#86 = CARTESIAN_POINT ( 'NONE',  ( -6.699999999999999289, 4.230000000000001315, 3.050000000000002487 ) ) ;
#87 = CARTESIAN_POINT ( 'NONE',  ( 16.04999999999999716, 7.429999999999999716, 2.800000000000001155 ) ) ;
#88 = ADVANCED_FACE ( 'NONE', ( #1157 ), #2558, .F. ) ;
#89 = AXIS2_PLACEMENT_3D ( 'NONE', #2516, #3059, #2300 ) ;
#90 = CIRCLE ( 'NONE', #1273, 0.2500000000000002220 ) ;
#91 = CARTESIAN_POINT ( 'NONE',  ( 16.04999999999999716, 7.429999999999999716, 2.550000000000001155 ) ) ;
#92 = PLANE ( 'NONE',  #2239 ) ;
#93 = DIRECTION ( 'NONE',  ( 0.000000000000000000, 0.000000000000000000, 1.000000000000000000 ) ) ;
#94 = CARTESIAN_POINT ( 'NONE',  ( 20.00000000000000000, 1.000000000000003553, -3.750000000000000000 ) ) ;
#95 = AXIS2_PLACEMENT_3D ( 'NONE', #2617, #2912, #419 ) ;
#96 = CIRCLE ( 'NONE', #2623, 0.4999999999999995559 ) ;
#97 = CARTESIAN_POINT ( 'NONE',  ( 19.00000000000000000, 1.729999999999999538, 3.250000000000000888 ) ) ;
#98 = EDGE_CURVE ( 'NONE', #491, #3347, #1189, .T. ) ;
#99 = CARTESIAN_POINT ( 'NONE',  ( -18.19999999999999574, 2.229999999999999982, 3.050000000000002487 ) ) ;
#100 = CIRCLE ( 'NONE', #95, 0.2499999999999997780 ) ;
#101 = EDGE_CURVE ( 'NONE', #1882, #1538, #1255, .T. ) ;
#102 = CARTESIAN_POINT ( 'NONE',  ( -15.30000000000000071, 7.429999999999999716, -2.799999999999999378 ) ) ;
#103 = DIRECTION ( 'NONE',  ( 0.000000000000000000, 0.000000000000000000, 1.000000000000000000 ) ) ;
#104 = DIRECTION ( 'NONE',  ( 0.000000000000000000, 0.000000000000000000, 1.000000000000000000 ) ) ;
#105 = CARTESIAN_POINT ( 'NONE',  ( -16.50000000000000355, 6.930000000000000604, -3.549999999999998490 ) ) ;
#106 = EDGE_CURVE ( 'NONE', #1644, #1093, #1224, .T. ) ;
#107 = ADVANCED_FACE ( 'NONE', ( #3598 ), #3157, .T. ) ;
#108 = DIRECTION ( 'NONE',  ( 0.000000000000000000, 3.129010598803764644E-16, -1.000000000000000000 ) ) ;
#109 = CIRCLE ( 'NONE', #159, 0.2500000000000002220 ) ;
#110 = EDGE_CURVE ( 'NONE', #1630, #1808, #3613, .T. ) ;
#111 = VECTOR ( 'NONE', #2121, 1000.000000000000000 ) ;
#112 = CARTESIAN_POINT ( 'NONE',  ( 16.25000000000000000, 4.830000000000000071, 3.250000000000001776 ) ) ;
#113 = VECTOR ( 'NONE', #302, 1000.000000000000000 ) ;
#114 = DIRECTION ( 'NONE',  ( -0.000000000000000000, -0.000000000000000000, 1.000000000000000000 ) ) ;
#115 = DIRECTION ( 'NONE',  ( 1.000000000000000000, 0.000000000000000000, 0.000000000000000000 ) ) ;
#116 = CARTESIAN_POINT ( 'NONE',  ( 17.69999999999999929, 4.829999999999999183, 3.250000000000001776 ) ) ;
#117 = CARTESIAN_POINT ( 'NONE',  ( -5.000000000000000888, 7.129999999999999893, 3.050000000000002931 ) ) ;
#118 = AXIS2_PLACEMENT_3D ( 'NONE', #3131, #2723, #821 ) ;
#119 = FACE_OUTER_BOUND ( 'NONE', #1113, .T. ) ;
#120 = AXIS2_PLACEMENT_3D ( 'NONE', #1459, #2425, #3529 ) ;
#121 = DIRECTION ( 'NONE',  ( 1.000000000000000000, 0.000000000000000000, 0.000000000000000000 ) ) ;
#122 = FACE_OUTER_BOUND ( 'NONE', #1059, .T. ) ;
#123 = FACE_OUTER_BOUND ( 'NONE', #439, .T. ) ;
#124 = ADVANCED_FACE ( 'NONE', ( #3573 ), #2466, .F. ) ;
#125 = EDGE_CURVE ( 'NONE', #3390, #1382, #1249, .T. ) ;
#126 = PLANE ( 'NONE',  #2193 ) ;
#127 = CARTESIAN_POINT ( 'NONE',  ( 20.00000000000000000, 7.429999999999999716, -3.549999999999998490 ) ) ;
#128 = CIRCLE ( 'NONE', #1334, 0.2500000000000002220 ) ;
#129 = EDGE_CURVE ( 'NONE', #2994, #978, #1211, .T. ) ;
#130 = DIRECTION ( 'NONE',  ( -0.000000000000000000, 1.000000000000000000, -0.000000000000000000 ) ) ;
#131 = CIRCLE ( 'NONE', #1988, 0.2999999999999999334 ) ;
#132 = EDGE_CURVE ( 'NONE', #1896, #512, #1232, .T. ) ;
#133 = CARTESIAN_POINT ( 'NONE',  ( 20.00000000000000000, 6.930000000000000604, 3.550000000000002487 ) ) ;
#134 = DIRECTION ( 'NONE',  ( 0.000000000000000000, 0.000000000000000000, -1.000000000000000000 ) ) ;
#135 = DIRECTION ( 'NONE',  ( 1.000000000000000000, 0.000000000000000000, 0.000000000000000000 ) ) ;
#136 = CARTESIAN_POINT ( 'NONE',  ( 20.00000000000000000, 0.000000000000000000, 3.550000000000000266 ) ) ;
#137 = LINE ( 'NONE', #966, #2567 ) ;
#138 = EDGE_LOOP ( 'NONE', ( #2932, #2305, #507, #1744, #2358, #3035, #545, #2950 ) ) ;
#139 = EDGE_CURVE ( 'NONE', #896, #594, #1252, .T. ) ;
#140 = CIRCLE ( 'NONE', #311, 0.4999999999999995559 ) ;
#141 = EDGE_CURVE ( 'NONE', #174, #2249, #1198, .T. ) ;
#142 = VERTEX_POINT ( 'NONE', #339 ) ;
#143 = CARTESIAN_POINT ( 'NONE',  ( -20.00000000000000000, 6.930000000000000604, 3.050000000000002487 ) ) ;
#144 = CARTESIAN_POINT ( 'NONE',  ( 20.00000000000000000, 0.3000000000000001554, -3.550000000000000266 ) ) ;
#145 = LINE ( 'NONE', #669, #218 ) ;
#146 = ORIENTED_EDGE ( 'NONE', *, *, #2390, .T. ) ;
#147 = AXIS2_PLACEMENT_3D ( 'NONE', #1347, #2042, #3386 ) ;
#148 = CARTESIAN_POINT ( 'NONE',  ( -20.00000000000000000, 0.2999999999999999334, 3.250000000000000444 ) ) ;
#149 = LINE ( 'NONE', #3256, #2610 ) ;
#150 = EDGE_LOOP ( 'NONE', ( #3013, #554, #578, #1827 ) ) ;
#151 = AXIS2_PLACEMENT_3D ( 'NONE', #1725, #3049, #40 ) ;
#152 = DIRECTION ( 'NONE',  ( -0.7071067811865491270, 0.000000000000000000, -0.7071067811865459074 ) ) ;
#153 = DIRECTION ( 'NONE',  ( 1.000000000000000000, 0.000000000000000000, -0.000000000000000000 ) ) ;
#154 = DIRECTION ( 'NONE',  ( 0.000000000000000000, -2.697859216138113949E-16, 1.000000000000000000 ) ) ;
#155 = CARTESIAN_POINT ( 'NONE',  ( 16.25000000000000000, 3.279999999999999361, 3.250000000000001332 ) ) ;
#156 = CARTESIAN_POINT ( 'NONE',  ( -5.000000000000000888, 4.530000000000000249, 3.250000000000002220 ) ) ;
#157 = CYLINDRICAL_SURFACE ( 'NONE', #3199, 0.3000000000000016542 ) ;
#158 = ORIENTED_EDGE ( 'NONE', *, *, #3124, .F. ) ;
#159 = AXIS2_PLACEMENT_3D ( 'NONE', #2981, #1279, #3509 ) ;
#160 = LINE ( 'NONE', #1536, #1482 ) ;
#161 = ORIENTED_EDGE ( 'NONE', *, *, #125, .T. ) ;
#162 = CARTESIAN_POINT ( 'NONE',  ( 20.00000000000000000, 6.930000000000000604, 3.250000000000002665 ) ) ;
#163 = DIRECTION ( 'NONE',  ( -1.000000000000000000, -0.000000000000000000, -0.000000000000000000 ) ) ;
#164 = VECTOR ( 'NONE', #334, 1000.000000000000000 ) ;
#165 = EDGE_CURVE ( 'NONE', #1673, #2271, #49, .T. ) ;
#166 = LINE ( 'NONE', #1021, #1350 ) ;
#167 = ORIENTED_EDGE ( 'NONE', *, *, #1389, .F. ) ;
#168 = CIRCLE ( 'NONE', #1496, 0.2500000000000002220 ) ;
#169 = CARTESIAN_POINT ( 'NONE',  ( 11.75000000000000000, 7.129999999999999893, -3.300000000000004707 ) ) ;
#170 = DIRECTION ( 'NONE',  ( -1.000000000000000000, -0.000000000000000000, -0.000000000000000000 ) ) ;
#171 = CARTESIAN_POINT ( 'NONE',  ( 20.00000000000000000, 0.5000000000000003331, -3.750000000000000000 ) ) ;
#172 = LINE ( 'NONE', #3130, #192 ) ;
#173 = EDGE_CURVE ( 'NONE', #3136, #3278, #2392, .T. ) ;
#174 = VERTEX_POINT ( 'NONE', #3127 ) ;
#175 = EDGE_CURVE ( 'NONE', #534, #2784, #2439, .T. ) ;
#176 = VECTOR ( 'NONE', #2130, 1000.000000000000000 ) ;
#177 = CARTESIAN_POINT ( 'NONE',  ( 14.70000000000000107, 4.830000000000000959, 3.550000000000000266 ) ) ;
#178 = DIRECTION ( 'NONE',  ( 0.000000000000000000, -1.000000000000000000, -3.270594788794885384E-16 ) ) ;
#179 = CARTESIAN_POINT ( 'NONE',  ( -18.00000000000000000, 6.930000000000000604, 3.250000000000002665 ) ) ;
#180 = CARTESIAN_POINT ( 'NONE',  ( 16.55000000000000071, 3.279999999999999361, 3.250000000000001332 ) ) ;
#181 = DIRECTION ( 'NONE',  ( -0.000000000000000000, -0.000000000000000000, 1.000000000000000000 ) ) ;
#182 = ADVANCED_FACE ( 'NONE', ( #1235 ), #2349, .F. ) ;
#183 = VERTEX_POINT ( 'NONE', #1205 ) ;
#184 = FACE_BOUND ( 'NONE', #3479, .T. ) ;
#185 = EDGE_CURVE ( 'NONE', #379, #1917, #1168, .T. ) ;
#186 = VECTOR ( 'NONE', #2337, 1000.000000000000000 ) ;
#187 = ORIENTED_EDGE ( 'NONE', *, *, #301, .T. ) ;
#188 = CARTESIAN_POINT ( 'NONE',  ( -16.50000000000000000, 6.680000000000000604, -3.549999999999999822 ) ) ;
#189 = CARTESIAN_POINT ( 'NONE',  ( 18.00000000000000355, 7.429999999999999716, 3.050000000000002487 ) ) ;
#190 = VECTOR ( 'NONE', #1106, 1000.000000000000000 ) ;
#191 = AXIS2_PLACEMENT_3D ( 'NONE', #2715, #2766, #1367 ) ;
#192 = VECTOR ( 'NONE', #3450, 1000.000000000000000 ) ;
#193 = EDGE_LOOP ( 'NONE', ( #783, #1584, #1613, #2845, #2241, #505, #2189, #3260, #3181, #1875 ) ) ;
#194 = UNCERTAINTY_MEASURE_WITH_UNIT (LENGTH_MEASURE( 1.000000000000000082E-05 ), #882, 'distance_accuracy_value', 'NONE');
#195 = CIRCLE ( 'NONE', #1450, 0.1999999999999996503 ) ;
#196 = DIRECTION ( 'NONE',  ( -1.000000000000000000, -0.000000000000000000, -0.000000000000000000 ) ) ;
#197 = DIRECTION ( 'NONE',  ( 0.7071067811865521247, -0.7071067811865430208, -2.312659753670232987E-16 ) ) ;
#198 = FACE_OUTER_BOUND ( 'NONE', #273, .T. ) ;
#199 = AXIS2_PLACEMENT_3D ( 'NONE', #2377, #2828, #363 ) ;
#200 = ORIENTED_EDGE ( 'NONE', *, *, #1897, .F. ) ;
#201 = VECTOR ( 'NONE', #3069, 1000.000000000000000 ) ;
#202 = ADVANCED_FACE ( 'NONE', ( #2396 ), #2636, .F. ) ;
#203 = DIRECTION ( 'NONE',  ( 0.000000000000000000, 0.000000000000000000, 1.000000000000000000 ) ) ;
#204 = DIRECTION ( 'NONE',  ( -1.000000000000000000, -1.355252715606880543E-16, 0.000000000000000000 ) ) ;
#205 = DIRECTION ( 'NONE',  ( 0.000000000000000000, 0.000000000000000000, -1.000000000000000000 ) ) ;
#206 = DIRECTION ( 'NONE',  ( 1.294569758191647155E-16, 0.000000000000000000, 1.000000000000000000 ) ) ;
#207 = CIRCLE ( 'NONE', #61, 0.3000000000000007661 ) ;
#208 = EDGE_CURVE ( 'NONE', #807, #2712, #3587, .T. ) ;
#209 = LINE ( 'NONE', #2888, #1379 ) ;
#210 = LINE ( 'NONE', #1879, #1418 ) ;
#211 = DIRECTION ( 'NONE',  ( -0.000000000000000000, 1.000000000000000000, -0.000000000000000000 ) ) ;
#212 = EDGE_CURVE ( 'NONE', #2984, #2023, #1174, .T. ) ;
#213 = VECTOR ( 'NONE', #1300, 1000.000000000000000 ) ;
#214 = EDGE_CURVE ( 'NONE', #668, #1644, #1243, .T. ) ;
#215 = CIRCLE ( 'NONE', #691, 0.2999999999999990452 ) ;
#216 = DIRECTION ( 'NONE',  ( 0.000000000000000000, 0.000000000000000000, 1.000000000000000000 ) ) ;
#217 = CARTESIAN_POINT ( 'NONE',  ( 14.75000000000003553, 1.679999999999967075, 3.250000000000000888 ) ) ;
#218 = VECTOR ( 'NONE', #722, 1000.000000000000000 ) ;
#219 = EDGE_CURVE ( 'NONE', #3282, #978, #1265, .T. ) ;
#220 = LINE ( 'NONE', #1118, #1438 ) ;
#221 = DIRECTION ( 'NONE',  ( 0.000000000000000000, 1.000000000000000000, 0.000000000000000000 ) ) ;
#222 = DIRECTION ( 'NONE',  ( 0.000000000000000000, 1.000000000000000000, 0.000000000000000000 ) ) ;
#223 = CARTESIAN_POINT ( 'NONE',  ( 15.00000000000000355, 3.284605000338298812E-16, -3.300000000000000711 ) ) ;
#224 = DIRECTION ( 'NONE',  ( -0.000000000000000000, -0.000000000000000000, 1.000000000000000000 ) ) ;
#225 = CARTESIAN_POINT ( 'NONE',  ( -4.749999999999999112, 7.129999999999999893, 2.800000000000000711 ) ) ;
#226 = EDGE_CURVE ( 'NONE', #2776, #3241, #131, .T. ) ;
#227 = CIRCLE ( 'NONE', #2406, 0.1999999999999996503 ) ;
#228 = ADVANCED_FACE ( 'NONE', ( #2524 ), #84, .F. ) ;
#229 = CARTESIAN_POINT ( 'NONE',  ( -6.299999999999999822, 4.230000000000000426, 3.250000000000001776 ) ) ;
#230 = AXIS2_PLACEMENT_3D ( 'NONE', #1073, #235, #3353 ) ;
#231 = CIRCLE ( 'NONE', #2822, 0.2500000000000002220 ) ;
#232 = DIRECTION ( 'NONE',  ( -0.000000000000000000, 0.000000000000000000, 1.000000000000000000 ) ) ;
#233 = CYLINDRICAL_SURFACE ( 'NONE', #903, 0.2500000000000002220 ) ;
#234 = CIRCLE ( 'NONE', #24, 0.2500000000000002220 ) ;
#235 = DIRECTION ( 'NONE',  ( 0.000000000000000000, 3.270594788794885384E-16, -1.000000000000000000 ) ) ;
#236 = DIRECTION ( 'NONE',  ( -0.000000000000000000, -0.000000000000000000, 1.000000000000000000 ) ) ;
#237 = CARTESIAN_POINT ( 'NONE',  ( 19.30000000000000071, 4.529999999999998472, 3.550000000000000266 ) ) ;
#238 = CARTESIAN_POINT ( 'NONE',  ( 14.50000000000000000, 4.629999999999999893, 3.250000000000001332 ) ) ;
#239 = AXIS2_PLACEMENT_3D ( 'NONE', #354, #3197, #1242 ) ;
#240 = LINE ( 'NONE', #2737, #1451 ) ;
#241 = LINE ( 'NONE', #53, #2681 ) ;
#242 = CARTESIAN_POINT ( 'NONE',  ( 15.00000000000000355, 6.930000000000000604, -2.746446609406727024 ) ) ;
#243 = AXIS2_PLACEMENT_3D ( 'NONE', #2216, #2473, #2699 ) ;
#244 = DIRECTION ( 'NONE',  ( 0.000000000000000000, -1.000000000000000000, 0.000000000000000000 ) ) ;
#245 = DIRECTION ( 'NONE',  ( 0.000000000000000000, -1.000000000000000000, 0.000000000000000000 ) ) ;
#246 = DIRECTION ( 'NONE',  ( -0.000000000000000000, -0.000000000000000000, 1.000000000000000000 ) ) ;
#247 = DIRECTION ( 'NONE',  ( -1.355252715606880543E-16, 1.000000000000000000, 0.000000000000000000 ) ) ;
#248 = ORIENTED_EDGE ( 'NONE', *, *, #1526, .F. ) ;
#249 = CIRCLE ( 'NONE', #147, 0.4999999999999995559 ) ;
#250 = EDGE_CURVE ( 'NONE', #2762, #2712, #96, .T. ) ;
#251 = CARTESIAN_POINT ( 'NONE',  ( 20.00000000000000000, 0.5000000000000001110, -4.050000000000000711 ) ) ;
#252 = ORIENTED_EDGE ( 'NONE', *, *, #2670, .T. ) ;
#253 = CARTESIAN_POINT ( 'NONE',  ( 17.69999999999999929, 4.829999999999999183, 3.550000000000000266 ) ) ;
#254 = LINE ( 'NONE', #1141, #2704 ) ;
#255 = DIRECTION ( 'NONE',  ( 1.000000000000000000, 0.000000000000000000, 0.000000000000000000 ) ) ;
#256 = ADVANCED_FACE ( 'NONE', ( #122 ), #2486, .F. ) ;
#257 = EDGE_CURVE ( 'NONE', #978, #2588, #1301, .T. ) ;
#258 = ORIENTED_EDGE ( 'NONE', *, *, #627, .T. ) ;
#259 = FACE_BOUND ( 'NONE', #3486, .T. ) ;
#260 = EDGE_CURVE ( 'NONE', #668, #3038, #1329, .T. ) ;
#261 = DIRECTION ( 'NONE',  ( 1.000000000000000000, 0.000000000000000000, 0.000000000000000000 ) ) ;
#262 = CARTESIAN_POINT ( 'NONE',  ( -20.00000000000000000, 7.429999999999999716, 3.050000000000002487 ) ) ;
#263 = CARTESIAN_POINT ( 'NONE',  ( -16.50000000000000000, 0.7500000000000081046, -4.050000000000000711 ) ) ;
#264 = CIRCLE ( 'NONE', #2601, 0.3000000000000007661 ) ;
#265 = ADVANCED_FACE ( 'NONE', ( #2542 ), #1271, .T. ) ;
#266 = ORIENTED_EDGE ( 'NONE', *, *, #1319, .T. ) ;
#267 = VECTOR ( 'NONE', #453, 1000.000000000000000 ) ;
#268 = DIRECTION ( 'NONE',  ( -0.000000000000000000, 1.000000000000000000, 4.046788824207171171E-16 ) ) ;
#269 = CARTESIAN_POINT ( 'NONE',  ( -15.04999999999999893, 7.429999999999999716, 2.300000000000001155 ) ) ;
#270 = DIRECTION ( 'NONE',  ( -0.000000000000000000, -0.000000000000000000, 1.000000000000000000 ) ) ;
#271 = CARTESIAN_POINT ( 'NONE',  ( -16.75000000000000000, 6.930000000000000604, 2.050000000000001599 ) ) ;
#272 = VECTOR ( 'NONE', #2410, 1000.000000000000000 ) ;
#273 = EDGE_LOOP ( 'NONE', ( #489, #2176, #2834, #1714 ) ) ;
#274 = FACE_OUTER_BOUND ( 'NONE', #2910, .T. ) ;
#275 = AXIS2_PLACEMENT_3D ( 'NONE', #1788, #2678, #768 ) ;
#276 = ORIENTED_EDGE ( 'NONE', *, *, #671, .F. ) ;
#277 = FACE_OUTER_BOUND ( 'NONE', #2254, .T. ) ;
#278 = PLANE ( 'NONE',  #1551 ) ;
#279 = LINE ( 'NONE', #3383, #317 ) ;
#280 = AXIS2_PLACEMENT_3D ( 'NONE', #3315, #1332, #2219 ) ;
#281 = VERTEX_POINT ( 'NONE', #1501 ) ;
#282 = VECTOR ( 'NONE', #3179, 1000.000000000000000 ) ;
#283 = DIRECTION ( 'NONE',  ( 0.000000000000000000, -1.000000000000000000, 0.000000000000000000 ) ) ;
#284 = CARTESIAN_POINT ( 'NONE',  ( 15.94999999999999929, 4.830000000000000071, 3.550000000000000266 ) ) ;
#285 = DIRECTION ( 'NONE',  ( 1.000000000000000000, -6.938893903907241197E-16, 0.000000000000000000 ) ) ;
#286 = DIRECTION ( 'NONE',  ( -0.000000000000000000, 1.000000000000000000, -0.000000000000000000 ) ) ;
#287 = FACE_OUTER_BOUND ( 'NONE', #2721, .T. ) ;
#288 = ORIENTED_EDGE ( 'NONE', *, *, #530, .F. ) ;
#289 = EDGE_CURVE ( 'NONE', #2869, #2994, #2517, .T. ) ;
#290 = DIRECTION ( 'NONE',  ( 0.000000000000000000, -1.000000000000000000, 0.000000000000000000 ) ) ;
#291 = CARTESIAN_POINT ( 'NONE',  ( 20.00000000000000000, 7.129999999999999893, 3.050000000000002487 ) ) ;
#292 = CARTESIAN_POINT ( 'NONE',  ( 15.00000000000000355, 0.4999999999999995559, -4.050000000000000711 ) ) ;
#293 = CARTESIAN_POINT ( 'NONE',  ( 15.94999999999999929, 3.279999999999999361, 3.550000000000000266 ) ) ;
#294 = CARTESIAN_POINT ( 'NONE',  ( -6.999999999999999112, 7.430000000000001492, 3.550000000000000266 ) ) ;
#295 = CIRCLE ( 'NONE', #3141, 0.4999999999999995559 ) ;
#296 = ORIENTED_EDGE ( 'NONE', *, *, #1266, .T. ) ;
#297 = EDGE_CURVE ( 'NONE', #1792, #2891, #1338, .T. ) ;
#298 = LINE ( 'NONE', #2751, #329 ) ;
#299 = ORIENTED_EDGE ( 'NONE', *, *, #2297, .T. ) ;
#300 = CYLINDRICAL_SURFACE ( 'NONE', #1041, 0.2500000000000002220 ) ;
#301 = EDGE_CURVE ( 'NONE', #328, #672, #1341, .T. ) ;
#302 = DIRECTION ( 'NONE',  ( 0.000000000000000000, 1.000000000000000000, 0.000000000000000000 ) ) ;
#303 = ORIENTED_EDGE ( 'NONE', *, *, #3546, .T. ) ;
#304 = CIRCLE ( 'NONE', #3243, 0.2500000000000002220 ) ;
#305 = ORIENTED_EDGE ( 'NONE', *, *, #3087, .F. ) ;
#306 = CARTESIAN_POINT ( 'NONE',  ( 15.00000000000000355, 7.130000000000000782, 3.550000000000000266 ) ) ;
#307 = DIRECTION ( 'NONE',  ( 0.000000000000000000, 0.000000000000000000, -1.000000000000000000 ) ) ;
#308 = PLANE ( 'NONE',  #566 ) ;
#309 = VECTOR ( 'NONE', #2276, 1000.000000000000000 ) ;
#310 = ORIENTED_EDGE ( 'NONE', *, *, #2986, .T. ) ;
#311 = AXIS2_PLACEMENT_3D ( 'NONE', #599, #2508, #2748 ) ;
#312 = DIRECTION ( 'NONE',  ( 0.000000000000000000, -0.000000000000000000, 1.000000000000000000 ) ) ;
#313 = VERTEX_POINT ( 'NONE', #3173 ) ;
#314 = FILL_AREA_STYLE_COLOUR ( '', #1406 ) ;
#315 = CARTESIAN_POINT ( 'NONE',  ( 14.30000000000000426, 6.930000000000000604, -4.049999999999998046 ) ) ;
#316 = CARTESIAN_POINT ( 'NONE',  ( 11.75000000000000000, 6.430000000000000604, -4.049999999999998046 ) ) ;
#317 = VECTOR ( 'NONE', #536, 1000.000000000000000 ) ;
#318 = VERTEX_POINT ( 'NONE', #952 ) ;
#319 = LINE ( 'NONE', #2493, #2779 ) ;
#320 = ORIENTED_EDGE ( 'NONE', *, *, #3546, .F. ) ;
#321 = AXIS2_PLACEMENT_3D ( 'NONE', #2841, #3076, #2292 ) ;
#322 = LINE ( 'NONE', #374, #1509 ) ;
#323 = EDGE_LOOP ( 'NONE', ( #2126, #408, #934, #2815 ) ) ;
#324 = VERTEX_POINT ( 'NONE', #3506 ) ;
#325 = AXIS2_PLACEMENT_3D ( 'NONE', #3167, #3523, #1757 ) ;
#326 = LINE ( 'NONE', #3187, #1535 ) ;
#327 = DIRECTION ( 'NONE',  ( -1.000000000000000000, -0.000000000000000000, -0.000000000000000000 ) ) ;
#328 = VERTEX_POINT ( 'NONE', #2593 ) ;
#329 = VECTOR ( 'NONE', #2220, 1000.000000000000000 ) ;
#330 = ORIENTED_EDGE ( 'NONE', *, *, #2849, .F. ) ;
#331 = CARTESIAN_POINT ( 'NONE',  ( 15.94999999999999929, 1.729999999999999316, 3.550000000000000266 ) ) ;
#332 = DIRECTION ( 'NONE',  ( 1.000000000000000000, 0.000000000000000000, 0.000000000000000000 ) ) ;
#333 = DIRECTION ( 'NONE',  ( 0.000000000000000000, 1.000000000000000000, 3.054090626719732925E-16 ) ) ;
#334 = DIRECTION ( 'NONE',  ( -1.000000000000000000, -0.000000000000000000, -0.000000000000000000 ) ) ;
#335 = LINE ( 'NONE', #2761, #309 ) ;
#336 = EDGE_CURVE ( 'NONE', #1382, #2838, #1312, .T. ) ;
#337 = ORIENTED_EDGE ( 'NONE', *, *, #2814, .T. ) ;
#338 = FACE_OUTER_BOUND ( 'NONE', #2198, .T. ) ;
#339 = CARTESIAN_POINT ( 'NONE',  ( 12.00000000000000000, 6.680000000000000604, -4.049999999999998046 ) ) ;
#340 = ORIENTED_EDGE ( 'NONE', *, *, #2343, .F. ) ;
#341 = DIRECTION ( 'NONE',  ( 0.000000000000000000, 0.000000000000000000, -1.000000000000000000 ) ) ;
#342 = CARTESIAN_POINT ( 'NONE',  ( 19.30000000000000071, 1.729999999999999538, 3.050000000000002487 ) ) ;
#343 = CARTESIAN_POINT ( 'NONE',  ( -18.00000000000000000, 2.429999999999999272, 3.050000000000002487 ) ) ;
#344 = APPLICATION_CONTEXT ( 'automotive_design' ) ;
#345 = VECTOR ( 'NONE', #460, 1000.000000000000000 ) ;
#346 = EDGE_CURVE ( 'NONE', #3341, #807, #100, .T. ) ;
#347 = VERTEX_POINT ( 'NONE', #685 ) ;
#348 = CYLINDRICAL_SURFACE ( 'NONE', #465, 0.2500000000000002220 ) ;
#349 = ORIENTED_EDGE ( 'NONE', *, *, #3324, .F. ) ;
#350 = CARTESIAN_POINT ( 'NONE',  ( -15.30000000000000071, 6.930000000000000604, -2.799999999999999378 ) ) ;
#351 = VERTEX_POINT ( 'NONE', #2127 ) ;
#352 = FACE_OUTER_BOUND ( 'NONE', #413, .T. ) ;
#353 = ORIENTED_EDGE ( 'NONE', *, *, #2209, .T. ) ;
#354 = CARTESIAN_POINT ( 'NONE',  ( -18.00000000000000000, 6.930000000000000604, 3.050000000000002487 ) ) ;
#355 = EDGE_CURVE ( 'NONE', #2179, #328, #2559, .T. ) ;
#356 = ORIENTED_EDGE ( 'NONE', *, *, #1634, .F. ) ;
#357 = VECTOR ( 'NONE', #1065, 1000.000000000000000 ) ;
#358 = DIRECTION ( 'NONE',  ( -0.000000000000000000, -0.000000000000000000, 1.000000000000000000 ) ) ;
#359 = VERTEX_POINT ( 'NONE', #2907 ) ;
#360 = FACE_OUTER_BOUND ( 'NONE', #323, .T. ) ;
#361 = ORIENTED_EDGE ( 'NONE', *, *, #1233, .F. ) ;
#362 = DIRECTION ( 'NONE',  ( -0.000000000000000000, -0.000000000000000000, -1.000000000000000000 ) ) ;
#363 = DIRECTION ( 'NONE',  ( 0.000000000000000000, 1.000000000000000000, 0.000000000000000000 ) ) ;
#364 = CARTESIAN_POINT ( 'NONE',  ( -16.25000000000000000, 6.680000000000000604, -4.049999999999998046 ) ) ;
#365 = CARTESIAN_POINT ( 'NONE',  ( -18.69999999999999929, 2.229999999999999982, 3.250000000000000888 ) ) ;
#366 = ORIENTED_EDGE ( 'NONE', *, *, #1291, .F. ) ;
#367 = CYLINDRICAL_SURFACE ( 'NONE', #2680, 0.4999999999999995559 ) ;
#368 =( GEOMETRIC_REPRESENTATION_CONTEXT ( 3 ) GLOBAL_UNCERTAINTY_ASSIGNED_CONTEXT ( ( #194 ) ) GLOBAL_UNIT_ASSIGNED_CONTEXT ( ( #882, #2361, #2581 ) ) REPRESENTATION_CONTEXT ( 'NONE', 'WORKASPACE' ) );
#369 = ORIENTED_EDGE ( 'NONE', *, *, #2398, .T. ) ;
#370 = LINE ( 'NONE', #1305, #400 ) ;
#371 = ORIENTED_EDGE ( 'NONE', *, *, #2803, .F. ) ;
#372 = PRESENTATION_LAYER_ASSIGNMENT (  '', '', ( #2278 ) ) ;
#373 = ORIENTED_EDGE ( 'NONE', *, *, #2494, .F. ) ;
#374 = CARTESIAN_POINT ( 'NONE',  ( -16.50000000000000000, 6.930000000000000604, 2.049999999999999378 ) ) ;
#375 = CARTESIAN_POINT ( 'NONE',  ( -19.30000000000000071, 4.480000000000000426, 3.050000000000002487 ) ) ;
#376 = AXIS2_PLACEMENT_3D ( 'NONE', #3599, #1058, #222 ) ;
#377 = EDGE_LOOP ( 'NONE', ( #720, #703, #1042, #2007, #399, #1049, #2114, #2832 ) ) ;
#378 = FACE_OUTER_BOUND ( 'NONE', #2391, .T. ) ;
#379 = VERTEX_POINT ( 'NONE', #2397 ) ;
#380 = VERTEX_POINT ( 'NONE', #3570 ) ;
#381 = DIRECTION ( 'NONE',  ( 0.000000000000000000, -1.000000000000000000, 0.000000000000000000 ) ) ;
#382 = ORIENTED_EDGE ( 'NONE', *, *, #1591, .F. ) ;
#383 = EDGE_CURVE ( 'NONE', #1155, #2588, #2551, .T. ) ;
#384 = LINE ( 'NONE', #1333, #2757 ) ;
#385 = VERTEX_POINT ( 'NONE', #3542 ) ;
#386 = CARTESIAN_POINT ( 'NONE',  ( -4.749999999999999112, 6.930000000000000604, 2.800000000000000711 ) ) ;
#387 = ADVANCED_FACE ( 'NONE', ( #1324 ), #1032, .F. ) ;
#388 = ORIENTED_EDGE ( 'NONE', *, *, #3507, .F. ) ;
#389 = VECTOR ( 'NONE', #871, 1000.000000000000000 ) ;
#390 = VERTEX_POINT ( 'NONE', #171 ) ;
#391 = EDGE_CURVE ( 'NONE', #629, #2676, #2495, .T. ) ;
#392 = CYLINDRICAL_SURFACE ( 'NONE', #2566, 0.2500000000000002220 ) ;
#393 = ORIENTED_EDGE ( 'NONE', *, *, #721, .T. ) ;
#394 = CARTESIAN_POINT ( 'NONE',  ( -16.25000000000000000, 1.000000000000008216, -3.750000000000000000 ) ) ;
#395 = DIRECTION ( 'NONE',  ( 0.000000000000000000, -1.000000000000000000, 0.000000000000000000 ) ) ;
#396 = DIRECTION ( 'NONE',  ( -0.000000000000000000, 1.000000000000000000, -0.000000000000000000 ) ) ;
#397 = ORIENTED_EDGE ( 'NONE', *, *, #861, .F. ) ;
#398 = FACE_OUTER_BOUND ( 'NONE', #150, .T. ) ;
#399 = ORIENTED_EDGE ( 'NONE', *, *, #455, .F. ) ;
#400 = VECTOR ( 'NONE', #912, 1000.000000000000000 ) ;
#401 = ORIENTED_EDGE ( 'NONE', *, *, #1483, .F. ) ;
#402 = EDGE_CURVE ( 'NONE', #3390, #3290, #66, .T. ) ;
#403 = ORIENTED_EDGE ( 'NONE', *, *, #2901, .F. ) ;
#404 = CARTESIAN_POINT ( 'NONE',  ( 20.00000000000000000, 7.429999999999999716, 3.050000000000002487 ) ) ;
#405 = CARTESIAN_POINT ( 'NONE',  ( -20.00000000000000000, 6.930000000000000604, 3.550000000000002487 ) ) ;
#406 = VERTEX_POINT ( 'NONE', #470 ) ;
#407 = VECTOR ( 'NONE', #2546, 1000.000000000000000 ) ;
#408 = ORIENTED_EDGE ( 'NONE', *, *, #2868, .T. ) ;
#409 = ORIENTED_EDGE ( 'NONE', *, *, #125, .F. ) ;
#410 = VECTOR ( 'NONE', #2236, 1000.000000000000000 ) ;
#411 = EDGE_CURVE ( 'NONE', #580, #3206, #1335, .T. ) ;
#412 = DIRECTION ( 'NONE',  ( 0.000000000000000000, 1.000000000000000000, 0.000000000000000000 ) ) ;
#413 = EDGE_LOOP ( 'NONE', ( #1777, #582, #2881, #2960 ) ) ;
#414 = ADVANCED_FACE ( 'NONE', ( #79 ), #1452, .F. ) ;
#415 = ORIENTED_EDGE ( 'NONE', *, *, #3110, .F. ) ;
#416 = DIRECTION ( 'NONE',  ( -1.000000000000000000, -0.000000000000000000, -0.000000000000000000 ) ) ;
#417 = ORIENTED_EDGE ( 'NONE', *, *, #493, .T. ) ;
#418 = LINE ( 'NONE', #2456, #389 ) ;
#419 = DIRECTION ( 'NONE',  ( 0.000000000000000000, 0.000000000000000000, -1.000000000000000000 ) ) ;
#420 = EDGE_LOOP ( 'NONE', ( #1512, #694, #486, #3192, #3394, #1689, #3343, #299, #2001, #2823, #462, #496, #970, #1651, #660, #738 ) ) ;
#421 = CIRCLE ( 'NONE', #1121, 0.2500000000000002220 ) ;
#422 = EDGE_LOOP ( 'NONE', ( #986, #1027, #2921, #2813 ) ) ;
#423 = DIRECTION ( 'NONE',  ( 0.000000000000000000, 3.129010598803764644E-16, -1.000000000000000000 ) ) ;
#424 = CARTESIAN_POINT ( 'NONE',  ( 1.996804166340686483E-31, 1.259976143364352250E-15, -3.050000000000000711 ) ) ;
#425 = CARTESIAN_POINT ( 'NONE',  ( 15.79999999999999893, 6.930000000000000604, -4.049999999999998046 ) ) ;
#426 = CARTESIAN_POINT ( 'NONE',  ( -5.700000000000001066, 5.729999999999999538, 3.250000000000002220 ) ) ;
#427 = AXIS2_PLACEMENT_3D ( 'NONE', #23, #247, #1378 ) ;
#428 = ORIENTED_EDGE ( 'NONE', *, *, #721, .F. ) ;
#429 = VECTOR ( 'NONE', #2207, 1000.000000000000000 ) ;
#430 = ORIENTED_EDGE ( 'NONE', *, *, #2163, .T. ) ;
#431 = ORIENTED_EDGE ( 'NONE', *, *, #2153, .T. ) ;
#432 = AXIS2_PLACEMENT_3D ( 'NONE', #3033, #485, #1537 ) ;
#433 = EDGE_LOOP ( 'NONE', ( #1940, #3008, #3162, #3174 ) ) ;
#434 = CARTESIAN_POINT ( 'NONE',  ( -5.000000000000000888, 4.530000000000000249, 3.050000000000002487 ) ) ;
#435 = CARTESIAN_POINT ( 'NONE',  ( 20.00000000000000000, 1.729999999999999760, 3.250000000000000888 ) ) ;
#436 = CYLINDRICAL_SURFACE ( 'NONE', #3392, 0.2500000000000002220 ) ;
#437 = EDGE_LOOP ( 'NONE', ( #3556, #1161, #628, #2030 ) ) ;
#438 = ORIENTED_EDGE ( 'NONE', *, *, #1483, .T. ) ;
#439 = EDGE_LOOP ( 'NONE', ( #1978, #3182, #603, #3126 ) ) ;
#440 = CIRCLE ( 'NONE', #2231, 0.2499999999999997780 ) ;
#441 = EDGE_CURVE ( 'NONE', #3336, #318, #81, .T. ) ;
#442 = CARTESIAN_POINT ( 'NONE',  ( -7.000000000000000000, 6.930000000000000604, 2.550000000000002931 ) ) ;
#443 = EDGE_LOOP ( 'NONE', ( #1035, #2221, #1545, #2234 ) ) ;
#444 = ORIENTED_EDGE ( 'NONE', *, *, #2995, .F. ) ;
#445 = ORIENTED_EDGE ( 'NONE', *, *, #1017, .T. ) ;
#446 = EDGE_CURVE ( 'NONE', #676, #1645, #1308, .T. ) ;
#447 = DIRECTION ( 'NONE',  ( 0.000000000000000000, 0.000000000000000000, 1.000000000000000000 ) ) ;
#448 = ORIENTED_EDGE ( 'NONE', *, *, #1349, .T. ) ;
#449 = ORIENTED_EDGE ( 'NONE', *, *, #1731, .F. ) ;
#450 = DIRECTION ( 'NONE',  ( 1.000000000000000000, 0.000000000000000000, 0.000000000000000000 ) ) ;
#451 = CARTESIAN_POINT ( 'NONE',  ( 20.00000000000000000, 1.729999999999999760, 3.550000000000000266 ) ) ;
#452 = DIRECTION ( 'NONE',  ( -0.000000000000000000, 0.000000000000000000, 1.000000000000000000 ) ) ;
#453 = DIRECTION ( 'NONE',  ( -0.000000000000000000, -0.000000000000000000, 1.000000000000000000 ) ) ;
#454 = ORIENTED_EDGE ( 'NONE', *, *, #185, .F. ) ;
#455 = EDGE_CURVE ( 'NONE', #2150, #2327, #2507, .T. ) ;
#456 = VERTEX_POINT ( 'NONE', #1387 ) ;
#457 = EDGE_LOOP ( 'NONE', ( #3521, #1762, #1718, #1120 ) ) ;
#458 = ADVANCED_FACE ( 'NONE', ( #1281 ), #2371, .F. ) ;
#459 = ORIENTED_EDGE ( 'NONE', *, *, #2004, .F. ) ;
#460 = DIRECTION ( 'NONE',  ( -0.000000000000000000, 4.046788824207170678E-16, -1.000000000000000000 ) ) ;
#461 = DIRECTION ( 'NONE',  ( 0.000000000000000000, -1.000000000000000000, 0.000000000000000000 ) ) ;
#462 = ORIENTED_EDGE ( 'NONE', *, *, #2422, .F. ) ;
#463 = ORIENTED_EDGE ( 'NONE', *, *, #1433, .T. ) ;
#464 = ORIENTED_EDGE ( 'NONE', *, *, #185, .T. ) ;
#465 = AXIS2_PLACEMENT_3D ( 'NONE', #1881, #1938, #1356 ) ;
#466 = DIRECTION ( 'NONE',  ( 1.000000000000000000, 0.000000000000000000, 0.000000000000000000 ) ) ;
#467 = DIRECTION ( 'NONE',  ( -0.000000000000000000, 1.000000000000000000, -0.000000000000000000 ) ) ;
#468 = ORIENTED_EDGE ( 'NONE', *, *, #632, .F. ) ;
#469 = ORIENTED_EDGE ( 'NONE', *, *, #132, .T. ) ;
#470 = CARTESIAN_POINT ( 'NONE',  ( -16.50000000000000355, 0.2999999999999999889, -3.300000000000000711 ) ) ;
#471 = ORIENTED_EDGE ( 'NONE', *, *, #411, .F. ) ;
#472 = AXIS2_PLACEMENT_3D ( 'NONE', #2485, #467, #760 ) ;
#473 = ORIENTED_EDGE ( 'NONE', *, *, #46, .T. ) ;
#474 = ORIENTED_EDGE ( 'NONE', *, *, #2149, .T. ) ;
#475 = DIRECTION ( 'NONE',  ( 4.930380657631323784E-32, 4.110259322926096887E-16, -1.000000000000000000 ) ) ;
#476 = CARTESIAN_POINT ( 'NONE',  ( -20.00000000000000000, 0.000000000000000000, 3.550000000000000266 ) ) ;
#477 = DIRECTION ( 'NONE',  ( 0.000000000000000000, 1.000000000000000000, 0.000000000000000000 ) ) ;
#478 = CARTESIAN_POINT ( 'NONE',  ( 14.92677669529663831, 7.429999999999999716, -2.923223304703366221 ) ) ;
#479 = ORIENTED_EDGE ( 'NONE', *, *, #1806, .T. ) ;
#480 = VERTEX_POINT ( 'NONE', #532 ) ;
#481 = AXIS2_PLACEMENT_3D ( 'NONE', #3178, #688, #104 ) ;
#482 = ADVANCED_FACE ( 'NONE', ( #2482 ), #278, .F. ) ;
#483 = VERTEX_POINT ( 'NONE', #180 ) ;
#484 = ORIENTED_EDGE ( 'NONE', *, *, #713, .F. ) ;
#485 = DIRECTION ( 'NONE',  ( 1.000000000000000000, 0.000000000000000000, -0.000000000000000000 ) ) ;
#486 = ORIENTED_EDGE ( 'NONE', *, *, #3166, .T. ) ;
#487 = AXIS2_PLACEMENT_3D ( 'NONE', #83, #1245, #1259 ) ;
#488 = ORIENTED_EDGE ( 'NONE', *, *, #885, .F. ) ;
#489 = ORIENTED_EDGE ( 'NONE', *, *, #1591, .T. ) ;
#490 = DIRECTION ( 'NONE',  ( 0.000000000000000000, 0.000000000000000000, -1.000000000000000000 ) ) ;
#491 = VERTEX_POINT ( 'NONE', #715 ) ;
#492 = ORIENTED_EDGE ( 'NONE', *, *, #680, .T. ) ;
#493 = EDGE_CURVE ( 'NONE', #974, #1754, #109, .T. ) ;
#494 = ORIENTED_EDGE ( 'NONE', *, *, #80, .F. ) ;
#495 = EDGE_CURVE ( 'NONE', #2093, #347, #62, .T. ) ;
#496 = ORIENTED_EDGE ( 'NONE', *, *, #1736, .F. ) ;
#497 = ORIENTED_EDGE ( 'NONE', *, *, #2743, .T. ) ;
#498 = CARTESIAN_POINT ( 'NONE',  ( 14.30000000000000426, 7.129999999999999893, -3.549999999999998490 ) ) ;
#499 = CARTESIAN_POINT ( 'NONE',  ( -6.999999999999999112, 6.930000000000000604, 3.550000000000000266 ) ) ;
#500 = CARTESIAN_POINT ( 'NONE',  ( 20.00000000000000000, 1.729999999999999760, 3.250000000000000888 ) ) ;
#501 = DIRECTION ( 'NONE',  ( 0.000000000000000000, -1.000000000000000000, -3.270594788794885384E-16 ) ) ;
#502 = EDGE_CURVE ( 'NONE', #521, #1912, #1290, .T. ) ;
#503 = ORIENTED_EDGE ( 'NONE', *, *, #2161, .F. ) ;
#504 = EDGE_CURVE ( 'NONE', #3147, #1522, #1268, .T. ) ;
#505 = ORIENTED_EDGE ( 'NONE', *, *, #1996, .T. ) ;
#506 = ORIENTED_EDGE ( 'NONE', *, *, #713, .T. ) ;
#507 = ORIENTED_EDGE ( 'NONE', *, *, #3081, .T. ) ;
#508 = CARTESIAN_POINT ( 'NONE',  ( -6.000000000000000888, 5.729999999999999538, 3.250000000000002220 ) ) ;
#509 = ADVANCED_FACE ( 'NONE', ( #2531 ), #3578, .F. ) ;
#510 = ORIENTED_EDGE ( 'NONE', *, *, #2142, .F. ) ;
#511 = AXIS2_PLACEMENT_3D ( 'NONE', #647, #1773, #2386 ) ;
#512 = VERTEX_POINT ( 'NONE', #1262 ) ;
#513 = DIRECTION ( 'NONE',  ( -1.000000000000000000, 0.000000000000000000, 0.000000000000000000 ) ) ;
#514 = CARTESIAN_POINT ( 'NONE',  ( -16.75000000000000000, 7.129999999999999893, 2.050000000000001599 ) ) ;
#515 = DIRECTION ( 'NONE',  ( 0.000000000000000000, 1.000000000000000000, 0.000000000000000000 ) ) ;
#516 = ORIENTED_EDGE ( 'NONE', *, *, #289, .F. ) ;
#517 = ADVANCED_FACE ( 'NONE', ( #1318 ), #769, .F. ) ;
#518 = AXIS2_PLACEMENT_3D ( 'NONE', #2243, #153, #1012 ) ;
#519 = ORIENTED_EDGE ( 'NONE', *, *, #502, .T. ) ;
#520 = DIRECTION ( 'NONE',  ( -1.000000000000000000, 0.000000000000000000, 0.000000000000000000 ) ) ;
#521 = VERTEX_POINT ( 'NONE', #1811 ) ;
#522 = DIRECTION ( 'NONE',  ( 0.7660444431189793457, 0.6427876096865376976, 0.000000000000000000 ) ) ;
#523 = CARTESIAN_POINT ( 'NONE',  ( -19.30000000000000071, 4.480000000000000426, 3.250000000000001776 ) ) ;
#524 = CARTESIAN_POINT ( 'NONE',  ( -6.000000000000000888, 5.729999999999999538, 3.550000000000000266 ) ) ;
#525 = CARTESIAN_POINT ( 'NONE',  ( -16.50000000000000355, 0.2999999999999999334, 3.250000000000000444 ) ) ;
#526 = ORIENTED_EDGE ( 'NONE', *, *, #1616, .T. ) ;
#527 = AXIS2_PLACEMENT_3D ( 'NONE', #613, #1927, #2353 ) ;
#528 = ORIENTED_EDGE ( 'NONE', *, *, #1954, .F. ) ;
#529 = ORIENTED_EDGE ( 'NONE', *, *, #981, .T. ) ;
#530 = EDGE_CURVE ( 'NONE', #2346, #2223, #90, .T. ) ;
#531 = CARTESIAN_POINT ( 'NONE',  ( -16.50000000000000355, 7.129999999999999893, -3.549999999999999378 ) ) ;
#532 = CARTESIAN_POINT ( 'NONE',  ( -16.50000000000000000, 6.930000000000000604, -4.049999999999998046 ) ) ;
#533 = VERTEX_POINT ( 'NONE', #2620 ) ;
#534 = VERTEX_POINT ( 'NONE', #116 ) ;
#535 = EDGE_CURVE ( 'NONE', #2240, #483, #1295, .T. ) ;
#536 = DIRECTION ( 'NONE',  ( -0.000000000000000000, 4.046788824207170678E-16, -1.000000000000000000 ) ) ;
#537 = CARTESIAN_POINT ( 'NONE',  ( 15.94999999999999929, 4.830000000000000071, 3.250000000000001776 ) ) ;
#538 = DIRECTION ( 'NONE',  ( -1.000000000000000000, -0.000000000000000000, -0.000000000000000000 ) ) ;
#539 = CARTESIAN_POINT ( 'NONE',  ( 14.75000000000000355, 1.259976143364352250E-15, -3.050000000000000711 ) ) ;
#540 = ADVANCED_FACE ( 'NONE', ( #2539 ), #2915, .F. ) ;
#541 = ORIENTED_EDGE ( 'NONE', *, *, #2257, .T. ) ;
#542 = EDGE_CURVE ( 'NONE', #1538, #1644, #1320, .T. ) ;
#543 = VERTEX_POINT ( 'NONE', #3286 ) ;
#544 = DIRECTION ( 'NONE',  ( -0.000000000000000000, 1.000000000000000000, -0.000000000000000000 ) ) ;
#545 = ORIENTED_EDGE ( 'NONE', *, *, #1191, .T. ) ;
#546 = CARTESIAN_POINT ( 'NONE',  ( -18.19999999999999574, 2.229999999999999982, 3.050000000000002487 ) ) ;
#547 = CARTESIAN_POINT ( 'NONE',  ( -20.00000000000000000, 2.229999999999999982, 3.250000000000000888 ) ) ;
#548 = CARTESIAN_POINT ( 'NONE',  ( -6.300000000000000711, 5.729999999999999538, 3.050000000000002487 ) ) ;
#549 = CARTESIAN_POINT ( 'NONE',  ( -19.00000000000000000, 4.480000000000000426, 3.250000000000001776 ) ) ;
#550 = ADVANCED_FACE ( 'NONE', ( #119 ), #742, .T. ) ;
#551 = VERTEX_POINT ( 'NONE', #664 ) ;
#552 = EDGE_CURVE ( 'NONE', #3017, #807, #1900, .T. ) ;
#553 = VERTEX_POINT ( 'NONE', #1299 ) ;
#554 = ORIENTED_EDGE ( 'NONE', *, *, #1361, .F. ) ;
#555 = FACE_OUTER_BOUND ( 'NONE', #422, .T. ) ;
#556 = DIRECTION ( 'NONE',  ( 0.000000000000000000, 0.000000000000000000, -1.000000000000000000 ) ) ;
#557 = DIRECTION ( 'NONE',  ( -1.000000000000000000, -0.000000000000000000, -0.000000000000000000 ) ) ;
#558 = AXIS2_PLACEMENT_3D ( 'NONE', #1251, #2626, #121 ) ;
#559 = EDGE_LOOP ( 'NONE', ( #1963, #1621, #337, #2770 ) ) ;
#560 = VERTEX_POINT ( 'NONE', #2378 ) ;
#561 = LINE ( 'NONE', #342, #3040 ) ;
#562 = DIRECTION ( 'NONE',  ( 0.000000000000000000, 3.270594788794885384E-16, -1.000000000000000000 ) ) ;
#563 = CARTESIAN_POINT ( 'NONE',  ( -5.300000000000000711, 4.230000000000000426, 3.550000000000000266 ) ) ;
#564 = PLANE ( 'NONE',  #1007 ) ;
#565 = CARTESIAN_POINT ( 'NONE',  ( 15.00000000000000355, 7.429999999999999716, 3.550000000000000266 ) ) ;
#566 = AXIS2_PLACEMENT_3D ( 'NONE', #1208, #2503, #1435 ) ;
#567 = ORIENTED_EDGE ( 'NONE', *, *, #455, .T. ) ;
#568 = ORIENTED_EDGE ( 'NONE', *, *, #1515, .F. ) ;
#569 = CIRCLE ( 'NONE', #1877, 0.3000000000000016542 ) ;
#570 = CARTESIAN_POINT ( 'NONE',  ( -20.00000000000000000, 6.930000000000000604, 3.050000000000002487 ) ) ;
#571 = ADVANCED_FACE ( 'NONE', ( #2055 ), #2596, .F. ) ;
#572 = EDGE_CURVE ( 'NONE', #1170, #752, #709, .T. ) ;
#573 = VERTEX_POINT ( 'NONE', #2810 ) ;
#574 = CARTESIAN_POINT ( 'NONE',  ( 20.00000000000000000, 6.930000000000000604, 3.550000000000002487 ) ) ;
#575 = DIRECTION ( 'NONE',  ( 0.000000000000000000, 0.000000000000000000, -1.000000000000000000 ) ) ;
#576 = DIRECTION ( 'NONE',  ( 1.000000000000000000, 0.000000000000000000, 0.000000000000000000 ) ) ;
#577 = DIRECTION ( 'NONE',  ( -1.000000000000000000, -0.000000000000000000, -0.000000000000000000 ) ) ;
#578 = ORIENTED_EDGE ( 'NONE', *, *, #3588, .F. ) ;
#579 = CYLINDRICAL_SURFACE ( 'NONE', #2719, 0.1999999999999996503 ) ;
#580 = VERTEX_POINT ( 'NONE', #793 ) ;
#581 = EDGE_CURVE ( 'NONE', #924, #1005, #2031, .T. ) ;
#582 = ORIENTED_EDGE ( 'NONE', *, *, #2225, .T. ) ;
#583 = VECTOR ( 'NONE', #2582, 1000.000000000000000 ) ;
#584 = DIRECTION ( 'NONE',  ( 1.000000000000000000, 0.000000000000000000, 0.000000000000000000 ) ) ;
#585 = ORIENTED_EDGE ( 'NONE', *, *, #2106, .T. ) ;
#586 = EDGE_CURVE ( 'NONE', #2116, #727, #3289, .T. ) ;
#587 = ORIENTED_EDGE ( 'NONE', *, *, #1411, .T. ) ;
#588 = FACE_OUTER_BOUND ( 'NONE', #2213, .T. ) ;
#589 = DIRECTION ( 'NONE',  ( -0.7071067811865460184, -0.7071067811865490160, -0.000000000000000000 ) ) ;
#590 = CARTESIAN_POINT ( 'NONE',  ( 18.00000000000000355, 6.930000000000000604, 3.250000000000002665 ) ) ;
#591 = CARTESIAN_POINT ( 'NONE',  ( 15.00000000000000355, 5.742143380519431517, -4.049999999999998046 ) ) ;
#592 = CARTESIAN_POINT ( 'NONE',  ( -18.00000000000000000, 7.129999999999999893, 2.550000000000003375 ) ) ;
#593 = ORIENTED_EDGE ( 'NONE', *, *, #597, .F. ) ;
#594 = VERTEX_POINT ( 'NONE', #1649 ) ;
#595 = VECTOR ( 'NONE', #2099, 1000.000000000000000 ) ;
#596 = DIRECTION ( 'NONE',  ( -0.000000000000000000, -1.000000000000000000, -0.000000000000000000 ) ) ;
#597 = EDGE_CURVE ( 'NONE', #999, #1947, #2017, .T. ) ;
#598 = VERTEX_POINT ( 'NONE', #2492 ) ;
#599 = CARTESIAN_POINT ( 'NONE',  ( -16.50000000000000355, 6.930000000000000604, -3.549999999999998490 ) ) ;
#600 = DIRECTION ( 'NONE',  ( 0.000000000000000000, 1.000000000000000000, -0.000000000000000000 ) ) ;
#601 = DIRECTION ( 'NONE',  ( 0.000000000000000000, -1.000000000000000000, -4.046788824207171171E-16 ) ) ;
#602 = ORIENTED_EDGE ( 'NONE', *, *, #632, .T. ) ;
#603 = ORIENTED_EDGE ( 'NONE', *, *, #1479, .T. ) ;
#604 = AXIS2_PLACEMENT_3D ( 'NONE', #2351, #67, #2594 ) ;
#605 = ORIENTED_EDGE ( 'NONE', *, *, #2706, .F. ) ;
#606 = LINE ( 'NONE', #3091, #3061 ) ;
#607 = DIRECTION ( 'NONE',  ( -0.000000000000000000, 1.000000000000000000, -0.000000000000000000 ) ) ;
#608 = ORIENTED_EDGE ( 'NONE', *, *, #3275, .T. ) ;
#609 = EDGE_LOOP ( 'NONE', ( #736, #1348, #1901, #1478, #1887, #1492, #3265 ) ) ;
#610 = AXIS2_PLACEMENT_3D ( 'NONE', #2477, #3426, #58 ) ;
#611 = CARTESIAN_POINT ( 'NONE',  ( 20.00000000000000000, 6.930000000000000604, -3.549999999999998490 ) ) ;
#612 = CARTESIAN_POINT ( 'NONE',  ( -16.25000000000000000, 0.7500000000000079936, -3.750000000000000000 ) ) ;
#613 = CARTESIAN_POINT ( 'NONE',  ( 15.25000000000000355, 5.742143380519433293, -3.749999999999998668 ) ) ;
#614 = DIRECTION ( 'NONE',  ( -0.000000000000000000, -0.000000000000000000, 1.000000000000000000 ) ) ;
#615 = VERTEX_POINT ( 'NONE', #851 ) ;
#616 = ORIENTED_EDGE ( 'NONE', *, *, #3593, .F. ) ;
#617 = CIRCLE ( 'NONE', #1306, 0.2499999999999997780 ) ;
#618 = EDGE_CURVE ( 'NONE', #3052, #2784, #3238, .T. ) ;
#619 = DIRECTION ( 'NONE',  ( 0.000000000000000000, -0.000000000000000000, -1.000000000000000000 ) ) ;
#620 = VERTEX_POINT ( 'NONE', #1937 ) ;
#621 = CARTESIAN_POINT ( 'NONE',  ( 20.00000000000000000, 6.930000000000000604, 3.250000000000002665 ) ) ;
#622 = DIRECTION ( 'NONE',  ( -1.000000000000000000, -0.000000000000000000, -0.000000000000000000 ) ) ;
#623 = CARTESIAN_POINT ( 'NONE',  ( -18.00000000000000000, 2.429999999999999272, 3.550000000000000266 ) ) ;
#624 =( LENGTH_UNIT ( ) NAMED_UNIT ( * ) SI_UNIT ( .MILLI., .METRE. ) );
#625 = ORIENTED_EDGE ( 'NONE', *, *, #2946, .F. ) ;
#626 = LINE ( 'NONE', #3337, #3054 ) ;
#627 = EDGE_CURVE ( 'NONE', #1884, #1841, #1921, .T. ) ;
#628 = ORIENTED_EDGE ( 'NONE', *, *, #1771, .T. ) ;
#629 = VERTEX_POINT ( 'NONE', #2268 ) ;
#630 = FACE_OUTER_BOUND ( 'NONE', #2673, .T. ) ;
#631 = DIRECTION ( 'NONE',  ( 0.000000000000000000, 0.000000000000000000, -1.000000000000000000 ) ) ;
#632 = EDGE_CURVE ( 'NONE', #1661, #3347, #1930, .T. ) ;
#633 = ADVANCED_FACE ( 'NONE', ( #3233 ), #1951, .F. ) ;
#634 = ORIENTED_EDGE ( 'NONE', *, *, #2990, .T. ) ;
#635 = ORIENTED_EDGE ( 'NONE', *, *, #1634, .T. ) ;
#636 = CYLINDRICAL_SURFACE ( 'NONE', #2773, 0.3000000000000016542 ) ;
#637 = DIRECTION ( 'NONE',  ( -0.000000000000000000, 1.000000000000000000, 2.697859216138113949E-16 ) ) ;
#638 = CARTESIAN_POINT ( 'NONE',  ( 20.00000000000000000, 6.930000000000000604, 3.050000000000002487 ) ) ;
#639 = DIRECTION ( 'NONE',  ( 0.000000000000000000, -1.000000000000000000, -3.129010598803764644E-16 ) ) ;
#640 = PLANE ( 'NONE',  #1178 ) ;
#641 = CARTESIAN_POINT ( 'NONE',  ( 14.75000000000000355, 1.259976143364352250E-15, -3.050000000000000711 ) ) ;
#642 = ORIENTED_EDGE ( 'NONE', *, *, #1314, .F. ) ;
#643 = ORIENTED_EDGE ( 'NONE', *, *, #1197, .F. ) ;
#644 = AXIS2_PLACEMENT_3D ( 'NONE', #56, #1700, #2526 ) ;
#645 = CARTESIAN_POINT ( 'NONE',  ( 20.00000000000000000, 6.930000000000000604, 3.050000000000002487 ) ) ;
#646 = EDGE_LOOP ( 'NONE', ( #1889, #3138, #1948, #1816 ) ) ;
#647 = CARTESIAN_POINT ( 'NONE',  ( 19.00000000000000000, 4.529999999999998472, 3.050000000000002487 ) ) ;
#648 = CARTESIAN_POINT ( 'NONE',  ( -17.75000000000000000, 6.930000000000000604, 2.550000000000001155 ) ) ;
#649 = DIRECTION ( 'NONE',  ( 0.000000000000000000, 1.000000000000000000, 3.270594788794885384E-16 ) ) ;
#650 = CARTESIAN_POINT ( 'NONE',  ( -5.300000000000000711, 4.530000000000000249, 3.050000000000002487 ) ) ;
#651 = VERTEX_POINT ( 'NONE', #293 ) ;
#652 = CIRCLE ( 'NONE', #1210, 0.2500000000000002220 ) ;
#653 = AXIS2_PLACEMENT_3D ( 'NONE', #2716, #2457, #1345 ) ;
#654 = ORIENTED_EDGE ( 'NONE', *, *, #2393, .T. ) ;
#655 = CIRCLE ( 'NONE', #2506, 0.2999999999999999334 ) ;
#656 = DIRECTION ( 'NONE',  ( -0.000000000000000000, 1.000000000000000000, -0.000000000000000000 ) ) ;
#657 = AXIS2_PLACEMENT_3D ( 'NONE', #1789, #2101, #1152 ) ;
#658 = ORIENTED_EDGE ( 'NONE', *, *, #2342, .F. ) ;
#659 = LINE ( 'NONE', #1907, #1793 ) ;
#660 = ORIENTED_EDGE ( 'NONE', *, *, #1228, .F. ) ;
#661 = DIRECTION ( 'NONE',  ( -1.000000000000000000, 0.000000000000000000, -0.000000000000000000 ) ) ;
#662 = DIRECTION ( 'NONE',  ( 0.000000000000000000, 0.000000000000000000, -1.000000000000000000 ) ) ;
#663 = CARTESIAN_POINT ( 'NONE',  ( 20.00000000000000000, 6.930000000000000604, 3.550000000000002487 ) ) ;
#664 = CARTESIAN_POINT ( 'NONE',  ( 15.08930309757836952, 5.933654491299177991, -4.049999999999998046 ) ) ;
#665 = CARTESIAN_POINT ( 'NONE',  ( -16.50000000000000355, 0.5000000000000000000, -3.550000000000000266 ) ) ;
#666 = AXIS2_PLACEMENT_3D ( 'NONE', #1419, #2019, #2360 ) ;
#667 = ORIENTED_EDGE ( 'NONE', *, *, #1404, .F. ) ;
#668 = VERTEX_POINT ( 'NONE', #1967 ) ;
#669 = CARTESIAN_POINT ( 'NONE',  ( 20.00000000000000000, 7.429999999999999716, -3.549999999999998490 ) ) ;
#670 = CARTESIAN_POINT ( 'NONE',  ( 20.00000000000000000, 0.5000000000000003331, -3.750000000000000000 ) ) ;
#671 = EDGE_CURVE ( 'NONE', #1522, #551, #848, .T. ) ;
#672 = VERTEX_POINT ( 'NONE', #2509 ) ;
#673 = LINE ( 'NONE', #2328, #1876 ) ;
#674 = ORIENTED_EDGE ( 'NONE', *, *, #3408, .F. ) ;
#675 = EDGE_CURVE ( 'NONE', #1997, #1708, #2089, .T. ) ;
#676 = VERTEX_POINT ( 'NONE', #4 ) ;
#677 = VECTOR ( 'NONE', #114, 1000.000000000000000 ) ;
#678 = EDGE_LOOP ( 'NONE', ( #2942, #474, #3463, #2993 ) ) ;
#679 = CARTESIAN_POINT ( 'NONE',  ( 18.69999999999999929, 1.729999999999999538, 3.050000000000002487 ) ) ;
#680 = EDGE_CURVE ( 'NONE', #533, #3380, #704, .T. ) ;
#681 = VECTOR ( 'NONE', #1377, 1000.000000000000000 ) ;
#682 = VERTEX_POINT ( 'NONE', #1702 ) ;
#683 = CIRCLE ( 'NONE', #518, 0.4999999999999995559 ) ;
#684 = ORIENTED_EDGE ( 'NONE', *, *, #1282, .T. ) ;
#685 = CARTESIAN_POINT ( 'NONE',  ( -19.30000000000000071, 2.229999999999999982, 3.250000000000000888 ) ) ;
#686 = CARTESIAN_POINT ( 'NONE',  ( 16.55000000000000071, 3.279999999999999361, 3.550000000000000266 ) ) ;
#687 = CARTESIAN_POINT ( 'NONE',  ( 11.75000000000000000, 6.430000000000000604, -4.049999999999998046 ) ) ;
#688 = DIRECTION ( 'NONE',  ( -1.000000000000000000, 0.000000000000000000, 0.000000000000000000 ) ) ;
#689 = CARTESIAN_POINT ( 'NONE',  ( -6.299999999999999822, 4.230000000000000426, 3.050000000000002487 ) ) ;
#690 = VECTOR ( 'NONE', #1355, 1000.000000000000000 ) ;
#691 = AXIS2_PLACEMENT_3D ( 'NONE', #2537, #875, #1669 ) ;
#692 = ORIENTED_EDGE ( 'NONE', *, *, #3275, .F. ) ;
#693 = LINE ( 'NONE', #2330, #1979 ) ;
#694 = ORIENTED_EDGE ( 'NONE', *, *, #446, .T. ) ;
#695 = ADVANCED_FACE ( 'NONE', ( #2067 ), #1084, .F. ) ;
#696 = MECHANICAL_DESIGN_GEOMETRIC_PRESENTATION_REPRESENTATION (  '', ( #2278 ), #748 ) ;
#697 = DIRECTION ( 'NONE',  ( -0.000000000000000000, -1.000000000000000000, -0.000000000000000000 ) ) ;
#698 = DIRECTION ( 'NONE',  ( -1.000000000000000000, 1.288160997012480242E-16, 3.475277017659781036E-32 ) ) ;
#699 = CYLINDRICAL_SURFACE ( 'NONE', #2511, 0.2999999999999999334 ) ;
#700 = ORIENTED_EDGE ( 'NONE', *, *, #402, .F. ) ;
#701 = LINE ( 'NONE', #1742, #1911 ) ;
#702 = AXIS2_PLACEMENT_3D ( 'NONE', #2701, #1557, #134 ) ;
#703 = ORIENTED_EDGE ( 'NONE', *, *, #1672, .T. ) ;
#704 = LINE ( 'NONE', #3050, #3251 ) ;
#705 = ORIENTED_EDGE ( 'NONE', *, *, #3029, .F. ) ;
#706 = ORIENTED_EDGE ( 'NONE', *, *, #1763, .T. ) ;
#707 = CARTESIAN_POINT ( 'NONE',  ( -16.25000000000000000, 1.255231247581809470E-15, -3.300000000000000711 ) ) ;
#708 = AXIS2_PLACEMENT_3D ( 'NONE', #1905, #2242, #1296 ) ;
#709 = CIRCLE ( 'NONE', #657, 0.3000000000000016542 ) ;
#710 = ORIENTED_EDGE ( 'NONE', *, *, #2334, .T. ) ;
#711 = FACE_OUTER_BOUND ( 'NONE', #3420, .T. ) ;
#712 = ORIENTED_EDGE ( 'NONE', *, *, #3507, .T. ) ;
#713 = EDGE_CURVE ( 'NONE', #3405, #491, #3281, .T. ) ;
#714 = PLANE ( 'NONE',  #3096 ) ;
#715 = CARTESIAN_POINT ( 'NONE',  ( -7.250000000000001776, 7.129999999999999893, 2.300000000000001155 ) ) ;
#716 = CARTESIAN_POINT ( 'NONE',  ( -19.00000000000000000, 4.480000000000000426, 3.550000000000000266 ) ) ;
#717 = FACE_OUTER_BOUND ( 'NONE', #834, .T. ) ;
#718 = ORIENTED_EDGE ( 'NONE', *, *, #581, .T. ) ;
#719 = FACE_OUTER_BOUND ( 'NONE', #3443, .T. ) ;
#720 = ORIENTED_EDGE ( 'NONE', *, *, #3079, .T. ) ;
#721 = EDGE_CURVE ( 'NONE', #2756, #796, #3224, .T. ) ;
#722 = DIRECTION ( 'NONE',  ( -1.000000000000000000, -0.000000000000000000, -0.000000000000000000 ) ) ;
#723 = DIRECTION ( 'NONE',  ( 1.000000000000000000, -0.000000000000000000, -1.294569758191647155E-16 ) ) ;
#724 = ORIENTED_EDGE ( 'NONE', *, *, #597, .T. ) ;
#725 = LINE ( 'NONE', #3084, #1932 ) ;
#726 = APPLICATION_PROTOCOL_DEFINITION ( 'draft international standard', 'automotive_design', 1998, #3453 ) ;
#727 = VERTEX_POINT ( 'NONE', #2545 ) ;
#728 = ADVANCED_FACE ( 'NONE', ( #717 ), #1992, .F. ) ;
#729 = CYLINDRICAL_SURFACE ( 'NONE', #3055, 0.4999999999999995559 ) ;
#730 = VERTEX_POINT ( 'NONE', #2702 ) ;
#731 = FACE_OUTER_BOUND ( 'NONE', #732, .T. ) ;
#732 = EDGE_LOOP ( 'NONE', ( #1723, #1770, #431, #1143 ) ) ;
#733 = CARTESIAN_POINT ( 'NONE',  ( 11.74999999999999822, 6.930000000000000604, -3.050000000000005151 ) ) ;
#734 = CARTESIAN_POINT ( 'NONE',  ( 14.92677669529663831, 6.930000000000000604, -2.923223304703366221 ) ) ;
#735 = LINE ( 'NONE', #435, #3217 ) ;
#736 = ORIENTED_EDGE ( 'NONE', *, *, #1806, .F. ) ;
#737 = LINE ( 'NONE', #262, #782 ) ;
#738 = ORIENTED_EDGE ( 'NONE', *, *, #3172, .F. ) ;
#739 = CARTESIAN_POINT ( 'NONE',  ( 11.75000000000000000, 6.680000000000000604, -4.049999999999998046 ) ) ;
#740 = CARTESIAN_POINT ( 'NONE',  ( 20.00000000000000000, 4.230000000000000426, 3.250000000000001776 ) ) ;
#741 = CARTESIAN_POINT ( 'NONE',  ( 20.00000000000000000, 1.729999999999999760, 3.550000000000000266 ) ) ;
#742 = PLANE ( 'NONE',  #3610 ) ;
#743 = DIRECTION ( 'NONE',  ( -0.000000000000000000, -0.000000000000000000, 1.000000000000000000 ) ) ;
#744 = AXIS2_PLACEMENT_3D ( 'NONE', #3306, #1853, #1187 ) ;
#745 = EDGE_LOOP ( 'NONE', ( #587, #2787, #2118, #1837 ) ) ;
#746 = CIRCLE ( 'NONE', #1129, 0.2500000000000000000 ) ;
#747 = ORIENTED_EDGE ( 'NONE', *, *, #2951, .F. ) ;
#748 =( GEOMETRIC_REPRESENTATION_CONTEXT ( 3 ) GLOBAL_UNCERTAINTY_ASSIGNED_CONTEXT ( ( #2791 ) ) GLOBAL_UNIT_ASSIGNED_CONTEXT ( ( #1238, #2843, #3560 ) ) REPRESENTATION_CONTEXT ( 'NONE', 'WORKASPACE' ) );
#749 = AXIS2_PLACEMENT_3D ( 'NONE', #2605, #108, #2645 ) ;
#750 = CARTESIAN_POINT ( 'NONE',  ( -6.999999999999998224, 4.530000000000000249, 3.050000000000002487 ) ) ;
#751 = DIRECTION ( 'NONE',  ( -0.000000000000000000, 2.697859216138113949E-16, -1.000000000000000000 ) ) ;
#752 = VERTEX_POINT ( 'NONE', #3005 ) ;
#753 = CIRCLE ( 'NONE', #3252, 0.2999999999999999334 ) ;
#754 = CARTESIAN_POINT ( 'NONE',  ( -15.05000000000000071, 6.930000000000000604, 2.050000000000001599 ) ) ;
#755 = ORIENTED_EDGE ( 'NONE', *, *, #1184, .F. ) ;
#756 = EDGE_CURVE ( 'NONE', #1020, #3083, #3140, .T. ) ;
#757 = VERTEX_POINT ( 'NONE', #500 ) ;
#758 = EDGE_LOOP ( 'NONE', ( #248, #941, #3247, #798 ) ) ;
#759 = DIRECTION ( 'NONE',  ( 0.000000000000000000, 4.110259322926089492E-16, -1.000000000000000000 ) ) ;
#760 = DIRECTION ( 'NONE',  ( 0.000000000000000000, 0.000000000000000000, -1.000000000000000000 ) ) ;
#761 = CARTESIAN_POINT ( 'NONE',  ( -5.000000000000000888, 6.930000000000000604, 3.050000000000002487 ) ) ;
#762 = ADVANCED_FACE ( 'NONE', ( #1914 ), #819, .T. ) ;
#763 = EDGE_CURVE ( 'NONE', #359, #1147, #799, .T. ) ;
#764 = ORIENTED_EDGE ( 'NONE', *, *, #2149, .F. ) ;
#765 = FACE_OUTER_BOUND ( 'NONE', #457, .T. ) ;
#766 = ORIENTED_EDGE ( 'NONE', *, *, #2153, .F. ) ;
#767 = PLANE ( 'NONE',  #1090 ) ;
#768 = DIRECTION ( 'NONE',  ( 0.000000000000000000, 0.000000000000000000, 1.000000000000000000 ) ) ;
#769 = PLANE ( 'NONE',  #31 ) ;
#770 = ORIENTED_EDGE ( 'NONE', *, *, #106, .T. ) ;
#771 = FACE_OUTER_BOUND ( 'NONE', #1352, .T. ) ;
#772 = EDGE_CURVE ( 'NONE', #984, #727, #866, .T. ) ;
#773 = VERTEX_POINT ( 'NONE', #405 ) ;
#774 = PRODUCT_DEFINITION_CONTEXT ( 'detailed design', #3453, 'design' ) ;
#775 = EDGE_CURVE ( 'NONE', #2918, #1997, #1939, .T. ) ;
#776 = CARTESIAN_POINT ( 'NONE',  ( 15.00000000000000355, 6.930000000000000604, -3.749999999999998224 ) ) ;
#777 = ORIENTED_EDGE ( 'NONE', *, *, #2257, .F. ) ;
#778 = FACE_OUTER_BOUND ( 'NONE', #3359, .T. ) ;
#779 = ORIENTED_EDGE ( 'NONE', *, *, #2515, .F. ) ;
#780 = ORIENTED_EDGE ( 'NONE', *, *, #2303, .T. ) ;
#781 = EDGE_LOOP ( 'NONE', ( #3308, #1609, #3328, #1768 ) ) ;
#782 = VECTOR ( 'NONE', #1164, 1000.000000000000000 ) ;
#783 = ORIENTED_EDGE ( 'NONE', *, *, #1885, .F. ) ;
#784 = DIRECTION ( 'NONE',  ( 1.000000000000000000, 0.000000000000000000, 0.000000000000000000 ) ) ;
#785 = DIRECTION ( 'NONE',  ( 0.7071067811865490160, -0.7071067811865461294, 0.000000000000000000 ) ) ;
#786 = ADVANCED_FACE ( 'NONE', ( #3245, #3125 ), #1237, .F. ) ;
#787 = ORIENTED_EDGE ( 'NONE', *, *, #618, .T. ) ;
#788 = VECTOR ( 'NONE', #1845, 1000.000000000000000 ) ;
#789 = AXIS2_PLACEMENT_3D ( 'NONE', #937, #1701, #575 ) ;
#790 = ORIENTED_EDGE ( 'NONE', *, *, #916, .T. ) ;
#791 = CARTESIAN_POINT ( 'NONE',  ( 16.04999999999999716, 6.930000000000000604, 2.800000000000000711 ) ) ;
#792 = DIRECTION ( 'NONE',  ( 0.000000000000000000, -1.000000000000000000, -3.270594788794885384E-16 ) ) ;
#793 = CARTESIAN_POINT ( 'NONE',  ( -5.000000000000000888, 6.930000000000000604, 3.250000000000002665 ) ) ;
#794 = DIRECTION ( 'NONE',  ( 0.000000000000000000, 0.000000000000000000, 1.000000000000000000 ) ) ;
#795 = ADVANCED_FACE ( 'NONE', ( #3266 ), #729, .T. ) ;
#796 = VERTEX_POINT ( 'NONE', #1491 ) ;
#797 = LINE ( 'NONE', #2011, #3220 ) ;
#798 = ORIENTED_EDGE ( 'NONE', *, *, #250, .T. ) ;
#799 = LINE ( 'NONE', #3338, #3105 ) ;
#800 = AXIS2_PLACEMENT_3D ( 'NONE', #1202, #3483, #232 ) ;
#801 = CARTESIAN_POINT ( 'NONE',  ( 20.00000000000000000, 7.429999999999999716, 3.050000000000002487 ) ) ;
#802 = ORIENTED_EDGE ( 'NONE', *, *, #3269, .F. ) ;
#803 = LINE ( 'NONE', #2514, #1962 ) ;
#804 = ORIENTED_EDGE ( 'NONE', *, *, #3369, .F. ) ;
#805 = ORIENTED_EDGE ( 'NONE', *, *, #627, .F. ) ;
#806 = EDGE_CURVE ( 'NONE', #3241, #580, #3293, .T. ) ;
#807 = VERTEX_POINT ( 'NONE', #2562 ) ;
#808 = CYLINDRICAL_SURFACE ( 'NONE', #2570, 0.2500000000000002220 ) ;
#809 = EDGE_LOOP ( 'NONE', ( #3156, #3316, #2036, #1400 ) ) ;
#810 = CARTESIAN_POINT ( 'NONE',  ( 12.00000000000000000, 7.429999999999999716, 3.050000000000002487 ) ) ;
#811 = VECTOR ( 'NONE', #1269, 1000.000000000000000 ) ;
#812 = CARTESIAN_POINT ( 'NONE',  ( 15.08930309757836952, 5.933654491299177991, -3.549999999999999822 ) ) ;
#813 = CARTESIAN_POINT ( 'NONE',  ( 18.00000000000000355, 6.930000000000000604, 3.050000000000002487 ) ) ;
#814 = EDGE_CURVE ( 'NONE', #948, #2013, #2037, .T. ) ;
#815 = EDGE_LOOP ( 'NONE', ( #3299, #2683, #2616, #3292 ) ) ;
#816 = EDGE_CURVE ( 'NONE', #620, #2124, #881, .T. ) ;
#817 = VECTOR ( 'NONE', #3093, 1000.000000000000000 ) ;
#818 = ORIENTED_EDGE ( 'NONE', *, *, #2839, .T. ) ;
#819 = CYLINDRICAL_SURFACE ( 'NONE', #2727, 0.4999999999999995559 ) ;
#820 = DIRECTION ( 'NONE',  ( 0.000000000000000000, 3.270594788794885384E-16, -1.000000000000000000 ) ) ;
#821 = DIRECTION ( 'NONE',  ( 0.000000000000000000, 0.000000000000000000, 1.000000000000000000 ) ) ;
#822 = CARTESIAN_POINT ( 'NONE',  ( 20.00000000000000000, 6.930000000000000604, -4.049999999999998046 ) ) ;
#823 = CARTESIAN_POINT ( 'NONE',  ( 12.00000000000000000, 7.129999999999999893, 3.050000000000002487 ) ) ;
#824 = EDGE_CURVE ( 'NONE', #1852, #3512, #735, .T. ) ;
#825 = VERTEX_POINT ( 'NONE', #3536 ) ;
#826 = LINE ( 'NONE', #776, #1946 ) ;
#827 = ORIENTED_EDGE ( 'NONE', *, *, #1688, .T. ) ;
#828 = ORIENTED_EDGE ( 'NONE', *, *, #2656, .T. ) ;
#829 = ADVANCED_FACE ( 'NONE', ( #3111 ), #3261, .T. ) ;
#830 = CARTESIAN_POINT ( 'NONE',  ( -20.00000000000000000, 6.930000000000000604, 3.550000000000002487 ) ) ;
#831 = CARTESIAN_POINT ( 'NONE',  ( 11.74999999999999822, 7.429999999999999716, 2.800000000000000266 ) ) ;
#832 = VERTEX_POINT ( 'NONE', #1726 ) ;
#833 = VECTOR ( 'NONE', #2998, 1000.000000000000000 ) ;
#834 = EDGE_LOOP ( 'NONE', ( #1595, #1670, #353, #1578 ) ) ;
#835 = AXIS2_PLACEMENT_3D ( 'NONE', #1370, #3122, #18 ) ;
#836 = EDGE_LOOP ( 'NONE', ( #1732, #3501, #1038, #510 ) ) ;
#837 = VECTOR ( 'NONE', #1549, 1000.000000000000000 ) ;
#838 = ORIENTED_EDGE ( 'NONE', *, *, #2098, .F. ) ;
#839 = CARTESIAN_POINT ( 'NONE',  ( 16.04999999999999716, 7.129999999999999893, 2.800000000000001155 ) ) ;
#840 = VECTOR ( 'NONE', #2724, 1000.000000000000000 ) ;
#841 = DIRECTION ( 'NONE',  ( 0.000000000000000000, 0.000000000000000000, 1.000000000000000000 ) ) ;
#842 = AXIS2_PLACEMENT_3D ( 'NONE', #1445, #1752, #59 ) ;
#843 = AXIS2_PLACEMENT_3D ( 'NONE', #3467, #987, #103 ) ;
#844 = ORIENTED_EDGE ( 'NONE', *, *, #1228, .T. ) ;
#845 = VECTOR ( 'NONE', #236, 1000.000000000000000 ) ;
#846 = ORIENTED_EDGE ( 'NONE', *, *, #1322, .F. ) ;
#847 = CARTESIAN_POINT ( 'NONE',  ( 20.45000000000001705, 7.129999999999999893, 2.599999999999984990 ) ) ;
#848 = LINE ( 'NONE', #1402, #690 ) ;
#849 = DIRECTION ( 'NONE',  ( 0.000000000000000000, 1.000000000000000000, 0.000000000000000000 ) ) ;
#850 = DIRECTION ( 'NONE',  ( 0.000000000000000000, 0.000000000000000000, -1.000000000000000000 ) ) ;
#851 = CARTESIAN_POINT ( 'NONE',  ( 15.00000000000000355, 5.742143380519431517, -4.049999999999998046 ) ) ;
#852 = DIRECTION ( 'NONE',  ( 1.000000000000000000, 0.000000000000000000, 0.000000000000000000 ) ) ;
#853 = AXIS2_PLACEMENT_3D ( 'NONE', #1692, #69, #2798 ) ;
#854 = ORIENTED_EDGE ( 'NONE', *, *, #586, .T. ) ;
#855 = FACE_OUTER_BOUND ( 'NONE', #3020, .T. ) ;
#856 = VERTEX_POINT ( 'NONE', #3476 ) ;
#857 = LINE ( 'NONE', #1304, #1904 ) ;
#858 = VECTOR ( 'NONE', #2431, 1000.000000000000000 ) ;
#859 = ADVANCED_FACE ( 'NONE', ( #2096 ), #699, .F. ) ;
#860 = CARTESIAN_POINT ( 'NONE',  ( 17.69999999999999929, 4.829999999999999183, 3.050000000000002487 ) ) ;
#861 = EDGE_CURVE ( 'NONE', #1808, #3106, #3115, .T. ) ;
#862 = DIRECTION ( 'NONE',  ( 0.000000000000000000, 0.000000000000000000, 1.000000000000000000 ) ) ;
#863 = EDGE_LOOP ( 'NONE', ( #506, #3000, #3039, #3458 ) ) ;
#864 = LINE ( 'NONE', #2953, #3283 ) ;
#865 = ORIENTED_EDGE ( 'NONE', *, *, #2754, .F. ) ;
#866 = CIRCLE ( 'NONE', #2614, 0.2999999999999999334 ) ;
#867 = VERTEX_POINT ( 'NONE', #2583 ) ;
#868 = FACE_OUTER_BOUND ( 'NONE', #2991, .T. ) ;
#869 = EDGE_CURVE ( 'NONE', #894, #856, #1146, .T. ) ;
#870 = ORIENTED_EDGE ( 'NONE', *, *, #2306, .F. ) ;
#871 = DIRECTION ( 'NONE',  ( -0.000000000000000000, -0.000000000000000000, 1.000000000000000000 ) ) ;
#872 = VECTOR ( 'NONE', #205, 1000.000000000000000 ) ;
#873 = DIRECTION ( 'NONE',  ( -0.000000000000000000, -0.000000000000000000, 1.000000000000000000 ) ) ;
#874 = DIRECTION ( 'NONE',  ( 1.000000000000000000, -7.542275982507869966E-16, 0.000000000000000000 ) ) ;
#875 = DIRECTION ( 'NONE',  ( -0.000000000000000000, -3.270594788794885384E-16, 1.000000000000000000 ) ) ;
#876 = EDGE_CURVE ( 'NONE', #620, #1896, #1128, .T. ) ;
#877 = EDGE_LOOP ( 'NONE', ( #1976, #2717, #3422, #747, #1582, #3372 ) ) ;
#878 = LINE ( 'NONE', #3246, #1025 ) ;
#879 = ORIENTED_EDGE ( 'NONE', *, *, #876, .F. ) ;
#880 = DIRECTION ( 'NONE',  ( 0.000000000000000000, 0.000000000000000000, -1.000000000000000000 ) ) ;
#881 = LINE ( 'NONE', #2871, #3155 ) ;
#882 =( LENGTH_UNIT ( ) NAMED_UNIT ( * ) SI_UNIT ( .MILLI., .METRE. ) );
#883 = CARTESIAN_POINT ( 'NONE',  ( -18.00000000000000000, 2.429999999999999272, 3.250000000000002220 ) ) ;
#884 = CARTESIAN_POINT ( 'NONE',  ( 20.00000000000000000, 7.129999999999999893, -3.050000000000006040 ) ) ;
#885 = EDGE_CURVE ( 'NONE', #1147, #2327, #2380, .T. ) ;
#886 = VERTEX_POINT ( 'NONE', #316 ) ;
#887 = CIRCLE ( 'NONE', #1840, 0.2500000000000002220 ) ;
#888 = ORIENTED_EDGE ( 'NONE', *, *, #260, .F. ) ;
#889 = ORIENTED_EDGE ( 'NONE', *, *, #208, .T. ) ;
#890 = CARTESIAN_POINT ( 'NONE',  ( 20.00000000000000000, 6.930000000000000604, -3.549999999999998490 ) ) ;
#891 = EDGE_LOOP ( 'NONE', ( #2341, #2955, #684, #1679 ) ) ;
#892 = CYLINDRICAL_SURFACE ( 'NONE', #1311, 0.3000000000000016542 ) ;
#893 = AXIS2_PLACEMENT_3D ( 'NONE', #1548, #3066, #1344 ) ;
#894 = VERTEX_POINT ( 'NONE', #3132 ) ;
#895 = ORIENTED_EDGE ( 'NONE', *, *, #1017, .F. ) ;
#896 = VERTEX_POINT ( 'NONE', #3188 ) ;
#897 = ORIENTED_EDGE ( 'NONE', *, *, #581, .F. ) ;
#898 = CARTESIAN_POINT ( 'NONE',  ( -6.000000000000000888, 5.729999999999999538, 3.550000000000000266 ) ) ;
#899 = VECTOR ( 'NONE', #1468, 1000.000000000000000 ) ;
#900 = ORIENTED_EDGE ( 'NONE', *, *, #572, .F. ) ;
#901 = PLANE ( 'NONE',  #1001 ) ;
#902 = DIRECTION ( 'NONE',  ( -0.000000000000000000, -0.000000000000000000, 1.000000000000000000 ) ) ;
#903 = AXIS2_PLACEMENT_3D ( 'NONE', #2291, #2020, #3075 ) ;
#904 = ORIENTED_EDGE ( 'NONE', *, *, #2106, .F. ) ;
#905 = LINE ( 'NONE', #1368, #2052 ) ;
#906 = ORIENTED_EDGE ( 'NONE', *, *, #869, .F. ) ;
#907 = CARTESIAN_POINT ( 'NONE',  ( 20.00000000000000000, 7.129999999999999893, 2.800000000000000711 ) ) ;
#908 = EDGE_LOOP ( 'NONE', ( #2147, #3099, #982, #1903 ) ) ;
#909 = EDGE_CURVE ( 'NONE', #3083, #3280, #3481, .T. ) ;
#910 = CARTESIAN_POINT ( 'NONE',  ( 15.94999999999999929, 3.279999999999999361, 3.050000000000002487 ) ) ;
#911 = CARTESIAN_POINT ( 'NONE',  ( 15.25000000000000355, 5.742143380519433293, -3.549999999999999822 ) ) ;
#912 = DIRECTION ( 'NONE',  ( 1.000000000000000000, 1.355252715606880543E-16, 4.432482469163980427E-32 ) ) ;
#913 = VERTEX_POINT ( 'NONE', #1218 ) ;
#914 = ORIENTED_EDGE ( 'NONE', *, *, #1366, .F. ) ;
#915 = ORIENTED_EDGE ( 'NONE', *, *, #495, .F. ) ;
#916 = EDGE_CURVE ( 'NONE', #629, #3171, #2289, .T. ) ;
#917 = CARTESIAN_POINT ( 'NONE',  ( -16.25000000000000000, 1.259976143364352250E-15, -3.050000000000000711 ) ) ;
#918 = VERTEX_POINT ( 'NONE', #968 ) ;
#919 = CIRCLE ( 'NONE', #3159, 0.2999999999999999334 ) ;
#920 = ORIENTED_EDGE ( 'NONE', *, *, #935, .T. ) ;
#921 = ORIENTED_EDGE ( 'NONE', *, *, #212, .F. ) ;
#922 = EDGE_CURVE ( 'NONE', #3022, #1792, #3498, .T. ) ;
#923 = DIRECTION ( 'NONE',  ( -0.7071067811865460184, -0.7071067811865490160, 0.000000000000000000 ) ) ;
#924 = VERTEX_POINT ( 'NONE', #3161 ) ;
#925 = FACE_OUTER_BOUND ( 'NONE', #3184, .T. ) ;
#926 = ORIENTED_EDGE ( 'NONE', *, *, #922, .T. ) ;
#927 = ORIENTED_EDGE ( 'NONE', *, *, #3262, .F. ) ;
#928 = DIRECTION ( 'NONE',  ( 0.000000000000000000, 1.000000000000000000, 4.110259322926096887E-16 ) ) ;
#929 = CARTESIAN_POINT ( 'NONE',  ( -15.05000000000000071, 7.129999999999999893, -2.800000000000001599 ) ) ;
#930 = ORIENTED_EDGE ( 'NONE', *, *, #1154, .T. ) ;
#931 = CIRCLE ( 'NONE', #1791, 0.2500000000000002220 ) ;
#932 = ORIENTED_EDGE ( 'NONE', *, *, #2543, .T. ) ;
#933 = DIRECTION ( 'NONE',  ( 0.000000000000000000, 0.000000000000000000, 1.000000000000000000 ) ) ;
#934 = ORIENTED_EDGE ( 'NONE', *, *, #3234, .T. ) ;
#935 = EDGE_CURVE ( 'NONE', #2086, #3171, #2112, .T. ) ;
#936 = DIRECTION ( 'NONE',  ( 0.000000000000000000, 1.000000000000000000, 3.270594788794885384E-16 ) ) ;
#937 = CARTESIAN_POINT ( 'NONE',  ( -15.05000000000000071, 7.129999999999999893, 2.050000000000001599 ) ) ;
#938 = DIRECTION ( 'NONE',  ( -0.000000000000000000, 4.046788824207170678E-16, -1.000000000000000000 ) ) ;
#939 = ORIENTED_EDGE ( 'NONE', *, *, #2119, .T. ) ;
#940 = CIRCLE ( 'NONE', #2472, 0.2500000000000000000 ) ;
#941 = ORIENTED_EDGE ( 'NONE', *, *, #3369, .T. ) ;
#942 = LINE ( 'NONE', #3517, #2125 ) ;
#943 = ORIENTED_EDGE ( 'NONE', *, *, #78, .F. ) ;
#944 =( GEOMETRIC_REPRESENTATION_CONTEXT ( 3 ) GLOBAL_UNCERTAINTY_ASSIGNED_CONTEXT ( ( #1781 ) ) GLOBAL_UNIT_ASSIGNED_CONTEXT ( ( #624, #1541, #3295 ) ) REPRESENTATION_CONTEXT ( 'NONE', 'WORKASPACE' ) );
#945 = DIRECTION ( 'NONE',  ( 0.000000000000000000, -4.110259322926089492E-16, 1.000000000000000000 ) ) ;
#946 = EDGE_LOOP ( 'NONE', ( #2160, #401, #471, #2200 ) ) ;
#947 = CIRCLE ( 'NONE', #3352, 0.4999999999999995559 ) ;
#948 = VERTEX_POINT ( 'NONE', #1775 ) ;
#949 = ORIENTED_EDGE ( 'NONE', *, *, #1672, .F. ) ;
#950 = CARTESIAN_POINT ( 'NONE',  ( 15.00000000000000355, 5.742143380519431517, -3.549999999999999822 ) ) ;
#951 = AXIS2_PLACEMENT_3D ( 'NONE', #822, #2528, #601 ) ;
#952 = CARTESIAN_POINT ( 'NONE',  ( 18.69999999999999929, 1.729999999999999538, 3.550000000000000266 ) ) ;
#953 = ORIENTED_EDGE ( 'NONE', *, *, #2270, .F. ) ;
#954 = VECTOR ( 'NONE', #607, 1000.000000000000000 ) ;
#955 = VERTEX_POINT ( 'NONE', #1022 ) ;
#956 = CARTESIAN_POINT ( 'NONE',  ( 15.00000000000000355, 5.742143380519431517, -3.749999999999998668 ) ) ;
#957 = ORIENTED_EDGE ( 'NONE', *, *, #1184, .T. ) ;
#958 = PLANE ( 'NONE',  #1975 ) ;
#959 = CARTESIAN_POINT ( 'NONE',  ( 20.00000000000000000, 4.829999999999997407, 3.250000000000001776 ) ) ;
#960 = DIRECTION ( 'NONE',  ( 0.000000000000000000, -1.000000000000000000, -4.110259322926096887E-16 ) ) ;
#961 = AXIS2_PLACEMENT_3D ( 'NONE', #1101, #1964, #1078 ) ;
#962 = ORIENTED_EDGE ( 'NONE', *, *, #775, .T. ) ;
#963 = LINE ( 'NONE', #34, #3291 ) ;
#964 = VERTEX_POINT ( 'NONE', #3496 ) ;
#965 = ORIENTED_EDGE ( 'NONE', *, *, #1359, .F. ) ;
#966 = CARTESIAN_POINT ( 'NONE',  ( 15.00000000000000355, 7.129999999999999893, 3.050000000000002487 ) ) ;
#967 = DIRECTION ( 'NONE',  ( 0.000000000000000000, 0.000000000000000000, -1.000000000000000000 ) ) ;
#968 = CARTESIAN_POINT ( 'NONE',  ( 15.79999999999999893, 7.129999999999999893, -3.549999999999999378 ) ) ;
#969 = DIRECTION ( 'NONE',  ( 0.000000000000000000, -1.832454376031838227E-16, 1.000000000000000000 ) ) ;
#970 = ORIENTED_EDGE ( 'NONE', *, *, #1763, .F. ) ;
#971 = LINE ( 'NONE', #442, #2081 ) ;
#972 = EDGE_CURVE ( 'NONE', #1945, #2056, #2117, .T. ) ;
#973 = ORIENTED_EDGE ( 'NONE', *, *, #1913, .F. ) ;
#974 = VERTEX_POINT ( 'NONE', #996 ) ;
#975 = DIRECTION ( 'NONE',  ( 0.000000000000000000, 1.000000000000000000, 0.000000000000000000 ) ) ;
#976 = ORIENTED_EDGE ( 'NONE', *, *, #2253, .F. ) ;
#977 = LINE ( 'NONE', #2438, #3395 ) ;
#978 = VERTEX_POINT ( 'NONE', #1253 ) ;
#979 = ORIENTED_EDGE ( 'NONE', *, *, #2422, .T. ) ;
#980 = EDGE_CURVE ( 'NONE', #2838, #3290, #942, .T. ) ;
#981 = EDGE_CURVE ( 'NONE', #2954, #3341, #2066, .T. ) ;
#982 = ORIENTED_EDGE ( 'NONE', *, *, #65, .T. ) ;
#983 = FACE_OUTER_BOUND ( 'NONE', #3321, .T. ) ;
#984 = VERTEX_POINT ( 'NONE', #2165 ) ;
#985 = DIRECTION ( 'NONE',  ( 1.000000000000000000, 0.000000000000000000, -0.000000000000000000 ) ) ;
#986 = ORIENTED_EDGE ( 'NONE', *, *, #2043, .F. ) ;
#987 = DIRECTION ( 'NONE',  ( -1.000000000000000000, 0.000000000000000000, 0.000000000000000000 ) ) ;
#988 = DIRECTION ( 'NONE',  ( -0.000000000000000000, 1.000000000000000000, -0.000000000000000000 ) ) ;
#989 = CARTESIAN_POINT ( 'NONE',  ( -20.00000000000000000, 7.429999999999999716, -3.549999999999998490 ) ) ;
#990 = EDGE_CURVE ( 'NONE', #1680, #3052, #857, .T. ) ;
#991 = ORIENTED_EDGE ( 'NONE', *, *, #1521, .T. ) ;
#992 = VECTOR ( 'NONE', #204, 1000.000000000000000 ) ;
#993 = VERTEX_POINT ( 'NONE', #2250 ) ;
#994 = EDGE_LOOP ( 'NONE', ( #1602, #1687 ) ) ;
#995 = DIRECTION ( 'NONE',  ( 1.000000000000000000, -0.000000000000000000, -0.000000000000000000 ) ) ;
#996 = CARTESIAN_POINT ( 'NONE',  ( 15.00000000000000355, 0.2999999999999999889, -3.300000000000000711 ) ) ;
#997 = ORIENTED_EDGE ( 'NONE', *, *, #1411, .F. ) ;
#998 = CIRCLE ( 'NONE', #702, 0.2500000000000002220 ) ;
#999 = VERTEX_POINT ( 'NONE', #251 ) ;
#1000 = ORIENTED_EDGE ( 'NONE', *, *, #65, .F. ) ;
#1001 = AXIS2_PLACEMENT_3D ( 'NONE', #2886, #2767, #1414 ) ;
#1002 = ADVANCED_FACE ( 'NONE', ( #771 ), #808, .F. ) ;
#1003 = ORIENTED_EDGE ( 'NONE', *, *, #106, .F. ) ;
#1004 = FACE_OUTER_BOUND ( 'NONE', #3603, .T. ) ;
#1005 = VERTEX_POINT ( 'NONE', #1286 ) ;
#1006 = ORIENTED_EDGE ( 'NONE', *, *, #1111, .T. ) ;
#1007 = AXIS2_PLACEMENT_3D ( 'NONE', #3441, #2536, #285 ) ;
#1008 = CARTESIAN_POINT ( 'NONE',  ( -17.75000000000000000, 7.429999999999999716, 2.300000000000001155 ) ) ;
#1009 = VERTEX_POINT ( 'NONE', #27 ) ;
#1010 = VECTOR ( 'NONE', #1765, 1000.000000000000000 ) ;
#1011 = ORIENTED_EDGE ( 'NONE', *, *, #355, .F. ) ;
#1012 = DIRECTION ( 'NONE',  ( 0.000000000000000000, 0.000000000000000000, 1.000000000000000000 ) ) ;
#1013 = ORIENTED_EDGE ( 'NONE', *, *, #2483, .F. ) ;
#1014 = DIRECTION ( 'NONE',  ( -1.000000000000000000, 0.000000000000000000, 0.000000000000000000 ) ) ;
#1015 = DIRECTION ( 'NONE',  ( 0.000000000000000000, 3.270594788794885384E-16, -1.000000000000000000 ) ) ;
#1016 = CARTESIAN_POINT ( 'NONE',  ( -18.00000000000000000, 2.429999999999999272, 3.550000000000000266 ) ) ;
#1017 = EDGE_CURVE ( 'NONE', #2817, #2848, #803, .T. ) ;
#1018 = EDGE_LOOP ( 'NONE', ( #1855, #2088, #827, #3307 ) ) ;
#1019 = FACE_OUTER_BOUND ( 'NONE', #2945, .T. ) ;
#1020 = VERTEX_POINT ( 'NONE', #2481 ) ;
#1021 = CARTESIAN_POINT ( 'NONE',  ( -16.25000000000000000, 1.000000000000008438, -4.050000000000000711 ) ) ;
#1022 = CARTESIAN_POINT ( 'NONE',  ( -16.25000000000000000, 6.430000000000000604, -3.749999999999998224 ) ) ;
#1023 = EDGE_CURVE ( 'NONE', #3254, #2116, #1916, .T. ) ;
#1024 = ORIENTED_EDGE ( 'NONE', *, *, #675, .T. ) ;
#1025 = VECTOR ( 'NONE', #1874, 1000.000000000000000 ) ;
#1026 = EDGE_CURVE ( 'NONE', #313, #1155, #1994, .T. ) ;
#1027 = ORIENTED_EDGE ( 'NONE', *, *, #3021, .T. ) ;
#1028 = EDGE_CURVE ( 'NONE', #3219, #2733, #3137, .T. ) ;
#1029 = ORIENTED_EDGE ( 'NONE', *, *, #165, .T. ) ;
#1030 = VECTOR ( 'NONE', #928, 1000.000000000000000 ) ;
#1031 = ORIENTED_EDGE ( 'NONE', *, *, #2008, .F. ) ;
#1032 = PLANE ( 'NONE',  #2652 ) ;
#1033 = EDGE_CURVE ( 'NONE', #896, #620, #746, .T. ) ;
#1034 = DIRECTION ( 'NONE',  ( -0.000000000000000000, 1.000000000000000000, -0.000000000000000000 ) ) ;
#1035 = ORIENTED_EDGE ( 'NONE', *, *, #2859, .T. ) ;
#1036 = CYLINDRICAL_SURFACE ( 'NONE', #2926, 0.2999999999999999334 ) ;
#1037 = CARTESIAN_POINT ( 'NONE',  ( 15.79999999999999893, 6.530000000000000249, -3.549999999999999822 ) ) ;
#1038 = ORIENTED_EDGE ( 'NONE', *, *, #1404, .T. ) ;
#1039 = DIRECTION ( 'NONE',  ( 0.000000000000000000, -1.000000000000000000, 0.000000000000000000 ) ) ;
#1040 = CARTESIAN_POINT ( 'NONE',  ( -17.75000000000000000, 6.930000000000000604, 2.300000000000000711 ) ) ;
#1041 = AXIS2_PLACEMENT_3D ( 'NONE', #2137, #3211, #2164 ) ;
#1042 = ORIENTED_EDGE ( 'NONE', *, *, #763, .T. ) ;
#1043 = VECTOR ( 'NONE', #3067, 1000.000000000000000 ) ;
#1044 = VERTEX_POINT ( 'NONE', #229 ) ;
#1045 = DIRECTION ( 'NONE',  ( 1.000000000000000000, 0.000000000000000000, 0.000000000000000000 ) ) ;
#1046 = CARTESIAN_POINT ( 'NONE',  ( -7.250000000000000000, 6.930000000000000604, 2.550000000000001599 ) ) ;
#1047 = CARTESIAN_POINT ( 'NONE',  ( 20.00000000000000000, 7.429999999999999716, 3.050000000000002487 ) ) ;
#1048 = AXIS2_PLACEMENT_3D ( 'NONE', #648, #2604, #1236 ) ;
#1049 = ORIENTED_EDGE ( 'NONE', *, *, #1576, .T. ) ;
#1050 = ORIENTED_EDGE ( 'NONE', *, *, #139, .F. ) ;
#1051 = DIRECTION ( 'NONE',  ( 0.000000000000000000, 0.000000000000000000, -1.000000000000000000 ) ) ;
#1052 = AXIS2_PLACEMENT_3D ( 'NONE', #2195, #2468, #2497 ) ;
#1053 = LINE ( 'NONE', #1958, #1043 ) ;
#1054 = EDGE_LOOP ( 'NONE', ( #904, #288, #2607, #3272, #2600, #1388, #802, #906, #1453, #777, #879, #3270, #2111, #926 ) ) ;
#1055 = DIRECTION ( 'NONE',  ( -0.7071067811865459074, 0.000000000000000000, 0.7071067811865491270 ) ) ;
#1056 = LINE ( 'NONE', #3229, #2212 ) ;
#1057 = EDGE_CURVE ( 'NONE', #2124, #594, #1902, .T. ) ;
#1058 = DIRECTION ( 'NONE',  ( 0.000000000000000000, 3.270594788794885384E-16, -1.000000000000000000 ) ) ;
#1059 = EDGE_LOOP ( 'NONE', ( #1674, #3497, #1540, #2899 ) ) ;
#1060 = DIRECTION ( 'NONE',  ( -1.000000000000000000, -0.000000000000000000, -0.000000000000000000 ) ) ;
#1061 = CARTESIAN_POINT ( 'NONE',  ( 12.00000000000000000, 6.930000000000000604, -3.300000000000006928 ) ) ;
#1062 = CARTESIAN_POINT ( 'NONE',  ( 15.00000000000000355, 7.129999999999999893, -2.746446609406727024 ) ) ;
#1063 = ORIENTED_EDGE ( 'NONE', *, *, #1115, .F. ) ;
#1064 = EDGE_CURVE ( 'NONE', #483, #2215, #1986, .T. ) ;
#1065 = DIRECTION ( 'NONE',  ( -0.000000000000000000, -0.000000000000000000, 1.000000000000000000 ) ) ;
#1066 = DIRECTION ( 'NONE',  ( 0.000000000000000000, 1.000000000000000000, 0.000000000000000000 ) ) ;
#1067 = VECTOR ( 'NONE', #1444, 1000.000000000000000 ) ;
#1068 = EDGE_CURVE ( 'NONE', #3571, #2150, #2006, .T. ) ;
#1069 = DIRECTION ( 'NONE',  ( 0.000000000000000000, 0.000000000000000000, 1.000000000000000000 ) ) ;
#1070 = CYLINDRICAL_SURFACE ( 'NONE', #653, 0.2499999999999997780 ) ;
#1071 = ORIENTED_EDGE ( 'NONE', *, *, #1437, .T. ) ;
#1072 = EDGE_CURVE ( 'NONE', #752, #1170, #1971, .T. ) ;
#1073 = CARTESIAN_POINT ( 'NONE',  ( 16.25000000000000000, 1.729999999999999538, 3.250000000000000888 ) ) ;
#1074 = CARTESIAN_POINT ( 'NONE',  ( -15.30000000000000071, 7.429999999999999716, -2.799999999999999378 ) ) ;
#1075 = VECTOR ( 'NONE', #2282, 1000.000000000000000 ) ;
#1076 = ORIENTED_EDGE ( 'NONE', *, *, #2706, .T. ) ;
#1077 = VECTOR ( 'NONE', #2411, 1000.000000000000000 ) ;
#1078 = DIRECTION ( 'NONE',  ( -0.7071067811865521247, 0.7071067811865430208, 0.000000000000000000 ) ) ;
#1079 = FACE_OUTER_BOUND ( 'NONE', #2063, .T. ) ;
#1080 = ADVANCED_FACE ( 'NONE', ( #711 ), #1869, .T. ) ;
#1081 = DIRECTION ( 'NONE',  ( -1.000000000000000000, -0.000000000000000000, -0.000000000000000000 ) ) ;
#1082 = ORIENTED_EDGE ( 'NONE', *, *, #2734, .F. ) ;
#1083 = CARTESIAN_POINT ( 'NONE',  ( -16.50000000000000355, 6.930000000000000604, -3.749999999999998224 ) ) ;
#1084 = PLANE ( 'NONE',  #951 ) ;
#1085 = DIRECTION ( 'NONE',  ( 0.000000000000000000, 0.000000000000000000, 1.000000000000000000 ) ) ;
#1086 = AXIS2_PLACEMENT_3D ( 'NONE', #143, #1045, #2686 ) ;
#1087 = PRODUCT_DEFINITION ( 'UNKNOWN', '', #3569, #774 ) ;
#1088 = LINE ( 'NONE', #3177, #1075 ) ;
#1089 = ORIENTED_EDGE ( 'NONE', *, *, #3465, .T. ) ;
#1090 = AXIS2_PLACEMENT_3D ( 'NONE', #2677, #450, #1503 ) ;
#1091 = DIRECTION ( 'NONE',  ( 1.000000000000000000, 0.000000000000000000, 0.000000000000000000 ) ) ;
#1092 = VECTOR ( 'NONE', #2972, 1000.000000000000000 ) ;
#1093 = VERTEX_POINT ( 'NONE', #2687 ) ;
#1094 = EDGE_CURVE ( 'NONE', #2116, #3254, #753, .T. ) ;
#1095 = CARTESIAN_POINT ( 'NONE',  ( -16.50000000000000000, 6.930000000000000604, -3.749999999999997335 ) ) ;
#1096 = CARTESIAN_POINT ( 'NONE',  ( -5.000000000000000888, 7.429999999999999716, 3.050000000000002931 ) ) ;
#1097 = CIRCLE ( 'NONE', #2367, 0.2999999999999999334 ) ;
#1098 = ORIENTED_EDGE ( 'NONE', *, *, #3418, .F. ) ;
#1099 = LINE ( 'NONE', #2936, #2332 ) ;
#1100 = EDGE_CURVE ( 'NONE', #2046, #2256, #826, .T. ) ;
#1101 = CARTESIAN_POINT ( 'NONE',  ( 14.50000000000000000, 1.929999999999998828, 3.050000000000002487 ) ) ;
#1102 = LINE ( 'NONE', #2040, #3410 ) ;
#1103 = CARTESIAN_POINT ( 'NONE',  ( -19.00000000000000000, 2.229999999999999982, 3.550000000000000266 ) ) ;
#1104 = ORIENTED_EDGE ( 'NONE', *, *, #2709, .T. ) ;
#1105 = CARTESIAN_POINT ( 'NONE',  ( 17.69999999999999929, 4.829999999999999183, 3.550000000000000266 ) ) ;
#1106 = DIRECTION ( 'NONE',  ( 0.000000000000000000, 0.000000000000000000, 1.000000000000000000 ) ) ;
#1107 = EDGE_CURVE ( 'NONE', #3022, #896, #3175, .T. ) ;
#1108 = LINE ( 'NONE', #1741, #1030 ) ;
#1109 = ADVANCED_FACE ( 'NONE', ( #3196 ), #3586, .F. ) ;
#1110 = EDGE_LOOP ( 'NONE', ( #2820, #3537, #3360, #2802, #3342, #2206, #1138, #2924 ) ) ;
#1111 = EDGE_CURVE ( 'NONE', #773, #2364, #2014, .T. ) ;
#1112 = DIRECTION ( 'NONE',  ( 0.000000000000000000, -4.046788824207171171E-16, 1.000000000000000000 ) ) ;
#1113 = EDGE_LOOP ( 'NONE', ( #625, #1705, #1760, #1131 ) ) ;
#1114 = ADVANCED_FACE ( 'NONE', ( #719 ), #1949, .F. ) ;
#1115 = EDGE_CURVE ( 'NONE', #1754, #1532, #725, .T. ) ;
#1116 = DIRECTION ( 'NONE',  ( 0.000000000000000000, 1.000000000000000000, 0.000000000000000000 ) ) ;
#1117 = DIRECTION ( 'NONE',  ( 0.7071067811865460184, 0.7071067811865489050, 0.000000000000000000 ) ) ;
#1118 = CARTESIAN_POINT ( 'NONE',  ( 20.00000000000000000, 0.5000000000000003331, -3.750000000000000000 ) ) ;
#1119 = CIRCLE ( 'NONE', #1461, 0.2500000000000002220 ) ;
#1120 = ORIENTED_EDGE ( 'NONE', *, *, #37, .T. ) ;
#1121 = AXIS2_PLACEMENT_3D ( 'NONE', #2606, #2453, #1069 ) ;
#1122 = DIRECTION ( 'NONE',  ( 0.000000000000000000, 4.046788824207171171E-16, -1.000000000000000000 ) ) ;
#1123 = CIRCLE ( 'NONE', #1337, 0.2500000000000002220 ) ;
#1124 = EDGE_LOOP ( 'NONE', ( #1462, #3053, #3216, #1713 ) ) ;
#1125 = CARTESIAN_POINT ( 'NONE',  ( 18.00000000000000355, 7.429999999999999716, 2.800000000000000711 ) ) ;
#1126 = DIRECTION ( 'NONE',  ( 0.000000000000000000, 0.000000000000000000, 1.000000000000000000 ) ) ;
#1127 = CARTESIAN_POINT ( 'NONE',  ( -15.05000000000000071, 7.129999999999999893, 2.300000000000001599 ) ) ;
#1128 = LINE ( 'NONE', #94, #2356 ) ;
#1129 = AXIS2_PLACEMENT_3D ( 'NONE', #2988, #751, #461 ) ;
#1130 = LINE ( 'NONE', #1083, #2413 ) ;
#1131 = ORIENTED_EDGE ( 'NONE', *, *, #3070, .T. ) ;
#1132 = DIRECTION ( 'NONE',  ( 0.000000000000000000, 3.270594788794885384E-16, -1.000000000000000000 ) ) ;
#1133 = CARTESIAN_POINT ( 'NONE',  ( -6.699999999999999289, 4.530000000000000249, 3.550000000000000266 ) ) ;
#1134 = VERTEX_POINT ( 'NONE', #3407 ) ;
#1135 = LINE ( 'NONE', #2937, #2368 ) ;
#1136 = ADVANCED_FACE ( 'NONE', ( #778 ), #2321, .F. ) ;
#1137 = EDGE_CURVE ( 'NONE', #3311, #3297, #2028, .T. ) ;
#1138 = ORIENTED_EDGE ( 'NONE', *, *, #2754, .T. ) ;
#1139 = DIRECTION ( 'NONE',  ( 0.000000000000000000, 0.000000000000000000, 1.000000000000000000 ) ) ;
#1140 = DIRECTION ( 'NONE',  ( -0.000000000000000000, 1.000000000000000000, -0.000000000000000000 ) ) ;
#1141 = CARTESIAN_POINT ( 'NONE',  ( 12.00000000000000000, 7.130000000000000782, 3.550000000000000266 ) ) ;
#1142 = VECTOR ( 'NONE', #1014, 1000.000000000000000 ) ;
#1143 = ORIENTED_EDGE ( 'NONE', *, *, #2743, .F. ) ;
#1144 = EDGE_CURVE ( 'NONE', #351, #2029, #2045, .T. ) ;
#1145 = ADVANCED_FACE ( 'NONE', ( #3236 ), #2532, .F. ) ;
#1146 = LINE ( 'NONE', #670, #2348 ) ;
#1147 = VERTEX_POINT ( 'NONE', #3414 ) ;
#1148 = FACE_OUTER_BOUND ( 'NONE', #1396, .T. ) ;
#1149 = FILL_AREA_STYLE ('',( #314 ) ) ;
#1150 = ORIENTED_EDGE ( 'NONE', *, *, #2632, .T. ) ;
#1151 = CARTESIAN_POINT ( 'NONE',  ( 15.00000000000000355, 5.742143380519431517, -3.549999999999999822 ) ) ;
#1152 = DIRECTION ( 'NONE',  ( 1.000000000000000000, 0.000000000000000000, 0.000000000000000000 ) ) ;
#1153 = DIRECTION ( 'NONE',  ( 0.000000000000000000, -7.972074797687532784E-18, 1.000000000000000000 ) ) ;
#1154 = EDGE_CURVE ( 'NONE', #1560, #2918, #1941, .T. ) ;
#1155 = VERTEX_POINT ( 'NONE', #3151 ) ;
#1156 = FACE_OUTER_BOUND ( 'NONE', #2288, .T. ) ;
#1157 = FACE_OUTER_BOUND ( 'NONE', #1598, .T. ) ;
#1158 = DIRECTION ( 'NONE',  ( 0.000000000000000000, 0.000000000000000000, 1.000000000000000000 ) ) ;
#1159 = VECTOR ( 'NONE', #178, 1000.000000000000000 ) ;
#1160 = DIRECTION ( 'NONE',  ( -0.000000000000000000, 1.000000000000000000, -0.000000000000000000 ) ) ;
#1161 = ORIENTED_EDGE ( 'NONE', *, *, #402, .T. ) ;
#1162 = CARTESIAN_POINT ( 'NONE',  ( -18.69999999999999929, 4.480000000000000426, 3.550000000000000266 ) ) ;
#1163 = CARTESIAN_POINT ( 'NONE',  ( 20.00000000000000000, 6.930000000000000604, 3.050000000000002487 ) ) ;
#1164 = DIRECTION ( 'NONE',  ( -0.000000000000000000, -0.000000000000000000, 1.000000000000000000 ) ) ;
#1165 = CARTESIAN_POINT ( 'NONE',  ( 20.00000000000000000, 6.930000000000000604, 3.250000000000002665 ) ) ;
#1166 = CYLINDRICAL_SURFACE ( 'NONE', #1657, 0.3000000000000016542 ) ;
#1167 = ADVANCED_FACE ( 'NONE', ( #731 ), #3215, .T. ) ;
#1168 = LINE ( 'NONE', #1008, #2428 ) ;
#1169 = AXIS2_PLACEMENT_3D ( 'NONE', #1810, #2128, #3257 ) ;
#1170 = VERTEX_POINT ( 'NONE', #237 ) ;
#1171 = CARTESIAN_POINT ( 'NONE',  ( 14.75000000000000355, 7.129999999999999893, -2.746446609406728356 ) ) ;
#1172 = LINE ( 'NONE', #1331, #3597 ) ;
#1173 = DIRECTION ( 'NONE',  ( -0.000000000000000000, 0.000000000000000000, -1.000000000000000000 ) ) ;
#1174 = LINE ( 'NONE', #3200, #28 ) ;
#1175 = DIRECTION ( 'NONE',  ( -0.000000000000000000, -0.000000000000000000, 1.000000000000000000 ) ) ;
#1176 = DIRECTION ( 'NONE',  ( -1.000000000000000000, 0.000000000000000000, 1.294569758191647155E-16 ) ) ;
#1177 = CARTESIAN_POINT ( 'NONE',  ( 20.00000000000000000, 6.930000000000000604, 3.250000000000002665 ) ) ;
#1178 = AXIS2_PLACEMENT_3D ( 'NONE', #1717, #2575, #3068 ) ;
#1179 = ORIENTED_EDGE ( 'NONE', *, *, #586, .F. ) ;
#1180 = VECTOR ( 'NONE', #2265, 1000.000000000000114 ) ;
#1181 = DIRECTION ( 'NONE',  ( -1.000000000000000000, -0.000000000000000000, -0.000000000000000000 ) ) ;
#1182 = AXIS2_PLACEMENT_3D ( 'NONE', #2373, #1831, #1481 ) ;
#1183 = CIRCLE ( 'NONE', #1250, 0.3000000000000016542 ) ;
#1184 = EDGE_CURVE ( 'NONE', #3325, #598, #737, .T. ) ;
#1185 = DIRECTION ( 'NONE',  ( -1.000000000000000000, 0.000000000000000000, -0.000000000000000000 ) ) ;
#1186 = CARTESIAN_POINT ( 'NONE',  ( -18.19999999999999574, 2.229999999999999982, 3.550000000000000266 ) ) ;
#1187 = DIRECTION ( 'NONE',  ( 0.000000000000000000, 1.000000000000000000, 0.000000000000000000 ) ) ;
#1188 = LINE ( 'NONE', #687, #1142 ) ;
#1189 = LINE ( 'NONE', #1989, #32 ) ;
#1190 = DIRECTION ( 'NONE',  ( 0.000000000000000000, 0.000000000000000000, 1.000000000000000000 ) ) ;
#1191 = EDGE_CURVE ( 'NONE', #615, #1947, #1953, .T. ) ;
#1192 = VECTOR ( 'NONE', #1175, 1000.000000000000000 ) ;
#1193 = ADVANCED_FACE ( 'NONE', ( #1999 ), #1346, .T. ) ;
#1194 = VECTOR ( 'NONE', #2720, 999.9999999999998863 ) ;
#1195 = DIRECTION ( 'NONE',  ( 0.000000000000000000, 0.000000000000000000, -1.000000000000000000 ) ) ;
#1196 = DIRECTION ( 'NONE',  ( 0.000000000000000000, 0.000000000000000000, 1.000000000000000000 ) ) ;
#1197 = EDGE_CURVE ( 'NONE', #2762, #142, #3183, .T. ) ;
#1198 = CIRCLE ( 'NONE', #666, 0.3000000000000016542 ) ;
#1199 = ADVANCED_FACE ( 'NONE', ( #3163 ), #564, .F. ) ;
#1200 = DIRECTION ( 'NONE',  ( 0.000000000000000000, 3.270594788794885384E-16, -1.000000000000000000 ) ) ;
#1201 = AXIS2_PLACEMENT_3D ( 'NONE', #2597, #1248, #3231 ) ;
#1202 = CARTESIAN_POINT ( 'NONE',  ( 14.30000000000000426, 6.930000000000000604, -3.549999999999998490 ) ) ;
#1203 = CYLINDRICAL_SURFACE ( 'NONE', #275, 0.2500000000000002220 ) ;
#1204 = FACE_OUTER_BOUND ( 'NONE', #908, .T. ) ;
#1205 = CARTESIAN_POINT ( 'NONE',  ( 18.00000000000000355, 6.930000000000000604, 3.250000000000002665 ) ) ;
#1206 = CARTESIAN_POINT ( 'NONE',  ( 18.00000000000000355, 7.129999999999999893, 2.800000000000000711 ) ) ;
#1207 = DIRECTION ( 'NONE',  ( -1.000000000000000000, -1.355252715606880543E-16, 0.000000000000000000 ) ) ;
#1208 = CARTESIAN_POINT ( 'NONE',  ( -6.999999999999999112, 7.430000000000001492, 3.050000000000002487 ) ) ;
#1209 = CARTESIAN_POINT ( 'NONE',  ( -4.750000000000000888, 7.129999999999999893, 3.050000000000000711 ) ) ;
#1210 = AXIS2_PLACEMENT_3D ( 'NONE', #2885, #2376, #2069 ) ;
#1211 = CIRCLE ( 'NONE', #1342, 0.2500000000000002220 ) ;
#1212 = CARTESIAN_POINT ( 'NONE',  ( -6.699999999999999289, 4.230000000000000426, 3.050000000000002487 ) ) ;
#1213 = FACE_OUTER_BOUND ( 'NONE', #946, .T. ) ;
#1214 = AXIS2_PLACEMENT_3D ( 'NONE', #2710, #3323, #1339 ) ;
#1215 = DIRECTION ( 'NONE',  ( 0.000000000000000000, -1.000000000000000000, 0.000000000000000000 ) ) ;
#1216 = CYLINDRICAL_SURFACE ( 'NONE', #243, 0.2999999999999999334 ) ;
#1217 = CARTESIAN_POINT ( 'NONE',  ( 15.08930309757836952, 5.933654491299177991, -3.749999999999998224 ) ) ;
#1218 = CARTESIAN_POINT ( 'NONE',  ( -19.30000000000000071, 2.229999999999999982, 3.550000000000000266 ) ) ;
#1219 = FILL_AREA_STYLE ('',( #2022 ) ) ;
#1220 = LINE ( 'NONE', #2489, #1194 ) ;
#1221 = EDGE_CURVE ( 'NONE', #2256, #2179, #3209, .T. ) ;
#1222 = CARTESIAN_POINT ( 'NONE',  ( 11.74999999999999822, 7.129999999999999893, 2.800000000000000266 ) ) ;
#1223 = DIRECTION ( 'NONE',  ( 1.000000000000000000, 0.000000000000000000, 0.000000000000000000 ) ) ;
#1224 = LINE ( 'NONE', #55, #8 ) ;
#1225 = ADVANCED_FACE ( 'NONE', ( #765 ), #640, .T. ) ;
#1226 = EDGE_CURVE ( 'NONE', #3311, #672, #797, .T. ) ;
#1227 = DIRECTION ( 'NONE',  ( 1.000000000000000000, 0.000000000000000000, -0.000000000000000000 ) ) ;
#1228 = EDGE_CURVE ( 'NONE', #390, #3311, #693, .T. ) ;
#1229 = CARTESIAN_POINT ( 'NONE',  ( 11.75000000000000000, 6.430000000000000604, -3.549999999999999822 ) ) ;
#1230 = CARTESIAN_POINT ( 'NONE',  ( 20.00000000000000000, 0.000000000000000000, 3.550000000000000266 ) ) ;
#1231 = CARTESIAN_POINT ( 'NONE',  ( 18.69999999999999929, 1.729999999999999538, 3.250000000000000888 ) ) ;
#1232 = LINE ( 'NONE', #1440, #2460 ) ;
#1233 = EDGE_CURVE ( 'NONE', #913, #2364, #2035, .T. ) ;
#1234 = CARTESIAN_POINT ( 'NONE',  ( -18.69999999999999929, 4.480000000000000426, 3.250000000000001776 ) ) ;
#1235 = FACE_OUTER_BOUND ( 'NONE', #1709, .T. ) ;
#1236 = DIRECTION ( 'NONE',  ( 0.000000000000000000, 0.000000000000000000, 1.000000000000000000 ) ) ;
#1237 = PLANE ( 'NONE',  #749 ) ;
#1238 =( LENGTH_UNIT ( ) NAMED_UNIT ( * ) SI_UNIT ( .MILLI., .METRE. ) );
#1239 = FACE_OUTER_BOUND ( 'NONE', #2864, .T. ) ;
#1240 = AXIS2_PLACEMENT_3D ( 'NONE', #1133, #1925, #466 ) ;
#1241 = CARTESIAN_POINT ( 'NONE',  ( 20.00000000000000000, 6.930000000000000604, 3.550000000000002487 ) ) ;
#1242 = DIRECTION ( 'NONE',  ( 0.000000000000000000, 0.000000000000000000, 1.000000000000000000 ) ) ;
#1243 = LINE ( 'NONE', #2400, #2402 ) ;
#1244 = AXIS2_PLACEMENT_3D ( 'NONE', #2657, #2914, #1588 ) ;
#1245 = DIRECTION ( 'NONE',  ( -1.000000000000000000, -0.000000000000000000, -0.000000000000000000 ) ) ;
#1246 = DIRECTION ( 'NONE',  ( 0.000000000000000000, 4.046788824207170678E-16, -1.000000000000000000 ) ) ;
#1247 = DIRECTION ( 'NONE',  ( 0.000000000000000000, -1.000000000000000000, 0.000000000000000000 ) ) ;
#1248 = DIRECTION ( 'NONE',  ( -1.000000000000000000, -0.000000000000000000, -0.000000000000000000 ) ) ;
#1249 = LINE ( 'NONE', #907, #3607 ) ;
#1250 = AXIS2_PLACEMENT_3D ( 'NONE', #3574, #447, #520 ) ;
#1251 = CARTESIAN_POINT ( 'NONE',  ( 16.25000000000000000, 1.729999999999999538, 3.050000000000002487 ) ) ;
#1252 = LINE ( 'NONE', #38, #2474 ) ;
#1253 = CARTESIAN_POINT ( 'NONE',  ( 15.79999999999999893, 7.429999999999999716, 2.549999999999998934 ) ) ;
#1254 = EDGE_CURVE ( 'NONE', #2013, #2046, #2024, .T. ) ;
#1255 = LINE ( 'NONE', #1698, #3604 ) ;
#1256 = DIRECTION ( 'NONE',  ( 0.000000000000000000, 0.000000000000000000, -1.000000000000000000 ) ) ;
#1257 = EDGE_CURVE ( 'NONE', #2025, #380, #3242, .T. ) ;
#1258 = VECTOR ( 'NONE', #3377, 1000.000000000000000 ) ;
#1259 = DIRECTION ( 'NONE',  ( 0.000000000000000000, 0.000000000000000000, 1.000000000000000000 ) ) ;
#1260 = DIRECTION ( 'NONE',  ( -1.000000000000000000, -1.355252715606880543E-16, 0.000000000000000000 ) ) ;
#1261 = DIRECTION ( 'NONE',  ( 0.000000000000000000, 0.000000000000000000, 1.000000000000000000 ) ) ;
#1262 = CARTESIAN_POINT ( 'NONE',  ( -16.25000000000000000, 1.000000000000008438, -4.050000000000000711 ) ) ;
#1263 = CARTESIAN_POINT ( 'NONE',  ( -6.699999999999999289, 4.230000000000001315, 3.250000000000001776 ) ) ;
#1264 = ADVANCED_FACE ( 'NONE', ( #3113 ), #308, .F. ) ;
#1265 = LINE ( 'NONE', #1527, #1274 ) ;
#1266 = EDGE_CURVE ( 'NONE', #594, #2065, #701, .T. ) ;
#1267 = DIRECTION ( 'NONE',  ( 0.000000000000000000, 1.000000000000000000, 0.000000000000000000 ) ) ;
#1268 = LINE ( 'NONE', #425, #2513 ) ;
#1269 = DIRECTION ( 'NONE',  ( -0.000000000000000000, -0.000000000000000000, 1.000000000000000000 ) ) ;
#1270 = AXIS2_PLACEMENT_3D ( 'NONE', #1716, #2010, #2521 ) ;
#1271 = CYLINDRICAL_SURFACE ( 'NONE', #1802, 0.4999999999999995559 ) ;
#1272 = CARTESIAN_POINT ( 'NONE',  ( -19.00000000000000000, 4.480000000000000426, 3.050000000000002487 ) ) ;
#1273 = AXIS2_PLACEMENT_3D ( 'NONE', #1835, #1486, #1247 ) ;
#1274 = VECTOR ( 'NONE', #1034, 1000.000000000000000 ) ;
#1275 = CARTESIAN_POINT ( 'NONE',  ( 12.00000000000000000, 6.930000000000000604, -3.549999999999998490 ) ) ;
#1276 = ADVANCED_FACE ( 'NONE', ( #3118 ), #2190, .F. ) ;
#1277 = DIRECTION ( 'NONE',  ( 0.000000000000000000, 1.000000000000000000, 3.129010598803764644E-16 ) ) ;
#1278 = DIRECTION ( 'NONE',  ( 0.000000000000000000, -1.000000000000000000, -2.697859216138113949E-16 ) ) ;
#1279 = DIRECTION ( 'NONE',  ( 0.000000000000000000, -1.000000000000000000, -7.972074797687532784E-18 ) ) ;
#1280 = CARTESIAN_POINT ( 'NONE',  ( -20.00000000000000000, 2.229999999999999982, 3.050000000000002487 ) ) ;
#1281 = FACE_OUTER_BOUND ( 'NONE', #2736, .T. ) ;
#1282 = EDGE_CURVE ( 'NONE', #2928, #1882, #963, .T. ) ;
#1283 = ADVANCED_FACE ( 'NONE', ( #855 ), #2158, .T. ) ;
#1284 = CARTESIAN_POINT ( 'NONE',  ( 12.00000000000000000, 7.429999999999999716, -3.549999999999999378 ) ) ;
#1285 = VECTOR ( 'NONE', #1530, 1000.000000000000000 ) ;
#1286 = CARTESIAN_POINT ( 'NONE',  ( -6.299999999999999822, 4.230000000000000426, 3.550000000000000266 ) ) ;
#1287 = EDGE_CURVE ( 'NONE', #380, #1947, #947, .T. ) ;
#1288 = DIRECTION ( 'NONE',  ( -0.000000000000000000, 1.000000000000000000, 1.832454376031838473E-16 ) ) ;
#1289 = EDGE_CURVE ( 'NONE', #533, #1371, #887, .T. ) ;
#1290 = CIRCLE ( 'NONE', #2450, 0.2500000000000002220 ) ;
#1291 = EDGE_CURVE ( 'NONE', #3419, #2327, #2110, .T. ) ;
#1292 = DIRECTION ( 'NONE',  ( 0.000000000000000000, 3.270594788794885384E-16, -1.000000000000000000 ) ) ;
#1293 = DIRECTION ( 'NONE',  ( -1.387778780781444413E-14, 0.000000000000000000, 1.000000000000000000 ) ) ;
#1294 = DIRECTION ( 'NONE',  ( 0.7071067811865491270, 0.000000000000000000, 0.7071067811865459074 ) ) ;
#1295 = CIRCLE ( 'NONE', #1424, 0.3000000000000003775 ) ;
#1296 = DIRECTION ( 'NONE',  ( 0.000000000000000000, -0.000000000000000000, 1.000000000000000000 ) ) ;
#1297 = CARTESIAN_POINT ( 'NONE',  ( -19.00000000000000000, 4.480000000000000426, 3.050000000000002487 ) ) ;
#1298 = CARTESIAN_POINT ( 'NONE',  ( 12.00000000000000000, 7.429999999999999716, 3.050000000000002931 ) ) ;
#1299 = CARTESIAN_POINT ( 'NONE',  ( 20.00000000000000000, 7.129999999999999893, 3.050000000000002487 ) ) ;
#1300 = DIRECTION ( 'NONE',  ( 0.000000000000000000, 1.832454376031838473E-16, -1.000000000000000000 ) ) ;
#1301 = LINE ( 'NONE', #2441, #2525 ) ;
#1302 = AXIS2_PLACEMENT_3D ( 'NONE', #716, #1861, #3205 ) ;
#1303 = DIRECTION ( 'NONE',  ( -0.000000000000000000, 1.000000000000000000, 1.832454376031838473E-16 ) ) ;
#1304 = CARTESIAN_POINT ( 'NONE',  ( 16.55000000000000071, 4.830000000000000071, 3.050000000000002487 ) ) ;
#1305 = CARTESIAN_POINT ( 'NONE',  ( 20.00000000000000000, 1.729999999999999760, 3.250000000000000888 ) ) ;
#1306 = AXIS2_PLACEMENT_3D ( 'NONE', #2387, #3475, #93 ) ;
#1307 = ADVANCED_FACE ( 'NONE', ( #925 ), #2416, .F. ) ;
#1308 = LINE ( 'NONE', #64, #1258 ) ;
#1309 = CARTESIAN_POINT ( 'NONE',  ( -20.00000000000000000, 7.129999999999999893, -3.549999999999998490 ) ) ;
#1310 = PLANE ( 'NONE',  #1416 ) ;
#1311 = AXIS2_PLACEMENT_3D ( 'NONE', #1272, #3109, #1427 ) ;
#1312 = LINE ( 'NONE', #3487, #2498 ) ;
#1313 = PLANE ( 'NONE',  #961 ) ;
#1314 = EDGE_CURVE ( 'NONE', #2407, #456, #3271, .T. ) ;
#1315 = DIRECTION ( 'NONE',  ( -1.000000000000000000, 0.000000000000000000, -0.000000000000000000 ) ) ;
#1316 = CARTESIAN_POINT ( 'NONE',  ( -5.000000000000000888, 6.930000000000000604, 3.550000000000000266 ) ) ;
#1317 = CARTESIAN_POINT ( 'NONE',  ( 15.94999999999999929, 1.729999999999999316, 3.250000000000000888 ) ) ;
#1318 = FACE_OUTER_BOUND ( 'NONE', #609, .T. ) ;
#1319 = EDGE_CURVE ( 'NONE', #385, #1734, #919, .T. ) ;
#1320 = CIRCLE ( 'NONE', #2882, 0.4999999999999995559 ) ;
#1321 = CARTESIAN_POINT ( 'NONE',  ( 20.00000000000000000, 2.229999999999999538, 3.250000000000000888 ) ) ;
#1322 = EDGE_CURVE ( 'NONE', #3038, #512, #2115, .T. ) ;
#1323 = ADVANCED_FACE ( 'NONE', ( #2197 ), #126, .F. ) ;
#1324 = FACE_OUTER_BOUND ( 'NONE', #781, .T. ) ;
#1325 = EDGE_CURVE ( 'NONE', #3336, #543, #2123, .T. ) ;
#1326 = CARTESIAN_POINT ( 'NONE',  ( 17.69999999999999929, 5.129999999999999893, 3.550000000000000266 ) ) ;
#1327 = CARTESIAN_POINT ( 'NONE',  ( 20.00000000000000000, 1.729999999999999760, 2.550000000000000266 ) ) ;
#1328 = ADVANCED_FACE ( 'NONE', ( #2173 ), #892, .F. ) ;
#1329 = LINE ( 'NONE', #2572, #113 ) ;
#1330 = DIRECTION ( 'NONE',  ( 2.990902544787597113E-16, -1.000000000000000000, -3.270594788794885384E-16 ) ) ;
#1331 = CARTESIAN_POINT ( 'NONE',  ( 14.92677669529663831, 6.930000000000000604, -2.923223304703366221 ) ) ;
#1332 = DIRECTION ( 'NONE',  ( 0.000000000000000000, 1.000000000000000000, -0.000000000000000000 ) ) ;
#1333 = CARTESIAN_POINT ( 'NONE',  ( 20.00000000000000000, 7.129999999999999893, 2.800000000000000711 ) ) ;
#1334 = AXIS2_PLACEMENT_3D ( 'NONE', #1724, #1215, #341 ) ;
#1335 = CIRCLE ( 'NONE', #2931, 0.1999999999999996503 ) ;
#1336 = LINE ( 'NONE', #574, #1425 ) ;
#1337 = AXIS2_PLACEMENT_3D ( 'NONE', #1648, #245, #850 ) ;
#1338 = CIRCLE ( 'NONE', #2325, 0.1999999999999996503 ) ;
#1339 = DIRECTION ( 'NONE',  ( 1.000000000000000000, 0.000000000000000000, 0.000000000000000000 ) ) ;
#1340 = ORIENTED_EDGE ( 'NONE', *, *, #13, .F. ) ;
#1341 = LINE ( 'NONE', #3464, #2547 ) ;
#1342 = AXIS2_PLACEMENT_3D ( 'NONE', #91, #2047, #1190 ) ;
#1343 = LINE ( 'NONE', #546, #1398 ) ;
#1344 = DIRECTION ( 'NONE',  ( 0.000000000000000000, 0.000000000000000000, 1.000000000000000000 ) ) ;
#1345 = DIRECTION ( 'NONE',  ( 0.000000000000000000, 0.000000000000000000, 1.000000000000000000 ) ) ;
#1346 = PLANE ( 'NONE',  #2085 ) ;
#1347 = CARTESIAN_POINT ( 'NONE',  ( 15.79999999999999893, 6.930000000000000604, -3.549999999999998490 ) ) ;
#1348 = ORIENTED_EDGE ( 'NONE', *, *, #1576, .F. ) ;
#1349 = EDGE_CURVE ( 'NONE', #1680, #1560, #3279, .T. ) ;
#1350 = VECTOR ( 'NONE', #2895, 1000.000000000000000 ) ;
#1351 = DIRECTION ( 'NONE',  ( -0.000000000000000000, -0.000000000000000000, 1.000000000000000000 ) ) ;
#1352 = EDGE_LOOP ( 'NONE', ( #3030, #463, #602, #1721 ) ) ;
#1353 = CARTESIAN_POINT ( 'NONE',  ( 15.79999999999999893, 6.930000000000000604, -4.049999999999998046 ) ) ;
#1354 = CARTESIAN_POINT ( 'NONE',  ( 14.75000000000000355, 6.930000000000000604, -2.746446609406728356 ) ) ;
#1355 = DIRECTION ( 'NONE',  ( -0.7660444431189793457, -0.6427876096865378086, 0.000000000000000000 ) ) ;
#1356 = DIRECTION ( 'NONE',  ( 0.000000000000000000, 1.000000000000000000, 0.000000000000000000 ) ) ;
#1357 = ADVANCED_FACE ( 'NONE', ( #3312 ), #82, .F. ) ;
#1358 = LINE ( 'NONE', #404, #2577 ) ;
#1359 = EDGE_CURVE ( 'NONE', #1884, #385, #3248, .T. ) ;
#1360 = ORIENTED_EDGE ( 'NONE', *, *, #2946, .T. ) ;
#1361 = EDGE_CURVE ( 'NONE', #2025, #974, #2087, .T. ) ;
#1362 = DIRECTION ( 'NONE',  ( -0.000000000000000000, 1.000000000000000000, 2.697859216138113949E-16 ) ) ;
#1363 = CARTESIAN_POINT ( 'NONE',  ( -16.50000000000000000, 6.930000000000000604, -4.049999999999998046 ) ) ;
#1364 = LINE ( 'NONE', #3396, #186 ) ;
#1365 = ORIENTED_EDGE ( 'NONE', *, *, #1847, .F. ) ;
#1366 = EDGE_CURVE ( 'NONE', #2029, #856, #3358, .T. ) ;
#1367 = DIRECTION ( 'NONE',  ( 0.000000000000000000, 1.000000000000000000, 0.000000000000000000 ) ) ;
#1368 = CARTESIAN_POINT ( 'NONE',  ( 20.00000000000000000, 6.930000000000000604, -4.049999999999998046 ) ) ;
#1369 = DIRECTION ( 'NONE',  ( 0.000000000000000000, 0.000000000000000000, 1.000000000000000000 ) ) ;
#1370 = CARTESIAN_POINT ( 'NONE',  ( 20.00000000000000000, 6.930000000000000604, 3.550000000000002487 ) ) ;
#1371 = VERTEX_POINT ( 'NONE', #917 ) ;
#1372 = AXIS2_PLACEMENT_3D ( 'NONE', #2666, #2199, #3189 ) ;
#1373 = ORIENTED_EDGE ( 'NONE', *, *, #214, .F. ) ;
#1374 = ADVANCED_FACE ( 'NONE', ( #868 ), #2074, .F. ) ;
#1375 = DIRECTION ( 'NONE',  ( -0.000000000000000000, -0.000000000000000000, 1.000000000000000000 ) ) ;
#1376 = DIRECTION ( 'NONE',  ( -0.000000000000000000, 4.046788824207170678E-16, -1.000000000000000000 ) ) ;
#1377 = DIRECTION ( 'NONE',  ( 1.000000000000000000, -7.542275982507869966E-16, -0.000000000000000000 ) ) ;
#1378 = DIRECTION ( 'NONE',  ( -1.000000000000000000, -1.355252715606880543E-16, 0.000000000000000000 ) ) ;
#1379 = VECTOR ( 'NONE', #1812, 1000.000000000000000 ) ;
#1380 = LINE ( 'NONE', #2979, #2584 ) ;
#1381 = AXIS2_PLACEMENT_3D ( 'NONE', #189, #1091, #1597 ) ;
#1382 = VERTEX_POINT ( 'NONE', #1222 ) ;
#1383 = LINE ( 'NONE', #641, #2602 ) ;
#1384 = DIRECTION ( 'NONE',  ( -1.000000000000000000, 0.000000000000000000, 0.000000000000000000 ) ) ;
#1385 = CARTESIAN_POINT ( 'NONE',  ( 11.74999999999999822, 7.129999999999999893, -3.050000000000005151 ) ) ;
#1386 = FACE_OUTER_BOUND ( 'NONE', #3411, .T. ) ;
#1387 = CARTESIAN_POINT ( 'NONE',  ( 14.30000000000000426, 7.429999999999999716, -3.549999999999998490 ) ) ;
#1388 = ORIENTED_EDGE ( 'NONE', *, *, #212, .T. ) ;
#1389 = EDGE_CURVE ( 'NONE', #3254, #984, #3298, .T. ) ;
#1390 = VECTOR ( 'NONE', #3415, 1000.000000000000000 ) ;
#1391 = FACE_OUTER_BOUND ( 'NONE', #3531, .T. ) ;
#1392 = CARTESIAN_POINT ( 'NONE',  ( 20.00000000000000000, 0.5000000000000000000, -3.550000000000000266 ) ) ;
#1393 = DIRECTION ( 'NONE',  ( 0.000000000000000000, 1.000000000000000000, 3.129010598803764644E-16 ) ) ;
#1394 = CARTESIAN_POINT ( 'NONE',  ( 12.00000000000000000, 6.930000000000000604, -4.049999999999998046 ) ) ;
#1395 = CARTESIAN_POINT ( 'NONE',  ( 16.55000000000000071, 4.830000000000000071, 3.550000000000000266 ) ) ;
#1396 = EDGE_LOOP ( 'NONE', ( #3445, #1653, #2905, #2874 ) ) ;
#1397 = EDGE_CURVE ( 'NONE', #1134, #1592, #3319, .T. ) ;
#1398 = VECTOR ( 'NONE', #1375, 1000.000000000000000 ) ;
#1399 = DIRECTION ( 'NONE',  ( 0.000000000000000000, 0.000000000000000000, 1.000000000000000000 ) ) ;
#1400 = ORIENTED_EDGE ( 'NONE', *, *, #1026, .F. ) ;
#1401 = CARTESIAN_POINT ( 'NONE',  ( 20.00000000000000000, 0.000000000000000000, 3.550000000000000266 ) ) ;
#1402 = CARTESIAN_POINT ( 'NONE',  ( 15.79999999999999893, 6.530000000000000249, -4.049999999999998046 ) ) ;
#1403 = DIRECTION ( 'NONE',  ( 0.000000000000000000, 3.270594788794885384E-16, -1.000000000000000000 ) ) ;
#1404 = EDGE_CURVE ( 'NONE', #551, #615, #931, .T. ) ;
#1405 = LINE ( 'NONE', #3044, #2662 ) ;
#1406 = COLOUR_RGB ( '',0.7921568627450980005, 0.8196078431372548767, 0.9333333333333333481 ) ;
#1407 = ORIENTED_EDGE ( 'NONE', *, *, #572, .T. ) ;
#1408 = ADVANCED_FACE ( 'NONE', ( #3379 ), #1310, .F. ) ;
#1409 = LINE ( 'NONE', #2447, #1493 ) ;
#1410 = CARTESIAN_POINT ( 'NONE',  ( 14.50000000000000000, 4.629999999999999893, 3.050000000000002487 ) ) ;
#1411 = EDGE_CURVE ( 'NONE', #993, #2742, #940, .T. ) ;
#1412 = FACE_OUTER_BOUND ( 'NONE', #891, .T. ) ;
#1413 = CARTESIAN_POINT ( 'NONE',  ( 12.00000000000000000, 6.680000000000000604, -3.749999999999998224 ) ) ;
#1414 = DIRECTION ( 'NONE',  ( -1.000000000000000000, -1.355252715606880543E-16, 0.000000000000000000 ) ) ;
#1415 = CARTESIAN_POINT ( 'NONE',  ( -19.00000000000000000, 2.229999999999999982, 3.050000000000002487 ) ) ;
#1416 = AXIS2_PLACEMENT_3D ( 'NONE', #3354, #3019, #2694 ) ;
#1417 = CYLINDRICAL_SURFACE ( 'NONE', #1919, 0.3000000000000016542 ) ;
#1418 = VECTOR ( 'NONE', #1081, 1000.000000000000000 ) ;
#1419 = CARTESIAN_POINT ( 'NONE',  ( 16.25000000000000000, 1.729999999999999538, 3.550000000000000266 ) ) ;
#1420 = CARTESIAN_POINT ( 'NONE',  ( 20.00000000000000000, 7.129999999999999893, -3.549999999999998490 ) ) ;
#1421 = CARTESIAN_POINT ( 'NONE',  ( -16.50000000000000000, 7.429999999999999716, 2.049999999999999378 ) ) ;
#1422 = CARTESIAN_POINT ( 'NONE',  ( -5.000000000000000888, 6.930000000000000604, 3.250000000000002665 ) ) ;
#1423 = LINE ( 'NONE', #1040, #2653 ) ;
#1424 = AXIS2_PLACEMENT_3D ( 'NONE', #155, #1015, #477 ) ;
#1425 = VECTOR ( 'NONE', #2314, 1000.000000000000000 ) ;
#1426 = LINE ( 'NONE', #689, #176 ) ;
#1427 = DIRECTION ( 'NONE',  ( 1.000000000000000000, 0.000000000000000000, 0.000000000000000000 ) ) ;
#1428 = EDGE_CURVE ( 'NONE', #580, #1643, #2148, .T. ) ;
#1429 = CARTESIAN_POINT ( 'NONE',  ( 15.00000000000000355, 6.930000000000000604, 3.550000000000000266 ) ) ;
#1430 = LINE ( 'NONE', #1928, #2630 ) ;
#1431 = DIRECTION ( 'NONE',  ( 0.000000000000000000, 0.000000000000000000, 1.000000000000000000 ) ) ;
#1432 = FACE_OUTER_BOUND ( 'NONE', #1699, .T. ) ;
#1433 = EDGE_CURVE ( 'NONE', #2855, #1661, #971, .T. ) ;
#1434 = PLANE ( 'NONE',  #3526 ) ;
#1435 = DIRECTION ( 'NONE',  ( -2.990902544787597113E-16, 1.000000000000000000, 0.000000000000000000 ) ) ;
#1436 = PLANE ( 'NONE',  #2533 ) ;
#1437 = EDGE_CURVE ( 'NONE', #2756, #3341, #3348, .T. ) ;
#1438 = VECTOR ( 'NONE', #2012, 1000.000000000000000 ) ;
#1439 = PRESENTATION_STYLE_ASSIGNMENT (( #2048 ) ) ;
#1440 = CARTESIAN_POINT ( 'NONE',  ( -16.25000000000000000, 1.000000000000008216, -3.550000000000002487 ) ) ;
#1441 = EDGE_CURVE ( 'NONE', #999, #313, #905, .T. ) ;
#1442 = CARTESIAN_POINT ( 'NONE',  ( 19.00000000000000000, 4.529999999999998472, 3.250000000000001776 ) ) ;
#1443 = DIRECTION ( 'NONE',  ( 1.000000000000000000, 0.000000000000000000, 0.000000000000000000 ) ) ;
#1444 = DIRECTION ( 'NONE',  ( -0.000000000000000000, 1.000000000000000000, -0.000000000000000000 ) ) ;
#1445 = CARTESIAN_POINT ( 'NONE',  ( 0.000000000000000000, 0.000000000000000000, 0.000000000000000000 ) ) ;
#1446 = VECTOR ( 'NONE', #743, 1000.000000000000000 ) ;
#1447 = SURFACE_STYLE_FILL_AREA ( #1149 ) ;
#1448 = FACE_BOUND ( 'NONE', #1972, .T. ) ;
#1449 = CARTESIAN_POINT ( 'NONE',  ( -5.700000000000001066, 5.729999999999999538, 3.050000000000002487 ) ) ;
#1450 = AXIS2_PLACEMENT_3D ( 'NONE', #1506, #2916, #1836 ) ;
#1451 = VECTOR ( 'NONE', #3041, 1000.000000000000000 ) ;
#1452 = PLANE ( 'NONE',  #1608 ) ;
#1453 = ORIENTED_EDGE ( 'NONE', *, *, #3436, .F. ) ;
#1454 = LINE ( 'NONE', #3579, #164 ) ;
#1455 = CARTESIAN_POINT ( 'NONE',  ( 12.00000000000000000, 7.429999999999999716, -4.049999999999998046 ) ) ;
#1456 = VECTOR ( 'NONE', #697, 1000.000000000000000 ) ;
#1457 = CARTESIAN_POINT ( 'NONE',  ( -20.00000000000000000, 6.930000000000000604, 3.250000000000002665 ) ) ;
#1458 = CARTESIAN_POINT ( 'NONE',  ( -20.00000000000000000, 0.5000000000000001110, -4.050000000000000711 ) ) ;
#1459 = CARTESIAN_POINT ( 'NONE',  ( -15.04999999999999893, 6.930000000000000604, 2.300000000000001155 ) ) ;
#1460 = CARTESIAN_POINT ( 'NONE',  ( 11.74999999999999822, 7.429999999999999716, -3.050000000000005151 ) ) ;
#1461 = AXIS2_PLACEMENT_3D ( 'NONE', #1991, #600, #3365 ) ;
#1462 = ORIENTED_EDGE ( 'NONE', *, *, #2586, .T. ) ;
#1463 = VECTOR ( 'NONE', #3550, 1000.000000000000000 ) ;
#1464 = CIRCLE ( 'NONE', #230, 0.3000000000000018763 ) ;
#1465 = AXIS2_PLACEMENT_3D ( 'NONE', #48, #255, #30 ) ;
#1466 = DIRECTION ( 'NONE',  ( -1.000000000000000000, -0.000000000000000000, -0.000000000000000000 ) ) ;
#1467 = CARTESIAN_POINT ( 'NONE',  ( -15.30000000000000071, 7.129999999999999893, 2.049999999999999378 ) ) ;
#1468 = DIRECTION ( 'NONE',  ( -0.000000000000000000, -0.000000000000000000, 1.000000000000000000 ) ) ;
#1469 = ORIENTED_EDGE ( 'NONE', *, *, #2381, .T. ) ;
#1470 = CIRCLE ( 'NONE', #3007, 0.1999999999999996503 ) ;
#1471 = LINE ( 'NONE', #434, #1456 ) ;
#1472 = ORIENTED_EDGE ( 'NONE', *, *, #1064, .T. ) ;
#1473 = EDGE_CURVE ( 'NONE', #2179, #551, #2167, .T. ) ;
#1474 = LINE ( 'NONE', #1280, #1446 ) ;
#1475 = CARTESIAN_POINT ( 'NONE',  ( 15.00000000000000355, 0.5000000000000000000, -3.550000000000000266 ) ) ;
#1476 = VECTOR ( 'NONE', #196, 1000.000000000000000 ) ;
#1477 = DIRECTION ( 'NONE',  ( -0.000000000000000000, 1.000000000000000000, -0.000000000000000000 ) ) ;
#1478 = ORIENTED_EDGE ( 'NONE', *, *, #2628, .F. ) ;
#1479 = EDGE_CURVE ( 'NONE', #2700, #2229, #3363, .T. ) ;
#1480 = LINE ( 'NONE', #2523, #201 ) ;
#1481 = DIRECTION ( 'NONE',  ( 0.000000000000000000, 0.000000000000000000, 1.000000000000000000 ) ) ;
#1482 = VECTOR ( 'NONE', #995, 1000.000000000000000 ) ;
#1483 = EDGE_CURVE ( 'NONE', #3206, #2568, #977, .T. ) ;
#1484 = DIRECTION ( 'NONE',  ( -1.000000000000000000, -0.000000000000000000, -0.000000000000000000 ) ) ;
#1485 = DIRECTION ( 'NONE',  ( 1.000000000000000000, 0.000000000000000000, 0.000000000000000000 ) ) ;
#1486 = DIRECTION ( 'NONE',  ( 0.000000000000000000, -2.697859216138113949E-16, 1.000000000000000000 ) ) ;
#1487 = DIRECTION ( 'NONE',  ( 1.000000000000000000, 0.000000000000000000, 0.000000000000000000 ) ) ;
#1488 = ORIENTED_EDGE ( 'NONE', *, *, #219, .T. ) ;
#1489 = CIRCLE ( 'NONE', #1302, 0.3000000000000016542 ) ;
#1490 = DIRECTION ( 'NONE',  ( 1.288160997012480242E-16, 1.000000000000000000, 4.046788824207170678E-16 ) ) ;
#1491 = CARTESIAN_POINT ( 'NONE',  ( -15.04999999999999893, 7.129999999999999893, -3.050000000000001599 ) ) ;
#1492 = ORIENTED_EDGE ( 'NONE', *, *, #257, .F. ) ;
#1493 = VECTOR ( 'NONE', #1487, 1000.000000000000000 ) ;
#1494 = LINE ( 'NONE', #1666, #1528 ) ;
#1495 = ORIENTED_EDGE ( 'NONE', *, *, #1847, .T. ) ;
#1496 = AXIS2_PLACEMENT_3D ( 'NONE', #2188, #2102, #2639 ) ;
#1497 = DIRECTION ( 'NONE',  ( 0.000000000000000000, 1.000000000000000000, 0.000000000000000000 ) ) ;
#1498 = CIRCLE ( 'NONE', #89, 0.3000000000000016542 ) ;
#1499 = ORIENTED_EDGE ( 'NONE', *, *, #3221, .F. ) ;
#1500 = AXIS2_PLACEMENT_3D ( 'NONE', #2266, #74, #1990 ) ;
#1501 = CARTESIAN_POINT ( 'NONE',  ( 19.30000000000000071, 1.729999999999999760, 3.550000000000000266 ) ) ;
#1502 = LINE ( 'NONE', #750, #357 ) ;
#1503 = DIRECTION ( 'NONE',  ( 0.000000000000000000, 0.000000000000000000, -1.000000000000000000 ) ) ;
#1504 = CARTESIAN_POINT ( 'NONE',  ( -17.75000000000000000, 7.429999999999999716, 2.300000000000000711 ) ) ;
#1505 = DIRECTION ( 'NONE',  ( 0.000000000000000000, 4.046788824207171171E-16, -1.000000000000000000 ) ) ;
#1506 = CARTESIAN_POINT ( 'NONE',  ( 20.00000000000000000, 0.5000000000000000000, -3.550000000000000266 ) ) ;
#1507 = ORIENTED_EDGE ( 'NONE', *, *, #1776, .T. ) ;
#1508 = EDGE_CURVE ( 'NONE', #1817, #3518, #3255, .T. ) ;
#1509 = VECTOR ( 'NONE', #2194, 1000.000000000000000 ) ;
#1510 = PLANE ( 'NONE',  #1544 ) ;
#1511 = DIRECTION ( 'NONE',  ( -1.000000000000000000, -0.000000000000000000, -0.000000000000000000 ) ) ;
#1512 = ORIENTED_EDGE ( 'NONE', *, *, #2698, .F. ) ;
#1513 = VECTOR ( 'NONE', #181, 1000.000000000000000 ) ;
#1514 = VECTOR ( 'NONE', #3239, 1000.000000000000000 ) ;
#1515 = EDGE_CURVE ( 'NONE', #1532, #406, #2057, .T. ) ;
#1516 = EDGE_LOOP ( 'NONE', ( #1547, #2824, #479, #516 ) ) ;
#1517 = LINE ( 'NONE', #3103, #1513 ) ;
#1518 = ORIENTED_EDGE ( 'NONE', *, *, #1319, .F. ) ;
#1519 = DIRECTION ( 'NONE',  ( 1.000000000000000000, 0.000000000000000000, -0.000000000000000000 ) ) ;
#1520 = FACE_OUTER_BOUND ( 'NONE', #2132, .T. ) ;
#1521 = EDGE_CURVE ( 'NONE', #757, #1878, #3264, .T. ) ;
#1522 = VERTEX_POINT ( 'NONE', #2471 ) ;
#1523 = ADVANCED_FACE ( 'NONE', ( #2064 ), #3277, .F. ) ;
#1524 = VECTOR ( 'NONE', #577, 1000.000000000000000 ) ;
#1525 = ORIENTED_EDGE ( 'NONE', *, *, #2398, .F. ) ;
#1526 = EDGE_CURVE ( 'NONE', #456, #2712, #864, .T. ) ;
#1527 = CARTESIAN_POINT ( 'NONE',  ( 15.79999999999999893, 6.930000000000000604, 2.549999999999998934 ) ) ;
#1528 = VECTOR ( 'NONE', #1639, 1000.000000000000000 ) ;
#1529 = CARTESIAN_POINT ( 'NONE',  ( 14.70000000000000284, 1.729999999999999094, 3.250000000000000888 ) ) ;
#1530 = DIRECTION ( 'NONE',  ( 1.000000000000000000, 0.000000000000000000, 0.000000000000000000 ) ) ;
#1531 = CARTESIAN_POINT ( 'NONE',  ( -7.250000000000001776, 7.429999999999999716, 2.300000000000001155 ) ) ;
#1532 = VERTEX_POINT ( 'NONE', #16 ) ;
#1533 = ORIENTED_EDGE ( 'NONE', *, *, #756, .F. ) ;
#1534 = EDGE_CURVE ( 'NONE', #2273, #1970, #878, .T. ) ;
#1535 = VECTOR ( 'NONE', #3495, 1000.000000000000000 ) ;
#1536 = CARTESIAN_POINT ( 'NONE',  ( 15.00000000000000355, 7.429999999999999716, 3.550000000000000266 ) ) ;
#1537 = DIRECTION ( 'NONE',  ( 0.000000000000000000, 0.000000000000000000, 1.000000000000000000 ) ) ;
#1538 = VERTEX_POINT ( 'NONE', #2178 ) ;
#1539 = LINE ( 'NONE', #2811, #1599 ) ;
#1540 = ORIENTED_EDGE ( 'NONE', *, *, #1736, .T. ) ;
#1541 =( NAMED_UNIT ( * ) PLANE_ANGLE_UNIT ( ) SI_UNIT ( $, .RADIAN. ) );
#1542 = ADVANCED_FACE ( 'NONE', ( #1004 ), #1070, .F. ) ;
#1543 = LINE ( 'NONE', #1363, #2726 ) ;
#1544 = AXIS2_PLACEMENT_3D ( 'NONE', #3535, #1490, #3585 ) ;
#1545 = ORIENTED_EDGE ( 'NONE', *, *, #141, .T. ) ;
#1546 = FACE_OUTER_BOUND ( 'NONE', #745, .T. ) ;
#1547 = ORIENTED_EDGE ( 'NONE', *, *, #3505, .T. ) ;
#1548 = CARTESIAN_POINT ( 'NONE',  ( -5.000000000000000888, 6.930000000000000604, 3.050000000000002487 ) ) ;
#1549 = DIRECTION ( 'NONE',  ( 0.000000000000000000, -1.000000000000000000, 0.000000000000000000 ) ) ;
#1550 = FACE_OUTER_BOUND ( 'NONE', #809, .T. ) ;
#1551 = AXIS2_PLACEMENT_3D ( 'NONE', #1429, #1710, #452 ) ;
#1552 = VERTEX_POINT ( 'NONE', #2672 ) ;
#1553 = LINE ( 'NONE', #823, #1629 ) ;
#1554 = ORIENTED_EDGE ( 'NONE', *, *, #1771, .F. ) ;
#1555 = CARTESIAN_POINT ( 'NONE',  ( -18.00000000000000000, 7.429999999999999716, 3.550000000000000266 ) ) ;
#1556 = CARTESIAN_POINT ( 'NONE',  ( -20.00000000000000000, 2.229999999999999982, 3.550000000000000266 ) ) ;
#1557 = DIRECTION ( 'NONE',  ( 0.000000000000000000, 1.000000000000000000, -0.000000000000000000 ) ) ;
#1558 = CARTESIAN_POINT ( 'NONE',  ( -18.69999999999999929, 2.229999999999999982, 3.050000000000002487 ) ) ;
#1559 = DIRECTION ( 'NONE',  ( 0.000000000000000000, 0.000000000000000000, 1.000000000000000000 ) ) ;
#1560 = VERTEX_POINT ( 'NONE', #537 ) ;
#1561 = EDGE_CURVE ( 'NONE', #553, #964, #3503, .T. ) ;
#1562 = LINE ( 'NONE', #3006, #2771 ) ;
#1563 = ORIENTED_EDGE ( 'NONE', *, *, #1325, .F. ) ;
#1564 = CARTESIAN_POINT ( 'NONE',  ( 20.00000000000000000, 0.2999999999999999334, 3.250000000000000444 ) ) ;
#1565 = CARTESIAN_POINT ( 'NONE',  ( 11.74999999999999822, 7.429999999999999716, -3.050000000000005151 ) ) ;
#1566 = EDGE_LOOP ( 'NONE', ( #541, #1150, #1800, #2375 ) ) ;
#1567 = EDGE_CURVE ( 'NONE', #2080, #1852, #3492, .T. ) ;
#1568 = LINE ( 'NONE', #3051, #2812 ) ;
#1569 = ORIENTED_EDGE ( 'NONE', *, *, #2053, .F. ) ;
#1570 = SURFACE_SIDE_STYLE ('',( #2903 ) ) ;
#1571 = EDGE_LOOP ( 'NONE', ( #1373, #3064, #3195, #2695 ) ) ;
#1572 = VECTOR ( 'NONE', #2922, 1000.000000000000000 ) ;
#1573 = VERTEX_POINT ( 'NONE', #1096 ) ;
#1574 = FACE_OUTER_BOUND ( 'NONE', #2970, .T. ) ;
#1575 = ORIENTED_EDGE ( 'NONE', *, *, #1625, .F. ) ;
#1576 = EDGE_CURVE ( 'NONE', #2150, #1970, #2204, .T. ) ;
#1577 = CARTESIAN_POINT ( 'NONE',  ( -6.699999999999999289, 4.230000000000000426, 3.550000000000000266 ) ) ;
#1578 = ORIENTED_EDGE ( 'NONE', *, *, #1397, .F. ) ;
#1579 = LINE ( 'NONE', #1977, #2788 ) ;
#1580 = DIRECTION ( 'NONE',  ( -1.000000000000000000, 0.000000000000000000, 0.000000000000000000 ) ) ;
#1581 = EDGE_CURVE ( 'NONE', #2928, #2029, #3478, .T. ) ;
#1582 = ORIENTED_EDGE ( 'NONE', *, *, #1359, .T. ) ;
#1583 = FACE_OUTER_BOUND ( 'NONE', #2965, .T. ) ;
#1584 = ORIENTED_EDGE ( 'NONE', *, *, #3588, .T. ) ;
#1585 = ORIENTED_EDGE ( 'NONE', *, *, #2487, .T. ) ;
#1586 = CIRCLE ( 'NONE', #744, 0.3000000000000016542 ) ;
#1587 = CARTESIAN_POINT ( 'NONE',  ( 20.00000000000000000, 1.729999999999999760, 3.550000000000000266 ) ) ;
#1588 = DIRECTION ( 'NONE',  ( 0.000000000000000000, 0.000000000000000000, 1.000000000000000000 ) ) ;
#1589 = DIRECTION ( 'NONE',  ( -1.000000000000000000, 0.000000000000000000, 0.000000000000000000 ) ) ;
#1590 = CARTESIAN_POINT ( 'NONE',  ( 12.00000000000000000, 7.129999999999999893, 3.050000000000002487 ) ) ;
#1591 = EDGE_CURVE ( 'NONE', #3282, #2869, #2263, .T. ) ;
#1592 = VERTEX_POINT ( 'NONE', #1074 ) ;
#1593 = CYLINDRICAL_SURFACE ( 'NONE', #1372, 0.1999999999999996503 ) ;
#1594 = ORIENTED_EDGE ( 'NONE', *, *, #814, .T. ) ;
#1595 = ORIENTED_EDGE ( 'NONE', *, *, #3373, .T. ) ;
#1596 = CIRCLE ( 'NONE', #1870, 0.2499999999999997780 ) ;
#1597 = DIRECTION ( 'NONE',  ( 0.000000000000000000, 0.000000000000000000, -1.000000000000000000 ) ) ;
#1598 = EDGE_LOOP ( 'NONE', ( #1973, #2578, #2382, #3223 ) ) ;
#1599 = VECTOR ( 'NONE', #2269, 1000.000000000000114 ) ;
#1600 = ORIENTED_EDGE ( 'NONE', *, *, #9, .F. ) ;
#1601 = AXIS2_PLACEMENT_3D ( 'NONE', #2100, #2404, #1834 ) ;
#1602 = ORIENTED_EDGE ( 'NONE', *, *, #3225, .F. ) ;
#1603 = LINE ( 'NONE', #810, #1633 ) ;
#1604 = ORIENTED_EDGE ( 'NONE', *, *, #3505, .F. ) ;
#1605 = ORIENTED_EDGE ( 'NONE', *, *, #1944, .F. ) ;
#1606 = CARTESIAN_POINT ( 'NONE',  ( 14.75000000000000355, 1.362732626437504623E-15, -3.300000000000000711 ) ) ;
#1607 = DIRECTION ( 'NONE',  ( -1.355252715606880543E-16, 1.000000000000000000, 0.000000000000000000 ) ) ;
#1608 = AXIS2_PLACEMENT_3D ( 'NONE', #950, #1223, #2550 ) ;
#1609 = ORIENTED_EDGE ( 'NONE', *, *, #1314, .T. ) ;
#1610 = CYLINDRICAL_SURFACE ( 'NONE', #2961, 0.2500000000000000000 ) ;
#1611 = ORIENTED_EDGE ( 'NONE', *, *, #3596, .T. ) ;
#1612 = ORIENTED_EDGE ( 'NONE', *, *, #3116, .F. ) ;
#1613 = ORIENTED_EDGE ( 'NONE', *, *, #1257, .T. ) ;
#1614 = ADVANCED_FACE ( 'NONE', ( #1079 ), #2208, .F. ) ;
#1615 = FACE_OUTER_BOUND ( 'NONE', #1566, .T. ) ;
#1616 = EDGE_CURVE ( 'NONE', #1371, #1532, #1108, .T. ) ;
#1617 = DIRECTION ( 'NONE',  ( 1.000000000000000000, 0.000000000000000000, 0.000000000000000000 ) ) ;
#1618 = CARTESIAN_POINT ( 'NONE',  ( 14.50000000000000000, 1.929999999999998828, 3.250000000000000888 ) ) ;
#1619 = CARTESIAN_POINT ( 'NONE',  ( 15.94999999999999929, 4.830000000000000071, 3.550000000000000266 ) ) ;
#1620 = DIRECTION ( 'NONE',  ( -0.000000000000000000, 1.000000000000000000, -0.000000000000000000 ) ) ;
#1621 = ORIENTED_EDGE ( 'NONE', *, *, #2163, .F. ) ;
#1622 = LINE ( 'NONE', #1968, #2708 ) ;
#1623 = ORIENTED_EDGE ( 'NONE', *, *, #1068, .T. ) ;
#1624 = ORIENTED_EDGE ( 'NONE', *, *, #71, .F. ) ;
#1625 = EDGE_CURVE ( 'NONE', #483, #2240, #2287, .T. ) ;
#1626 = ADVANCED_FACE ( 'NONE', ( #2295, #3485, #983 ), #958, .F. ) ;
#1627 = DIRECTION ( 'NONE',  ( 0.000000000000000000, 1.000000000000000000, 0.000000000000000000 ) ) ;
#1628 = ORIENTED_EDGE ( 'NONE', *, *, #1638, .T. ) ;
#1629 = VECTOR ( 'NONE', #1085, 1000.000000000000000 ) ;
#1630 = VERTEX_POINT ( 'NONE', #2329 ) ;
#1631 = EDGE_CURVE ( 'NONE', #347, #913, #1088, .T. ) ;
#1632 = EDGE_LOOP ( 'NONE', ( #2157, #1604, #382, #973, #2728, #706, #3304 ) ) ;
#1633 = VECTOR ( 'NONE', #33, 1000.000000000000000 ) ;
#1634 = EDGE_CURVE ( 'NONE', #1044, #730, #1097, .T. ) ;
#1635 = ORIENTED_EDGE ( 'NONE', *, *, #1226, .F. ) ;
#1636 = LINE ( 'NONE', #294, #2850 ) ;
#1637 = ORIENTED_EDGE ( 'NONE', *, *, #3382, .F. ) ;
#1638 = EDGE_CURVE ( 'NONE', #543, #757, #1102, .T. ) ;
#1639 = DIRECTION ( 'NONE',  ( -0.000000000000000000, 1.000000000000000000, -0.000000000000000000 ) ) ;
#1640 = DIRECTION ( 'NONE',  ( -0.000000000000000000, 1.000000000000000000, 4.046788824207171171E-16 ) ) ;
#1641 = DIRECTION ( 'NONE',  ( 0.000000000000000000, 0.000000000000000000, -1.000000000000000000 ) ) ;
#1642 = DIRECTION ( 'NONE',  ( 0.000000000000000000, 0.000000000000000000, -1.000000000000000000 ) ) ;
#1643 = VERTEX_POINT ( 'NONE', #68 ) ;
#1644 = VERTEX_POINT ( 'NONE', #1458 ) ;
#1645 = VERTEX_POINT ( 'NONE', #1230 ) ;
#1646 = ORIENTED_EDGE ( 'NONE', *, *, #3361, .F. ) ;
#1647 = FACE_OUTER_BOUND ( 'NONE', #2962, .T. ) ;
#1648 = CARTESIAN_POINT ( 'NONE',  ( -7.250000000000000000, 7.129999999999999893, 2.550000000000001599 ) ) ;
#1649 = CARTESIAN_POINT ( 'NONE',  ( 14.30000000000000426, 1.250000000000004663, -4.049999999999999822 ) ) ;
#1650 = AXIS2_PLACEMENT_3D ( 'NONE', #3469, #1959, #2331 ) ;
#1651 = ORIENTED_EDGE ( 'NONE', *, *, #1137, .F. ) ;
#1652 = SHAPE_DEFINITION_REPRESENTATION ( #2347, #3300 ) ;
#1653 = ORIENTED_EDGE ( 'NONE', *, *, #814, .F. ) ;
#1654 = ORIENTED_EDGE ( 'NONE', *, *, #2390, .F. ) ;
#1655 = ADVANCED_FACE ( 'NONE', ( #3462 ), #1036, .T. ) ;
#1656 = CIRCLE ( 'NONE', #2641, 0.3000000000000016542 ) ;
#1657 = AXIS2_PLACEMENT_3D ( 'NONE', #3204, #2218, #115 ) ;
#1658 = EDGE_LOOP ( 'NONE', ( #3009, #1089, #492, #528, #1755, #2312, #1696, #2319 ) ) ;
#1659 = CARTESIAN_POINT ( 'NONE',  ( -5.300000000000000711, 4.230000000000000426, 3.250000000000001776 ) ) ;
#1660 = ORIENTED_EDGE ( 'NONE', *, *, #3582, .F. ) ;
#1661 = VERTEX_POINT ( 'NONE', #2595 ) ;
#1662 = ADVANCED_FACE ( 'NONE', ( #3499 ), #901, .F. ) ;
#1663 = ORIENTED_EDGE ( 'NONE', *, *, #101, .F. ) ;
#1664 = AXIS2_PLACEMENT_3D ( 'NONE', #3459, #3218, #975 ) ;
#1665 = ORIENTED_EDGE ( 'NONE', *, *, #3373, .F. ) ;
#1666 = CARTESIAN_POINT ( 'NONE',  ( -15.05000000000000071, 6.930000000000000604, 2.300000000000001599 ) ) ;
#1667 = DIRECTION ( 'NONE',  ( -0.000000000000000000, -0.000000000000000000, 1.000000000000000000 ) ) ;
#1668 = DIRECTION ( 'NONE',  ( 0.000000000000000000, -1.000000000000000000, -4.531557367224479383E-16 ) ) ;
#1669 = DIRECTION ( 'NONE',  ( 0.000000000000000000, 1.000000000000000000, 0.000000000000000000 ) ) ;
#1670 = ORIENTED_EDGE ( 'NONE', *, *, #2796, .T. ) ;
#1671 = ORIENTED_EDGE ( 'NONE', *, *, #1567, .F. ) ;
#1672 = EDGE_CURVE ( 'NONE', #183, #359, #3470, .T. ) ;
#1673 = VERTEX_POINT ( 'NONE', #3440 ) ;
#1674 = ORIENTED_EDGE ( 'NONE', *, *, #3079, .F. ) ;
#1675 = PLANE ( 'NONE',  #3522 ) ;
#1676 = CARTESIAN_POINT ( 'NONE',  ( -16.50000000000000000, 7.429999999999999716, 2.049999999999999378 ) ) ;
#1677 = CARTESIAN_POINT ( 'NONE',  ( 20.00000000000000000, 6.930000000000000604, 3.550000000000002487 ) ) ;
#1678 = CARTESIAN_POINT ( 'NONE',  ( 11.74999999999999822, 6.930000000000000604, -3.050000000000005151 ) ) ;
#1679 = ORIENTED_EDGE ( 'NONE', *, *, #1996, .F. ) ;
#1680 = VERTEX_POINT ( 'NONE', #51 ) ;
#1681 = EDGE_CURVE ( 'NONE', #3419, #1878, #2299, .T. ) ;
#1682 = ORIENTED_EDGE ( 'NONE', *, *, #2393, .F. ) ;
#1683 = DIRECTION ( 'NONE',  ( -1.000000000000000000, 3.930536338370876040E-49, -4.930380657631323784E-32 ) ) ;
#1684 = ORIENTED_EDGE ( 'NONE', *, *, #1526, .T. ) ;
#1685 = DIRECTION ( 'NONE',  ( -0.000000000000000000, 1.000000000000000000, -0.000000000000000000 ) ) ;
#1686 = VERTEX_POINT ( 'NONE', #1186 ) ;
#1687 = ORIENTED_EDGE ( 'NONE', *, *, #2940, .F. ) ;
#1688 = EDGE_CURVE ( 'NONE', #651, #2215, #2322, .T. ) ;
#1689 = ORIENTED_EDGE ( 'NONE', *, *, #1026, .T. ) ;
#1690 = ORIENTED_EDGE ( 'NONE', *, *, #1885, .T. ) ;
#1691 = DIRECTION ( 'NONE',  ( 1.000000000000000000, 1.355252715606880543E-16, 4.432482469163980427E-32 ) ) ;
#1692 = CARTESIAN_POINT ( 'NONE',  ( 15.00000000000000355, 0.5000000000000000000, -3.550000000000000266 ) ) ;
#1693 = DIRECTION ( 'NONE',  ( 0.000000000000000000, 0.000000000000000000, -1.000000000000000000 ) ) ;
#1694 = ORIENTED_EDGE ( 'NONE', *, *, #1581, .F. ) ;
#1695 = ORIENTED_EDGE ( 'NONE', *, *, #542, .F. ) ;
#1696 = ORIENTED_EDGE ( 'NONE', *, *, #3436, .T. ) ;
#1697 = AXIS2_PLACEMENT_3D ( 'NONE', #3018, #2177, #784 ) ;
#1698 = CARTESIAN_POINT ( 'NONE',  ( -20.00000000000000000, 0.000000000000000000, 3.550000000000000266 ) ) ;
#1699 = EDGE_LOOP ( 'NONE', ( #1690, #526, #1063, #3028 ) ) ;
#1700 = DIRECTION ( 'NONE',  ( 0.000000000000000000, 0.000000000000000000, -1.000000000000000000 ) ) ;
#1701 = DIRECTION ( 'NONE',  ( -0.000000000000000000, 1.000000000000000000, -0.000000000000000000 ) ) ;
#1702 = CARTESIAN_POINT ( 'NONE',  ( 14.50000000000000000, 1.929999999999998828, 3.550000000000000266 ) ) ;
#1703 = DIRECTION ( 'NONE',  ( -0.000000000000000000, -1.000000000000000000, -4.110259322926096887E-16 ) ) ;
#1704 = ORIENTED_EDGE ( 'NONE', *, *, #1719, .F. ) ;
#1705 = ORIENTED_EDGE ( 'NONE', *, *, #1508, .T. ) ;
#1706 = AXIS2_PLACEMENT_3D ( 'NONE', #133, #423, #1277 ) ;
#1707 = ORIENTED_EDGE ( 'NONE', *, *, #173, .F. ) ;
#1708 = VERTEX_POINT ( 'NONE', #284 ) ;
#1709 = EDGE_LOOP ( 'NONE', ( #3429, #2151, #464, #2878 ) ) ;
#1710 = DIRECTION ( 'NONE',  ( -1.000000000000000000, 0.000000000000000000, -0.000000000000000000 ) ) ;
#1711 = ORIENTED_EDGE ( 'NONE', *, *, #1681, .F. ) ;
#1712 = AXIS2_PLACEMENT_3D ( 'NONE', #3226, #2152, #661 ) ;
#1713 = ORIENTED_EDGE ( 'NONE', *, *, #37, .F. ) ;
#1714 = ORIENTED_EDGE ( 'NONE', *, *, #219, .F. ) ;
#1715 = PLANE ( 'NONE',  #604 ) ;
#1716 = CARTESIAN_POINT ( 'NONE',  ( 16.25000000000000000, 3.279999999999999361, 3.550000000000000266 ) ) ;
#1717 = CARTESIAN_POINT ( 'NONE',  ( 15.00000000000000355, 7.130000000000000782, 3.550000000000000266 ) ) ;
#1718 = ORIENTED_EDGE ( 'NONE', *, *, #2202, .T. ) ;
#1719 = EDGE_CURVE ( 'NONE', #2742, #2817, #2311, .T. ) ;
#1720 = ORIENTED_EDGE ( 'NONE', *, *, #2429, .T. ) ;
#1721 = ORIENTED_EDGE ( 'NONE', *, *, #98, .F. ) ;
#1722 = CARTESIAN_POINT ( 'NONE',  ( 14.75000000000000355, 7.429999999999999716, -2.746446609406728356 ) ) ;
#1723 = ORIENTED_EDGE ( 'NONE', *, *, #2995, .T. ) ;
#1724 = CARTESIAN_POINT ( 'NONE',  ( 11.75000000000000000, 7.129999999999999893, 3.050000000000000711 ) ) ;
#1725 = CARTESIAN_POINT ( 'NONE',  ( 16.25000000000000000, 3.279999999999999361, 3.050000000000002487 ) ) ;
#1726 = CARTESIAN_POINT ( 'NONE',  ( 14.50000000000000000, 4.629999999999999893, 3.550000000000000266 ) ) ;
#1727 = APPLICATION_PROTOCOL_DEFINITION ( 'draft international standard', 'automotive_design', 1998, #344 ) ;
#1728 = ADVANCED_FACE ( 'NONE', ( #2326 ), #3150, .F. ) ;
#1729 = EDGE_CURVE ( 'NONE', #3190, #2624, #3457, .T. ) ;
#1730 = ORIENTED_EDGE ( 'NONE', *, *, #3465, .F. ) ;
#1731 = EDGE_CURVE ( 'NONE', #560, #993, #1053, .T. ) ;
#1732 = ORIENTED_EDGE ( 'NONE', *, *, #1221, .T. ) ;
#1733 = DIRECTION ( 'NONE',  ( 1.000000000000000000, 0.000000000000000000, 0.000000000000000000 ) ) ;
#1734 = VERTEX_POINT ( 'NONE', #563 ) ;
#1735 = ORIENTED_EDGE ( 'NONE', *, *, #816, .F. ) ;
#1736 = EDGE_CURVE ( 'NONE', #553, #867, #3511, .T. ) ;
#1737 = CARTESIAN_POINT ( 'NONE',  ( 16.04999999999999716, 6.930000000000000604, 2.800000000000001155 ) ) ;
#1738 = PRESENTATION_STYLE_ASSIGNMENT (( #2389 ) ) ;
#1739 = ORIENTED_EDGE ( 'NONE', *, *, #1057, .T. ) ;
#1740 = DIRECTION ( 'NONE',  ( 0.000000000000000000, 0.000000000000000000, -1.000000000000000000 ) ) ;
#1741 = CARTESIAN_POINT ( 'NONE',  ( -16.25000000000000000, 1.259976143364352250E-15, -3.050000000000000711 ) ) ;
#1742 = CARTESIAN_POINT ( 'NONE',  ( 14.30000000000000426, 1.250000000000004663, -4.049999999999999822 ) ) ;
#1743 = DIRECTION ( 'NONE',  ( 0.000000000000000000, 0.000000000000000000, -1.000000000000000000 ) ) ;
#1744 = ORIENTED_EDGE ( 'NONE', *, *, #1254, .T. ) ;
#1745 = AXIS2_PLACEMENT_3D ( 'NONE', #105, #2959, #3259 ) ;
#1746 = ORIENTED_EDGE ( 'NONE', *, *, #1072, .F. ) ;
#1747 = DIRECTION ( 'NONE',  ( -0.000000000000000000, 4.046788824207170678E-16, -1.000000000000000000 ) ) ;
#1748 = ORIENTED_EDGE ( 'NONE', *, *, #2856, .T. ) ;
#1749 = PLANE ( 'NONE',  #644 ) ;
#1750 = DIRECTION ( 'NONE',  ( 0.000000000000000000, 0.000000000000000000, 1.000000000000000000 ) ) ;
#1751 = CARTESIAN_POINT ( 'NONE',  ( 18.00000000000000355, 7.429999999999999716, 3.550000000000000266 ) ) ;
#1752 = DIRECTION ( 'NONE',  ( 0.000000000000000000, 0.000000000000000000, 1.000000000000000000 ) ) ;
#1753 = AXIS2_PLACEMENT_3D ( 'NONE', #1410, #584, #556 ) ;
#1754 = VERTEX_POINT ( 'NONE', #1983 ) ;
#1755 = ORIENTED_EDGE ( 'NONE', *, *, #260, .T. ) ;
#1756 = ADVANCED_FACE ( 'NONE', ( #3515 ), #3473, .T. ) ;
#1757 = DIRECTION ( 'NONE',  ( 0.000000000000000000, -1.000000000000000000, -4.046788824207171171E-16 ) ) ;
#1758 = EDGE_CURVE ( 'NONE', #2249, #1552, #3404, .T. ) ;
#1759 = ORIENTED_EDGE ( 'NONE', *, *, #2856, .F. ) ;
#1760 = ORIENTED_EDGE ( 'NONE', *, *, #2253, .T. ) ;
#1761 = DIRECTION ( 'NONE',  ( -0.000000000000000000, -3.270594788794885384E-16, 1.000000000000000000 ) ) ;
#1762 = ORIENTED_EDGE ( 'NONE', *, *, #3070, .F. ) ;
#1763 = EDGE_CURVE ( 'NONE', #3297, #553, #1056, .T. ) ;
#1764 = CARTESIAN_POINT ( 'NONE',  ( -6.999999999999999112, 6.930000000000000604, 3.050000000000002487 ) ) ;
#1765 = DIRECTION ( 'NONE',  ( 0.000000000000000000, -1.000000000000000000, -3.270594788794885384E-16 ) ) ;
#1766 = DIRECTION ( 'NONE',  ( -1.000000000000000000, 0.000000000000000000, 0.000000000000000000 ) ) ;
#1767 = CARTESIAN_POINT ( 'NONE',  ( -17.75000000000000000, 7.429999999999999716, 2.550000000000001155 ) ) ;
#1768 = ORIENTED_EDGE ( 'NONE', *, *, #2061, .F. ) ;
#1769 = COLOUR_RGB ( '',0.7921568627450980005, 0.8196078431372548767, 0.9333333333333333481 ) ;
#1770 = ORIENTED_EDGE ( 'NONE', *, *, #1397, .T. ) ;
#1771 = EDGE_CURVE ( 'NONE', #3290, #1573, #998, .T. ) ;
#1772 = EDGE_LOOP ( 'NONE', ( #1993, #2790, #787, #3164 ) ) ;
#1773 = DIRECTION ( 'NONE',  ( -0.000000000000000000, -0.000000000000000000, 1.000000000000000000 ) ) ;
#1774 = DIRECTION ( 'NONE',  ( -1.000000000000000000, 0.000000000000000000, 0.000000000000000000 ) ) ;
#1775 = CARTESIAN_POINT ( 'NONE',  ( 20.00000000000000000, 0.3000000000000001554, -3.550000000000000266 ) ) ;
#1776 = EDGE_CURVE ( 'NONE', #825, #752, #3432, .T. ) ;
#1777 = ORIENTED_EDGE ( 'NONE', *, *, #2920, .T. ) ;
#1778 = ORIENTED_EDGE ( 'NONE', *, *, #2849, .T. ) ;
#1779 = VECTOR ( 'NONE', #589, 1000.000000000000114 ) ;
#1780 = CARTESIAN_POINT ( 'NONE',  ( 14.30000000000000426, 6.930000000000000604, -3.549999999999998490 ) ) ;
#1781 = UNCERTAINTY_MEASURE_WITH_UNIT (LENGTH_MEASURE( 1.000000000000000082E-05 ), #624, 'distance_accuracy_value', 'NONE');
#1782 = ORIENTED_EDGE ( 'NONE', *, *, #346, .T. ) ;
#1783 = ORIENTED_EDGE ( 'NONE', *, *, #1154, .F. ) ;
#1784 = CIRCLE ( 'NONE', #376, 0.3000000000000007661 ) ;
#1785 = DIRECTION ( 'NONE',  ( -1.000000000000000000, -0.000000000000000000, -0.000000000000000000 ) ) ;
#1786 = ORIENTED_EDGE ( 'NONE', *, *, #3554, .T. ) ;
#1787 = DIRECTION ( 'NONE',  ( 0.000000000000000000, -1.000000000000000000, -4.046788824207170678E-16 ) ) ;
#1788 = CARTESIAN_POINT ( 'NONE',  ( -4.750000000000000888, 6.930000000000000604, 3.050000000000000711 ) ) ;
#1789 = CARTESIAN_POINT ( 'NONE',  ( 19.00000000000000000, 4.529999999999998472, 3.550000000000000266 ) ) ;
#1790 = CARTESIAN_POINT ( 'NONE',  ( 15.79999999999999893, 7.129999999999999893, 2.549999999999998934 ) ) ;
#1791 = AXIS2_PLACEMENT_3D ( 'NONE', #2395, #2612, #381 ) ;
#1792 = VERTEX_POINT ( 'NONE', #2461 ) ;
#1793 = VECTOR ( 'NONE', #2491, 1000.000000000000000 ) ;
#1794 = ORIENTED_EDGE ( 'NONE', *, *, #1638, .F. ) ;
#1795 = ORIENTED_EDGE ( 'NONE', *, *, #2990, .F. ) ;
#1796 = LINE ( 'NONE', #306, #595 ) ;
#1797 = AXIS2_PLACEMENT_3D ( 'NONE', #1558, #2938, #3230 ) ;
#1798 = DIRECTION ( 'NONE',  ( -0.000000000000000000, -0.000000000000000000, 1.000000000000000000 ) ) ;
#1799 = ORIENTED_EDGE ( 'NONE', *, *, #530, .T. ) ;
#1800 = ORIENTED_EDGE ( 'NONE', *, *, #1322, .T. ) ;
#1801 = FACE_OUTER_BOUND ( 'NONE', #3448, .T. ) ;
#1802 = AXIS2_PLACEMENT_3D ( 'NONE', #611, #2858, #1431 ) ;
#1803 = CARTESIAN_POINT ( 'NONE',  ( 12.00000000000000000, 6.930000000000000604, -4.049999999999998046 ) ) ;
#1804 = ORIENTED_EDGE ( 'NONE', *, *, #535, .T. ) ;
#1805 = ORIENTED_EDGE ( 'NONE', *, *, #3213, .T. ) ;
#1806 = EDGE_CURVE ( 'NONE', #1970, #2994, #3449, .T. ) ;
#1807 = CARTESIAN_POINT ( 'NONE',  ( 12.00000000000000000, 6.930000000000000604, -3.549999999999998490 ) ) ;
#1808 = VERTEX_POINT ( 'NONE', #1859 ) ;
#1809 = DIRECTION ( 'NONE',  ( -0.000000000000000000, 1.000000000000000000, -0.000000000000000000 ) ) ;
#1810 = CARTESIAN_POINT ( 'NONE',  ( 20.00000000000000000, 6.930000000000000604, 3.050000000000002487 ) ) ;
#1811 = CARTESIAN_POINT ( 'NONE',  ( -16.25000000000000000, 6.430000000000000604, -4.049999999999998046 ) ) ;
#1812 = DIRECTION ( 'NONE',  ( -0.000000000000000000, 1.000000000000000000, -0.000000000000000000 ) ) ;
#1813 = ORIENTED_EDGE ( 'NONE', *, *, #824, .T. ) ;
#1814 = FACE_OUTER_BOUND ( 'NONE', #1110, .T. ) ;
#1815 = EDGE_CURVE ( 'NONE', #2271, #2093, #2279, .T. ) ;
#1816 = ORIENTED_EDGE ( 'NONE', *, *, #3134, .F. ) ;
#1817 = VERTEX_POINT ( 'NONE', #1298 ) ;
#1818 = EDGE_CURVE ( 'NONE', #3222, #955, #3423, .T. ) ;
#1819 = LINE ( 'NONE', #2444, #2992 ) ;
#1820 = DIRECTION ( 'NONE',  ( -0.000000000000000000, -0.000000000000000000, 1.000000000000000000 ) ) ;
#1821 = DIRECTION ( 'NONE',  ( -0.000000000000000000, -0.000000000000000000, 1.000000000000000000 ) ) ;
#1822 = EDGE_LOOP ( 'NONE', ( #1340, #643, #158, #1985, #3318, #1871, #846, #888, #3250, #770, #3227, #865, #2104, #200 ) ) ;
#1823 = ORIENTED_EDGE ( 'NONE', *, *, #2978, .T. ) ;
#1824 = VECTOR ( 'NONE', #1376, 1000.000000000000000 ) ;
#1825 = STYLED_ITEM ( 'NONE', ( #1439 ), #2512 ) ;
#1826 = CARTESIAN_POINT ( 'NONE',  ( -18.69999999999999929, 4.480000000000000426, 3.050000000000002487 ) ) ;
#1827 = ORIENTED_EDGE ( 'NONE', *, *, #3329, .F. ) ;
#1828 = ADVANCED_FACE ( 'NONE', ( #1019 ), #714, .T. ) ;
#1829 = ORIENTED_EDGE ( 'NONE', *, *, #2986, .F. ) ;
#1830 = AXIS2_PLACEMENT_3D ( 'NONE', #1163, #261, #3384 ) ;
#1831 = DIRECTION ( 'NONE',  ( -1.000000000000000000, -0.000000000000000000, -0.000000000000000000 ) ) ;
#1832 = CLOSED_SHELL ( 'NONE', ( #1328, #6, #1895, #3063, #762, #695, #2274, #2000, #265, #1283, #1408, #2201, #2385, #228, #3484, #107, #2786, #1756, #1626, #786, #124, #256, #3056, #2949, #1662, #3555, #2464, #1193, #2440, #2655, #795, #1307, #2889, #517, #1867, #3088, #1920, #2518, #1080, #1886, #1828, #3611, #2540, #1614, #633, #2663, #1109, #1114, #1264, #1728, #2162, #1145, #2238, #1199, #1523, #1136, #20, #1323, #3032, #509, #202, #1655, #88, #2999, #45, #3589, #1960, #2741, #859, #2458, #1839, #2500, #2646, #458, #2496, #482, #2062, #387, #2475, #2414, #2210, #1357, #2171, #182, #3421, #1542, #3387, #1167, #728, #3564, #540, #1002, #1225, #550, #1276, #2302, #3533, #571, #414, #2974, #2690, #2943, #829, #2355, #2435, #1374, #2968 ) ) ;
#1833 = DIRECTION ( 'NONE',  ( -1.000000000000000000, -0.000000000000000000, -0.000000000000000000 ) ) ;
#1834 = DIRECTION ( 'NONE',  ( 0.000000000000000000, 0.000000000000000000, 1.000000000000000000 ) ) ;
#1835 = CARTESIAN_POINT ( 'NONE',  ( 11.75000000000000000, 6.680000000000000604, -3.749999999999998224 ) ) ;
#1836 = DIRECTION ( 'NONE',  ( 0.000000000000000000, 0.000000000000000000, -1.000000000000000000 ) ) ;
#1837 = ORIENTED_EDGE ( 'NONE', *, *, #3186, .F. ) ;
#1838 = CIRCLE ( 'NONE', #2026, 0.2500000000000002220 ) ;
#1839 = ADVANCED_FACE ( 'NONE', ( #3444 ), #1203, .F. ) ;
#1840 = AXIS2_PLACEMENT_3D ( 'NONE', #707, #2906, #3139 ) ;
#1841 = VERTEX_POINT ( 'NONE', #499 ) ;
#1842 = ORIENTED_EDGE ( 'NONE', *, *, #2488, .F. ) ;
#1843 = CIRCLE ( 'NONE', #2131, 0.1999999999999996503 ) ;
#1844 = CARTESIAN_POINT ( 'NONE',  ( -6.999999999999999112, 6.930000000000000604, 3.050000000000002487 ) ) ;
#1845 = DIRECTION ( 'NONE',  ( 1.000000000000000000, 0.000000000000000000, 0.000000000000000000 ) ) ;
#1846 = ORIENTED_EDGE ( 'NONE', *, *, #1998, .T. ) ;
#1847 = EDGE_CURVE ( 'NONE', #1734, #924, #2401, .T. ) ;
#1848 = ORIENTED_EDGE ( 'NONE', *, *, #2432, .F. ) ;
#1849 = VECTOR ( 'NONE', #1982, 1000.000000000000000 ) ;
#1850 = CARTESIAN_POINT ( 'NONE',  ( -20.00000000000000000, 0.2999999999999999334, 3.550000000000000266 ) ) ;
#1851 = DIRECTION ( 'NONE',  ( 0.000000000000000000, -1.000000000000000000, -7.972074797687532784E-18 ) ) ;
#1852 = VERTEX_POINT ( 'NONE', #1529 ) ;
#1853 = DIRECTION ( 'NONE',  ( 0.000000000000000000, 3.270594788794885384E-16, -1.000000000000000000 ) ) ;
#1854 = EDGE_CURVE ( 'NONE', #2984, #3222, #1130, .T. ) ;
#1855 = ORIENTED_EDGE ( 'NONE', *, *, #1625, .T. ) ;
#1856 = CIRCLE ( 'NONE', #2685, 0.4999999999999995559 ) ;
#1857 = EDGE_CURVE ( 'NONE', #3190, #1044, #2333, .T. ) ;
#1858 = DIRECTION ( 'NONE',  ( -0.000000000000000000, -0.000000000000000000, 1.000000000000000000 ) ) ;
#1859 = CARTESIAN_POINT ( 'NONE',  ( 15.00000000000000355, 7.429999999999999716, -2.746446609406727024 ) ) ;
#1860 = CARTESIAN_POINT ( 'NONE',  ( 20.00000000000000000, 7.429999999999999716, 3.050000000000002487 ) ) ;
#1861 = DIRECTION ( 'NONE',  ( 0.000000000000000000, 0.000000000000000000, 1.000000000000000000 ) ) ;
#1862 = ORIENTED_EDGE ( 'NONE', *, *, #2552, .F. ) ;
#1863 = FACE_OUTER_BOUND ( 'NONE', #2034, .T. ) ;
#1864 = EDGE_CURVE ( 'NONE', #2086, #3437, #2357, .T. ) ;
#1865 = ORIENTED_EDGE ( 'NONE', *, *, #2303, .F. ) ;
#1866 = FACE_OUTER_BOUND ( 'NONE', #2159, .T. ) ;
#1867 = ADVANCED_FACE ( 'NONE', ( #3591 ), #3552, .T. ) ;
#1868 = DIRECTION ( 'NONE',  ( -0.000000000000000000, 4.046788824207170678E-16, -1.000000000000000000 ) ) ;
#1869 = PLANE ( 'NONE',  #1052 ) ;
#1870 = AXIS2_PLACEMENT_3D ( 'NONE', #929, #286, #1743 ) ;
#1871 = ORIENTED_EDGE ( 'NONE', *, *, #2590, .F. ) ;
#1872 = ORIENTED_EDGE ( 'NONE', *, *, #9, .T. ) ;
#1873 = CARTESIAN_POINT ( 'NONE',  ( 20.00000000000000000, 1.729999999999999760, 3.550000000000000266 ) ) ;
#1874 = DIRECTION ( 'NONE',  ( -0.000000000000000000, 1.000000000000000000, -0.000000000000000000 ) ) ;
#1875 = ORIENTED_EDGE ( 'NONE', *, *, #1289, .T. ) ;
#1876 = VECTOR ( 'NONE', #3439, 1000.000000000000000 ) ;
#1877 = AXIS2_PLACEMENT_3D ( 'NONE', #1103, #203, #3228 ) ;
#1878 = VERTEX_POINT ( 'NONE', #451 ) ;
#1879 = CARTESIAN_POINT ( 'NONE',  ( 20.00000000000000000, 6.930000000000000604, -4.049999999999998046 ) ) ;
#1880 = CARTESIAN_POINT ( 'NONE',  ( 20.00000000000000000, 6.930000000000000604, -3.749999999999998224 ) ) ;
#1881 = CARTESIAN_POINT ( 'NONE',  ( 11.75000000000000000, 6.680000000000000604, -3.549999999999999822 ) ) ;
#1882 = VERTEX_POINT ( 'NONE', #476 ) ;
#1883 = CIRCLE ( 'NONE', #26, 0.1999999999999996503 ) ;
#1884 = VERTEX_POINT ( 'NONE', #1316 ) ;
#1885 = EDGE_CURVE ( 'NONE', #3045, #1371, #3544, .T. ) ;
#1886 = ADVANCED_FACE ( 'NONE', ( #1148 ), #3612, .F. ) ;
#1887 = ORIENTED_EDGE ( 'NONE', *, *, #383, .T. ) ;
#1888 = VECTOR ( 'NONE', #1617, 1000.000000000000000 ) ;
#1889 = ORIENTED_EDGE ( 'NONE', *, *, #495, .T. ) ;
#1890 = DIRECTION ( 'NONE',  ( -0.000000000000000000, -0.000000000000000000, 1.000000000000000000 ) ) ;
#1891 = EDGE_CURVE ( 'NONE', #480, #1093, #2408, .T. ) ;
#1892 = VECTOR ( 'NONE', #270, 1000.000000000000000 ) ;
#1893 = ORIENTED_EDGE ( 'NONE', *, *, #2290, .T. ) ;
#1894 = VECTOR ( 'NONE', #2862, 1000.000000000000000 ) ;
#1895 = ADVANCED_FACE ( 'NONE', ( #3602 ), #1166, .F. ) ;
#1896 = VERTEX_POINT ( 'NONE', #394 ) ;
#1897 = EDGE_CURVE ( 'NONE', #886, #521, #1188, .T. ) ;
#1898 = CARTESIAN_POINT ( 'NONE',  ( 20.00000000000000000, 6.930000000000000604, -3.549999999999998490 ) ) ;
#1899 = DIRECTION ( 'NONE',  ( -0.000000000000000000, 1.000000000000000000, -0.000000000000000000 ) ) ;
#1900 = LINE ( 'NONE', #1061, #3146 ) ;
#1901 = ORIENTED_EDGE ( 'NONE', *, *, #1068, .F. ) ;
#1902 = CIRCLE ( 'NONE', #2285, 0.2500000000000002220 ) ;
#1903 = ORIENTED_EDGE ( 'NONE', *, *, #46, .F. ) ;
#1904 = VECTOR ( 'NONE', #2452, 1000.000000000000000 ) ;
#1905 = CARTESIAN_POINT ( 'NONE',  ( -5.700000000000000178, 4.230000000000000426, 3.050000000000002487 ) ) ;
#1906 = DIRECTION ( 'NONE',  ( 0.000000000000000000, 0.000000000000000000, -1.000000000000000000 ) ) ;
#1907 = CARTESIAN_POINT ( 'NONE',  ( 12.00000000000000000, 6.930000000000000604, -3.749999999999998224 ) ) ;
#1908 = CARTESIAN_POINT ( 'NONE',  ( 20.00000000000000000, 0.5000000000000000000, -3.550000000000000266 ) ) ;
#1909 = DIRECTION ( 'NONE',  ( 1.000000000000000000, 0.000000000000000000, -1.294569758191647155E-16 ) ) ;
#1910 = EDGE_LOOP ( 'NONE', ( #915, #2780, #2851, #3477, #2952, #2975, #1795 ) ) ;
#1911 = VECTOR ( 'NONE', #333, 1000.000000000000000 ) ;
#1912 = VERTEX_POINT ( 'NONE', #3528 ) ;
#1913 = EDGE_CURVE ( 'NONE', #918, #3282, #1135, .T. ) ;
#1914 = FACE_OUTER_BOUND ( 'NONE', #1571, .T. ) ;
#1915 = ORIENTED_EDGE ( 'NONE', *, *, #2342, .T. ) ;
#1916 = CIRCLE ( 'NONE', #1929, 0.2999999999999999334 ) ;
#1917 = VERTEX_POINT ( 'NONE', #1504 ) ;
#1918 = DIRECTION ( 'NONE',  ( -1.000000000000000000, -0.000000000000000000, -0.000000000000000000 ) ) ;
#1919 = AXIS2_PLACEMENT_3D ( 'NONE', #1415, #3356, #2504 ) ;
#1920 = ADVANCED_FACE ( 'NONE', ( #1213 ), #2340, .F. ) ;
#1921 = LINE ( 'NONE', #1677, #3274 ) ;
#1922 = ORIENTED_EDGE ( 'NONE', *, *, #2893, .F. ) ;
#1923 = VECTOR ( 'NONE', #2226, 1000.000000000000000 ) ;
#1924 = ORIENTED_EDGE ( 'NONE', *, *, #1581, .T. ) ;
#1925 = DIRECTION ( 'NONE',  ( -0.000000000000000000, -0.000000000000000000, -1.000000000000000000 ) ) ;
#1926 = CARTESIAN_POINT ( 'NONE',  ( 18.00000000000000355, 7.429999999999999716, 2.800000000000000711 ) ) ;
#1927 = DIRECTION ( 'NONE',  ( -0.000000000000000000, 2.697859216138113949E-16, -1.000000000000000000 ) ) ;
#1928 = CARTESIAN_POINT ( 'NONE',  ( 15.00000000000000355, 0.2999999999999999334, 3.250000000000000444 ) ) ;
#1929 = AXIS2_PLACEMENT_3D ( 'NONE', #3375, #2964, #1066 ) ;
#1930 = CIRCLE ( 'NONE', #280, 0.2500000000000002220 ) ;
#1931 = ORIENTED_EDGE ( 'NONE', *, *, #336, .F. ) ;
#1932 = VECTOR ( 'NONE', #1683, 1000.000000000000000 ) ;
#1933 = ORIENTED_EDGE ( 'NONE', *, *, #2214, .T. ) ;
#1934 = AXIS2_PLACEMENT_3D ( 'NONE', #2806, #290, #619 ) ;
#1935 = DIRECTION ( 'NONE',  ( 0.000000000000000000, -0.000000000000000000, -1.000000000000000000 ) ) ;
#1936 = DIRECTION ( 'NONE',  ( 1.000000000000000000, 0.000000000000000000, 0.000000000000000000 ) ) ;
#1937 = CARTESIAN_POINT ( 'NONE',  ( 14.05000000000000426, 1.000000000000004441, -3.750000000000000000 ) ) ;
#1938 = DIRECTION ( 'NONE',  ( -0.000000000000000000, 4.046788824207170678E-16, -1.000000000000000000 ) ) ;
#1939 = LINE ( 'NONE', #2388, #811 ) ;
#1940 = ORIENTED_EDGE ( 'NONE', *, *, #1028, .T. ) ;
#1941 = LINE ( 'NONE', #959, #3148 ) ;
#1942 = ORIENTED_EDGE ( 'NONE', *, *, #2948, .F. ) ;
#1943 = VECTOR ( 'NONE', #649, 1000.000000000000000 ) ;
#1944 = EDGE_CURVE ( 'NONE', #3347, #1009, #2394, .T. ) ;
#1945 = VERTEX_POINT ( 'NONE', #523 ) ;
#1946 = VECTOR ( 'NONE', #1362, 1000.000000000000000 ) ;
#1947 = VERTEX_POINT ( 'NONE', #292 ) ;
#1948 = ORIENTED_EDGE ( 'NONE', *, *, #1233, .T. ) ;
#1949 = PLANE ( 'NONE',  #3532 ) ;
#1950 = CARTESIAN_POINT ( 'NONE',  ( -16.50000000000000000, 0.7500000000000079936, -3.750000000000000000 ) ) ;
#1951 = CYLINDRICAL_SURFACE ( 'NONE', #3104, 0.3000000000000016542 ) ;
#1952 = EDGE_LOOP ( 'NONE', ( #779, #3368, #1585, #1104 ) ) ;
#1953 = LINE ( 'NONE', #591, #1974 ) ;
#1954 = EDGE_CURVE ( 'NONE', #668, #3380, #2427, .T. ) ;
#1955 = ORIENTED_EDGE ( 'NONE', *, *, #1366, .T. ) ;
#1956 = ORIENTED_EDGE ( 'NONE', *, *, #226, .T. ) ;
#1957 = CARTESIAN_POINT ( 'NONE',  ( 20.00000000000000000, 6.930000000000000604, 3.250000000000002665 ) ) ;
#1958 = CARTESIAN_POINT ( 'NONE',  ( 20.00000000000000000, 7.129999999999999893, 2.300000000000001155 ) ) ;
#1959 = DIRECTION ( 'NONE',  ( -0.000000000000000000, -0.000000000000000000, 1.000000000000000000 ) ) ;
#1960 = ADVANCED_FACE ( 'NONE', ( #1156 ), #2344, .F. ) ;
#1961 = ORIENTED_EDGE ( 'NONE', *, *, #2043, .T. ) ;
#1962 = VECTOR ( 'NONE', #2759, 1000.000000000000000 ) ;
#1963 = ORIENTED_EDGE ( 'NONE', *, *, #1325, .T. ) ;
#1964 = DIRECTION ( 'NONE',  ( 0.7071067811865430208, 0.7071067811865521247, 0.000000000000000000 ) ) ;
#1965 = CARTESIAN_POINT ( 'NONE',  ( -6.999999999999999112, 7.129999999999999893, 3.050000000000002487 ) ) ;
#1966 = PLANE ( 'NONE',  #321 ) ;
#1967 = CARTESIAN_POINT ( 'NONE',  ( -16.50000000000000000, 0.4999999999999995559, -4.050000000000000711 ) ) ;
#1968 = CARTESIAN_POINT ( 'NONE',  ( 14.50000000000000000, 6.930000000000000604, 3.250000000000002665 ) ) ;
#1969 = AXIS2_PLACEMENT_3D ( 'NONE', #549, #1403, #3027 ) ;
#1970 = VERTEX_POINT ( 'NONE', #1125 ) ;
#1971 = CIRCLE ( 'NONE', #1214, 0.3000000000000016542 ) ;
#1972 = EDGE_LOOP ( 'NONE', ( #1575, #2794 ) ) ;
#1973 = ORIENTED_EDGE ( 'NONE', *, *, #1857, .T. ) ;
#1974 = VECTOR ( 'NONE', #1668, 1000.000000000000000 ) ;
#1975 = AXIS2_PLACEMENT_3D ( 'NONE', #663, #2070, #1393 ) ;
#1976 = ORIENTED_EDGE ( 'NONE', *, *, #806, .T. ) ;
#1977 = CARTESIAN_POINT ( 'NONE',  ( -15.30000000000000071, 6.930000000000000604, 2.049999999999999378 ) ) ;
#1978 = ORIENTED_EDGE ( 'NONE', *, *, #972, .F. ) ;
#1979 = VECTOR ( 'NONE', #3121, 1000.000000000000000 ) ;
#1980 = ORIENTED_EDGE ( 'NONE', *, *, #3324, .T. ) ;
#1981 = AXIS2_PLACEMENT_3D ( 'NONE', #1803, #1519, #2930 ) ;
#1982 = DIRECTION ( 'NONE',  ( 0.000000000000000000, 0.000000000000000000, 1.000000000000000000 ) ) ;
#1983 = CARTESIAN_POINT ( 'NONE',  ( 14.75000000000000355, 0.2999999999999999889, -3.050000000000000711 ) ) ;
#1984 = DIRECTION ( 'NONE',  ( 1.000000000000000000, 0.000000000000000000, -0.000000000000000000 ) ) ;
#1985 = ORIENTED_EDGE ( 'NONE', *, *, #1266, .F. ) ;
#1986 = LINE ( 'NONE', #3558, #3107 ) ;
#1987 = ORIENTED_EDGE ( 'NONE', *, *, #3116, .T. ) ;
#1988 = AXIS2_PLACEMENT_3D ( 'NONE', #3145, #1761, #2068 ) ;
#1989 = CARTESIAN_POINT ( 'NONE',  ( -7.250000000000001776, 6.930000000000000604, 2.300000000000001155 ) ) ;
#1990 = DIRECTION ( 'NONE',  ( 1.000000000000000000, 0.000000000000000000, 0.000000000000000000 ) ) ;
#1991 = CARTESIAN_POINT ( 'NONE',  ( 11.75000000000000000, 7.429999999999999716, 3.050000000000000711 ) ) ;
#1992 = PLANE ( 'NONE',  #610 ) ;
#1993 = ORIENTED_EDGE ( 'NONE', *, *, #2803, .T. ) ;
#1994 = CIRCLE ( 'NONE', #432, 0.4999999999999995559 ) ;
#1995 = EDGE_LOOP ( 'NONE', ( #161, #3168, #3016, #700 ) ) ;
#1996 = EDGE_CURVE ( 'NONE', #1645, #1882, #2433, .T. ) ;
#1997 = VERTEX_POINT ( 'NONE', #3451 ) ;
#1998 = EDGE_CURVE ( 'NONE', #1817, #2838, #1119, .T. ) ;
#1999 = FACE_OUTER_BOUND ( 'NONE', #420, .T. ) ;
#2000 = ADVANCED_FACE ( 'NONE', ( #7 ), #1966, .T. ) ;
#2001 = ORIENTED_EDGE ( 'NONE', *, *, #1681, .T. ) ;
#2002 = CARTESIAN_POINT ( 'NONE',  ( 20.00000000000000000, 0.3000000000000001554, -3.550000000000000266 ) ) ;
#2003 = CARTESIAN_POINT ( 'NONE',  ( -5.000000000000000888, 4.530000000000000249, 3.550000000000000266 ) ) ;
#2004 = EDGE_CURVE ( 'NONE', #3433, #2015, #2383, .T. ) ;
#2005 = EDGE_LOOP ( 'NONE', ( #3071, #828, #805, #3288 ) ) ;
#2006 = LINE ( 'NONE', #801, #3169 ) ;
#2007 = ORIENTED_EDGE ( 'NONE', *, *, #885, .T. ) ;
#2008 = EDGE_CURVE ( 'NONE', #2175, #3405, #3565, .T. ) ;
#2009 = DIRECTION ( 'NONE',  ( 0.000000000000000000, 0.000000000000000000, 1.000000000000000000 ) ) ;
#2010 = DIRECTION ( 'NONE',  ( 0.000000000000000000, 0.000000000000000000, 1.000000000000000000 ) ) ;
#2011 = CARTESIAN_POINT ( 'NONE',  ( 20.00000000000000000, 6.930000000000000604, -3.749999999999998224 ) ) ;
#2012 = DIRECTION ( 'NONE',  ( -1.000000000000000000, -0.000000000000000000, -0.000000000000000000 ) ) ;
#2013 = VERTEX_POINT ( 'NONE', #2544 ) ;
#2014 = LINE ( 'NONE', #830, #1923 ) ;
#2015 = VERTEX_POINT ( 'NONE', #1421 ) ;
#2016 = ORIENTED_EDGE ( 'NONE', *, *, #1191, .F. ) ;
#2017 = LINE ( 'NONE', #22, #2059 ) ;
#2018 = AXIS2_PLACEMENT_3D ( 'NONE', #1957, #1292, #2281 ) ;
#2019 = DIRECTION ( 'NONE',  ( 0.000000000000000000, 0.000000000000000000, 1.000000000000000000 ) ) ;
#2020 = DIRECTION ( 'NONE',  ( -0.000000000000000000, 1.000000000000000000, -0.000000000000000000 ) ) ;
#2021 = DIRECTION ( 'NONE',  ( 0.000000000000000000, 0.000000000000000000, 1.000000000000000000 ) ) ;
#2022 = FILL_AREA_STYLE_COLOUR ( '', #1769 ) ;
#2023 = VERTEX_POINT ( 'NONE', #2809 ) ;
#2024 = CIRCLE ( 'NONE', #853, 0.1999999999999996503 ) ;
#2025 = VERTEX_POINT ( 'NONE', #223 ) ;
#2026 = AXIS2_PLACEMENT_3D ( 'NONE', #612, #2860, #283 ) ;
#2027 = EDGE_LOOP ( 'NONE', ( #930, #962, #1024, #1942 ) ) ;
#2028 = CIRCLE ( 'NONE', #3572, 0.1999999999999996503 ) ;
#2029 = VERTEX_POINT ( 'NONE', #75 ) ;
#2030 = ORIENTED_EDGE ( 'NONE', *, *, #2634, .T. ) ;
#2031 = CIRCLE ( 'NONE', #2136, 0.2999999999999999334 ) ;
#2032 = DIRECTION ( 'NONE',  ( -1.000000000000000000, -0.000000000000000000, -0.000000000000000000 ) ) ;
#2033 = AXIS2_PLACEMENT_3D ( 'NONE', #17, #538, #841 ) ;
#2034 = EDGE_LOOP ( 'NONE', ( #1499, #3334, #914, #2044 ) ) ;
#2035 = LINE ( 'NONE', #3385, #3191 ) ;
#2036 = ORIENTED_EDGE ( 'NONE', *, *, #383, .F. ) ;
#2037 = LINE ( 'NONE', #144, #858 ) ;
#2038 = DIRECTION ( 'NONE',  ( 0.000000000000000000, 0.000000000000000000, -1.000000000000000000 ) ) ;
#2039 = CARTESIAN_POINT ( 'NONE',  ( -16.50000000000000000, 6.930000000000000604, 2.049999999999999378 ) ) ;
#2040 = CARTESIAN_POINT ( 'NONE',  ( 20.00000000000000000, 1.729999999999999760, 3.250000000000000888 ) ) ;
#2041 = CARTESIAN_POINT ( 'NONE',  ( 20.00000000000000000, 0.5000000000000000000, -3.550000000000000266 ) ) ;
#2042 = DIRECTION ( 'NONE',  ( 1.000000000000000000, 0.000000000000000000, -0.000000000000000000 ) ) ;
#2043 = EDGE_CURVE ( 'NONE', #2407, #3022, #10, .T. ) ;
#2044 = ORIENTED_EDGE ( 'NONE', *, *, #1144, .F. ) ;
#2045 = LINE ( 'NONE', #2002, #3202 ) ;
#2046 = VERTEX_POINT ( 'NONE', #2338 ) ;
#2047 = DIRECTION ( 'NONE',  ( -0.000000000000000000, -1.000000000000000000, -0.000000000000000000 ) ) ;
#2048 = SURFACE_STYLE_USAGE ( .BOTH. , #2560 ) ;
#2049 = CARTESIAN_POINT ( 'NONE',  ( 17.69999999999999929, 5.129999999999999893, 3.050000000000002487 ) ) ;
#2050 = DIRECTION ( 'NONE',  ( -1.000000000000000000, -0.000000000000000000, -0.000000000000000000 ) ) ;
#2051 = VERTEX_POINT ( 'NONE', #2777 ) ;
#2052 = VECTOR ( 'NONE', #1640, 1000.000000000000000 ) ;
#2053 = EDGE_CURVE ( 'NONE', #491, #2855, #1123, .T. ) ;
#2054 = EDGE_LOOP ( 'NONE', ( #2571, #1507, #3349, #870 ) ) ;
#2055 = FACE_OUTER_BOUND ( 'NONE', #1658, .T. ) ;
#2056 = VERTEX_POINT ( 'NONE', #3425 ) ;
#2057 = CIRCLE ( 'NONE', #2831, 0.2500000000000002220 ) ;
#2058 = ORIENTED_EDGE ( 'NONE', *, *, #257, .T. ) ;
#2059 = VECTOR ( 'NONE', #41, 1000.000000000000000 ) ;
#2060 = DIRECTION ( 'NONE',  ( -0.000000000000000000, -0.000000000000000000, 1.000000000000000000 ) ) ;
#2061 = EDGE_CURVE ( 'NONE', #3278, #1630, #1172, .T. ) ;
#2062 = ADVANCED_FACE ( 'NONE', ( #2374 ), #2415, .T. ) ;
#2063 = EDGE_LOOP ( 'NONE', ( #3456, #430, #1628, #991 ) ) ;
#2064 = FACE_OUTER_BOUND ( 'NONE', #3563, .T. ) ;
#2065 = VERTEX_POINT ( 'NONE', #315 ) ;
#2066 = LINE ( 'NONE', #1565, #3273 ) ;
#2067 = FACE_OUTER_BOUND ( 'NONE', #1822, .T. ) ;
#2068 = DIRECTION ( 'NONE',  ( 0.000000000000000000, 1.000000000000000000, 0.000000000000000000 ) ) ;
#2069 = DIRECTION ( 'NONE',  ( 0.000000000000000000, 0.000000000000000000, -1.000000000000000000 ) ) ;
#2070 = DIRECTION ( 'NONE',  ( 0.000000000000000000, 3.129010598803764644E-16, -1.000000000000000000 ) ) ;
#2071 = DIRECTION ( 'NONE',  ( 0.000000000000000000, 0.000000000000000000, 1.000000000000000000 ) ) ;
#2072 = DIRECTION ( 'NONE',  ( 0.000000000000000000, 1.000000000000000000, -0.000000000000000000 ) ) ;
#2073 = ORIENTED_EDGE ( 'NONE', *, *, #1998, .F. ) ;
#2074 = CYLINDRICAL_SURFACE ( 'NONE', #3011, 0.2500000000000002220 ) ;
#2075 = MECHANICAL_DESIGN_GEOMETRIC_PRESENTATION_REPRESENTATION (  '', ( #1825 ), #368 ) ;
#2076 = ORIENTED_EDGE ( 'NONE', *, *, #3330, .F. ) ;
#2077 = PRODUCT_RELATED_PRODUCT_CATEGORY ( 'part', '', ( #2933 ) ) ;
#2078 = CARTESIAN_POINT ( 'NONE',  ( -18.00000000000000000, 6.930000000000000604, 3.050000000000002487 ) ) ;
#2079 = DIRECTION ( 'NONE',  ( 0.000000000000000000, 0.000000000000000000, 1.000000000000000000 ) ) ;
#2080 = VERTEX_POINT ( 'NONE', #1618 ) ;
#2081 = VECTOR ( 'NONE', #1899, 1000.000000000000000 ) ;
#2082 = ORIENTED_EDGE ( 'NONE', *, *, #1729, .T. ) ;
#2083 = VECTOR ( 'NONE', #2050, 1000.000000000000000 ) ;
#2084 = VECTOR ( 'NONE', #1176, 1000.000000000000000 ) ;
#2085 = AXIS2_PLACEMENT_3D ( 'NONE', #2041, #2829, #1641 ) ;
#2086 = VERTEX_POINT ( 'NONE', #883 ) ;
#2087 = LINE ( 'NONE', #2853, #2094 ) ;
#2088 = ORIENTED_EDGE ( 'NONE', *, *, #2091, .T. ) ;
#2089 = LINE ( 'NONE', #1619, #3135 ) ;
#2090 = DIRECTION ( 'NONE',  ( 0.000000000000000000, -0.000000000000000000, 1.000000000000000000 ) ) ;
#2091 = EDGE_CURVE ( 'NONE', #2240, #651, #3581, .T. ) ;
#2092 = DIRECTION ( 'NONE',  ( 0.000000000000000000, 0.000000000000000000, 1.000000000000000000 ) ) ;
#2093 = VERTEX_POINT ( 'NONE', #547 ) ;
#2094 = VECTOR ( 'NONE', #2589, 1000.000000000000000 ) ;
#2095 = EDGE_LOOP ( 'NONE', ( #3471, #1076, #519, #1082 ) ) ;
#2096 = FACE_OUTER_BOUND ( 'NONE', #2807, .T. ) ;
#2097 = DIRECTION ( 'NONE',  ( -0.000000000000000000, 1.000000000000000000, -0.000000000000000000 ) ) ;
#2098 = EDGE_CURVE ( 'NONE', #3400, #999, #2420, .T. ) ;
#2099 = DIRECTION ( 'NONE',  ( 1.000000000000000000, -0.000000000000000000, -0.000000000000000000 ) ) ;
#2100 = CARTESIAN_POINT ( 'NONE',  ( 20.00000000000000000, 6.930000000000000604, 3.050000000000002487 ) ) ;
#2101 = DIRECTION ( 'NONE',  ( 0.000000000000000000, 0.000000000000000000, 1.000000000000000000 ) ) ;
#2102 = DIRECTION ( 'NONE',  ( -0.000000000000000000, -1.000000000000000000, -0.000000000000000000 ) ) ;
#2103 = ORIENTED_EDGE ( 'NONE', *, *, #1864, .T. ) ;
#2104 = ORIENTED_EDGE ( 'NONE', *, *, #502, .F. ) ;
#2105 = ORIENTED_EDGE ( 'NONE', *, *, #2698, .T. ) ;
#2106 = EDGE_CURVE ( 'NONE', #2223, #1792, #659, .T. ) ;
#2107 = CARTESIAN_POINT ( 'NONE',  ( 20.00000000000000000, 0.000000000000000000, 3.550000000000000266 ) ) ;
#2108 = CARTESIAN_POINT ( 'NONE',  ( -18.00000000000000000, 6.930000000000000604, 2.550000000000003375 ) ) ;
#2109 = ORIENTED_EDGE ( 'NONE', *, *, #2465, .T. ) ;
#2110 = LINE ( 'NONE', #1241, #3371 ) ;
#2111 = ORIENTED_EDGE ( 'NONE', *, *, #1107, .F. ) ;
#2112 = LINE ( 'NONE', #343, #899 ) ;
#2113 = ORIENTED_EDGE ( 'NONE', *, *, #909, .F. ) ;
#2114 = ORIENTED_EDGE ( 'NONE', *, *, #1534, .F. ) ;
#2115 = CIRCLE ( 'NONE', #1664, 0.2500000000000003331 ) ;
#2116 = VERTEX_POINT ( 'NONE', #3025 ) ;
#2117 = LINE ( 'NONE', #375, #3350 ) ;
#2118 = ORIENTED_EDGE ( 'NONE', *, *, #3582, .T. ) ;
#2119 = EDGE_CURVE ( 'NONE', #2855, #2568, #626, .T. ) ;
#2120 = CARTESIAN_POINT ( 'NONE',  ( -16.25000000000000000, 1.362732626437504623E-15, -3.300000000000000711 ) ) ;
#2121 = DIRECTION ( 'NONE',  ( -0.000000000000000000, -0.000000000000000000, 1.000000000000000000 ) ) ;
#2122 = ORIENTED_EDGE ( 'NONE', *, *, #2579, .F. ) ;
#2123 = CIRCLE ( 'NONE', #2781, 0.3000000000000018763 ) ;
#2124 = VERTEX_POINT ( 'NONE', #2267 ) ;
#2125 = VECTOR ( 'NONE', #1918, 1000.000000000000000 ) ;
#2126 = ORIENTED_EDGE ( 'NONE', *, *, #2008, .T. ) ;
#2127 = CARTESIAN_POINT ( 'NONE',  ( -16.49999999999999645, 0.3000000000000007661, -3.550000000000002043 ) ) ;
#2128 = DIRECTION ( 'NONE',  ( -1.000000000000000000, -0.000000000000000000, -0.000000000000000000 ) ) ;
#2129 = DIRECTION ( 'NONE',  ( 0.000000000000000000, 1.000000000000000000, 0.000000000000000000 ) ) ;
#2130 = DIRECTION ( 'NONE',  ( -0.000000000000000000, -0.000000000000000000, 1.000000000000000000 ) ) ;
#2131 = AXIS2_PLACEMENT_3D ( 'NONE', #2078, #1774, #1750 ) ;
#2132 = EDGE_LOOP ( 'NONE', ( #3237, #654, #3034, #1407 ) ) ;
#2133 = VECTOR ( 'NONE', #2502, 1000.000000000000000 ) ;
#2134 = ORIENTED_EDGE ( 'NONE', *, *, #1913, .T. ) ;
#2135 = ORIENTED_EDGE ( 'NONE', *, *, #2515, .T. ) ;
#2136 = AXIS2_PLACEMENT_3D ( 'NONE', #3398, #1126, #1589 ) ;
#2137 = CARTESIAN_POINT ( 'NONE',  ( 11.75000000000000000, 6.930000000000000604, 3.050000000000000711 ) ) ;
#2138 = DIRECTION ( 'NONE',  ( 1.000000000000000000, 0.000000000000000000, 0.000000000000000000 ) ) ;
#2139 = ORIENTED_EDGE ( 'NONE', *, *, #2381, .F. ) ;
#2140 = EDGE_LOOP ( 'NONE', ( #2925, #3335, #2758, #2113 ) ) ;
#2141 = ORIENTED_EDGE ( 'NONE', *, *, #981, .F. ) ;
#2142 = EDGE_CURVE ( 'NONE', #2256, #615, #3002, .T. ) ;
#2143 = ORIENTED_EDGE ( 'NONE', *, *, #2709, .F. ) ;
#2144 = ORIENTED_EDGE ( 'NONE', *, *, #1508, .F. ) ;
#2145 = ORIENTED_EDGE ( 'NONE', *, *, #824, .F. ) ;
#2146 = DIRECTION ( 'NONE',  ( -0.000000000000000000, -0.000000000000000000, 1.000000000000000000 ) ) ;
#2147 = ORIENTED_EDGE ( 'NONE', *, *, #1567, .T. ) ;
#2148 = LINE ( 'NONE', #2237, #3333 ) ;
#2149 = EDGE_CURVE ( 'NONE', #328, #1522, #2996, .T. ) ;
#2150 = VERTEX_POINT ( 'NONE', #3160 ) ;
#2151 = ORIENTED_EDGE ( 'NONE', *, *, #3186, .T. ) ;
#2152 = DIRECTION ( 'NONE',  ( 0.000000000000000000, 0.000000000000000000, -1.000000000000000000 ) ) ;
#2153 = EDGE_CURVE ( 'NONE', #1592, #2954, #617, .T. ) ;
#2154 = DIRECTION ( 'NONE',  ( 0.6427876096865378086, -0.7660444431189794567, -3.100020091259891444E-16 ) ) ;
#2155 = CARTESIAN_POINT ( 'NONE',  ( 20.00000000000000000, 6.930000000000000604, -4.049999999999998046 ) ) ;
#2156 = DIRECTION ( 'NONE',  ( -1.000000000000000000, 0.000000000000000000, 0.000000000000000000 ) ) ;
#2157 = ORIENTED_EDGE ( 'NONE', *, *, #2908, .F. ) ;
#2158 = CYLINDRICAL_SURFACE ( 'NONE', #2033, 0.4999999999999995559 ) ;
#2159 = EDGE_LOOP ( 'NONE', ( #448, #2909, #2917, #3170 ) ) ;
#2160 = ORIENTED_EDGE ( 'NONE', *, *, #2214, .F. ) ;
#2161 = EDGE_CURVE ( 'NONE', #3437, #1020, #1843, .T. ) ;
#2162 = ADVANCED_FACE ( 'NONE', ( #1801 ), #3010, .F. ) ;
#2163 = EDGE_CURVE ( 'NONE', #281, #543, #561, .T. ) ;
#2164 = DIRECTION ( 'NONE',  ( 0.000000000000000000, 0.000000000000000000, 1.000000000000000000 ) ) ;
#2165 = CARTESIAN_POINT ( 'NONE',  ( -5.700000000000001066, 5.729999999999999538, 3.550000000000000266 ) ) ;
#2166 = EDGE_LOOP ( 'NONE', ( #3117, #854, #1915, #167 ) ) ;
#2167 = LINE ( 'NONE', #812, #2133 ) ;
#2168 = ORIENTED_EDGE ( 'NONE', *, *, #1137, .T. ) ;
#2169 = DIRECTION ( 'NONE',  ( -0.000000000000000000, 1.000000000000000000, -0.000000000000000000 ) ) ;
#2170 = ORIENTED_EDGE ( 'NONE', *, *, #3538, .F. ) ;
#2171 = ADVANCED_FACE ( 'NONE', ( #2977 ), #3014, .F. ) ;
#2172 = ORIENTED_EDGE ( 'NONE', *, *, #3234, .F. ) ;
#2173 = FACE_OUTER_BOUND ( 'NONE', #815, .T. ) ;
#2174 = AXIS2_PLACEMENT_3D ( 'NONE', #291, #244, #1935 ) ;
#2175 = VERTEX_POINT ( 'NONE', #1467 ) ;
#2176 = ORIENTED_EDGE ( 'NONE', *, *, #289, .T. ) ;
#2177 = DIRECTION ( 'NONE',  ( 0.000000000000000000, 0.000000000000000000, 1.000000000000000000 ) ) ;
#2178 = CARTESIAN_POINT ( 'NONE',  ( -20.00000000000000000, 4.336808689942017736E-16, -3.550000000000000266 ) ) ;
#2179 = VERTEX_POINT ( 'NONE', #1217 ) ;
#2180 = VECTOR ( 'NONE', #656, 1000.000000000000000 ) ;
#2181 = EDGE_LOOP ( 'NONE', ( #927, #445, #1612, #921 ) ) ;
#2182 = ORIENTED_EDGE ( 'NONE', *, *, #1094, .F. ) ;
#2183 = AXIS2_PLACEMENT_3D ( 'NONE', #2561, #1936, #1195 ) ;
#2184 = DIRECTION ( 'NONE',  ( -0.000000000000000000, -0.000000000000000000, 1.000000000000000000 ) ) ;
#2185 = CARTESIAN_POINT ( 'NONE',  ( 20.00000000000000000, 6.930000000000000604, 3.250000000000002665 ) ) ;
#2186 = CARTESIAN_POINT ( 'NONE',  ( 16.04999999999999716, 7.429999999999999716, 2.800000000000000711 ) ) ;
#2187 = DIRECTION ( 'NONE',  ( 0.000000000000000000, -0.000000000000000000, -1.000000000000000000 ) ) ;
#2188 = CARTESIAN_POINT ( 'NONE',  ( -15.05000000000000071, 7.429999999999999716, 2.050000000000001599 ) ) ;
#2189 = ORIENTED_EDGE ( 'NONE', *, *, #101, .T. ) ;
#2190 = CYLINDRICAL_SURFACE ( 'NONE', #2973, 0.2500000000000002220 ) ;
#2191 = ORIENTED_EDGE ( 'NONE', *, *, #2656, .F. ) ;
#2192 = VERTEX_POINT ( 'NONE', #2870 ) ;
#2193 = AXIS2_PLACEMENT_3D ( 'NONE', #2369, #3480, #2090 ) ;
#2194 = DIRECTION ( 'NONE',  ( -0.000000000000000000, 1.000000000000000000, -0.000000000000000000 ) ) ;
#2195 = CARTESIAN_POINT ( 'NONE',  ( 20.00000000000000000, 0.2999999999999999334, 3.250000000000000444 ) ) ;
#2196 = ORIENTED_EDGE ( 'NONE', *, *, #2920, .F. ) ;
#2197 = FACE_OUTER_BOUND ( 'NONE', #646, .T. ) ;
#2198 = EDGE_LOOP ( 'NONE', ( #2224, #3074, #976, #2235, #409, #3086, #438, #2892, #1569, #484, #1031, #1665, #444, #428, #2211, #2911, #2804, #943, #1707 ) ) ;
#2199 = DIRECTION ( 'NONE',  ( -1.000000000000000000, -0.000000000000000000, -0.000000000000000000 ) ) ;
#2200 = ORIENTED_EDGE ( 'NONE', *, *, #1428, .T. ) ;
#2201 = ADVANCED_FACE ( 'NONE', ( #588 ), #1715, .F. ) ;
#2202 = EDGE_CURVE ( 'NONE', #324, #2296, #1796, .T. ) ;
#2203 = EDGE_LOOP ( 'NONE', ( #949, #3434, #979, #1794, #1563, #616, #3412, #2145, #1671, #674, #388, #1783, #3381, #371, #2835 ) ) ;
#2204 = LINE ( 'NONE', #1926, #3520 ) ;
#2205 = ORIENTED_EDGE ( 'NONE', *, *, #2290, .F. ) ;
#2206 = ORIENTED_EDGE ( 'NONE', *, *, #2734, .T. ) ;
#2207 = DIRECTION ( 'NONE',  ( -1.000000000000000000, -1.355252715606880543E-16, 0.000000000000000000 ) ) ;
#2208 = PLANE ( 'NONE',  #3296 ) ;
#2209 = EDGE_CURVE ( 'NONE', #3060, #1592, #3047, .T. ) ;
#2210 = ADVANCED_FACE ( 'NONE', ( #1814 ), #1434, .F. ) ;
#2211 = ORIENTED_EDGE ( 'NONE', *, *, #2978, .F. ) ;
#2212 = VECTOR ( 'NONE', #2476, 1000.000000000000000 ) ;
#2213 = EDGE_LOOP ( 'NONE', ( #3401, #494, #1646, #454, #1660, #459, #3180, #957 ) ) ;
#2214 = EDGE_CURVE ( 'NONE', #2568, #1643, #1883, .T. ) ;
#2215 = VERTEX_POINT ( 'NONE', #686 ) ;
#2216 = CARTESIAN_POINT ( 'NONE',  ( -6.000000000000000888, 5.729999999999999538, 3.050000000000002487 ) ) ;
#2217 = DIRECTION ( 'NONE',  ( 1.000000000000000000, 0.000000000000000000, 0.000000000000000000 ) ) ;
#2218 = DIRECTION ( 'NONE',  ( -0.000000000000000000, -0.000000000000000000, 1.000000000000000000 ) ) ;
#2219 = DIRECTION ( 'NONE',  ( 0.000000000000000000, 0.000000000000000000, -1.000000000000000000 ) ) ;
#2220 = DIRECTION ( 'NONE',  ( -0.000000000000000000, -0.000000000000000000, 1.000000000000000000 ) ) ;
#2221 = ORIENTED_EDGE ( 'NONE', *, *, #2225, .F. ) ;
#2222 = VECTOR ( 'NONE', #792, 1000.000000000000000 ) ;
#2223 = VERTEX_POINT ( 'NONE', #1413 ) ;
#2224 = ORIENTED_EDGE ( 'NONE', *, *, #2586, .F. ) ;
#2225 = EDGE_CURVE ( 'NONE', #174, #2947, #673, .T. ) ;
#2226 = DIRECTION ( 'NONE',  ( 0.000000000000000000, -1.000000000000000000, -3.129010598803764644E-16 ) ) ;
#2227 = ORIENTED_EDGE ( 'NONE', *, *, #1433, .F. ) ;
#2228 = VECTOR ( 'NONE', #1060, 1000.000000000000000 ) ;
#2229 = VERTEX_POINT ( 'NONE', #1162 ) ;
#2230 = ORIENTED_EDGE ( 'NONE', *, *, #1515, .T. ) ;
#2231 = AXIS2_PLACEMENT_3D ( 'NONE', #169, #3594, #490 ) ;
#2232 = ORIENTED_EDGE ( 'NONE', *, *, #3128, .T. ) ;
#2233 = VECTOR ( 'NONE', #197, 999.9999999999998863 ) ;
#2234 = ORIENTED_EDGE ( 'NONE', *, *, #44, .F. ) ;
#2235 = ORIENTED_EDGE ( 'NONE', *, *, #2530, .F. ) ;
#2236 = DIRECTION ( 'NONE',  ( 0.000000000000000000, 0.000000000000000000, 1.000000000000000000 ) ) ;
#2237 = CARTESIAN_POINT ( 'NONE',  ( 20.00000000000000000, 6.930000000000000604, 3.250000000000002665 ) ) ;
#2238 = ADVANCED_FACE ( 'NONE', ( #1866 ), #636, .F. ) ;
#2239 = AXIS2_PLACEMENT_3D ( 'NONE', #1353, #21, #1173 ) ;
#2240 = VERTEX_POINT ( 'NONE', #2913 ) ;
#2241 = ORIENTED_EDGE ( 'NONE', *, *, #3166, .F. ) ;
#2242 = DIRECTION ( 'NONE',  ( -0.000000000000000000, 1.000000000000000000, 0.000000000000000000 ) ) ;
#2243 = CARTESIAN_POINT ( 'NONE',  ( -20.00000000000000000, 6.930000000000000604, -3.549999999999998490 ) ) ;
#2244 = DIRECTION ( 'NONE',  ( 0.000000000000000000, 0.000000000000000000, 1.000000000000000000 ) ) ;
#2245 = DIRECTION ( 'NONE',  ( -1.000000000000000000, -0.000000000000000000, -0.000000000000000000 ) ) ;
#2246 = PLANE ( 'NONE',  #427 ) ;
#2247 = AXIS2_PLACEMENT_3D ( 'NONE', #739, #1122, #221 ) ;
#2248 = ORIENTED_EDGE ( 'NONE', *, *, #1111, .F. ) ;
#2249 = VERTEX_POINT ( 'NONE', #331 ) ;
#2250 = CARTESIAN_POINT ( 'NONE',  ( -16.75000000000000000, 7.129999999999999893, 2.300000000000001155 ) ) ;
#2251 = ORIENTED_EDGE ( 'NONE', *, *, #2334, .F. ) ;
#2252 = VECTOR ( 'NONE', #1667, 1000.000000000000000 ) ;
#2253 = EDGE_CURVE ( 'NONE', #3518, #324, #3082, .T. ) ;
#2254 = EDGE_LOOP ( 'NONE', ( #634, #3580, #146, #3165 ) ) ;
#2255 = EDGE_LOOP ( 'NONE', ( #1842, #3504 ) ) ;
#2256 = VERTEX_POINT ( 'NONE', #956 ) ;
#2257 = EDGE_CURVE ( 'NONE', #1896, #2747, #1838, .T. ) ;
#2258 = CARTESIAN_POINT ( 'NONE',  ( 18.00000000000000355, 7.129999999999999893, 3.050000000000002487 ) ) ;
#2259 = DIRECTION ( 'NONE',  ( -0.000000000000000000, -0.000000000000000000, -1.000000000000000000 ) ) ;
#2260 = DIRECTION ( 'NONE',  ( -1.000000000000000000, -0.000000000000000000, -0.000000000000000000 ) ) ;
#2261 = DIRECTION ( 'NONE',  ( -1.000000000000000000, -0.000000000000000000, -0.000000000000000000 ) ) ;
#2262 = ORIENTED_EDGE ( 'NONE', *, *, #2519, .T. ) ;
#2263 = CIRCLE ( 'NONE', #472, 0.2500000000000002220 ) ;
#2264 = ORIENTED_EDGE ( 'NONE', *, *, #1289, .F. ) ;
#2265 = DIRECTION ( 'NONE',  ( 0.7071067811865460184, 0.7071067811865489050, -0.000000000000000000 ) ) ;
#2266 = CARTESIAN_POINT ( 'NONE',  ( 16.25000000000000000, 3.279999999999999361, 3.550000000000000266 ) ) ;
#2267 = CARTESIAN_POINT ( 'NONE',  ( 14.05000000000000426, 1.000000000000004663, -4.050000000000000711 ) ) ;
#2268 = CARTESIAN_POINT ( 'NONE',  ( -18.00000000000000000, 6.930000000000000604, 3.550000000000000266 ) ) ;
#2269 = DIRECTION ( 'NONE',  ( -0.7071067811865460184, -0.7071067811865489050, -2.312659753670252709E-16 ) ) ;
#2270 = EDGE_CURVE ( 'NONE', #3083, #560, #652, .T. ) ;
#2271 = VERTEX_POINT ( 'NONE', #1457 ) ;
#2272 = VECTOR ( 'NONE', #639, 1000.000000000000000 ) ;
#2273 = VERTEX_POINT ( 'NONE', #1206 ) ;
#2274 = ADVANCED_FACE ( 'NONE', ( #1863 ), #579, .F. ) ;
#2275 = CARTESIAN_POINT ( 'NONE',  ( -18.00000000000000000, 2.429999999999999272, 3.050000000000002487 ) ) ;
#2276 = DIRECTION ( 'NONE',  ( -1.000000000000000000, 7.542275982507869966E-16, 2.466772852404306397E-31 ) ) ;
#2277 = ORIENTED_EDGE ( 'NONE', *, *, #1197, .T. ) ;
#2278 = STYLED_ITEM ( 'NONE', ( #1738 ), #3300 ) ;
#2279 = LINE ( 'NONE', #3549, #2222 ) ;
#2280 = ORIENTED_EDGE ( 'NONE', *, *, #1616, .F. ) ;
#2281 = DIRECTION ( 'NONE',  ( 0.000000000000000000, 1.000000000000000000, 3.270594788794885384E-16 ) ) ;
#2282 = DIRECTION ( 'NONE',  ( -0.000000000000000000, -0.000000000000000000, 1.000000000000000000 ) ) ;
#2283 = CARTESIAN_POINT ( 'NONE',  ( 15.00000000000000355, 2.272907794286505279E-16, -3.050000000000000711 ) ) ;
#2284 = CARTESIAN_POINT ( 'NONE',  ( 12.00000000000000000, 7.129999999999999893, -3.300000000000006928 ) ) ;
#2285 = AXIS2_PLACEMENT_3D ( 'NONE', #2665, #1112, #3268 ) ;
#2286 = VECTOR ( 'NONE', #1821, 1000.000000000000000 ) ;
#2287 = CIRCLE ( 'NONE', #199, 0.3000000000000003775 ) ;
#2288 = EDGE_LOOP ( 'NONE', ( #3097, #1804, #1472, #2585 ) ) ;
#2289 = LINE ( 'NONE', #623, #1077 ) ;
#2290 = EDGE_CURVE ( 'NONE', #672, #918, #3031, .T. ) ;
#2291 = CARTESIAN_POINT ( 'NONE',  ( 16.04999999999999716, 6.930000000000000604, 2.550000000000001155 ) ) ;
#2292 = DIRECTION ( 'NONE',  ( 0.000000000000000000, -1.000000000000000000, -2.697859216138113949E-16 ) ) ;
#2293 = DIRECTION ( 'NONE',  ( -0.000000000000000000, 4.046788824207171664E-16, -1.000000000000000000 ) ) ;
#2294 = DIRECTION ( 'NONE',  ( 0.000000000000000000, -1.000000000000000000, -2.697859216138113949E-16 ) ) ;
#2295 = FACE_BOUND ( 'NONE', #2941, .T. ) ;
#2296 = VERTEX_POINT ( 'NONE', #2307 ) ;
#2297 = EDGE_CURVE ( 'NONE', #3571, #3419, #1856, .T. ) ;
#2298 = DIRECTION ( 'NONE',  ( 0.000000000000000000, 0.000000000000000000, 1.000000000000000000 ) ) ;
#2299 = LINE ( 'NONE', #2352, #2272 ) ;
#2300 = DIRECTION ( 'NONE',  ( -1.000000000000000000, 0.000000000000000000, 0.000000000000000000 ) ) ;
#2301 = ORIENTED_EDGE ( 'NONE', *, *, #675, .F. ) ;
#2302 = ADVANCED_FACE ( 'NONE', ( #630 ), #3149, .F. ) ;
#2303 = EDGE_CURVE ( 'NONE', #730, #924, #3065, .T. ) ;
#2304 = VECTOR ( 'NONE', #3609, 1000.000000000000000 ) ;
#2305 = ORIENTED_EDGE ( 'NONE', *, *, #1361, .T. ) ;
#2306 = EDGE_CURVE ( 'NONE', #2192, #1170, #606, .T. ) ;
#2307 = CARTESIAN_POINT ( 'NONE',  ( 15.00000000000000355, 7.130000000000000782, 3.550000000000000266 ) ) ;
#2308 = CARTESIAN_POINT ( 'NONE',  ( 20.00000000000000000, 6.930000000000000604, 3.050000000000002487 ) ) ;
#2309 = DIRECTION ( 'NONE',  ( -1.000000000000000000, -0.000000000000000000, -0.000000000000000000 ) ) ;
#2310 = DIRECTION ( 'NONE',  ( 0.000000000000000000, 1.000000000000000000, 3.270594788794885384E-16 ) ) ;
#2311 = LINE ( 'NONE', #2574, #2318 ) ;
#2312 = ORIENTED_EDGE ( 'NONE', *, *, #2632, .F. ) ;
#2313 = DIRECTION ( 'NONE',  ( 0.000000000000000000, 1.832454376031838473E-16, -1.000000000000000000 ) ) ;
#2314 = DIRECTION ( 'NONE',  ( -1.000000000000000000, -0.000000000000000000, -0.000000000000000000 ) ) ;
#2315 = DIRECTION ( 'NONE',  ( -0.000000000000000000, -0.000000000000000000, 1.000000000000000000 ) ) ;
#2316 = CARTESIAN_POINT ( 'NONE',  ( 19.00000000000000000, 1.729999999999999538, 3.050000000000002487 ) ) ;
#2317 = DIRECTION ( 'NONE',  ( 0.000000000000000000, -1.000000000000000000, 0.000000000000000000 ) ) ;
#2318 = VECTOR ( 'NONE', #307, 1000.000000000000000 ) ;
#2319 = ORIENTED_EDGE ( 'NONE', *, *, #3221, .T. ) ;
#2320 = AXIS2_PLACEMENT_3D ( 'NONE', #3101, #2527, #2021 ) ;
#2321 = PLANE ( 'NONE',  #1753 ) ;
#2322 = CIRCLE ( 'NONE', #1270, 0.3000000000000016542 ) ;
#2323 = CARTESIAN_POINT ( 'NONE',  ( -20.00000000000000000, 0.5000000000000000000, -3.550000000000000266 ) ) ;
#2324 = ORIENTED_EDGE ( 'NONE', *, *, #44, .T. ) ;
#2325 = AXIS2_PLACEMENT_3D ( 'NONE', #1807, #3527, #2038 ) ;
#2326 = FACE_OUTER_BOUND ( 'NONE', #877, .T. ) ;
#2327 = VERTEX_POINT ( 'NONE', #3466 ) ;
#2328 = CARTESIAN_POINT ( 'NONE',  ( 16.55000000000000071, 1.729999999999999316, 3.050000000000002487 ) ) ;
#2329 = CARTESIAN_POINT ( 'NONE',  ( 14.92677669529663831, 7.429999999999999716, -2.923223304703366221 ) ) ;
#2330 = CARTESIAN_POINT ( 'NONE',  ( 20.00000000000000000, 6.930000000000000604, -3.749999999999998224 ) ) ;
#2331 = DIRECTION ( 'NONE',  ( 1.000000000000000000, 0.000000000000000000, 0.000000000000000000 ) ) ;
#2332 = VECTOR ( 'NONE', #2490, 1000.000000000000000 ) ;
#2333 = LINE ( 'NONE', #3577, #3539 ) ;
#2334 = EDGE_CURVE ( 'NONE', #3171, #1686, #3023, .T. ) ;
#2335 = ORIENTED_EDGE ( 'NONE', *, *, #552, .F. ) ;
#2336 = DIRECTION ( 'NONE',  ( -0.000000000000000000, 4.046788824207170678E-16, -1.000000000000000000 ) ) ;
#2337 = DIRECTION ( 'NONE',  ( -1.000000000000000000, -0.000000000000000000, -0.000000000000000000 ) ) ;
#2338 = CARTESIAN_POINT ( 'NONE',  ( 15.00000000000000355, 0.5000000000000004441, -3.750000000000000000 ) ) ;
#2339 = CARTESIAN_POINT ( 'NONE',  ( -6.000000000000000888, 5.729999999999999538, 3.050000000000002487 ) ) ;
#2340 = CYLINDRICAL_SURFACE ( 'NONE', #1169, 0.1999999999999996503 ) ;
#2341 = ORIENTED_EDGE ( 'NONE', *, *, #446, .F. ) ;
#2342 = EDGE_CURVE ( 'NONE', #727, #984, #655, .T. ) ;
#2343 = EDGE_CURVE ( 'NONE', #730, #2776, #3073, .T. ) ;
#2344 = CYLINDRICAL_SURFACE ( 'NONE', #151, 0.3000000000000016542 ) ;
#2345 = DIRECTION ( 'NONE',  ( -0.000000000000000000, -0.000000000000000000, -1.000000000000000000 ) ) ;
#2346 = VERTEX_POINT ( 'NONE', #3313 ) ;
#2347 = PRODUCT_DEFINITION_SHAPE ( 'NONE', 'NONE',  #1087 ) ;
#2348 = VECTOR ( 'NONE', #1511, 1000.000000000000000 ) ;
#2349 = PLANE ( 'NONE',  #1712 ) ;
#2350 = ORIENTED_EDGE ( 'NONE', *, *, #1, .F. ) ;
#2351 = CARTESIAN_POINT ( 'NONE',  ( 20.00000000000000000, 7.429999999999999716, 3.050000000000002487 ) ) ;
#2352 = CARTESIAN_POINT ( 'NONE',  ( 20.00000000000000000, 6.930000000000000604, 3.550000000000002487 ) ) ;
#2353 = DIRECTION ( 'NONE',  ( 0.000000000000000000, -1.000000000000000000, 0.000000000000000000 ) ) ;
#2354 = DIRECTION ( 'NONE',  ( 0.000000000000000000, 3.270594788794885384E-16, -1.000000000000000000 ) ) ;
#2355 = ADVANCED_FACE ( 'NONE', ( #3098 ), #3003, .F. ) ;
#2356 = VECTOR ( 'NONE', #698, 1000.000000000000000 ) ;
#2357 = LINE ( 'NONE', #179, #2436 ) ;
#2358 = ORIENTED_EDGE ( 'NONE', *, *, #1100, .T. ) ;
#2359 = AXIS2_PLACEMENT_3D ( 'NONE', #2863, #902, #3152 ) ;
#2360 = DIRECTION ( 'NONE',  ( -1.000000000000000000, 0.000000000000000000, 0.000000000000000000 ) ) ;
#2361 =( NAMED_UNIT ( * ) PLANE_ANGLE_UNIT ( ) SI_UNIT ( $, .RADIAN. ) );
#2362 = DIRECTION ( 'NONE',  ( -0.000000000000000000, -0.000000000000000000, 1.000000000000000000 ) ) ;
#2363 = DIRECTION ( 'NONE',  ( 1.000000000000000000, 1.355252715606880543E-16, 4.432482469163980427E-32 ) ) ;
#2364 = VERTEX_POINT ( 'NONE', #1556 ) ;
#2365 = VECTOR ( 'NONE', #3314, 1000.000000000000000 ) ;
#2366 = EDGE_LOOP ( 'NONE', ( #2852, #2182 ) ) ;
#2367 = AXIS2_PLACEMENT_3D ( 'NONE', #2861, #2554, #3092 ) ;
#2368 = VECTOR ( 'NONE', #1261, 1000.000000000000000 ) ;
#2369 = CARTESIAN_POINT ( 'NONE',  ( -20.00000000000000000, 2.229999999999999982, 3.050000000000002487 ) ) ;
#2370 = ORIENTED_EDGE ( 'NONE', *, *, #876, .T. ) ;
#2371 = PLANE ( 'NONE',  #800 ) ;
#2372 = AXIS2_PLACEMENT_3D ( 'NONE', #860, #52, #874 ) ;
#2373 = CARTESIAN_POINT ( 'NONE',  ( 20.00000000000000000, 6.930000000000000604, 3.050000000000002487 ) ) ;
#2374 = FACE_OUTER_BOUND ( 'NONE', #3154, .T. ) ;
#2375 = ORIENTED_EDGE ( 'NONE', *, *, #132, .F. ) ;
#2376 = DIRECTION ( 'NONE',  ( 0.000000000000000000, -1.000000000000000000, 0.000000000000000000 ) ) ;
#2377 = CARTESIAN_POINT ( 'NONE',  ( 16.25000000000000000, 3.279999999999999361, 3.250000000000001332 ) ) ;
#2378 = CARTESIAN_POINT ( 'NONE',  ( -17.75000000000000000, 7.129999999999999893, 2.300000000000000711 ) ) ;
#2379 = DIRECTION ( 'NONE',  ( 0.000000000000000000, 0.000000000000000000, -1.000000000000000000 ) ) ;
#2380 = LINE ( 'NONE', #1751, #3575 ) ;
#2381 = EDGE_CURVE ( 'NONE', #1093, #3325, #683, .T. ) ;
#2382 = ORIENTED_EDGE ( 'NONE', *, *, #2893, .T. ) ;
#2383 = LINE ( 'NONE', #1676, #3534 ) ;
#2384 = VECTOR ( 'NONE', #19, 1000.000000000000000 ) ;
#2385 = ADVANCED_FACE ( 'NONE', ( #555 ), #2985, .F. ) ;
#2386 = DIRECTION ( 'NONE',  ( 1.000000000000000000, 0.000000000000000000, 0.000000000000000000 ) ) ;
#2387 = CARTESIAN_POINT ( 'NONE',  ( -15.05000000000000071, 7.429999999999999716, -2.800000000000001599 ) ) ;
#2388 = CARTESIAN_POINT ( 'NONE',  ( 14.70000000000000107, 4.830000000000000959, 3.050000000000002487 ) ) ;
#2389 = SURFACE_STYLE_USAGE ( .BOTH. , #1570 ) ;
#2390 = EDGE_CURVE ( 'NONE', #3332, #913, #569, .T. ) ;
#2391 = EDGE_LOOP ( 'NONE', ( #2205, #1635, #2168, #2109 ) ) ;
#2392 = CIRCLE ( 'NONE', #2789, 0.2500000000000002220 ) ;
#2393 = EDGE_CURVE ( 'NONE', #825, #2192, #1784, .T. ) ;
#2394 = LINE ( 'NONE', #269, #3606 ) ;
#2395 = CARTESIAN_POINT ( 'NONE',  ( 15.25000000000000355, 5.742143380519433293, -4.049999999999998046 ) ) ;
#2396 = FACE_OUTER_BOUND ( 'NONE', #2934, .T. ) ;
#2397 = CARTESIAN_POINT ( 'NONE',  ( -16.75000000000000000, 7.429999999999999716, 2.300000000000001155 ) ) ;
#2398 = EDGE_CURVE ( 'NONE', #1643, #3235, #1819, .T. ) ;
#2399 = ORIENTED_EDGE ( 'NONE', *, *, #3514, .T. ) ;
#2400 = CARTESIAN_POINT ( 'NONE',  ( 20.00000000000000000, 0.5000000000000001110, -4.050000000000000711 ) ) ;
#2401 = LINE ( 'NONE', #2980, #2442 ) ;
#2402 = VECTOR ( 'NONE', #3547, 1000.000000000000000 ) ;
#2403 = CARTESIAN_POINT ( 'NONE',  ( 15.79999999999999893, 6.930000000000000604, -3.549999999999998490 ) ) ;
#2404 = DIRECTION ( 'NONE',  ( -1.000000000000000000, -0.000000000000000000, -0.000000000000000000 ) ) ;
#2405 = CARTESIAN_POINT ( 'NONE',  ( -16.50000000000000000, 6.680000000000000604, -3.749999999999998224 ) ) ;
#2406 = AXIS2_PLACEMENT_3D ( 'NONE', #813, #2830, #1642 ) ;
#2407 = VERTEX_POINT ( 'NONE', #498 ) ;
#2408 = LINE ( 'NONE', #2155, #3524 ) ;
#2409 = CIRCLE ( 'NONE', #2247, 0.2500000000000002220 ) ;
#2410 = DIRECTION ( 'NONE',  ( 0.000000000000000000, 7.972074797687532784E-18, -1.000000000000000000 ) ) ;
#2411 = DIRECTION ( 'NONE',  ( -0.000000000000000000, -1.000000000000000000, -0.000000000000000000 ) ) ;
#2412 = AXIS2_PLACEMENT_3D ( 'NONE', #791, #1906, #1315 ) ;
#2413 = VECTOR ( 'NONE', #3285, 1000.000000000000000 ) ;
#2414 = ADVANCED_FACE ( 'NONE', ( #3036 ), #3576, .F. ) ;
#2415 = CYLINDRICAL_SURFACE ( 'NONE', #3605, 0.2500000000000002220 ) ;
#2416 = PLANE ( 'NONE',  #325 ) ;
#2417 = EDGE_CURVE ( 'NONE', #3380, #1538, #1099, .T. ) ;
#2418 = LINE ( 'NONE', #242, #2421 ) ;
#2419 = CARTESIAN_POINT ( 'NONE',  ( 18.46162272370300528, 8.763366645792249443, -3.749999999999997780 ) ) ;
#2420 = CIRCLE ( 'NONE', #2183, 0.4999999999999995559 ) ;
#2421 = VECTOR ( 'NONE', #544, 1000.000000000000000 ) ;
#2422 = EDGE_CURVE ( 'NONE', #867, #757, #3561, .T. ) ;
#2423 = PLANE ( 'NONE',  #1706 ) ;
#2424 = DIRECTION ( 'NONE',  ( -1.000000000000000000, -0.000000000000000000, -0.000000000000000000 ) ) ;
#2425 = DIRECTION ( 'NONE',  ( 0.000000000000000000, 0.000000000000000000, -1.000000000000000000 ) ) ;
#2426 = CARTESIAN_POINT ( 'NONE',  ( -18.69999999999999929, 2.229999999999999982, 3.550000000000000266 ) ) ;
#2427 = CIRCLE ( 'NONE', #118, 0.4999999999999995559 ) ;
#2428 = VECTOR ( 'NONE', #1785, 1000.000000000000000 ) ;
#2429 = EDGE_CURVE ( 'NONE', #2848, #1673, #149, .T. ) ;
#2430 = DIRECTION ( 'NONE',  ( 0.000000000000000000, -1.832454376031838473E-16, 1.000000000000000000 ) ) ;
#2431 = DIRECTION ( 'NONE',  ( -1.000000000000000000, -0.000000000000000000, -0.000000000000000000 ) ) ;
#2432 = EDGE_CURVE ( 'NONE', #313, #3147, #210, .T. ) ;
#2433 = LINE ( 'NONE', #1401, #3584 ) ;
#2434 = LINE ( 'NONE', #3072, #2384 ) ;
#2435 = ADVANCED_FACE ( 'NONE', ( #1432 ), #3024, .T. ) ;
#2436 = VECTOR ( 'NONE', #2638, 1000.000000000000000 ) ;
#2437 = EDGE_CURVE ( 'NONE', #1878, #281, #2635, .T. ) ;
#2438 = CARTESIAN_POINT ( 'NONE',  ( 20.00000000000000000, 7.129999999999999893, 3.050000000000002487 ) ) ;
#2439 = LINE ( 'NONE', #2654, #3583 ) ;
#2440 = ADVANCED_FACE ( 'NONE', ( #2569 ), #767, .F. ) ;
#2441 = CARTESIAN_POINT ( 'NONE',  ( 15.79999999999999893, 7.429999999999999716, -4.049999999999998046 ) ) ;
#2442 = VECTOR ( 'NONE', #2424, 1000.000000000000000 ) ;
#2443 = VECTOR ( 'NONE', #1858, 1000.000000000000000 ) ;
#2444 = CARTESIAN_POINT ( 'NONE',  ( -6.999999999999999112, 6.929999999999992610, 3.250000000000002665 ) ) ;
#2445 = CARTESIAN_POINT ( 'NONE',  ( -16.25000000000000000, 6.680000000000000604, -3.749999999999998224 ) ) ;
#2446 = CARTESIAN_POINT ( 'NONE',  ( -20.00000000000000000, 0.5000000000000000000, -3.550000000000000266 ) ) ;
#2447 = CARTESIAN_POINT ( 'NONE',  ( 20.00000000000000000, 6.430000000000000604, -3.749999999999998224 ) ) ;
#2448 = AXIS2_PLACEMENT_3D ( 'NONE', #650, #2563, #3133 ) ;
#2449 = LINE ( 'NONE', #3393, #2470 ) ;
#2450 = AXIS2_PLACEMENT_3D ( 'NONE', #364, #1505, #2129 ) ;
#2451 = PLANE ( 'NONE',  #54 ) ;
#2452 = DIRECTION ( 'NONE',  ( -0.000000000000000000, -0.000000000000000000, 1.000000000000000000 ) ) ;
#2453 = DIRECTION ( 'NONE',  ( -0.000000000000000000, -1.000000000000000000, -0.000000000000000000 ) ) ;
#2454 = VECTOR ( 'NONE', #1351, 1000.000000000000000 ) ;
#2455 = AXIS2_PLACEMENT_3D ( 'NONE', #1722, #596, #1399 ) ;
#2456 = CARTESIAN_POINT ( 'NONE',  ( 15.94999999999999929, 4.830000000000000071, 3.050000000000002487 ) ) ;
#2457 = DIRECTION ( 'NONE',  ( -0.000000000000000000, 1.000000000000000000, -0.000000000000000000 ) ) ;
#2458 = ADVANCED_FACE ( 'NONE', ( #123 ), #157, .F. ) ;
#2459 = EDGE_CURVE ( 'NONE', #682, #832, #1380, .T. ) ;
#2460 = VECTOR ( 'NONE', #2336, 1000.000000000000000 ) ;
#2461 = CARTESIAN_POINT ( 'NONE',  ( 12.00000000000000000, 6.930000000000000604, -3.749999999999997335 ) ) ;
#2462 = DIRECTION ( 'NONE',  ( 0.000000000000000000, 0.000000000000000000, -1.000000000000000000 ) ) ;
#2463 = CARTESIAN_POINT ( 'NONE',  ( -20.00000000000000000, 6.930000000000000604, -3.749999999999998224 ) ) ;
#2464 = ADVANCED_FACE ( 'NONE', ( #1412 ), #2423, .F. ) ;
#2465 = EDGE_CURVE ( 'NONE', #3297, #918, #2647, .T. ) ;
#2466 = CYLINDRICAL_SURFACE ( 'NONE', #3062, 0.1999999999999996503 ) ;
#2467 = CARTESIAN_POINT ( 'NONE',  ( -16.25000000000000000, 6.430000000000000604, -3.549999999999999822 ) ) ;
#2468 = DIRECTION ( 'NONE',  ( -0.000000000000000000, 1.000000000000000000, 7.972074797687532784E-18 ) ) ;
#2469 = DIRECTION ( 'NONE',  ( -2.990902544787597113E-16, 1.000000000000000000, -0.000000000000000000 ) ) ;
#2470 = VECTOR ( 'NONE', #2184, 1000.000000000000000 ) ;
#2471 = CARTESIAN_POINT ( 'NONE',  ( 15.79999999999999893, 6.530000000000000249, -4.049999999999998046 ) ) ;
#2472 = AXIS2_PLACEMENT_3D ( 'NONE', #514, #1140, #1051 ) ;
#2473 = DIRECTION ( 'NONE',  ( -0.000000000000000000, -0.000000000000000000, 1.000000000000000000 ) ) ;
#2474 = VECTOR ( 'NONE', #1747, 1000.000000000000000 ) ;
#2475 = ADVANCED_FACE ( 'NONE', ( #198 ), #233, .T. ) ;
#2476 = DIRECTION ( 'NONE',  ( -0.000000000000000000, -0.000000000000000000, 1.000000000000000000 ) ) ;
#2477 = CARTESIAN_POINT ( 'NONE',  ( -15.30000000000000071, 6.930000000000000604, -2.799999999999999378 ) ) ;
#2478 = DIRECTION ( 'NONE',  ( -8.673617379884058152E-16, -0.000000000000000000, -1.000000000000000000 ) ) ;
#2479 = AXIS2_PLACEMENT_3D ( 'NONE', #2555, #3468, #1369 ) ;
#2480 = EDGE_LOOP ( 'NONE', ( #1799, #1778, #3540, #1759 ) ) ;
#2481 = CARTESIAN_POINT ( 'NONE',  ( -17.99999999999999645, 7.130000000000000782, 3.050000000000002487 ) ) ;
#2482 = FACE_OUTER_BOUND ( 'NONE', #1124, .T. ) ;
#2483 = EDGE_CURVE ( 'NONE', #1686, #3332, #1364, .T. ) ;
#2484 = CARTESIAN_POINT ( 'NONE',  ( 12.00000000000000000, 7.129999999999999893, -3.549999999999999378 ) ) ;
#2485 = CARTESIAN_POINT ( 'NONE',  ( 16.04999999999999716, 7.129999999999999893, 2.550000000000001155 ) ) ;
#2486 = CYLINDRICAL_SURFACE ( 'NONE', #1182, 0.1999999999999996503 ) ;
#2487 = EDGE_CURVE ( 'NONE', #2676, #598, #172, .T. ) ;
#2488 = EDGE_CURVE ( 'NONE', #2215, #651, #2615, .T. ) ;
#2489 = CARTESIAN_POINT ( 'NONE',  ( 14.50000000000000000, 1.929999999999998828, 3.550000000000000266 ) ) ;
#2490 = DIRECTION ( 'NONE',  ( -1.000000000000000000, -0.000000000000000000, -0.000000000000000000 ) ) ;
#2491 = DIRECTION ( 'NONE',  ( -0.000000000000000000, 1.000000000000000000, 2.697859216138113949E-16 ) ) ;
#2492 = CARTESIAN_POINT ( 'NONE',  ( -20.00000000000000000, 7.429999999999999716, 3.050000000000002487 ) ) ;
#2493 = CARTESIAN_POINT ( 'NONE',  ( -16.50000000000000355, 6.930000000000000604, -3.749999999999998224 ) ) ;
#2494 = EDGE_CURVE ( 'NONE', #2192, #825, #207, .T. ) ;
#2495 = CIRCLE ( 'NONE', #239, 0.4999999999999995559 ) ;
#2496 = ADVANCED_FACE ( 'NONE', ( #1386 ), #92, .F. ) ;
#2497 = DIRECTION ( 'NONE',  ( 0.000000000000000000, -7.972074797687532784E-18, 1.000000000000000000 ) ) ;
#2498 = VECTOR ( 'NONE', #2097, 1000.000000000000000 ) ;
#2499 = PRESENTATION_LAYER_ASSIGNMENT (  '', '', ( #1825 ) ) ;
#2500 = ADVANCED_FACE ( 'NONE', ( #2631 ), #1749, .F. ) ;
#2501 = CARTESIAN_POINT ( 'NONE',  ( -15.04999999999999893, 7.429999999999999716, -3.050000000000001599 ) ) ;
#2502 = DIRECTION ( 'NONE',  ( -0.000000000000000000, 4.046788824207170678E-16, -1.000000000000000000 ) ) ;
#2503 = DIRECTION ( 'NONE',  ( 1.000000000000000000, 2.990902544787597113E-16, 0.000000000000000000 ) ) ;
#2504 = DIRECTION ( 'NONE',  ( 1.000000000000000000, 0.000000000000000000, 0.000000000000000000 ) ) ;
#2505 = VECTOR ( 'NONE', #416, 1000.000000000000000 ) ;
#2506 = AXIS2_PLACEMENT_3D ( 'NONE', #898, #2009, #2553 ) ;
#2507 = CIRCLE ( 'NONE', #1465, 0.4999999999999995559 ) ;
#2508 = DIRECTION ( 'NONE',  ( -1.000000000000000000, -0.000000000000000000, -0.000000000000000000 ) ) ;
#2509 = CARTESIAN_POINT ( 'NONE',  ( 15.79999999999999893, 6.930000000000000604, -3.749999999999998224 ) ) ;
#2510 = CARTESIAN_POINT ( 'NONE',  ( 20.00000000000000000, 6.930000000000000604, 3.550000000000002487 ) ) ;
#2511 = AXIS2_PLACEMENT_3D ( 'NONE', #2339, #1798, #76 ) ;
#2512 = MANIFOLD_SOLID_BREP ( 'Fillet1', #1832 ) ;
#2513 = VECTOR ( 'NONE', #2887, 1000.000000000000000 ) ;
#2514 = CARTESIAN_POINT ( 'NONE',  ( 20.00000000000000000, 7.129999999999999893, -3.549999999999998490 ) ) ;
#2515 = EDGE_CURVE ( 'NONE', #629, #773, #1336, .T. ) ;
#2516 = CARTESIAN_POINT ( 'NONE',  ( 19.00000000000000000, 1.729999999999999538, 3.550000000000000266 ) ) ;
#2517 = LINE ( 'NONE', #1737, #60 ) ;
#2518 = ADVANCED_FACE ( 'NONE', ( #2557, #1391 ), #1675, .T. ) ;
#2519 = EDGE_CURVE ( 'NONE', #359, #534, #2587, .T. ) ;
#2520 = DIRECTION ( 'NONE',  ( -1.000000000000000000, -0.000000000000000000, -0.000000000000000000 ) ) ;
#2521 = DIRECTION ( 'NONE',  ( 1.000000000000000000, 0.000000000000000000, 0.000000000000000000 ) ) ;
#2522 = CARTESIAN_POINT ( 'NONE',  ( -16.25000000000000000, 6.680000000000000604, -3.549999999999999822 ) ) ;
#2523 = CARTESIAN_POINT ( 'NONE',  ( 20.00000000000000000, 7.129999999999999893, -3.549999999999998490 ) ) ;
#2524 = FACE_OUTER_BOUND ( 'NONE', #2181, .T. ) ;
#2525 = VECTOR ( 'NONE', #2956, 1000.000000000000000 ) ;
#2526 = DIRECTION ( 'NONE',  ( -1.000000000000000000, 0.000000000000000000, -0.000000000000000000 ) ) ;
#2527 = DIRECTION ( 'NONE',  ( -1.000000000000000000, -0.000000000000000000, -0.000000000000000000 ) ) ;
#2528 = DIRECTION ( 'NONE',  ( 0.000000000000000000, -4.046788824207171171E-16, 1.000000000000000000 ) ) ;
#2529 = CARTESIAN_POINT ( 'NONE',  ( 20.00000000000000000, 4.336808689942017736E-16, -3.550000000000000266 ) ) ;
#2530 = EDGE_CURVE ( 'NONE', #1382, #3518, #128, .T. ) ;
#2531 = FACE_OUTER_BOUND ( 'NONE', #433, .T. ) ;
#2532 = PLANE ( 'NONE',  #2372 ) ;
#2533 = AXIS2_PLACEMENT_3D ( 'NONE', #1165, #2354, #2310 ) ;
#2534 = DIRECTION ( 'NONE',  ( 1.000000000000000000, 0.000000000000000000, 0.000000000000000000 ) ) ;
#2535 = DIRECTION ( 'NONE',  ( -1.000000000000000000, -0.000000000000000000, -0.000000000000000000 ) ) ;
#2536 = DIRECTION ( 'NONE',  ( -6.938893903907241197E-16, -1.000000000000000000, 0.000000000000000000 ) ) ;
#2537 = CARTESIAN_POINT ( 'NONE',  ( -6.699999999999999289, 4.530000000000000249, 3.250000000000001776 ) ) ;
#2538 = AXIS2_PLACEMENT_3D ( 'NONE', #2957, #475, #3548 ) ;
#2539 = FACE_OUTER_BOUND ( 'NONE', #863, .T. ) ;
#2540 = ADVANCED_FACE ( 'NONE', ( #2642 ), #3424, .T. ) ;
#2541 = DIRECTION ( 'NONE',  ( -0.000000000000000000, 1.000000000000000000, -0.000000000000000000 ) ) ;
#2542 = FACE_OUTER_BOUND ( 'NONE', #758, .T. ) ;
#2543 = EDGE_CURVE ( 'NONE', #3433, #480, #140, .T. ) ;
#2544 = CARTESIAN_POINT ( 'NONE',  ( 15.00000000000000355, 0.3000000000000007661, -3.550000000000002043 ) ) ;
#2545 = CARTESIAN_POINT ( 'NONE',  ( -6.300000000000000711, 5.729999999999999538, 3.550000000000000266 ) ) ;
#2546 = DIRECTION ( 'NONE',  ( 0.7071067811865492381, -0.000000000000000000, 0.7071067811865457964 ) ) ;
#2547 = VECTOR ( 'NONE', #637, 1000.000000000000000 ) ;
#2548 = EDGE_CURVE ( 'NONE', #2733, #2086, #2564, .T. ) ;
#2549 = CARTESIAN_POINT ( 'NONE',  ( -5.300000000000000711, 4.530000000000000249, 3.550000000000000266 ) ) ;
#2550 = DIRECTION ( 'NONE',  ( 0.000000000000000000, 0.000000000000000000, -1.000000000000000000 ) ) ;
#2551 = LINE ( 'NONE', #127, #2505 ) ;
#2552 = EDGE_CURVE ( 'NONE', #2733, #1686, #1343, .T. ) ;
#2553 = DIRECTION ( 'NONE',  ( 1.000000000000000000, 0.000000000000000000, 0.000000000000000000 ) ) ;
#2554 = DIRECTION ( 'NONE',  ( 0.000000000000000000, 3.270594788794885384E-16, -1.000000000000000000 ) ) ;
#2555 = CARTESIAN_POINT ( 'NONE',  ( -15.05000000000000071, 6.930000000000000604, -2.800000000000001599 ) ) ;
#2556 = VECTOR ( 'NONE', #3249, 999.9999999999998863 ) ;
#2557 = FACE_BOUND ( 'NONE', #2366, .T. ) ;
#2558 = PLANE ( 'NONE',  #3460 ) ;
#2559 = LINE ( 'NONE', #2419, #2556 ) ;
#2560 = SURFACE_SIDE_STYLE ('',( #1447 ) ) ;
#2561 = CARTESIAN_POINT ( 'NONE',  ( 20.00000000000000000, 0.5000000000000000000, -3.550000000000000266 ) ) ;
#2562 = CARTESIAN_POINT ( 'NONE',  ( 12.00000000000000000, 7.429999999999999716, -3.300000000000006928 ) ) ;
#2563 = DIRECTION ( 'NONE',  ( -0.000000000000000000, -0.000000000000000000, 1.000000000000000000 ) ) ;
#2564 = LINE ( 'NONE', #3048, #2591 ) ;
#2565 = ORIENTED_EDGE ( 'NONE', *, *, #504, .T. ) ;
#2566 = AXIS2_PLACEMENT_3D ( 'NONE', #754, #2169, #77 ) ;
#2567 = VECTOR ( 'NONE', #2987, 1000.000000000000000 ) ;
#2568 = VERTEX_POINT ( 'NONE', #1965 ) ;
#2569 = FACE_OUTER_BOUND ( 'NONE', #3428, .T. ) ;
#2570 = AXIS2_PLACEMENT_3D ( 'NONE', #1046, #211, #11 ) ;
#2571 = ORIENTED_EDGE ( 'NONE', *, *, #2494, .T. ) ;
#2572 = CARTESIAN_POINT ( 'NONE',  ( -16.50000000000000000, 6.360203102045606773E-16, -4.050000000000000711 ) ) ;
#2573 = CARTESIAN_POINT ( 'NONE',  ( 16.25000000000000000, 4.830000000000000071, 3.050000000000002487 ) ) ;
#2574 = CARTESIAN_POINT ( 'NONE',  ( -16.50000000000000355, 7.129999999999999893, 3.050000000000002487 ) ) ;
#2575 = DIRECTION ( 'NONE',  ( 0.000000000000000000, -0.000000000000000000, 1.000000000000000000 ) ) ;
#2576 = CARTESIAN_POINT ( 'NONE',  ( -15.30000000000000071, 7.429999999999999716, 2.049999999999999378 ) ) ;
#2577 = VECTOR ( 'NONE', #1820, 1000.000000000000000 ) ;
#2578 = ORIENTED_EDGE ( 'NONE', *, *, #3330, .T. ) ;
#2579 = EDGE_CURVE ( 'NONE', #3433, #3325, #145, .T. ) ;
#2580 = DIRECTION ( 'NONE',  ( -1.000000000000000000, -0.000000000000000000, -0.000000000000000000 ) ) ;
#2581 =( NAMED_UNIT ( * ) SI_UNIT ( $, .STERADIAN. ) SOLID_ANGLE_UNIT ( ) );
#2582 = DIRECTION ( 'NONE',  ( -0.000000000000000000, 4.046788824207170678E-16, -1.000000000000000000 ) ) ;
#2583 = CARTESIAN_POINT ( 'NONE',  ( 20.00000000000000000, 6.930000000000000604, 3.250000000000002665 ) ) ;
#2584 = VECTOR ( 'NONE', #1809, 1000.000000000000000 ) ;
#2585 = ORIENTED_EDGE ( 'NONE', *, *, #2488, .T. ) ;
#2586 = EDGE_CURVE ( 'NONE', #2296, #3136, #137, .T. ) ;
#2587 = CIRCLE ( 'NONE', #3562, 0.3000000000000007661 ) ;
#2588 = VERTEX_POINT ( 'NONE', #2963 ) ;
#2589 = DIRECTION ( 'NONE',  ( -0.000000000000000000, 1.000000000000000000, 4.110259322926096887E-16 ) ) ;
#2590 = EDGE_CURVE ( 'NONE', #512, #2124, #166, .T. ) ;
#2591 = VECTOR ( 'NONE', #3364, 1000.000000000000114 ) ;
#2592 = ORIENTED_EDGE ( 'NONE', *, *, #772, .F. ) ;
#2593 = CARTESIAN_POINT ( 'NONE',  ( 15.79999999999999893, 6.530000000000000249, -3.749999999999998224 ) ) ;
#2594 = DIRECTION ( 'NONE',  ( 0.000000000000000000, -0.000000000000000000, -1.000000000000000000 ) ) ;
#2595 = CARTESIAN_POINT ( 'NONE',  ( -7.000000000000000000, 7.429999999999999716, 2.550000000000002931 ) ) ;
#2596 = PLANE ( 'NONE',  #481 ) ;
#2597 = CARTESIAN_POINT ( 'NONE',  ( 14.30000000000000426, 6.930000000000000604, -3.549999999999998490 ) ) ;
#2598 = CIRCLE ( 'NONE', #2763, 0.1999999999999996503 ) ;
#2599 = VECTOR ( 'NONE', #1260, 1000.000000000000000 ) ;
#2600 = ORIENTED_EDGE ( 'NONE', *, *, #1854, .F. ) ;
#2601 = AXIS2_PLACEMENT_3D ( 'NONE', #15, #562, #1116 ) ;
#2602 = VECTOR ( 'NONE', #960, 1000.000000000000000 ) ;
#2603 = CARTESIAN_POINT ( 'NONE',  ( -16.50000000000000000, 7.129999999999999893, 2.049999999999999378 ) ) ;
#2604 = DIRECTION ( 'NONE',  ( -0.000000000000000000, 1.000000000000000000, -0.000000000000000000 ) ) ;
#2605 = CARTESIAN_POINT ( 'NONE',  ( 20.00000000000000000, 6.930000000000000604, 3.550000000000002487 ) ) ;
#2606 = CARTESIAN_POINT ( 'NONE',  ( -16.75000000000000000, 7.429999999999999716, 2.050000000000001599 ) ) ;
#2607 = ORIENTED_EDGE ( 'NONE', *, *, #3213, .F. ) ;
#2608 = AXIS2_PLACEMENT_3D ( 'NONE', #2445, #154, #1039 ) ;
#2609 = LINE ( 'NONE', #2725, #190 ) ;
#2610 = VECTOR ( 'NONE', #2722, 1000.000000000000000 ) ;
#2611 = ORIENTED_EDGE ( 'NONE', *, *, #1226, .T. ) ;
#2612 = DIRECTION ( 'NONE',  ( 0.000000000000000000, -4.046788824207171171E-16, 1.000000000000000000 ) ) ;
#2613 = CIRCLE ( 'NONE', #1201, 0.4999999999999995559 ) ;
#2614 = AXIS2_PLACEMENT_3D ( 'NONE', #524, #2079, #2138 ) ;
#2615 = CIRCLE ( 'NONE', #1500, 0.3000000000000016542 ) ;
#2616 = ORIENTED_EDGE ( 'NONE', *, *, #2940, .T. ) ;
#2617 = CARTESIAN_POINT ( 'NONE',  ( 11.75000000000000000, 7.429999999999999716, -3.300000000000004707 ) ) ;
#2618 = CARTESIAN_POINT ( 'NONE',  ( 12.00000000000000000, 7.130000000000000782, 3.050000000000002487 ) ) ;
#2619 = DIRECTION ( 'NONE',  ( 0.000000000000000000, -2.697859216138113949E-16, 1.000000000000000000 ) ) ;
#2620 = CARTESIAN_POINT ( 'NONE',  ( -16.50000000000000000, 1.361145863969531702E-15, -3.300000000000000711 ) ) ;
#2621 = CARTESIAN_POINT ( 'NONE',  ( 14.92677669529663831, 7.129999999999999893, -2.923223304703366221 ) ) ;
#2622 = FACE_OUTER_BOUND ( 'NONE', #2203, .T. ) ;
#2623 = AXIS2_PLACEMENT_3D ( 'NONE', #1275, #1227, #2884 ) ;
#2624 = VERTEX_POINT ( 'NONE', #3267 ) ;
#2625 = LINE ( 'NONE', #3510, #282 ) ;
#2626 = DIRECTION ( 'NONE',  ( -0.000000000000000000, -0.000000000000000000, 1.000000000000000000 ) ) ;
#2627 = DIRECTION ( 'NONE',  ( -0.000000000000000000, -0.000000000000000000, 1.000000000000000000 ) ) ;
#2628 = EDGE_CURVE ( 'NONE', #1155, #3571, #1358, .T. ) ;
#2629 = EDGE_CURVE ( 'NONE', #2051, #3106, #160, .T. ) ;
#2630 = VECTOR ( 'NONE', #3094, 1000.000000000000000 ) ;
#2631 = FACE_OUTER_BOUND ( 'NONE', #1995, .T. ) ;
#2632 = EDGE_CURVE ( 'NONE', #2747, #3038, #2718, .T. ) ;
#2633 = FACE_OUTER_BOUND ( 'NONE', #1018, .T. ) ;
#2634 = EDGE_CURVE ( 'NONE', #1573, #3206, #1471, .T. ) ;
#2635 = LINE ( 'NONE', #1587, #2599 ) ;
#2636 = PLANE ( 'NONE',  #3500 ) ;
#2637 = DIRECTION ( 'NONE',  ( 0.000000000000000000, 0.000000000000000000, 1.000000000000000000 ) ) ;
#2638 = DIRECTION ( 'NONE',  ( 0.000000000000000000, 1.000000000000000000, 3.270594788794885384E-16 ) ) ;
#2639 = DIRECTION ( 'NONE',  ( 0.000000000000000000, 0.000000000000000000, 1.000000000000000000 ) ) ;
#2640 = LINE ( 'NONE', #136, #213 ) ;
#2641 = AXIS2_PLACEMENT_3D ( 'NONE', #1326, #216, #513 ) ;
#2642 = FACE_OUTER_BOUND ( 'NONE', #1632, .T. ) ;
#2643 = LINE ( 'NONE', #2939, #267 ) ;
#2644 = CARTESIAN_POINT ( 'NONE',  ( -16.50000000000000000, 0.7500000000000078826, -3.550000000000002487 ) ) ;
#2645 = DIRECTION ( 'NONE',  ( 0.000000000000000000, 1.000000000000000000, 3.129010598803764644E-16 ) ) ;
#2646 = ADVANCED_FACE ( 'NONE', ( #287 ), #300, .F. ) ;
#2647 = LINE ( 'NONE', #1420, #2650 ) ;
#2648 = AXIS2_PLACEMENT_3D ( 'NONE', #3284, #1833, #2637 ) ;
#2649 = FACE_OUTER_BOUND ( 'NONE', #3142, .T. ) ;
#2650 = VECTOR ( 'NONE', #39, 1000.000000000000000 ) ;
#2651 = DIRECTION ( 'NONE',  ( -1.000000000000000000, -0.000000000000000000, -0.000000000000000000 ) ) ;
#2652 = AXIS2_PLACEMENT_3D ( 'NONE', #734, #1055, #1294 ) ;
#2653 = VECTOR ( 'NONE', #396, 1000.000000000000000 ) ;
#2654 = CARTESIAN_POINT ( 'NONE',  ( 17.69999999999999929, 4.829999999999999183, 3.050000000000002487 ) ) ;
#2655 = ADVANCED_FACE ( 'NONE', ( #2746 ), #2451, .F. ) ;
#2656 = EDGE_CURVE ( 'NONE', #2969, #1841, #295, .T. ) ;
#2657 = CARTESIAN_POINT ( 'NONE',  ( 20.00000000000000000, 0.5000000000000000000, -3.550000000000000266 ) ) ;
#2658 = CARTESIAN_POINT ( 'NONE',  ( -6.999999999999998224, 4.530000000000000249, 3.250000000000001776 ) ) ;
#2659 = LINE ( 'NONE', #478, #407 ) ;
#2660 = LINE ( 'NONE', #2664, #1514 ) ;
#2661 = EDGE_CURVE ( 'NONE', #3437, #2271, #2682, .T. ) ;
#2662 = VECTOR ( 'NONE', #2261, 1000.000000000000000 ) ;
#2663 = ADVANCED_FACE ( 'NONE', ( #2760 ), #2774, .F. ) ;
#2664 = CARTESIAN_POINT ( 'NONE',  ( 20.00000000000000000, 4.336808689942017736E-16, -3.550000000000000266 ) ) ;
#2665 = CARTESIAN_POINT ( 'NONE',  ( 14.05000000000000426, 1.250000000000004663, -4.049999999999999822 ) ) ;
#2666 = CARTESIAN_POINT ( 'NONE',  ( 20.00000000000000000, 6.930000000000000604, -3.549999999999998490 ) ) ;
#2667 = ORIENTED_EDGE ( 'NONE', *, *, #1891, .T. ) ;
#2668 = LINE ( 'NONE', #2463, #1463 ) ;
#2669 = CYLINDRICAL_SURFACE ( 'NONE', #3193, 0.4999999999999995559 ) ;
#2670 = EDGE_CURVE ( 'NONE', #3400, #380, #2660, .T. ) ;
#2671 = DIRECTION ( 'NONE',  ( 0.000000000000000000, -1.000000000000000000, -4.110259322926096887E-16 ) ) ;
#2672 = CARTESIAN_POINT ( 'NONE',  ( 14.70000000000000284, 1.729999999999999094, 3.550000000000000266 ) ) ;
#2673 = EDGE_LOOP ( 'NONE', ( #1805, #1748, #3001, #605 ) ) ;
#2674 = CYLINDRICAL_SURFACE ( 'NONE', #2359, 0.3000000000000016542 ) ;
#2675 = LINE ( 'NONE', #1577, #1476 ) ;
#2676 = VERTEX_POINT ( 'NONE', #3516 ) ;
#2677 = CARTESIAN_POINT ( 'NONE',  ( -20.00000000000000000, 0.5000000000000000000, -3.550000000000000266 ) ) ;
#2678 = DIRECTION ( 'NONE',  ( -0.000000000000000000, 1.000000000000000000, -0.000000000000000000 ) ) ;
#2679 = CARTESIAN_POINT ( 'NONE',  ( -18.00000000000000000, 7.429999999999999716, 2.550000000000003375 ) ) ;
#2680 = AXIS2_PLACEMENT_3D ( 'NONE', #29, #557, #862 ) ;
#2681 = VECTOR ( 'NONE', #614, 1000.000000000000000 ) ;
#2682 = LINE ( 'NONE', #162, #2714 ) ;
#2683 = ORIENTED_EDGE ( 'NONE', *, *, #972, .T. ) ;
#2684 = CIRCLE ( 'NONE', #1745, 0.1999999999999996503 ) ;
#2685 = AXIS2_PLACEMENT_3D ( 'NONE', #638, #2534, #662 ) ;
#2686 = DIRECTION ( 'NONE',  ( 0.000000000000000000, 0.000000000000000000, -1.000000000000000000 ) ) ;
#2687 = CARTESIAN_POINT ( 'NONE',  ( -20.00000000000000000, 6.930000000000000604, -4.049999999999998046 ) ) ;
#2688 = LINE ( 'NONE', #188, #1572 ) ;
#2689 = ORIENTED_EDGE ( 'NONE', *, *, #2839, .F. ) ;
#2690 = ADVANCED_FACE ( 'NONE', ( #274 ), #1510, .F. ) ;
#2691 = EDGE_CURVE ( 'NONE', #2742, #2015, #322, .T. ) ;
#2692 = LINE ( 'NONE', #1564, #272 ) ;
#2693 = PLANE ( 'NONE',  #2018 ) ;
#2694 = DIRECTION ( 'NONE',  ( 0.000000000000000000, -0.000000000000000000, -1.000000000000000000 ) ) ;
#2695 = ORIENTED_EDGE ( 'NONE', *, *, #542, .T. ) ;
#2696 = LINE ( 'NONE', #70, #1390 ) ;
#2697 = CIRCLE ( 'NONE', #1240, 0.2999999999999999334 ) ;
#2698 = EDGE_CURVE ( 'NONE', #676, #948, #2692, .T. ) ;
#2699 = DIRECTION ( 'NONE',  ( 1.000000000000000000, 0.000000000000000000, 0.000000000000000000 ) ) ;
#2700 = VERTEX_POINT ( 'NONE', #1234 ) ;
#2701 = CARTESIAN_POINT ( 'NONE',  ( -4.750000000000000888, 7.429999999999999716, 3.050000000000000711 ) ) ;
#2702 = CARTESIAN_POINT ( 'NONE',  ( -5.700000000000000178, 4.230000000000000426, 3.250000000000001776 ) ) ;
#2703 = CARTESIAN_POINT ( 'NONE',  ( -16.50000000000000000, 3.309243859210497952E-16, -3.300000000000000711 ) ) ;
#2704 = VECTOR ( 'NONE', #515, 1000.000000000000000 ) ;
#2705 = LINE ( 'NONE', #2258, #410 ) ;
#2706 = EDGE_CURVE ( 'NONE', #955, #521, #2732, .T. ) ;
#2707 = ORIENTED_EDGE ( 'NONE', *, *, #3110, .T. ) ;
#2708 = VECTOR ( 'NONE', #501, 1000.000000000000000 ) ;
#2709 = EDGE_CURVE ( 'NONE', #598, #773, #2765, .T. ) ;
#2710 = CARTESIAN_POINT ( 'NONE',  ( 19.00000000000000000, 4.529999999999998472, 3.550000000000000266 ) ) ;
#2711 = VECTOR ( 'NONE', #1868, 1000.000000000000000 ) ;
#2712 = VERTEX_POINT ( 'NONE', #1284 ) ;
#2713 = EDGE_CURVE ( 'NONE', #3235, #573, #1502, .T. ) ;
#2714 = VECTOR ( 'NONE', #1466, 1000.000000000000000 ) ;
#2715 = CARTESIAN_POINT ( 'NONE',  ( -16.25000000000000000, 0.7500000000000078826, -3.550000000000002487 ) ) ;
#2716 = CARTESIAN_POINT ( 'NONE',  ( 11.75000000000000000, 6.930000000000000604, -3.300000000000004707 ) ) ;
#2717 = ORIENTED_EDGE ( 'NONE', *, *, #411, .T. ) ;
#2718 = LINE ( 'NONE', #2644, #2711 ) ;
#2719 = AXIS2_PLACEMENT_3D ( 'NONE', #1392, #1484, #2827 ) ;
#2720 = DIRECTION ( 'NONE',  ( -0.7071067811865521247, 0.7071067811865430208, -0.000000000000000000 ) ) ;
#2721 = EDGE_LOOP ( 'NONE', ( #3080, #2144, #1846, #1931 ) ) ;
#2722 = DIRECTION ( 'NONE',  ( -0.000000000000000000, -0.000000000000000000, 1.000000000000000000 ) ) ;
#2723 = DIRECTION ( 'NONE',  ( -1.000000000000000000, 0.000000000000000000, 0.000000000000000000 ) ) ;
#2724 = DIRECTION ( 'NONE',  ( 1.000000000000000000, 0.000000000000000000, 0.000000000000000000 ) ) ;
#2725 = CARTESIAN_POINT ( 'NONE',  ( -15.29999999999999716, 7.129999999999999893, 3.050000000000002487 ) ) ;
#2726 = VECTOR ( 'NONE', #1685, 1000.000000000000000 ) ;
#2727 = AXIS2_PLACEMENT_3D ( 'NONE', #1908, #2245, #3026 ) ;
#2728 = ORIENTED_EDGE ( 'NONE', *, *, #2465, .F. ) ;
#2729 = LINE ( 'NONE', #2703, #2792 ) ;
#2730 = ORIENTED_EDGE ( 'NONE', *, *, #552, .T. ) ;
#2731 = DIRECTION ( 'NONE',  ( 0.000000000000000000, -1.000000000000000000, -2.697859216138113949E-16 ) ) ;
#2732 = LINE ( 'NONE', #2467, #345 ) ;
#2733 = VERTEX_POINT ( 'NONE', #3294 ) ;
#2734 = EDGE_CURVE ( 'NONE', #3222, #1912, #2688, .T. ) ;
#2735 = LINE ( 'NONE', #1177, #1524 ) ;
#2736 = EDGE_LOOP ( 'NONE', ( #642, #1961, #3327, #3112, #296, #804 ) ) ;
#2737 = CARTESIAN_POINT ( 'NONE',  ( 11.75000000000000000, 6.430000000000000604, -3.549999999999999822 ) ) ;
#2738 = CARTESIAN_POINT ( 'NONE',  ( 20.00000000000000000, 1.729999999999999760, 2.550000000000000266 ) ) ;
#2739 = DIRECTION ( 'NONE',  ( -0.000000000000000000, 4.046788824207170678E-16, -1.000000000000000000 ) ) ;
#2740 = PLANE ( 'NONE',  #835 ) ;
#2741 = ADVANCED_FACE ( 'NONE', ( #1520 ), #2783, .F. ) ;
#2742 = VERTEX_POINT ( 'NONE', #2603 ) ;
#2743 = EDGE_CURVE ( 'NONE', #796, #2954, #326, .T. ) ;
#2744 = CYLINDRICAL_SURFACE ( 'NONE', #3340, 0.2500000000000002220 ) ;
#2745 = ORIENTED_EDGE ( 'NONE', *, *, #806, .F. ) ;
#2746 = FACE_OUTER_BOUND ( 'NONE', #193, .T. ) ;
#2747 = VERTEX_POINT ( 'NONE', #1950 ) ;
#2748 = DIRECTION ( 'NONE',  ( 0.000000000000000000, 0.000000000000000000, 1.000000000000000000 ) ) ;
#2749 = DIRECTION ( 'NONE',  ( -0.000000000000000000, 1.000000000000000000, -0.000000000000000000 ) ) ;
#2750 = DIRECTION ( 'NONE',  ( 1.000000000000000000, -6.938893903907241197E-16, -0.000000000000000000 ) ) ;
#2751 = CARTESIAN_POINT ( 'NONE',  ( -18.69999999999999929, 2.229999999999999982, 3.050000000000002487 ) ) ;
#2752 = LINE ( 'NONE', #525, #2844 ) ;
#2753 = ORIENTED_EDGE ( 'NONE', *, *, #2209, .F. ) ;
#2754 = EDGE_CURVE ( 'NONE', #1912, #480, #1543, .T. ) ;
#2755 = FACE_OUTER_BOUND ( 'NONE', #1952, .T. ) ;
#2756 = VERTEX_POINT ( 'NONE', #1385 ) ;
#2757 = VECTOR ( 'NONE', #852, 1000.000000000000000 ) ;
#2758 = ORIENTED_EDGE ( 'NONE', *, *, #3361, .T. ) ;
#2759 = DIRECTION ( 'NONE',  ( -1.000000000000000000, -0.000000000000000000, -0.000000000000000000 ) ) ;
#2760 = FACE_OUTER_BOUND ( 'NONE', #443, .T. ) ;
#2761 = CARTESIAN_POINT ( 'NONE',  ( 20.00000000000000000, 4.829999999999997407, 3.250000000000001776 ) ) ;
#2762 = VERTEX_POINT ( 'NONE', #3376 ) ;
#2763 = AXIS2_PLACEMENT_3D ( 'NONE', #665, #2156, #1559 ) ;
#2764 = ORIENTED_EDGE ( 'NONE', *, *, #110, .T. ) ;
#2765 = CIRCLE ( 'NONE', #1086, 0.4999999999999995559 ) ;
#2766 = DIRECTION ( 'NONE',  ( -0.000000000000000000, 4.046788824207170678E-16, -1.000000000000000000 ) ) ;
#2767 = DIRECTION ( 'NONE',  ( -1.355252715606880543E-16, 1.000000000000000000, 0.000000000000000000 ) ) ;
#2768 = DIRECTION ( 'NONE',  ( -1.000000000000000000, 6.938893903907241197E-16, 2.269431024211962078E-31 ) ) ;
#2769 = CARTESIAN_POINT ( 'NONE',  ( -20.00000000000000000, 6.930000000000000604, -3.549999999999998490 ) ) ;
#2770 = ORIENTED_EDGE ( 'NONE', *, *, #441, .F. ) ;
#2771 = VECTOR ( 'NONE', #3366, 1000.000000000000000 ) ;
#2772 = ORIENTED_EDGE ( 'NONE', *, *, #226, .F. ) ;
#2773 = AXIS2_PLACEMENT_3D ( 'NONE', #2573, #3176, #3203 ) ;
#2774 = CYLINDRICAL_SURFACE ( 'NONE', #558, 0.3000000000000016542 ) ;
#2775 = CARTESIAN_POINT ( 'NONE',  ( 15.94999999999999929, 1.729999999999999316, 3.050000000000002487 ) ) ;
#2776 = VERTEX_POINT ( 'NONE', #1659 ) ;
#2777 = CARTESIAN_POINT ( 'NONE',  ( 12.00000000000000000, 7.429999999999999716, 3.550000000000000266 ) ) ;
#2778 = CARTESIAN_POINT ( 'NONE',  ( -16.50000000000000000, 4.336808689942028090E-16, -3.550000000000002487 ) ) ;
#2779 = VECTOR ( 'NONE', #2294, 1000.000000000000000 ) ;
#2780 = ORIENTED_EDGE ( 'NONE', *, *, #1815, .F. ) ;
#2781 = AXIS2_PLACEMENT_3D ( 'NONE', #97, #1200, #1497 ) ;
#2782 = EDGE_LOOP ( 'NONE', ( #635, #780, #718, #2076 ) ) ;
#2783 = CYLINDRICAL_SURFACE ( 'NONE', #511, 0.3000000000000016542 ) ;
#2784 = VERTEX_POINT ( 'NONE', #253 ) ;
#2785 = ORIENTED_EDGE ( 'NONE', *, *, #1857, .F. ) ;
#2786 = ADVANCED_FACE ( 'NONE', ( #2755 ), #367, .T. ) ;
#2787 = ORIENTED_EDGE ( 'NONE', *, *, #2691, .T. ) ;
#2788 = VECTOR ( 'NONE', #1160, 1000.000000000000000 ) ;
#2789 = AXIS2_PLACEMENT_3D ( 'NONE', #1171, #2837, #3447 ) ;
#2790 = ORIENTED_EDGE ( 'NONE', *, *, #990, .T. ) ;
#2791 = UNCERTAINTY_MEASURE_WITH_UNIT (LENGTH_MEASURE( 1.000000000000000082E-05 ), #1238, 'distance_accuracy_value', 'NONE');
#2792 = VECTOR ( 'NONE', #1703, 1000.000000000000000 ) ;
#2793 = ORIENTED_EDGE ( 'NONE', *, *, #165, .F. ) ;
#2794 = ORIENTED_EDGE ( 'NONE', *, *, #535, .F. ) ;
#2795 = LINE ( 'NONE', #1873, #429 ) ;
#2796 = EDGE_CURVE ( 'NONE', #2175, #3060, #1579, .T. ) ;
#2797 = DIRECTION ( 'NONE',  ( 0.000000000000000000, 0.000000000000000000, 1.000000000000000000 ) ) ;
#2798 = DIRECTION ( 'NONE',  ( 0.000000000000000000, 0.000000000000000000, -1.000000000000000000 ) ) ;
#2799 = DIRECTION ( 'NONE',  ( 0.000000000000000000, 0.000000000000000000, 1.000000000000000000 ) ) ;
#2800 = ORIENTED_EDGE ( 'NONE', *, *, #1221, .F. ) ;
#2801 = CYLINDRICAL_SURFACE ( 'NONE', #2448, 0.2999999999999999334 ) ;
#2802 = ORIENTED_EDGE ( 'NONE', *, *, #3262, .T. ) ;
#2803 = EDGE_CURVE ( 'NONE', #534, #1680, #335, .T. ) ;
#2804 = ORIENTED_EDGE ( 'NONE', *, *, #3021, .F. ) ;
#2805 = CIRCLE ( 'NONE', #1697, 0.3000000000000016542 ) ;
#2806 = CARTESIAN_POINT ( 'NONE',  ( 20.00000000000000000, 7.129999999999999893, 3.050000000000002487 ) ) ;
#2807 = EDGE_LOOP ( 'NONE', ( #1179, #3590, #3085, #3551 ) ) ;
#2808 = CARTESIAN_POINT ( 'NONE',  ( 17.69999999999999929, 5.129999999999999893, 3.250000000000002220 ) ) ;
#2809 = CARTESIAN_POINT ( 'NONE',  ( -20.00000000000000000, 6.930000000000000604, -3.749999999999998224 ) ) ;
#2810 = CARTESIAN_POINT ( 'NONE',  ( -6.999999999999998224, 4.530000000000000249, 3.550000000000000266 ) ) ;
#2811 = CARTESIAN_POINT ( 'NONE',  ( 18.39999999999998792, 8.530000000000004690, 3.250000000000002665 ) ) ;
#2812 = VECTOR ( 'NONE', #2478, 1000.000000000000000 ) ;
#2813 = ORIENTED_EDGE ( 'NONE', *, *, #922, .F. ) ;
#2814 = EDGE_CURVE ( 'NONE', #281, #318, #1498, .T. ) ;
#2815 = ORIENTED_EDGE ( 'NONE', *, *, #2796, .F. ) ;
#2816 = FACE_OUTER_BOUND ( 'NONE', #1910, .T. ) ;
#2817 = VERTEX_POINT ( 'NONE', #531 ) ;
#2818 = FACE_OUTER_BOUND ( 'NONE', #2480, .T. ) ;
#2819 = ORIENTED_EDGE ( 'NONE', *, *, #2061, .T. ) ;
#2820 = ORIENTED_EDGE ( 'NONE', *, *, #2004, .T. ) ;
#2821 = FACE_OUTER_BOUND ( 'NONE', #2782, .T. ) ;
#2822 = AXIS2_PLACEMENT_3D ( 'NONE', #1767, #2072, #2379 ) ;
#2823 = ORIENTED_EDGE ( 'NONE', *, *, #1521, .F. ) ;
#2824 = ORIENTED_EDGE ( 'NONE', *, *, #1534, .T. ) ;
#2825 = ORIENTED_EDGE ( 'NONE', *, *, #2661, .T. ) ;
#2826 = CIRCLE ( 'NONE', #893, 0.4999999999999995559 ) ;
#2827 = DIRECTION ( 'NONE',  ( 0.000000000000000000, 0.000000000000000000, 1.000000000000000000 ) ) ;
#2828 = DIRECTION ( 'NONE',  ( 0.000000000000000000, 3.270594788794885384E-16, -1.000000000000000000 ) ) ;
#2829 = DIRECTION ( 'NONE',  ( 1.000000000000000000, 0.000000000000000000, 0.000000000000000000 ) ) ;
#2830 = DIRECTION ( 'NONE',  ( 1.000000000000000000, 0.000000000000000000, 0.000000000000000000 ) ) ;
#2831 = AXIS2_PLACEMENT_3D ( 'NONE', #3595, #1851, #1293 ) ;
#2832 = ORIENTED_EDGE ( 'NONE', *, *, #2908, .T. ) ;
#2833 = CIRCLE ( 'NONE', #1969, 0.3000000000000007661 ) ;
#2834 = ORIENTED_EDGE ( 'NONE', *, *, #129, .T. ) ;
#2835 = ORIENTED_EDGE ( 'NONE', *, *, #2519, .F. ) ;
#2836 = CYLINDRICAL_SURFACE ( 'NONE', #191, 0.2500000000000003331 ) ;
#2837 = DIRECTION ( 'NONE',  ( -0.000000000000000000, 1.000000000000000000, -0.000000000000000000 ) ) ;
#2838 = VERTEX_POINT ( 'NONE', #831 ) ;
#2839 = EDGE_CURVE ( 'NONE', #2624, #573, #2697, .T. ) ;
#2840 = DIRECTION ( 'NONE',  ( 0.000000000000000000, 3.270594788794885384E-16, -1.000000000000000000 ) ) ;
#2841 = CARTESIAN_POINT ( 'NONE',  ( 20.00000000000000000, 6.930000000000000604, -3.749999999999998224 ) ) ;
#2842 = DIRECTION ( 'NONE',  ( -0.000000000000000000, 1.000000000000000000, -0.000000000000000000 ) ) ;
#2843 =( NAMED_UNIT ( * ) PLANE_ANGLE_UNIT ( ) SI_UNIT ( $, .RADIAN. ) );
#2844 = VECTOR ( 'NONE', #1153, 1000.000000000000000 ) ;
#2845 = ORIENTED_EDGE ( 'NONE', *, *, #2670, .F. ) ;
#2846 = ORIENTED_EDGE ( 'NONE', *, *, #2459, .F. ) ;
#2847 = FACE_BOUND ( 'NONE', #2967, .T. ) ;
#2848 = VERTEX_POINT ( 'NONE', #1309 ) ;
#2849 = EDGE_CURVE ( 'NONE', #2223, #142, #279, .T. ) ;
#2850 = VECTOR ( 'NONE', #2469, 1000.000000000000000 ) ;
#2851 = ORIENTED_EDGE ( 'NONE', *, *, #2661, .F. ) ;
#2852 = ORIENTED_EDGE ( 'NONE', *, *, #1023, .F. ) ;
#2853 = CARTESIAN_POINT ( 'NONE',  ( 15.00000000000000355, 5.742143380519431517, -3.299999999999998490 ) ) ;
#2854 = ORIENTED_EDGE ( 'NONE', *, *, #756, .T. ) ;
#2855 = VERTEX_POINT ( 'NONE', #3331 ) ;
#2856 = EDGE_CURVE ( 'NONE', #2346, #886, #240, .T. ) ;
#2857 = ORIENTED_EDGE ( 'NONE', *, *, #297, .T. ) ;
#2858 = DIRECTION ( 'NONE',  ( -1.000000000000000000, -0.000000000000000000, -0.000000000000000000 ) ) ;
#2859 = EDGE_CURVE ( 'NONE', #3512, #2947, #1464, .T. ) ;
#2860 = DIRECTION ( 'NONE',  ( 0.000000000000000000, -2.697859216138113949E-16, 1.000000000000000000 ) ) ;
#2861 = CARTESIAN_POINT ( 'NONE',  ( -6.000000000000000000, 4.230000000000000426, 3.250000000000001776 ) ) ;
#2862 = DIRECTION ( 'NONE',  ( -0.000000000000000000, 4.046788824207171664E-16, -1.000000000000000000 ) ) ;
#2863 = CARTESIAN_POINT ( 'NONE',  ( 16.25000000000000000, 3.279999999999999361, 3.050000000000002487 ) ) ;
#2864 = EDGE_LOOP ( 'NONE', ( #3058, #608, #1495, #1865 ) ) ;
#2865 = ORIENTED_EDGE ( 'NONE', *, *, #618, .F. ) ;
#2866 = ORIENTED_EDGE ( 'NONE', *, *, #1428, .F. ) ;
#2867 = DIRECTION ( 'NONE',  ( -0.000000000000000000, 1.000000000000000000, 0.000000000000000000 ) ) ;
#2868 = EDGE_CURVE ( 'NONE', #3405, #1009, #1494, .T. ) ;
#2869 = VERTEX_POINT ( 'NONE', #839 ) ;
#2870 = CARTESIAN_POINT ( 'NONE',  ( 19.30000000000000071, 4.529999999999998472, 3.250000000000001776 ) ) ;
#2871 = CARTESIAN_POINT ( 'NONE',  ( 14.05000000000000426, 1.000000000000004441, -3.550000000000002487 ) ) ;
#2872 = CARTESIAN_POINT ( 'NONE',  ( 14.75000000000000355, 1.255231247581809470E-15, -3.300000000000000711 ) ) ;
#2873 = ORIENTED_EDGE ( 'NONE', *, *, #3081, .F. ) ;
#2874 = ORIENTED_EDGE ( 'NONE', *, *, #3029, .T. ) ;
#2875 = EDGE_LOOP ( 'NONE', ( #1611, #2191, #303, #2227, #939, #1933, #369, #3129 ) ) ;
#2876 = ORIENTED_EDGE ( 'NONE', *, *, #250, .F. ) ;
#2877 = AXIS2_PLACEMENT_3D ( 'NONE', #3427, #2317, #3399 ) ;
#2878 = ORIENTED_EDGE ( 'NONE', *, *, #3310, .F. ) ;
#2879 = DIRECTION ( 'NONE',  ( -0.000000000000000000, -1.000000000000000000, -0.000000000000000000 ) ) ;
#2880 = ORIENTED_EDGE ( 'NONE', *, *, #2429, .F. ) ;
#2881 = ORIENTED_EDGE ( 'NONE', *, *, #3593, .T. ) ;
#2882 = AXIS2_PLACEMENT_3D ( 'NONE', #2446, #135, #2462 ) ;
#2883 = ORIENTED_EDGE ( 'NONE', *, *, #173, .T. ) ;
#2884 = DIRECTION ( 'NONE',  ( 0.000000000000000000, 0.000000000000000000, -1.000000000000000000 ) ) ;
#2885 = CARTESIAN_POINT ( 'NONE',  ( -17.75000000000000000, 7.129999999999999893, 2.550000000000001155 ) ) ;
#2886 = CARTESIAN_POINT ( 'NONE',  ( 20.00000000000000000, 1.729999999999999760, 2.550000000000000266 ) ) ;
#2887 = DIRECTION ( 'NONE',  ( 0.000000000000000000, -1.000000000000000000, 0.000000000000000000 ) ) ;
#2888 = CARTESIAN_POINT ( 'NONE',  ( -16.75000000000000000, 6.930000000000000604, 2.300000000000001155 ) ) ;
#2889 = ADVANCED_FACE ( 'NONE', ( #1550 ), #2669, .T. ) ;
#2890 = ORIENTED_EDGE ( 'NONE', *, *, #1815, .T. ) ;
#2891 = VERTEX_POINT ( 'NONE', #2484 ) ;
#2892 = ORIENTED_EDGE ( 'NONE', *, *, #2119, .F. ) ;
#2893 = EDGE_CURVE ( 'NONE', #1005, #2624, #2675, .T. ) ;
#2894 = ORIENTED_EDGE ( 'NONE', *, *, #775, .F. ) ;
#2895 = DIRECTION ( 'NONE',  ( 1.000000000000000000, -1.288160997012480242E-16, 0.000000000000000000 ) ) ;
#2896 = CARTESIAN_POINT ( 'NONE',  ( 15.79999999999999893, 6.530000000000000249, -3.549999999999999822 ) ) ;
#2897 = DIRECTION ( 'NONE',  ( 0.000000000000000000, 1.000000000000000000, 0.000000000000000000 ) ) ;
#2898 = PRODUCT_CONTEXT ( 'NONE', #344, 'mechanical' ) ;
#2899 = ORIENTED_EDGE ( 'NONE', *, *, #3430, .T. ) ;
#2900 = ORIENTED_EDGE ( 'NONE', *, *, #3320, .T. ) ;
#2901 = EDGE_CURVE ( 'NONE', #1945, #2700, #264, .T. ) ;
#2902 = ORIENTED_EDGE ( 'NONE', *, *, #346, .F. ) ;
#2903 = SURFACE_STYLE_FILL_AREA ( #1219 ) ;
#2904 = ORIENTED_EDGE ( 'NONE', *, *, #916, .F. ) ;
#2905 = ORIENTED_EDGE ( 'NONE', *, *, #3172, .T. ) ;
#2906 = DIRECTION ( 'NONE',  ( -0.000000000000000000, 1.000000000000000000, 1.832454376031838473E-16 ) ) ;
#2907 = CARTESIAN_POINT ( 'NONE',  ( 18.00000000000000355, 5.129999999999999893, 3.250000000000002220 ) ) ;
#2908 = EDGE_CURVE ( 'NONE', #2273, #964, #2705, .T. ) ;
#2909 = ORIENTED_EDGE ( 'NONE', *, *, #2948, .T. ) ;
#2910 = EDGE_LOOP ( 'NONE', ( #2370, #469, #3525, #1735 ) ) ;
#2911 = ORIENTED_EDGE ( 'NONE', *, *, #3513, .F. ) ;
#2912 = DIRECTION ( 'NONE',  ( 0.000000000000000000, 1.000000000000000000, -0.000000000000000000 ) ) ;
#2913 = CARTESIAN_POINT ( 'NONE',  ( 15.94999999999999929, 3.279999999999999361, 3.250000000000001332 ) ) ;
#2914 = DIRECTION ( 'NONE',  ( -1.000000000000000000, -0.000000000000000000, -0.000000000000000000 ) ) ;
#2915 = PLANE ( 'NONE',  #120 ) ;
#2916 = DIRECTION ( 'NONE',  ( 1.000000000000000000, 0.000000000000000000, 0.000000000000000000 ) ) ;
#2917 = ORIENTED_EDGE ( 'NONE', *, *, #1, .T. ) ;
#2918 = VERTEX_POINT ( 'NONE', #2997 ) ;
#2919 = EDGE_LOOP ( 'NONE', ( #2073, #1360, #3345, #397, #3374, #1637, #1684, #3210, #2902, #2141, #766, #2753, #2172, #1605, #468, #320, #305, #1554, #3409 ) ) ;
#2920 = EDGE_CURVE ( 'NONE', #318, #174, #2795, .T. ) ;
#2921 = ORIENTED_EDGE ( 'NONE', *, *, #297, .F. ) ;
#2922 = DIRECTION ( 'NONE',  ( -0.000000000000000000, 4.046788824207170678E-16, -1.000000000000000000 ) ) ;
#2923 = CARTESIAN_POINT ( 'NONE',  ( 20.00000000000000000, 6.930000000000000604, -3.749999999999998224 ) ) ;
#2924 = ORIENTED_EDGE ( 'NONE', *, *, #2543, .F. ) ;
#2925 = ORIENTED_EDGE ( 'NONE', *, *, #2270, .T. ) ;
#2926 = AXIS2_PLACEMENT_3D ( 'NONE', #3120, #873, #332 ) ;
#2927 = ORIENTED_EDGE ( 'NONE', *, *, #1758, .F. ) ;
#2928 = VERTEX_POINT ( 'NONE', #1850 ) ;
#2929 = ORIENTED_EDGE ( 'NONE', *, *, #1291, .T. ) ;
#2930 = DIRECTION ( 'NONE',  ( -0.000000000000000000, 0.000000000000000000, -1.000000000000000000 ) ) ;
#2931 = AXIS2_PLACEMENT_3D ( 'NONE', #761, #1580, #2092 ) ;
#2932 = ORIENTED_EDGE ( 'NONE', *, *, #1257, .F. ) ;
#2933 = PRODUCT ( 'YMCP002AA', 'YMCP002AA', '', ( #2898 ) ) ;
#2934 = EDGE_LOOP ( 'NONE', ( #3185, #920, #710, #1862 ) ) ;
#2935 = DIRECTION ( 'NONE',  ( -0.000000000000000000, -0.000000000000000000, -1.000000000000000000 ) ) ;
#2936 = CARTESIAN_POINT ( 'NONE',  ( 20.00000000000000000, 4.336808689942017736E-16, -3.550000000000000266 ) ) ;
#2937 = CARTESIAN_POINT ( 'NONE',  ( 15.79999999999999893, 7.129999999999999893, 3.050000000000002487 ) ) ;
#2938 = DIRECTION ( 'NONE',  ( -0.000000000000000000, 1.000000000000000000, 0.000000000000000000 ) ) ;
#2939 = CARTESIAN_POINT ( 'NONE',  ( -5.300000000000000711, 4.230000000000000426, 3.050000000000002487 ) ) ;
#2940 = EDGE_CURVE ( 'NONE', #2056, #2229, #2805, .T. ) ;
#2941 = EDGE_LOOP ( 'NONE', ( #900, #1746 ) ) ;
#2942 = ORIENTED_EDGE ( 'NONE', *, *, #355, .T. ) ;
#2943 = ADVANCED_FACE ( 'NONE', ( #1615 ), #2836, .F. ) ;
#2944 = CARTESIAN_POINT ( 'NONE',  ( 20.00000000000000000, 0.5000000000000000000, -3.550000000000000266 ) ) ;
#2945 = EDGE_LOOP ( 'NONE', ( #3438, #705, #844, #2611, #3208, #1011, #2800 ) ) ;
#2946 = EDGE_CURVE ( 'NONE', #1817, #2051, #1603, .T. ) ;
#2947 = VERTEX_POINT ( 'NONE', #3608 ) ;
#2948 = EDGE_CURVE ( 'NONE', #1560, #1708, #418, .T. ) ;
#2949 = ADVANCED_FACE ( 'NONE', ( #2847, #2816 ), #2693, .T. ) ;
#2950 = ORIENTED_EDGE ( 'NONE', *, *, #1287, .F. ) ;
#2951 = EDGE_CURVE ( 'NONE', #1884, #1573, #2826, .T. ) ;
#2952 = ORIENTED_EDGE ( 'NONE', *, *, #2548, .F. ) ;
#2953 = CARTESIAN_POINT ( 'NONE',  ( 20.00000000000000000, 7.429999999999999716, -3.549999999999998490 ) ) ;
#2954 = VERTEX_POINT ( 'NONE', #2501 ) ;
#2955 = ORIENTED_EDGE ( 'NONE', *, *, #3320, .F. ) ;
#2956 = DIRECTION ( 'NONE',  ( -0.000000000000000000, -0.000000000000000000, -1.000000000000000000 ) ) ;
#2957 = CARTESIAN_POINT ( 'NONE',  ( 1.996804166340686483E-31, 1.259976143364352250E-15, -3.050000000000000711 ) ) ;
#2958 = CARTESIAN_POINT ( 'NONE',  ( 18.69999999999999929, 4.529999999999998472, 3.050000000000002487 ) ) ;
#2959 = DIRECTION ( 'NONE',  ( -1.000000000000000000, -0.000000000000000000, -0.000000000000000000 ) ) ;
#2960 = ORIENTED_EDGE ( 'NONE', *, *, #441, .T. ) ;
#2961 = AXIS2_PLACEMENT_3D ( 'NONE', #2971, #3276, #3567 ) ;
#2962 = EDGE_LOOP ( 'NONE', ( #3553, #2983, #1739, #1050 ) ) ;
#2963 = CARTESIAN_POINT ( 'NONE',  ( 15.79999999999999893, 7.429999999999999716, -3.549999999999999378 ) ) ;
#2964 = DIRECTION ( 'NONE',  ( 0.000000000000000000, 3.270594788794885384E-16, -1.000000000000000000 ) ) ;
#2965 = EDGE_LOOP ( 'NONE', ( #393, #497, #529, #2976 ) ) ;
#2966 = AXIS2_PLACEMENT_3D ( 'NONE', #2049, #2362, #1443 ) ;
#2967 = EDGE_LOOP ( 'NONE', ( #1098, #403 ) ) ;
#2968 = ADVANCED_FACE ( 'NONE', ( #398 ), #436, .F. ) ;
#2969 = VERTEX_POINT ( 'NONE', #3301 ) ;
#2970 = EDGE_LOOP ( 'NONE', ( #1956, #2399, #266, #692 ) ) ;
#2971 = CARTESIAN_POINT ( 'NONE',  ( 14.05000000000000426, 1.250000000000004441, -3.550000000000001599 ) ) ;
#2972 = DIRECTION ( 'NONE',  ( 0.000000000000000000, 7.972074797687532784E-18, -1.000000000000000000 ) ) ;
#2973 = AXIS2_PLACEMENT_3D ( 'NONE', #2522, #2739, #3043 ) ;
#2974 = ADVANCED_FACE ( 'NONE', ( #1647 ), #1610, .T. ) ;
#2975 = ORIENTED_EDGE ( 'NONE', *, *, #1028, .F. ) ;
#2976 = ORIENTED_EDGE ( 'NONE', *, *, #1437, .F. ) ;
#2977 = FACE_OUTER_BOUND ( 'NONE', #2140, .T. ) ;
#2978 = EDGE_CURVE ( 'NONE', #3017, #2756, #440, .T. ) ;
#2979 = CARTESIAN_POINT ( 'NONE',  ( 14.50000000000000000, 4.629999999999999893, 3.550000000000000266 ) ) ;
#2980 = CARTESIAN_POINT ( 'NONE',  ( -5.700000000000000178, 4.230000000000000426, 3.550000000000000266 ) ) ;
#2981 = CARTESIAN_POINT ( 'NONE',  ( 14.75000000000000355, 0.2999999999999999889, -3.300000000000000711 ) ) ;
#2982 = CARTESIAN_POINT ( 'NONE',  ( -4.749999999999999112, 7.429999999999999716, 2.800000000000000711 ) ) ;
#2983 = ORIENTED_EDGE ( 'NONE', *, *, #816, .T. ) ;
#2984 = VERTEX_POINT ( 'NONE', #1095 ) ;
#2985 = CYLINDRICAL_SURFACE ( 'NONE', #2648, 0.1999999999999996503 ) ;
#2986 = EDGE_CURVE ( 'NONE', #2784, #1147, #1656, .T. ) ;
#2987 = DIRECTION ( 'NONE',  ( 0.000000000000000000, 0.000000000000000000, -1.000000000000000000 ) ) ;
#2988 = CARTESIAN_POINT ( 'NONE',  ( 14.05000000000000426, 1.250000000000004441, -3.750000000000000000 ) ) ;
#2989 = EDGE_LOOP ( 'NONE', ( #2707, #2082, #818, #3089 ) ) ;
#2990 = EDGE_CURVE ( 'NONE', #347, #3219, #1586, .T. ) ;
#2991 = EDGE_LOOP ( 'NONE', ( #2264, #1730, #568, #2280 ) ) ;
#2992 = VECTOR ( 'NONE', #1330, 1000.000000000000000 ) ;
#2993 = ORIENTED_EDGE ( 'NONE', *, *, #1473, .F. ) ;
#2994 = VERTEX_POINT ( 'NONE', #87 ) ;
#2995 = EDGE_CURVE ( 'NONE', #796, #1134, #1596, .T. ) ;
#2996 = LINE ( 'NONE', #2896, #583 ) ;
#2997 = CARTESIAN_POINT ( 'NONE',  ( 14.70000000000000107, 4.830000000000000959, 3.250000000000001776 ) ) ;
#2998 = DIRECTION ( 'NONE',  ( -0.000000000000000000, 1.000000000000000000, -0.000000000000000000 ) ) ;
#2999 = ADVANCED_FACE ( 'NONE', ( #2821 ), #3519, .F. ) ;
#3000 = ORIENTED_EDGE ( 'NONE', *, *, #98, .T. ) ;
#3001 = ORIENTED_EDGE ( 'NONE', *, *, #1897, .T. ) ;
#3002 = LINE ( 'NONE', #1151, #1824 ) ;
#3003 = PLANE ( 'NONE',  #3402 ) ;
#3004 = DIRECTION ( 'NONE',  ( -0.000000000000000000, -0.000000000000000000, 1.000000000000000000 ) ) ;
#3005 = CARTESIAN_POINT ( 'NONE',  ( 18.69999999999999929, 4.529999999999998472, 3.550000000000000266 ) ) ;
#3006 = CARTESIAN_POINT ( 'NONE',  ( 14.70000000000000284, 1.729999999999999094, 2.550000000000000266 ) ) ;
#3007 = AXIS2_PLACEMENT_3D ( 'NONE', #2769, #1984, #2799 ) ;
#3008 = ORIENTED_EDGE ( 'NONE', *, *, #2552, .T. ) ;
#3009 = ORIENTED_EDGE ( 'NONE', *, *, #3538, .T. ) ;
#3010 = CYLINDRICAL_SURFACE ( 'NONE', #2966, 0.3000000000000016542 ) ;
#3011 = AXIS2_PLACEMENT_3D ( 'NONE', #2120, #3194, #945 ) ;
#3012 = ORIENTED_EDGE ( 'NONE', *, *, #1287, .T. ) ;
#3013 = ORIENTED_EDGE ( 'NONE', *, *, #493, .F. ) ;
#3014 = CYLINDRICAL_SURFACE ( 'NONE', #1048, 0.2500000000000002220 ) ;
#3015 = EDGE_CURVE ( 'NONE', #3147, #2588, #249, .T. ) ;
#3016 = ORIENTED_EDGE ( 'NONE', *, *, #980, .T. ) ;
#3017 = VERTEX_POINT ( 'NONE', #2284 ) ;
#3018 = CARTESIAN_POINT ( 'NONE',  ( -19.00000000000000000, 4.480000000000000426, 3.550000000000000266 ) ) ;
#3019 = DIRECTION ( 'NONE',  ( 0.000000000000000000, -1.000000000000000000, 0.000000000000000000 ) ) ;
#3020 = EDGE_LOOP ( 'NONE', ( #2122, #932, #2667, #1469 ) ) ;
#3021 = EDGE_CURVE ( 'NONE', #2407, #2891, #1480, .T. ) ;
#3022 = VERTEX_POINT ( 'NONE', #35 ) ;
#3023 = LINE ( 'NONE', #85, #1779 ) ;
#3024 = PLANE ( 'NONE',  #2538 ) ;
#3025 = CARTESIAN_POINT ( 'NONE',  ( -6.300000000000000711, 5.729999999999999538, 3.250000000000002220 ) ) ;
#3026 = DIRECTION ( 'NONE',  ( 0.000000000000000000, 0.000000000000000000, 1.000000000000000000 ) ) ;
#3027 = DIRECTION ( 'NONE',  ( 0.000000000000000000, 1.000000000000000000, 0.000000000000000000 ) ) ;
#3028 = ORIENTED_EDGE ( 'NONE', *, *, #3329, .T. ) ;
#3029 = EDGE_CURVE ( 'NONE', #390, #2046, #220, .T. ) ;
#3030 = ORIENTED_EDGE ( 'NONE', *, *, #2053, .T. ) ;
#3031 = CIRCLE ( 'NONE', #3446, 0.1999999999999996503 ) ;
#3032 = ADVANCED_FACE ( 'NONE', ( #277 ), #1417, .F. ) ;
#3033 = CARTESIAN_POINT ( 'NONE',  ( 20.00000000000000000, 6.930000000000000604, -3.549999999999998490 ) ) ;
#3034 = ORIENTED_EDGE ( 'NONE', *, *, #2306, .T. ) ;
#3035 = ORIENTED_EDGE ( 'NONE', *, *, #2142, .T. ) ;
#3036 = FACE_OUTER_BOUND ( 'NONE', #1516, .T. ) ;
#3037 = EDGE_CURVE ( 'NONE', #3206, #3390, #234, .T. ) ;
#3038 = VERTEX_POINT ( 'NONE', #263 ) ;
#3039 = ORIENTED_EDGE ( 'NONE', *, *, #1944, .T. ) ;
#3040 = VECTOR ( 'NONE', #967, 1000.000000000000000 ) ;
#3041 = DIRECTION ( 'NONE',  ( -0.000000000000000000, 4.046788824207170678E-16, -1.000000000000000000 ) ) ;
#3042 = CARTESIAN_POINT ( 'NONE',  ( 14.70000000000000107, 4.830000000000000959, 3.050000000000002487 ) ) ;
#3043 = DIRECTION ( 'NONE',  ( 0.000000000000000000, 1.000000000000000000, 0.000000000000000000 ) ) ;
#3044 = CARTESIAN_POINT ( 'NONE',  ( 20.00000000000000000, 7.429999999999999716, 3.050000000000002487 ) ) ;
#3045 = VERTEX_POINT ( 'NONE', #539 ) ;
#3046 = ORIENTED_EDGE ( 'NONE', *, *, #3596, .F. ) ;
#3047 = LINE ( 'NONE', #102, #3090 ) ;
#3048 = CARTESIAN_POINT ( 'NONE',  ( 3.249999999999919620, 23.68000000000000682, 3.250000000000007994 ) ) ;
#3049 = DIRECTION ( 'NONE',  ( -0.000000000000000000, -0.000000000000000000, 1.000000000000000000 ) ) ;
#3050 = CARTESIAN_POINT ( 'NONE',  ( -16.50000000000000000, 1.259976143364352250E-15, -3.050000000000000711 ) ) ;
#3051 = CARTESIAN_POINT ( 'NONE',  ( -7.000000000000000000, 7.429999999999999716, 2.550000000000002931 ) ) ;
#3052 = VERTEX_POINT ( 'NONE', #1395 ) ;
#3053 = ORIENTED_EDGE ( 'NONE', *, *, #71, .T. ) ;
#3054 = VECTOR ( 'NONE', #3, 1000.000000000000000 ) ;
#3055 = AXIS2_PLACEMENT_3D ( 'NONE', #2944, #3452, #1196 ) ;
#3056 = ADVANCED_FACE ( 'NONE', ( #259, #1448, #2622 ), #1436, .T. ) ;
#3057 = CARTESIAN_POINT ( 'NONE',  ( 14.30000000000000426, 6.930000000000000604, -3.749999999999998224 ) ) ;
#3058 = ORIENTED_EDGE ( 'NONE', *, *, #2343, .T. ) ;
#3059 = DIRECTION ( 'NONE',  ( 0.000000000000000000, 0.000000000000000000, 1.000000000000000000 ) ) ;
#3060 = VERTEX_POINT ( 'NONE', #2576 ) ;
#3061 = VECTOR ( 'NONE', #50, 1000.000000000000000 ) ;
#3062 = AXIS2_PLACEMENT_3D ( 'NONE', #645, #2580, #933 ) ;
#3063 = ADVANCED_FACE ( 'NONE', ( #2633 ), #2674, .F. ) ;
#3064 = ORIENTED_EDGE ( 'NONE', *, *, #1954, .T. ) ;
#3065 = LINE ( 'NONE', #3508, #677 ) ;
#3066 = DIRECTION ( 'NONE',  ( -1.000000000000000000, 0.000000000000000000, 0.000000000000000000 ) ) ;
#3067 = DIRECTION ( 'NONE',  ( 1.000000000000000000, 0.000000000000000000, 0.000000000000000000 ) ) ;
#3068 = DIRECTION ( 'NONE',  ( 1.000000000000000000, 0.000000000000000000, -0.000000000000000000 ) ) ;
#3069 = DIRECTION ( 'NONE',  ( -1.000000000000000000, -0.000000000000000000, -0.000000000000000000 ) ) ;
#3070 = EDGE_CURVE ( 'NONE', #324, #2051, #254, .T. ) ;
#3071 = ORIENTED_EDGE ( 'NONE', *, *, #3087, .T. ) ;
#3072 = CARTESIAN_POINT ( 'NONE',  ( 15.00000000000000355, 7.130000000000000782, 3.550000000000000266 ) ) ;
#3073 = LINE ( 'NONE', #740, #1888 ) ;
#3074 = ORIENTED_EDGE ( 'NONE', *, *, #2202, .F. ) ;
#3075 = DIRECTION ( 'NONE',  ( 0.000000000000000000, 0.000000000000000000, 1.000000000000000000 ) ) ;
#3076 = DIRECTION ( 'NONE',  ( 0.000000000000000000, -2.697859216138113949E-16, 1.000000000000000000 ) ) ;
#3077 = CARTESIAN_POINT ( 'NONE',  ( 20.00000000000000000, 7.129999999999999893, 2.300000000000001155 ) ) ;
#3078 = PLANE ( 'NONE',  #2877 ) ;
#3079 = EDGE_CURVE ( 'NONE', #964, #183, #227, .T. ) ;
#3080 = ORIENTED_EDGE ( 'NONE', *, *, #2530, .T. ) ;
#3081 = EDGE_CURVE ( 'NONE', #974, #2013, #1430, .T. ) ;
#3082 = LINE ( 'NONE', #2618, #1849 ) ;
#3083 = VERTEX_POINT ( 'NONE', #592 ) ;
#3084 = CARTESIAN_POINT ( 'NONE',  ( 20.00000000000000000, 0.2999999999999999889, -3.050000000000000711 ) ) ;
#3085 = ORIENTED_EDGE ( 'NONE', *, *, #1389, .T. ) ;
#3086 = ORIENTED_EDGE ( 'NONE', *, *, #3037, .F. ) ;
#3087 = EDGE_CURVE ( 'NONE', #1573, #2969, #1405, .T. ) ;
#3088 = ADVANCED_FACE ( 'NONE', ( #184, #2649 ), #2740, .F. ) ;
#3089 = ORIENTED_EDGE ( 'NONE', *, *, #2713, .F. ) ;
#3090 = VECTOR ( 'NONE', #362, 1000.000000000000000 ) ;
#3091 = CARTESIAN_POINT ( 'NONE',  ( 19.30000000000000071, 4.529999999999998472, 3.050000000000002487 ) ) ;
#3092 = DIRECTION ( 'NONE',  ( 0.000000000000000000, 1.000000000000000000, 0.000000000000000000 ) ) ;
#3093 = DIRECTION ( 'NONE',  ( 0.000000000000000000, -1.000000000000000000, 0.000000000000000000 ) ) ;
#3094 = DIRECTION ( 'NONE',  ( 0.000000000000000000, 7.972074797687532784E-18, -1.000000000000000000 ) ) ;
#3095 = VERTEX_POINT ( 'NONE', #238 ) ;
#3096 = AXIS2_PLACEMENT_3D ( 'NONE', #1880, #2619, #1278 ) ;
#3097 = ORIENTED_EDGE ( 'NONE', *, *, #2091, .F. ) ;
#3098 = FACE_OUTER_BOUND ( 'NONE', #678, .T. ) ;
#3099 = ORIENTED_EDGE ( 'NONE', *, *, #3554, .F. ) ;
#3100 = DIRECTION ( 'NONE',  ( 0.000000000000000000, 1.000000000000000000, 0.000000000000000000 ) ) ;
#3101 = CARTESIAN_POINT ( 'NONE',  ( 14.30000000000000426, 6.930000000000000604, -3.549999999999998490 ) ) ;
#3102 = DIRECTION ( 'NONE',  ( -1.000000000000000000, -0.000000000000000000, -0.000000000000000000 ) ) ;
#3103 = CARTESIAN_POINT ( 'NONE',  ( -5.000000000000000888, 4.530000000000000249, 3.050000000000002487 ) ) ;
#3104 = AXIS2_PLACEMENT_3D ( 'NONE', #2316, #246, #576 ) ;
#3105 = VECTOR ( 'NONE', #224, 1000.000000000000000 ) ;
#3106 = VERTEX_POINT ( 'NONE', #565 ) ;
#3107 = VECTOR ( 'NONE', #1890, 1000.000000000000000 ) ;
#3108 = ORIENTED_EDGE ( 'NONE', *, *, #2459, .T. ) ;
#3109 = DIRECTION ( 'NONE',  ( -0.000000000000000000, -0.000000000000000000, 1.000000000000000000 ) ) ;
#3110 = EDGE_CURVE ( 'NONE', #3235, #3190, #215, .T. ) ;
#3111 = FACE_OUTER_BOUND ( 'NONE', #836, .T. ) ;
#3112 = ORIENTED_EDGE ( 'NONE', *, *, #139, .T. ) ;
#3113 = FACE_OUTER_BOUND ( 'NONE', #2875, .T. ) ;
#3114 = ORIENTED_EDGE ( 'NONE', *, *, #175, .T. ) ;
#3115 = LINE ( 'NONE', #3212, #2286 ) ;
#3116 = EDGE_CURVE ( 'NONE', #2023, #2848, #1470, .T. ) ;
#3117 = ORIENTED_EDGE ( 'NONE', *, *, #1023, .T. ) ;
#3118 = FACE_OUTER_BOUND ( 'NONE', #2095, .T. ) ;
#3119 = DIRECTION ( 'NONE',  ( 0.000000000000000000, 1.000000000000000000, 0.000000000000000000 ) ) ;
#3120 = CARTESIAN_POINT ( 'NONE',  ( -6.699999999999999289, 4.530000000000000249, 3.050000000000002487 ) ) ;
#3121 = DIRECTION ( 'NONE',  ( -0.000000000000000000, 1.000000000000000000, 2.697859216138113949E-16 ) ) ;
#3122 = DIRECTION ( 'NONE',  ( 0.000000000000000000, 3.129010598803764644E-16, -1.000000000000000000 ) ) ;
#3123 = ORIENTED_EDGE ( 'NONE', *, *, #2161, .T. ) ;
#3124 = EDGE_CURVE ( 'NONE', #2065, #2762, #2696, .T. ) ;
#3125 = FACE_OUTER_BOUND ( 'NONE', #3416, .T. ) ;
#3126 = ORIENTED_EDGE ( 'NONE', *, *, #3225, .T. ) ;
#3127 = CARTESIAN_POINT ( 'NONE',  ( 16.55000000000000071, 1.729999999999999538, 3.550000000000000266 ) ) ;
#3128 = EDGE_CURVE ( 'NONE', #3095, #832, #241, .T. ) ;
#3129 = ORIENTED_EDGE ( 'NONE', *, *, #2713, .T. ) ;
#3130 = CARTESIAN_POINT ( 'NONE',  ( 20.00000000000000000, 7.429999999999999716, 3.050000000000002487 ) ) ;
#3131 = CARTESIAN_POINT ( 'NONE',  ( -16.50000000000000355, 0.5000000000000000000, -3.550000000000000266 ) ) ;
#3132 = CARTESIAN_POINT ( 'NONE',  ( -16.50000000000000355, 0.5000000000000004441, -3.750000000000000000 ) ) ;
#3133 = DIRECTION ( 'NONE',  ( 1.000000000000000000, 0.000000000000000000, 0.000000000000000000 ) ) ;
#3134 = EDGE_CURVE ( 'NONE', #2093, #2364, #1474, .T. ) ;
#3135 = VECTOR ( 'NONE', #2750, 1000.000000000000000 ) ;
#3136 = VERTEX_POINT ( 'NONE', #1062 ) ;
#3137 = LINE ( 'NONE', #1321, #788 ) ;
#3138 = ORIENTED_EDGE ( 'NONE', *, *, #1631, .T. ) ;
#3139 = DIRECTION ( 'NONE',  ( 0.000000000000000000, -1.832454376031838227E-16, 1.000000000000000000 ) ) ;
#3140 = LINE ( 'NONE', #3601, #872 ) ;
#3141 = AXIS2_PLACEMENT_3D ( 'NONE', #1844, #3557, #1267 ) ;
#3142 = EDGE_LOOP ( 'NONE', ( #258, #3046, #2689, #1922, #897, #1365, #1518, #965 ) ) ;
#3143 = VECTOR ( 'NONE', #2731, 1000.000000000000000 ) ;
#3144 = ORIENTED_EDGE ( 'NONE', *, *, #80, .T. ) ;
#3145 = CARTESIAN_POINT ( 'NONE',  ( -5.300000000000000711, 4.530000000000000249, 3.250000000000001776 ) ) ;
#3146 = VECTOR ( 'NONE', #988, 1000.000000000000000 ) ;
#3147 = VERTEX_POINT ( 'NONE', #3530 ) ;
#3148 = VECTOR ( 'NONE', #2768, 1000.000000000000000 ) ;
#3149 = PLANE ( 'NONE',  #3491 ) ;
#3150 = PLANE ( 'NONE',  #843 ) ;
#3151 = CARTESIAN_POINT ( 'NONE',  ( 20.00000000000000000, 7.429999999999999716, -3.549999999999998490 ) ) ;
#3152 = DIRECTION ( 'NONE',  ( 1.000000000000000000, 0.000000000000000000, 0.000000000000000000 ) ) ;
#3153 = AXIS2_PLACEMENT_3D ( 'NONE', #2308, #2535, #2797 ) ;
#3154 = EDGE_LOOP ( 'NONE', ( #2883, #2819, #2764, #1624 ) ) ;
#3155 = VECTOR ( 'NONE', #3240, 1000.000000000000000 ) ;
#3156 = ORIENTED_EDGE ( 'NONE', *, *, #2432, .T. ) ;
#3157 = PLANE ( 'NONE',  #1934 ) ;
#3158 = EDGE_LOOP ( 'NONE', ( #503, #2825, #2793, #349 ) ) ;
#3159 = AXIS2_PLACEMENT_3D ( 'NONE', #2549, #2345, #3502 ) ;
#3160 = CARTESIAN_POINT ( 'NONE',  ( 18.00000000000000355, 7.429999999999999716, 3.050000000000002487 ) ) ;
#3161 = CARTESIAN_POINT ( 'NONE',  ( -5.700000000000000178, 4.230000000000000426, 3.550000000000000266 ) ) ;
#3162 = ORIENTED_EDGE ( 'NONE', *, *, #2483, .T. ) ;
#3163 = FACE_OUTER_BOUND ( 'NONE', #2027, .T. ) ;
#3164 = ORIENTED_EDGE ( 'NONE', *, *, #175, .F. ) ;
#3165 = ORIENTED_EDGE ( 'NONE', *, *, #1631, .F. ) ;
#3166 = EDGE_CURVE ( 'NONE', #1645, #3400, #2640, .T. ) ;
#3167 = CARTESIAN_POINT ( 'NONE',  ( 20.00000000000000000, 6.930000000000000604, -4.049999999999998046 ) ) ;
#3168 = ORIENTED_EDGE ( 'NONE', *, *, #336, .T. ) ;
#3169 = VECTOR ( 'NONE', #163, 1000.000000000000000 ) ;
#3170 = ORIENTED_EDGE ( 'NONE', *, *, #990, .F. ) ;
#3171 = VERTEX_POINT ( 'NONE', #1016 ) ;
#3172 = EDGE_CURVE ( 'NONE', #948, #390, #195, .T. ) ;
#3173 = CARTESIAN_POINT ( 'NONE',  ( 20.00000000000000000, 6.930000000000000604, -4.049999999999998046 ) ) ;
#3174 = ORIENTED_EDGE ( 'NONE', *, *, #3543, .F. ) ;
#3175 = LINE ( 'NONE', #3057, #3143 ) ;
#3176 = DIRECTION ( 'NONE',  ( -0.000000000000000000, -0.000000000000000000, 1.000000000000000000 ) ) ;
#3177 = CARTESIAN_POINT ( 'NONE',  ( -19.30000000000000071, 2.229999999999999982, 3.050000000000002487 ) ) ;
#3178 = CARTESIAN_POINT ( 'NONE',  ( -16.50000000000000000, 4.336808689942028090E-16, -3.550000000000002487 ) ) ;
#3179 = DIRECTION ( 'NONE',  ( 1.000000000000000000, -0.000000000000000000, -0.000000000000000000 ) ) ;
#3180 = ORIENTED_EDGE ( 'NONE', *, *, #2579, .T. ) ;
#3181 = ORIENTED_EDGE ( 'NONE', *, *, #680, .F. ) ;
#3182 = ORIENTED_EDGE ( 'NONE', *, *, #2901, .T. ) ;
#3183 = LINE ( 'NONE', #1394, #817 ) ;
#3184 = EDGE_LOOP ( 'NONE', ( #724, #2016, #667, #276, #3344, #1848, #3232 ) ) ;
#3185 = ORIENTED_EDGE ( 'NONE', *, *, #2548, .T. ) ;
#3186 = EDGE_CURVE ( 'NONE', #993, #379, #209, .T. ) ;
#3187 = CARTESIAN_POINT ( 'NONE',  ( -15.04999999999999893, 6.930000000000000604, -3.050000000000001599 ) ) ;
#3188 = CARTESIAN_POINT ( 'NONE',  ( 14.30000000000000426, 1.250000000000004441, -3.750000000000000000 ) ) ;
#3189 = DIRECTION ( 'NONE',  ( 0.000000000000000000, 0.000000000000000000, 1.000000000000000000 ) ) ;
#3190 = VERTEX_POINT ( 'NONE', #1263 ) ;
#3191 = VECTOR ( 'NONE', #2309, 1000.000000000000000 ) ;
#3192 = ORIENTED_EDGE ( 'NONE', *, *, #2098, .T. ) ;
#3193 = AXIS2_PLACEMENT_3D ( 'NONE', #1898, #2520, #1139 ) ;
#3194 = DIRECTION ( 'NONE',  ( 0.000000000000000000, 1.000000000000000000, 4.110259322926096887E-16 ) ) ;
#3195 = ORIENTED_EDGE ( 'NONE', *, *, #2417, .T. ) ;
#3196 = FACE_OUTER_BOUND ( 'NONE', #377, .T. ) ;
#3197 = DIRECTION ( 'NONE',  ( -1.000000000000000000, 0.000000000000000000, 0.000000000000000000 ) ) ;
#3198 = ORIENTED_EDGE ( 'NONE', *, *, #763, .F. ) ;
#3199 = AXIS2_PLACEMENT_3D ( 'NONE', #1297, #2, #2217 ) ;
#3200 = CARTESIAN_POINT ( 'NONE',  ( 20.00000000000000000, 6.930000000000000604, -3.749999999999998224 ) ) ;
#3201 = ORIENTED_EDGE ( 'NONE', *, *, #391, .F. ) ;
#3202 = VECTOR ( 'NONE', #1181, 1000.000000000000000 ) ;
#3203 = DIRECTION ( 'NONE',  ( 1.000000000000000000, 0.000000000000000000, 0.000000000000000000 ) ) ;
#3204 = CARTESIAN_POINT ( 'NONE',  ( 19.00000000000000000, 4.529999999999998472, 3.050000000000002487 ) ) ;
#3205 = DIRECTION ( 'NONE',  ( 1.000000000000000000, 0.000000000000000000, 0.000000000000000000 ) ) ;
#3206 = VERTEX_POINT ( 'NONE', #117 ) ;
#3207 = AXIS2_PLACEMENT_3D ( 'NONE', #570, #73, #880 ) ;
#3208 = ORIENTED_EDGE ( 'NONE', *, *, #301, .F. ) ;
#3209 = CIRCLE ( 'NONE', #527, 0.2500000000000002220 ) ;
#3210 = ORIENTED_EDGE ( 'NONE', *, *, #208, .F. ) ;
#3211 = DIRECTION ( 'NONE',  ( -0.000000000000000000, 1.000000000000000000, -0.000000000000000000 ) ) ;
#3212 = CARTESIAN_POINT ( 'NONE',  ( 15.00000000000000355, 7.429999999999999716, 3.550000000000000266 ) ) ;
#3213 = EDGE_CURVE ( 'NONE', #955, #2346, #1409, .T. ) ;
#3214 = EDGE_LOOP ( 'NONE', ( #3493, #1786, #1813, #2324 ) ) ;
#3215 = CYLINDRICAL_SURFACE ( 'NONE', #2479, 0.2499999999999997780 ) ;
#3216 = ORIENTED_EDGE ( 'NONE', *, *, #861, .T. ) ;
#3217 = VECTOR ( 'NONE', #2363, 1000.000000000000000 ) ;
#3218 = DIRECTION ( 'NONE',  ( 0.000000000000000000, 4.046788824207171171E-16, -1.000000000000000000 ) ) ;
#3219 = VERTEX_POINT ( 'NONE', #365 ) ;
#3220 = VECTOR ( 'NONE', #2260, 1000.000000000000000 ) ;
#3221 = EDGE_CURVE ( 'NONE', #894, #351, #2598, .T. ) ;
#3222 = VERTEX_POINT ( 'NONE', #2405 ) ;
#3223 = ORIENTED_EDGE ( 'NONE', *, *, #1729, .F. ) ;
#3224 = LINE ( 'NONE', #884, #2084 ) ;
#3225 = EDGE_CURVE ( 'NONE', #2229, #2056, #1489, .T. ) ;
#3226 = CARTESIAN_POINT ( 'NONE',  ( -17.75000000000000000, 6.930000000000000604, 2.300000000000001155 ) ) ;
#3227 = ORIENTED_EDGE ( 'NONE', *, *, #1891, .F. ) ;
#3228 = DIRECTION ( 'NONE',  ( -1.000000000000000000, 0.000000000000000000, 0.000000000000000000 ) ) ;
#3229 = CARTESIAN_POINT ( 'NONE',  ( 20.00000000000000000, 7.129999999999999893, 3.050000000000002487 ) ) ;
#3230 = DIRECTION ( 'NONE',  ( 0.000000000000000000, -0.000000000000000000, 1.000000000000000000 ) ) ;
#3231 = DIRECTION ( 'NONE',  ( 0.000000000000000000, 0.000000000000000000, 1.000000000000000000 ) ) ;
#3232 = ORIENTED_EDGE ( 'NONE', *, *, #1441, .F. ) ;
#3233 = FACE_OUTER_BOUND ( 'NONE', #559, .T. ) ;
#3234 = EDGE_CURVE ( 'NONE', #1009, #3060, #168, .T. ) ;
#3235 = VERTEX_POINT ( 'NONE', #2658 ) ;
#3236 = FACE_OUTER_BOUND ( 'NONE', #1772, .T. ) ;
#3237 = ORIENTED_EDGE ( 'NONE', *, *, #1776, .F. ) ;
#3238 = LINE ( 'NONE', #1105, #681 ) ;
#3239 = DIRECTION ( 'NONE',  ( -1.000000000000000000, -0.000000000000000000, -0.000000000000000000 ) ) ;
#3240 = DIRECTION ( 'NONE',  ( -0.000000000000000000, 4.046788824207170678E-16, -1.000000000000000000 ) ) ;
#3241 = VERTEX_POINT ( 'NONE', #156 ) ;
#3242 = LINE ( 'NONE', #2283, #1894 ) ;
#3243 = AXIS2_PLACEMENT_3D ( 'NONE', #2872, #1288, #969 ) ;
#3244 = ORIENTED_EDGE ( 'NONE', *, *, #3015, .F. ) ;
#3245 = FACE_BOUND ( 'NONE', #994, .T. ) ;
#3246 = CARTESIAN_POINT ( 'NONE',  ( 18.00000000000000355, 6.930000000000000604, 2.800000000000000711 ) ) ;
#3247 = ORIENTED_EDGE ( 'NONE', *, *, #3124, .T. ) ;
#3248 = LINE ( 'NONE', #2003, #3326 ) ;
#3249 = DIRECTION ( 'NONE',  ( 0.7660444431189793457, 0.6427876096865378086, 1.734150476812214610E-16 ) ) ;
#3250 = ORIENTED_EDGE ( 'NONE', *, *, #214, .T. ) ;
#3251 = VECTOR ( 'NONE', #2293, 1000.000000000000000 ) ;
#3252 = AXIS2_PLACEMENT_3D ( 'NONE', #508, #1132, #1627 ) ;
#3253 = DIRECTION ( 'NONE',  ( -0.7071067811865490160, 0.7071067811865460184, 0.000000000000000000 ) ) ;
#3254 = VERTEX_POINT ( 'NONE', #426 ) ;
#3255 = LINE ( 'NONE', #3302, #837 ) ;
#3256 = CARTESIAN_POINT ( 'NONE',  ( -20.00000000000000000, 7.129999999999999893, 3.050000000000002487 ) ) ;
#3257 = DIRECTION ( 'NONE',  ( 0.000000000000000000, 0.000000000000000000, 1.000000000000000000 ) ) ;
#3258 = CARTESIAN_POINT ( 'NONE',  ( 12.00000000000000000, 7.130000000000000782, 3.050000000000002487 ) ) ;
#3259 = DIRECTION ( 'NONE',  ( 0.000000000000000000, 0.000000000000000000, 1.000000000000000000 ) ) ;
#3260 = ORIENTED_EDGE ( 'NONE', *, *, #2417, .F. ) ;
#3261 = CYLINDRICAL_SURFACE ( 'NONE', #3455, 0.2500000000000002220 ) ;
#3262 = EDGE_CURVE ( 'NONE', #2817, #2984, #2684, .T. ) ;
#3263 = EDGE_LOOP ( 'NONE', ( #1533, #1980, #2880, #895, #1704, #997, #449, #953 ) ) ;
#3264 = LINE ( 'NONE', #2738, #845 ) ;
#3265 = ORIENTED_EDGE ( 'NONE', *, *, #129, .F. ) ;
#3266 = FACE_OUTER_BOUND ( 'NONE', #3559, .T. ) ;
#3267 = CARTESIAN_POINT ( 'NONE',  ( -6.699999999999999289, 4.230000000000001315, 3.550000000000000266 ) ) ;
#3268 = DIRECTION ( 'NONE',  ( 0.000000000000000000, -1.000000000000000000, 0.000000000000000000 ) ) ;
#3269 = EDGE_CURVE ( 'NONE', #856, #2023, #2668, .T. ) ;
#3270 = ORIENTED_EDGE ( 'NONE', *, *, #1033, .F. ) ;
#3271 = LINE ( 'NONE', #1780, #954 ) ;
#3272 = ORIENTED_EDGE ( 'NONE', *, *, #1818, .F. ) ;
#3273 = VECTOR ( 'NONE', #723, 1000.000000000000000 ) ;
#3274 = VECTOR ( 'NONE', #3102, 1000.000000000000000 ) ;
#3275 = EDGE_CURVE ( 'NONE', #2776, #1734, #2643, .T. ) ;
#3276 = DIRECTION ( 'NONE',  ( -0.000000000000000000, 4.046788824207170678E-16, -1.000000000000000000 ) ) ;
#3277 = PLANE ( 'NONE',  #3346 ) ;
#3278 = VERTEX_POINT ( 'NONE', #2621 ) ;
#3279 = CIRCLE ( 'NONE', #3494, 0.3000000000000016542 ) ;
#3280 = VERTEX_POINT ( 'NONE', #2679 ) ;
#3281 = LINE ( 'NONE', #3077, #840 ) ;
#3282 = VERTEX_POINT ( 'NONE', #1790 ) ;
#3283 = VECTOR ( 'NONE', #3568, 1000.000000000000000 ) ;
#3284 = CARTESIAN_POINT ( 'NONE',  ( 20.00000000000000000, 6.930000000000000604, -3.549999999999998490 ) ) ;
#3285 = DIRECTION ( 'NONE',  ( 0.000000000000000000, -1.000000000000000000, -2.697859216138113949E-16 ) ) ;
#3286 = CARTESIAN_POINT ( 'NONE',  ( 19.30000000000000071, 1.729999999999999760, 3.250000000000000888 ) ) ;
#3287 = CARTESIAN_POINT ( 'NONE',  ( 20.00000000000000000, 6.930000000000000604, -3.749999999999998224 ) ) ;
#3288 = ORIENTED_EDGE ( 'NONE', *, *, #2951, .T. ) ;
#3289 = LINE ( 'NONE', #548, #1892 ) ;
#3290 = VERTEX_POINT ( 'NONE', #2982 ) ;
#3291 = VECTOR ( 'NONE', #3355, 1000.000000000000000 ) ;
#3292 = ORIENTED_EDGE ( 'NONE', *, *, #1479, .F. ) ;
#3293 = LINE ( 'NONE', #1422, #1943 ) ;
#3294 = CARTESIAN_POINT ( 'NONE',  ( -18.19999999999999574, 2.229999999999999982, 3.250000000000001332 ) ) ;
#3295 =( NAMED_UNIT ( * ) SI_UNIT ( $, .STERADIAN. ) SOLID_ANGLE_UNIT ( ) );
#3296 = AXIS2_PLACEMENT_3D ( 'NONE', #1327, #1607, #1207 ) ;
#3297 = VERTEX_POINT ( 'NONE', #3490 ) ;
#3298 = LINE ( 'NONE', #1449, #3305 ) ;
#3299 = ORIENTED_EDGE ( 'NONE', *, *, #3418, .T. ) ;
#3300 = ADVANCED_BREP_SHAPE_REPRESENTATION ( 'YMCP002AA', ( #2512, #842 ), #944 ) ;
#3301 = CARTESIAN_POINT ( 'NONE',  ( -6.999999999999999112, 7.429999999999999716, 3.050000000000002487 ) ) ;
#3302 = CARTESIAN_POINT ( 'NONE',  ( 12.00000000000000000, 5.129999999999999893, 3.050000000000002487 ) ) ;
#3303 = AXIS2_PLACEMENT_3D ( 'NONE', #2323, #1733, #631 ) ;
#3304 = ORIENTED_EDGE ( 'NONE', *, *, #1561, .T. ) ;
#3305 = VECTOR ( 'NONE', #2060, 1000.000000000000000 ) ;
#3306 = CARTESIAN_POINT ( 'NONE',  ( -19.00000000000000000, 2.229999999999999982, 3.250000000000000888 ) ) ;
#3307 = ORIENTED_EDGE ( 'NONE', *, *, #1064, .F. ) ;
#3308 = ORIENTED_EDGE ( 'NONE', *, *, #78, .T. ) ;
#3309 = PLANE ( 'NONE',  #708 ) ;
#3310 = EDGE_CURVE ( 'NONE', #560, #1917, #1423, .T. ) ;
#3311 = VERTEX_POINT ( 'NONE', #3287 ) ;
#3312 = FACE_OUTER_BOUND ( 'NONE', #3367, .T. ) ;
#3313 = CARTESIAN_POINT ( 'NONE',  ( 11.75000000000000000, 6.430000000000000604, -3.749999999999998224 ) ) ;
#3314 = DIRECTION ( 'NONE',  ( -1.000000000000000000, 1.995220934438964413E-47, -4.930380657631323784E-32 ) ) ;
#3315 = CARTESIAN_POINT ( 'NONE',  ( -7.250000000000000000, 7.429999999999999716, 2.550000000000001599 ) ) ;
#3316 = ORIENTED_EDGE ( 'NONE', *, *, #3015, .T. ) ;
#3317 = ORIENTED_EDGE ( 'NONE', *, *, #141, .F. ) ;
#3318 = ORIENTED_EDGE ( 'NONE', *, *, #1057, .F. ) ;
#3319 = LINE ( 'NONE', #350, #2180 ) ;
#3320 = EDGE_CURVE ( 'NONE', #2928, #676, #2625, .T. ) ;
#3321 = EDGE_LOOP ( 'NONE', ( #2929, #488, #1829, #2865, #2350, #2301, #1600, #2846, #1000, #2927, #3317, #2196, #3351, #3454, #1711 ) ) ;
#3322 = ORIENTED_EDGE ( 'NONE', *, *, #1144, .T. ) ;
#3323 = DIRECTION ( 'NONE',  ( 0.000000000000000000, 0.000000000000000000, 1.000000000000000000 ) ) ;
#3324 = EDGE_CURVE ( 'NONE', #1020, #1673, #1454, .T. ) ;
#3325 = VERTEX_POINT ( 'NONE', #989 ) ;
#3326 = VECTOR ( 'NONE', #2879, 1000.000000000000000 ) ;
#3327 = ORIENTED_EDGE ( 'NONE', *, *, #1107, .T. ) ;
#3328 = ORIENTED_EDGE ( 'NONE', *, *, #3382, .T. ) ;
#3329 = EDGE_CURVE ( 'NONE', #1754, #3045, #1383, .T. ) ;
#3330 = EDGE_CURVE ( 'NONE', #1044, #1005, #1426, .T. ) ;
#3331 = CARTESIAN_POINT ( 'NONE',  ( -7.000000000000000000, 7.129999999999999893, 2.550000000000002931 ) ) ;
#3332 = VERTEX_POINT ( 'NONE', #2426 ) ;
#3333 = VECTOR ( 'NONE', #170, 1000.000000000000000 ) ;
#3334 = ORIENTED_EDGE ( 'NONE', *, *, #869, .T. ) ;
#3335 = ORIENTED_EDGE ( 'NONE', *, *, #3310, .T. ) ;
#3336 = VERTEX_POINT ( 'NONE', #1231 ) ;
#3337 = CARTESIAN_POINT ( 'NONE',  ( -6.999999999999999112, 7.129999999999999893, 3.050000000000025580 ) ) ;
#3338 = CARTESIAN_POINT ( 'NONE',  ( 18.00000000000000355, 5.129999999999999893, 3.050000000000002487 ) ) ;
#3339 = CARTESIAN_POINT ( 'NONE',  ( -18.00000000000000000, 6.930000000000000604, 3.250000000000002665 ) ) ;
#3340 = AXIS2_PLACEMENT_3D ( 'NONE', #271, #1620, #794 ) ;
#3341 = VERTEX_POINT ( 'NONE', #1460 ) ;
#3342 = ORIENTED_EDGE ( 'NONE', *, *, #1854, .T. ) ;
#3343 = ORIENTED_EDGE ( 'NONE', *, *, #2628, .T. ) ;
#3344 = ORIENTED_EDGE ( 'NONE', *, *, #504, .F. ) ;
#3345 = ORIENTED_EDGE ( 'NONE', *, *, #2629, .T. ) ;
#3346 = AXIS2_PLACEMENT_3D ( 'NONE', #3042, #785, #1117 ) ;
#3347 = VERTEX_POINT ( 'NONE', #1531 ) ;
#3348 = LINE ( 'NONE', #733, #833 ) ;
#3349 = ORIENTED_EDGE ( 'NONE', *, *, #1072, .T. ) ;
#3350 = VECTOR ( 'NONE', #2627, 1000.000000000000000 ) ;
#3351 = ORIENTED_EDGE ( 'NONE', *, *, #2814, .F. ) ;
#3352 = AXIS2_PLACEMENT_3D ( 'NONE', #1475, #3435, #1256 ) ;
#3353 = DIRECTION ( 'NONE',  ( 0.000000000000000000, 1.000000000000000000, 0.000000000000000000 ) ) ;
#3354 = CARTESIAN_POINT ( 'NONE',  ( 20.00000000000000000, 7.429999999999999716, 3.050000000000002487 ) ) ;
#3355 = DIRECTION ( 'NONE',  ( 0.000000000000000000, -1.000000000000000000, -3.129010598803764644E-16 ) ) ;
#3356 = DIRECTION ( 'NONE',  ( -0.000000000000000000, -0.000000000000000000, 1.000000000000000000 ) ) ;
#3357 = ORIENTED_EDGE ( 'NONE', *, *, #935, .F. ) ;
#3358 = CIRCLE ( 'NONE', #3303, 0.1999999999999996503 ) ;
#3359 = EDGE_LOOP ( 'NONE', ( #3431, #473, #3108, #3370 ) ) ;
#3360 = ORIENTED_EDGE ( 'NONE', *, *, #1719, .T. ) ;
#3361 = EDGE_CURVE ( 'NONE', #1917, #3280, #231, .T. ) ;
#3362 = ORIENTED_EDGE ( 'NONE', *, *, #909, .T. ) ;
#3363 = LINE ( 'NONE', #1826, #3389 ) ;
#3364 = DIRECTION ( 'NONE',  ( 0.7071067811865460184, 0.7071067811865490160, 2.312659753670253202E-16 ) ) ;
#3365 = DIRECTION ( 'NONE',  ( 0.000000000000000000, 0.000000000000000000, -1.000000000000000000 ) ) ;
#3366 = DIRECTION ( 'NONE',  ( 0.000000000000000000, 0.000000000000000000, -1.000000000000000000 ) ) ;
#3367 = EDGE_LOOP ( 'NONE', ( #2876, #2277, #330, #585, #2857, #3406, #2730, #889 ) ) ;
#3368 = ORIENTED_EDGE ( 'NONE', *, *, #391, .T. ) ;
#3369 = EDGE_CURVE ( 'NONE', #456, #2065, #2613, .T. ) ;
#3370 = ORIENTED_EDGE ( 'NONE', *, *, #3128, .F. ) ;
#3371 = VECTOR ( 'NONE', #2032, 1000.000000000000000 ) ;
#3372 = ORIENTED_EDGE ( 'NONE', *, *, #3514, .F. ) ;
#3373 = EDGE_CURVE ( 'NONE', #1134, #2175, #2609, .T. ) ;
#3374 = ORIENTED_EDGE ( 'NONE', *, *, #110, .F. ) ;
#3375 = CARTESIAN_POINT ( 'NONE',  ( -6.000000000000000888, 5.729999999999999538, 3.250000000000002220 ) ) ;
#3376 = CARTESIAN_POINT ( 'NONE',  ( 12.00000000000000000, 6.930000000000000604, -4.049999999999998046 ) ) ;
#3377 = DIRECTION ( 'NONE',  ( 0.000000000000000000, -1.000000000000000000, -3.129010598803764644E-16 ) ) ;
#3378 = ORIENTED_EDGE ( 'NONE', *, *, #1282, .F. ) ;
#3379 = FACE_OUTER_BOUND ( 'NONE', #2919, .T. ) ;
#3380 = VERTEX_POINT ( 'NONE', #2778 ) ;
#3381 = ORIENTED_EDGE ( 'NONE', *, *, #1349, .F. ) ;
#3382 = EDGE_CURVE ( 'NONE', #456, #1630, #2659, .T. ) ;
#3383 = CARTESIAN_POINT ( 'NONE',  ( 12.00000000000000000, 6.680000000000000604, -3.549999999999999822 ) ) ;
#3384 = DIRECTION ( 'NONE',  ( 0.000000000000000000, 0.000000000000000000, -1.000000000000000000 ) ) ;
#3385 = CARTESIAN_POINT ( 'NONE',  ( -20.00000000000000000, 2.229999999999999982, 3.550000000000000266 ) ) ;
#3386 = DIRECTION ( 'NONE',  ( 0.000000000000000000, 0.000000000000000000, -1.000000000000000000 ) ) ;
#3387 = ADVANCED_FACE ( 'NONE', ( #1583 ), #42, .F. ) ;
#3388 = ORIENTED_EDGE ( 'NONE', *, *, #3134, .T. ) ;
#3389 = VECTOR ( 'NONE', #2146, 1000.000000000000000 ) ;
#3390 = VERTEX_POINT ( 'NONE', #225 ) ;
#3391 = ORIENTED_EDGE ( 'NONE', *, *, #1115, .T. ) ;
#3392 = AXIS2_PLACEMENT_3D ( 'NONE', #1606, #2671, #759 ) ;
#3393 = CARTESIAN_POINT ( 'NONE',  ( 14.50000000000000000, 1.929999999999998828, 3.050000000000002487 ) ) ;
#3394 = ORIENTED_EDGE ( 'NONE', *, *, #1441, .T. ) ;
#3395 = VECTOR ( 'NONE', #2651, 1000.000000000000000 ) ;
#3396 = CARTESIAN_POINT ( 'NONE',  ( -18.69999999999999929, 2.229999999999999982, 3.550000000000000266 ) ) ;
#3397 = DIRECTION ( 'NONE',  ( -0.000000000000000000, 1.000000000000000000, -0.000000000000000000 ) ) ;
#3398 = CARTESIAN_POINT ( 'NONE',  ( -6.000000000000000000, 4.230000000000000426, 3.550000000000000266 ) ) ;
#3399 = DIRECTION ( 'NONE',  ( 0.000000000000000000, -0.000000000000000000, -1.000000000000000000 ) ) ;
#3400 = VERTEX_POINT ( 'NONE', #2529 ) ;
#3401 = ORIENTED_EDGE ( 'NONE', *, *, #2487, .F. ) ;
#3402 = AXIS2_PLACEMENT_3D ( 'NONE', #1037, #2154, #522 ) ;
#3403 = ORIENTED_EDGE ( 'NONE', *, *, #3269, .T. ) ;
#3404 = LINE ( 'NONE', #741, #992 ) ;
#3405 = VERTEX_POINT ( 'NONE', #1127 ) ;
#3406 = ORIENTED_EDGE ( 'NONE', *, *, #3513, .T. ) ;
#3407 = CARTESIAN_POINT ( 'NONE',  ( -15.30000000000000071, 7.129999999999999893, -2.799999999999999378 ) ) ;
#3408 = EDGE_CURVE ( 'NONE', #3095, #2080, #1622, .T. ) ;
#3409 = ORIENTED_EDGE ( 'NONE', *, *, #980, .F. ) ;
#3410 = VECTOR ( 'NONE', #1691, 1000.000000000000000 ) ;
#3411 = EDGE_LOOP ( 'NONE', ( #3244, #2565, #764, #187, #1893, #2134, #1488, #2058 ) ) ;
#3412 = ORIENTED_EDGE ( 'NONE', *, *, #2859, .F. ) ;
#3413 = DIRECTION ( 'NONE',  ( -0.000000000000000000, 0.000000000000000000, 1.000000000000000000 ) ) ;
#3414 = CARTESIAN_POINT ( 'NONE',  ( 18.00000000000000355, 5.129999999999999893, 3.550000000000000266 ) ) ;
#3415 = DIRECTION ( 'NONE',  ( -1.000000000000000000, -0.000000000000000000, -0.000000000000000000 ) ) ;
#3416 = EDGE_LOOP ( 'NONE', ( #1006, #361, #1654, #1013, #2251, #2904, #2135 ) ) ;
#3417 = VECTOR ( 'NONE', #3004, 1000.000000000000000 ) ;
#3418 = EDGE_CURVE ( 'NONE', #2700, #1945, #2833, .T. ) ;
#3419 = VERTEX_POINT ( 'NONE', #2510 ) ;
#3420 = EDGE_LOOP ( 'NONE', ( #2873, #417, #3391, #2230, #2170, #3322, #1694, #2900, #2105, #1594 ) ) ;
#3421 = ADVANCED_FACE ( 'NONE', ( #1546 ), #2744, .T. ) ;
#3422 = ORIENTED_EDGE ( 'NONE', *, *, #2634, .F. ) ;
#3423 = CIRCLE ( 'NONE', #2608, 0.2500000000000002220 ) ;
#3424 = PLANE ( 'NONE',  #2174 ) ;
#3425 = CARTESIAN_POINT ( 'NONE',  ( -19.30000000000000071, 4.480000000000000426, 3.550000000000000266 ) ) ;
#3426 = DIRECTION ( 'NONE',  ( 1.000000000000000000, 0.000000000000000000, -0.000000000000000000 ) ) ;
#3427 = CARTESIAN_POINT ( 'NONE',  ( 20.00000000000000000, 7.129999999999999893, 3.050000000000002487 ) ) ;
#3428 = EDGE_LOOP ( 'NONE', ( #2890, #3388, #2248, #2143, #755, #2139, #1003, #1695, #1663, #3378, #1924, #1955, #3403, #1987, #1720, #1029 ) ) ;
#3429 = ORIENTED_EDGE ( 'NONE', *, *, #1731, .T. ) ;
#3430 = EDGE_CURVE ( 'NONE', #867, #183, #2735, .T. ) ;
#3431 = ORIENTED_EDGE ( 'NONE', *, *, #3408, .T. ) ;
#3432 = LINE ( 'NONE', #2958, #3417 ) ;
#3433 = VERTEX_POINT ( 'NONE', #5 ) ;
#3434 = ORIENTED_EDGE ( 'NONE', *, *, #3430, .F. ) ;
#3435 = DIRECTION ( 'NONE',  ( 1.000000000000000000, 0.000000000000000000, 0.000000000000000000 ) ) ;
#3436 = EDGE_CURVE ( 'NONE', #2747, #894, #319, .T. ) ;
#3437 = VERTEX_POINT ( 'NONE', #3339 ) ;
#3438 = ORIENTED_EDGE ( 'NONE', *, *, #1100, .F. ) ;
#3439 = DIRECTION ( 'NONE',  ( 0.000000000000000000, 0.000000000000000000, -1.000000000000000000 ) ) ;
#3440 = CARTESIAN_POINT ( 'NONE',  ( -20.00000000000000000, 7.130000000000000782, 3.050000000000003375 ) ) ;
#3441 = CARTESIAN_POINT ( 'NONE',  ( 15.94999999999999929, 4.830000000000000071, 3.050000000000002487 ) ) ;
#3442 = DIRECTION ( 'NONE',  ( 0.000000000000000000, -1.000000000000000000, 0.000000000000000000 ) ) ;
#3443 = EDGE_LOOP ( 'NONE', ( #2103, #3123, #2854, #3362, #3144, #3201, #790, #3357 ) ) ;
#3444 = FACE_OUTER_BOUND ( 'NONE', #437, .T. ) ;
#3445 = ORIENTED_EDGE ( 'NONE', *, *, #1254, .F. ) ;
#3446 = AXIS2_PLACEMENT_3D ( 'NONE', #2403, #985, #1740 ) ;
#3447 = DIRECTION ( 'NONE',  ( 0.000000000000000000, 0.000000000000000000, -1.000000000000000000 ) ) ;
#3448 = EDGE_LOOP ( 'NONE', ( #2262, #3114, #310, #3198 ) ) ;
#3449 = LINE ( 'NONE', #2186, #2228 ) ;
#3450 = DIRECTION ( 'NONE',  ( -1.000000000000000000, -0.000000000000000000, -0.000000000000000000 ) ) ;
#3451 = CARTESIAN_POINT ( 'NONE',  ( 14.70000000000000107, 4.830000000000000959, 3.550000000000000266 ) ) ;
#3452 = DIRECTION ( 'NONE',  ( -1.000000000000000000, -0.000000000000000000, -0.000000000000000000 ) ) ;
#3453 = APPLICATION_CONTEXT ( 'automotive_design' ) ;
#3454 = ORIENTED_EDGE ( 'NONE', *, *, #2437, .F. ) ;
#3455 = AXIS2_PLACEMENT_3D ( 'NONE', #911, #938, #2897 ) ;
#3456 = ORIENTED_EDGE ( 'NONE', *, *, #2437, .T. ) ;
#3457 = LINE ( 'NONE', #86, #2252 ) ;
#3458 = ORIENTED_EDGE ( 'NONE', *, *, #2868, .F. ) ;
#3459 = CARTESIAN_POINT ( 'NONE',  ( -16.25000000000000000, 0.7500000000000081046, -4.050000000000000711 ) ) ;
#3460 = AXIS2_PLACEMENT_3D ( 'NONE', #1212, #2867, #312 ) ;
#3461 = EDGE_LOOP ( 'NONE', ( #1623, #567, #366, #3545 ) ) ;
#3462 = FACE_OUTER_BOUND ( 'NONE', #2989, .T. ) ;
#3463 = ORIENTED_EDGE ( 'NONE', *, *, #671, .T. ) ;
#3464 = CARTESIAN_POINT ( 'NONE',  ( 15.79999999999999893, 6.930000000000000604, -3.749999999999998224 ) ) ;
#3465 = EDGE_CURVE ( 'NONE', #406, #533, #2729, .T. ) ;
#3466 = CARTESIAN_POINT ( 'NONE',  ( 18.00000000000000355, 6.930000000000000604, 3.550000000000000266 ) ) ;
#3467 = CARTESIAN_POINT ( 'NONE',  ( -5.000000000000000888, 4.530000000000000249, 3.050000000000002487 ) ) ;
#3468 = DIRECTION ( 'NONE',  ( -0.000000000000000000, 1.000000000000000000, -0.000000000000000000 ) ) ;
#3469 = CARTESIAN_POINT ( 'NONE',  ( -6.000000000000000000, 4.230000000000000426, 3.050000000000002487 ) ) ;
#3470 = LINE ( 'NONE', #590, #1010 ) ;
#3471 = ORIENTED_EDGE ( 'NONE', *, *, #1818, .T. ) ;
#3472 = DIRECTION ( 'NONE',  ( 1.000000000000000000, 0.000000000000000000, 0.000000000000000000 ) ) ;
#3473 = CYLINDRICAL_SURFACE ( 'NONE', #3153, 0.4999999999999995559 ) ;
#3474 = DIRECTION ( 'NONE',  ( 0.000000000000000000, 3.270594788794885384E-16, -1.000000000000000000 ) ) ;
#3475 = DIRECTION ( 'NONE',  ( -0.000000000000000000, -1.000000000000000000, -0.000000000000000000 ) ) ;
#3476 = CARTESIAN_POINT ( 'NONE',  ( -20.00000000000000000, 0.5000000000000003331, -3.750000000000000000 ) ) ;
#3477 = ORIENTED_EDGE ( 'NONE', *, *, #1864, .F. ) ;
#3478 = LINE ( 'NONE', #148, #1092 ) ;
#3479 = EDGE_LOOP ( 'NONE', ( #2592, #658 ) ) ;
#3480 = DIRECTION ( 'NONE',  ( -0.000000000000000000, 1.000000000000000000, 0.000000000000000000 ) ) ;
#3481 = LINE ( 'NONE', #2108, #1067 ) ;
#3482 = AXIS2_PLACEMENT_3D ( 'NONE', #1678, #206, #1909 ) ;
#3483 = DIRECTION ( 'NONE',  ( -1.000000000000000000, 0.000000000000000000, -0.000000000000000000 ) ) ;
#3484 = ADVANCED_FACE ( 'NONE', ( #338 ), #3078, .T. ) ;
#3485 = FACE_BOUND ( 'NONE', #2255, .T. ) ;
#3486 = EDGE_LOOP ( 'NONE', ( #373, #1682 ) ) ;
#3487 = CARTESIAN_POINT ( 'NONE',  ( 11.74999999999999822, 6.930000000000000604, 2.800000000000000266 ) ) ;
#3488 = DIRECTION ( 'NONE',  ( 1.000000000000000000, 2.990902544787597113E-16, 0.000000000000000000 ) ) ;
#3489 = CARTESIAN_POINT ( 'NONE',  ( 20.00000000000000000, 2.229999999999999538, 3.250000000000000888 ) ) ;
#3490 = CARTESIAN_POINT ( 'NONE',  ( 20.00000000000000000, 7.130000000000000782, -3.549999999999998490 ) ) ;
#3491 = AXIS2_PLACEMENT_3D ( 'NONE', #1229, #1787, #1246 ) ;
#3492 = LINE ( 'NONE', #217, #2233 ) ;
#3493 = ORIENTED_EDGE ( 'NONE', *, *, #1758, .T. ) ;
#3494 = AXIS2_PLACEMENT_3D ( 'NONE', #112, #63, #412 ) ;
#3495 = DIRECTION ( 'NONE',  ( -0.000000000000000000, 1.000000000000000000, -0.000000000000000000 ) ) ;
#3496 = CARTESIAN_POINT ( 'NONE',  ( 18.00000000000000355, 7.130000000000000782, 3.050000000000002487 ) ) ;
#3497 = ORIENTED_EDGE ( 'NONE', *, *, #1561, .F. ) ;
#3498 = LINE ( 'NONE', #2923, #2083 ) ;
#3499 = FACE_OUTER_BOUND ( 'NONE', #3214, .T. ) ;
#3500 = AXIS2_PLACEMENT_3D ( 'NONE', #99, #3253, #923 ) ;
#3501 = ORIENTED_EDGE ( 'NONE', *, *, #1473, .T. ) ;
#3502 = DIRECTION ( 'NONE',  ( 1.000000000000000000, 0.000000000000000000, 0.000000000000000000 ) ) ;
#3503 = LINE ( 'NONE', #3541, #2304 ) ;
#3504 = ORIENTED_EDGE ( 'NONE', *, *, #1688, .F. ) ;
#3505 = EDGE_CURVE ( 'NONE', #2869, #2273, #384, .T. ) ;
#3506 = CARTESIAN_POINT ( 'NONE',  ( 12.00000000000000000, 7.130000000000000782, 3.550000000000000266 ) ) ;
#3507 = EDGE_CURVE ( 'NONE', #2918, #3095, #1539, .T. ) ;
#3508 = CARTESIAN_POINT ( 'NONE',  ( -5.700000000000000178, 4.230000000000000426, 3.050000000000002487 ) ) ;
#3509 = DIRECTION ( 'NONE',  ( 0.000000000000000000, 0.000000000000000000, 1.000000000000000000 ) ) ;
#3510 = CARTESIAN_POINT ( 'NONE',  ( 20.00000000000000000, 0.2999999999999999334, 3.550000000000000266 ) ) ;
#3511 = CIRCLE ( 'NONE', #1830, 0.1999999999999996503 ) ;
#3512 = VERTEX_POINT ( 'NONE', #1317 ) ;
#3513 = EDGE_CURVE ( 'NONE', #2891, #3017, #1553, .T. ) ;
#3514 = EDGE_CURVE ( 'NONE', #3241, #385, #1517, .T. ) ;
#3515 = FACE_OUTER_BOUND ( 'NONE', #3461, .T. ) ;
#3516 = CARTESIAN_POINT ( 'NONE',  ( -18.00000000000000000, 7.429999999999999716, 3.050000000000002487 ) ) ;
#3517 = CARTESIAN_POINT ( 'NONE',  ( -4.749999999999999112, 7.429999999999999716, 2.800000000000000711 ) ) ;
#3518 = VERTEX_POINT ( 'NONE', #1590 ) ;
#3519 = CYLINDRICAL_SURFACE ( 'NONE', #1650, 0.2999999999999999334 ) ;
#3520 = VECTOR ( 'NONE', #2259, 1000.000000000000000 ) ;
#3521 = ORIENTED_EDGE ( 'NONE', *, *, #2629, .F. ) ;
#3522 = AXIS2_PLACEMENT_3D ( 'NONE', #621, #3474, #936 ) ;
#3523 = DIRECTION ( 'NONE',  ( 0.000000000000000000, -4.046788824207171171E-16, 1.000000000000000000 ) ) ;
#3524 = VECTOR ( 'NONE', #3600, 1000.000000000000000 ) ;
#3525 = ORIENTED_EDGE ( 'NONE', *, *, #2590, .T. ) ;
#3526 = AXIS2_PLACEMENT_3D ( 'NONE', #2039, #1185, #3413 ) ;
#3527 = DIRECTION ( 'NONE',  ( 1.000000000000000000, 0.000000000000000000, -0.000000000000000000 ) ) ;
#3528 = CARTESIAN_POINT ( 'NONE',  ( -16.50000000000000000, 6.680000000000000604, -4.049999999999998046 ) ) ;
#3529 = DIRECTION ( 'NONE',  ( -1.000000000000000000, 0.000000000000000000, -0.000000000000000000 ) ) ;
#3530 = CARTESIAN_POINT ( 'NONE',  ( 15.79999999999999893, 6.930000000000000604, -4.049999999999998046 ) ) ;
#3531 = EDGE_LOOP ( 'NONE', ( #1525, #2866, #2745, #2772, #340, #356, #2785, #415 ) ) ;
#3532 = AXIS2_PLACEMENT_3D ( 'NONE', #2275, #1384, #1158 ) ;
#3533 = ADVANCED_FACE ( 'NONE', ( #2818 ), #348, .F. ) ;
#3534 = VECTOR ( 'NONE', #2315, 1000.000000000000000 ) ;
#3535 = CARTESIAN_POINT ( 'NONE',  ( -16.25000000000000000, 1.000000000000008216, -3.550000000000002487 ) ) ;
#3536 = CARTESIAN_POINT ( 'NONE',  ( 18.69999999999999929, 4.529999999999998472, 3.250000000000001776 ) ) ;
#3537 = ORIENTED_EDGE ( 'NONE', *, *, #2691, .F. ) ;
#3538 = EDGE_CURVE ( 'NONE', #351, #406, #2752, .T. ) ;
#3539 = VECTOR ( 'NONE', #1485, 1000.000000000000000 ) ;
#3540 = ORIENTED_EDGE ( 'NONE', *, *, #13, .T. ) ;
#3541 = CARTESIAN_POINT ( 'NONE',  ( 20.00000000000000000, 7.129999999999999893, 3.050000000000002487 ) ) ;
#3542 = CARTESIAN_POINT ( 'NONE',  ( -5.000000000000000888, 4.530000000000000249, 3.550000000000000266 ) ) ;
#3543 = EDGE_CURVE ( 'NONE', #3219, #3332, #298, .T. ) ;
#3544 = LINE ( 'NONE', #424, #2365 ) ;
#3545 = ORIENTED_EDGE ( 'NONE', *, *, #2297, .F. ) ;
#3546 = EDGE_CURVE ( 'NONE', #2969, #1661, #1568, .T. ) ;
#3547 = DIRECTION ( 'NONE',  ( -1.000000000000000000, -0.000000000000000000, -0.000000000000000000 ) ) ;
#3548 = DIRECTION ( 'NONE',  ( 0.000000000000000000, 1.000000000000000000, 4.110259322926096887E-16 ) ) ;
#3549 = CARTESIAN_POINT ( 'NONE',  ( -20.00000000000000000, 6.930000000000000604, 3.250000000000002665 ) ) ;
#3550 = DIRECTION ( 'NONE',  ( -0.000000000000000000, 1.000000000000000000, 2.697859216138113949E-16 ) ) ;
#3551 = ORIENTED_EDGE ( 'NONE', *, *, #772, .T. ) ;
#3552 = CYLINDRICAL_SURFACE ( 'NONE', #1601, 0.4999999999999995559 ) ;
#3553 = ORIENTED_EDGE ( 'NONE', *, *, #1033, .T. ) ;
#3554 = EDGE_CURVE ( 'NONE', #1552, #1852, #1562, .T. ) ;
#3555 = ADVANCED_FACE ( 'NONE', ( #352 ), #2246, .F. ) ;
#3556 = ORIENTED_EDGE ( 'NONE', *, *, #3037, .T. ) ;
#3557 = DIRECTION ( 'NONE',  ( 1.000000000000000000, 2.990902544787597113E-16, 0.000000000000000000 ) ) ;
#3558 = CARTESIAN_POINT ( 'NONE',  ( 16.55000000000000071, 3.279999999999999361, 3.050000000000002487 ) ) ;
#3559 = EDGE_LOOP ( 'NONE', ( #252, #3012, #593, #838 ) ) ;
#3560 =( NAMED_UNIT ( * ) SI_UNIT ( $, .STERADIAN. ) SOLID_ANGLE_UNIT ( ) );
#3561 = LINE ( 'NONE', #2185, #1159 ) ;
#3562 = AXIS2_PLACEMENT_3D ( 'NONE', #2808, #820, #3100 ) ;
#3563 = EDGE_LOOP ( 'NONE', ( #712, #2232, #1872, #2894 ) ) ;
#3564 = ADVANCED_FACE ( 'NONE', ( #360 ), #392, .T. ) ;
#3565 = CIRCLE ( 'NONE', #789, 0.2500000000000000000 ) ;
#3566 = LINE ( 'NONE', #1555, #2443 ) ;
#3567 = DIRECTION ( 'NONE',  ( 0.000000000000000000, 1.000000000000000000, 0.000000000000000000 ) ) ;
#3568 = DIRECTION ( 'NONE',  ( -1.000000000000000000, -0.000000000000000000, -0.000000000000000000 ) ) ;
#3569 = PRODUCT_DEFINITION_FORMATION_WITH_SPECIFIED_SOURCE ( 'ANY', '', #2933, .NOT_KNOWN. ) ;
#3570 = CARTESIAN_POINT ( 'NONE',  ( 15.00000000000000355, 4.296302206390096288E-16, -3.550000000000002043 ) ) ;
#3571 = VERTEX_POINT ( 'NONE', #1047 ) ;
#3572 = AXIS2_PLACEMENT_3D ( 'NONE', #890, #47, #2298 ) ;
#3573 = FACE_OUTER_BOUND ( 'NONE', #3158, .T. ) ;
#3574 = CARTESIAN_POINT ( 'NONE',  ( 16.25000000000000000, 4.830000000000000071, 3.550000000000000266 ) ) ;
#3575 = VECTOR ( 'NONE', #2842, 1000.000000000000000 ) ;
#3576 = PLANE ( 'NONE',  #2412 ) ;
#3577 = CARTESIAN_POINT ( 'NONE',  ( 20.00000000000000000, 4.230000000000000426, 3.250000000000001776 ) ) ;
#3578 = PLANE ( 'NONE',  #1797 ) ;
#3579 = CARTESIAN_POINT ( 'NONE',  ( 20.00000000000000000, 7.129999999999999893, 3.050000000000002487 ) ) ;
#3580 = ORIENTED_EDGE ( 'NONE', *, *, #3543, .T. ) ;
#3581 = LINE ( 'NONE', #910, #1192 ) ;
#3582 = EDGE_CURVE ( 'NONE', #2015, #379, #421, .T. ) ;
#3583 = VECTOR ( 'NONE', #358, 1000.000000000000000 ) ;
#3584 = VECTOR ( 'NONE', #622, 1000.000000000000000 ) ;
#3585 = DIRECTION ( 'NONE',  ( 0.000000000000000000, -4.046788824207170678E-16, 1.000000000000000000 ) ) ;
#3586 = PLANE ( 'NONE',  #1381 ) ;
#3587 = LINE ( 'NONE', #1455, #36 ) ;
#3588 = EDGE_CURVE ( 'NONE', #3045, #2025, #304, .T. ) ;
#3589 = ADVANCED_FACE ( 'NONE', ( #1574 ), #2801, .T. ) ;
#3590 = ORIENTED_EDGE ( 'NONE', *, *, #1094, .T. ) ;
#3591 = FACE_OUTER_BOUND ( 'NONE', #2005, .T. ) ;
#3592 = FACE_OUTER_BOUND ( 'NONE', #2166, .T. ) ;
#3593 = EDGE_CURVE ( 'NONE', #2947, #3336, #370, .T. ) ;
#3594 = DIRECTION ( 'NONE',  ( 0.000000000000000000, -1.000000000000000000, 0.000000000000000000 ) ) ;
#3595 = CARTESIAN_POINT ( 'NONE',  ( -16.25000000000000000, 0.2999999999999999889, -3.300000000000000711 ) ) ;
#3596 = EDGE_CURVE ( 'NONE', #573, #1841, #1636, .T. ) ;
#3597 = VECTOR ( 'NONE', #2749, 1000.000000000000000 ) ;
#3598 = FACE_OUTER_BOUND ( 'NONE', #3263, .T. ) ;
#3599 = CARTESIAN_POINT ( 'NONE',  ( 19.00000000000000000, 4.529999999999998472, 3.250000000000001776 ) ) ;
#3600 = DIRECTION ( 'NONE',  ( -1.000000000000000000, -0.000000000000000000, -0.000000000000000000 ) ) ;
#3601 = CARTESIAN_POINT ( 'NONE',  ( -18.00000000000000000, 7.129999999999999893, 3.050000000000002487 ) ) ;
#3602 = FACE_OUTER_BOUND ( 'NONE', #2054, .T. ) ;
#3603 = EDGE_LOOP ( 'NONE', ( #1823, #1071, #1782, #2335 ) ) ;
#3604 = VECTOR ( 'NONE', #2313, 1000.000000000000000 ) ;
#3605 = AXIS2_PLACEMENT_3D ( 'NONE', #1354, #3397, #2244 ) ;
#3606 = VECTOR ( 'NONE', #57, 1000.000000000000000 ) ;
#3607 = VECTOR ( 'NONE', #3472, 1000.000000000000000 ) ;
#3608 = CARTESIAN_POINT ( 'NONE',  ( 16.55000000000000071, 1.729999999999999316, 3.250000000000000888 ) ) ;
#3609 = DIRECTION ( 'NONE',  ( -1.000000000000000000, -0.000000000000000000, -0.000000000000000000 ) ) ;
#3610 = AXIS2_PLACEMENT_3D ( 'NONE', #3258, #1766, #2071 ) ;
#3611 = ADVANCED_FACE ( 'NONE', ( #378 ), #1593, .F. ) ;
#3612 = CYLINDRICAL_SURFACE ( 'NONE', #1244, 0.1999999999999996503 ) ;
#3613 = CIRCLE ( 'NONE', #2455, 0.2500000000000002220 ) ;
ENDSEC;
END-ISO-10303-21;
